Date,Year,Month Number,Month Name,Product,Segment,Country,Units Sold,Sale Price,Manufacturing Price,Gross Sales,Discounts,Sales,COGS,Profit,Profit Margin,Total Expenses,Actual Expenses,Net Income,Inventory,Total assets,Liabilities,Equity,Current Ratio,Quick Ratio,Debt-to-Equity Ratio,Return on Assets,Discount Band,COGS ,Gross Sales ,Sales ,Profit ,Units Sold ,Sale Price ,Manufacturing Price ,Discount Band ,Discounts ,Month Name ,Product 
2023-04-26,2023,4,Apr,Flux,Consumer,Germany,9,204.3,108.47,1838.74,55.16,1783.58,976.21,807.37,0.4527,484.55,471.46,335.9,151.99,5000.0,2541.3,2458.7,1.4,1.18,1.03,0.0672,0-5%,976.21,1838.74,1783.58,807.37,9,204.3,108.47,0-5%,55.16,Apr,Flux
2023-09-16,2023,9,Sep,Echo,Consumer,USA,6,186.89,68.34,1121.35,33.64,1087.71,410.01,677.7,0.6231,266.89,287.55,390.15,75.63,5000.0,2787.41,2212.59,1.65,1.26,1.26,0.078,0-5%,410.01,1121.35,1087.71,677.7,6,186.89,68.34,0-5%,33.64,Sep,Echo
2025-04-06,2025,4,Apr,Alpha,Consumer,USA,12,179.64,73.04,2155.72,64.67,2091.05,876.46,1214.59,0.5809,454.37,464.58,750.02,128.65,5000.0,3038.69,1961.31,2.12,1.81,1.55,0.15,0-5%,876.46,2155.72,2091.05,1214.59,12,179.64,73.04,0-5%,64.67,Apr,Alpha
2024-04-15,2024,4,Apr,Delta,Consumer,USA,17,176.44,75.63,2999.5,359.94,2639.56,1285.78,1353.78,0.5129,329.3,323.52,1030.26,268.42,5000.0,2857.98,2142.02,1.79,1.41,1.33,0.2061,10-20%,1285.78,2999.5,2639.56,1353.78,17,176.44,75.63,10-20%,359.94,Apr,Delta
2024-03-14,2024,3,Mar,Alpha,Enterprise,USA,10,185.6,95.66,1856.0,222.72,1633.28,956.56,676.73,0.4143,356.84,343.49,333.24,165.83,5000.0,2835.64,2164.36,1.66,1.07,1.31,0.0666,10-20%,956.56,1856.0,1633.28,676.73,10,185.6,95.66,10-20%,222.72,Mar,Alpha
2023-04-12,2023,4,Apr,Alpha,Consumer,USA,8,215.52,106.56,1724.12,0.0,1724.12,852.5,871.63,0.5055,254.36,244.81,626.82,99.1,5000.0,2753.58,2246.42,1.11,0.55,1.23,0.1254,0-5%,852.5,1724.12,1724.12,871.63,8,215.52,106.56,0-5%,0.0,Apr,Alpha
2024-12-02,2024,12,Dec,Delta,Consumer,USA,8,227.05,109.44,1816.4,0.0,1816.4,875.48,940.92,0.518,494.51,494.61,446.31,139.9,5000.0,2093.07,2906.93,1.89,1.44,0.72,0.0893,0-5%,875.48,1816.4,1816.4,940.92,8,227.05,109.44,0-5%,0.0,Dec,Delta
2024-10-11,2024,10,Oct,Alpha,Consumer,USA,10,299.87,142.05,2998.67,0.0,2998.67,1420.49,1578.18,0.5263,383.47,353.51,1224.67,161.62,5407.26,1942.56,3464.69,1.68,1.34,0.56,0.2265,0-5%,1420.49,2998.67,2998.67,1578.18,10,299.87,142.05,0-5%,0.0,Oct,Alpha
2023-09-23,2023,9,Sep,Bravo,Consumer,USA,9,200.47,82.53,1804.2,0.0,1804.2,742.81,1061.39,0.5883,420.86,417.55,643.83,99.17,5000.0,3203.72,1796.28,1.95,1.7,1.78,0.1288,0-5%,742.81,1804.2,1804.2,1061.39,9,200.47,82.53,0-5%,0.0,Sep,Bravo
2025-05-07,2025,5,May,Cobalt,Consumer,USA,10,168.17,69.16,1681.69,0.0,1681.69,691.65,990.04,0.5887,281.71,268.4,721.64,130.96,5000.0,1822.37,3177.63,2.09,1.55,0.57,0.1443,0-5%,691.65,1681.69,1681.69,990.04,10,168.17,69.16,0-5%,0.0,May,Cobalt
2023-07-31,2023,7,Jul,Flux,SMB,India,10,118.54,58.05,1185.4,0.0,1185.4,580.51,604.89,0.5103,146.49,136.43,468.46,100.31,5000.0,2722.54,2277.46,2.21,1.78,1.2,0.0937,0-5%,580.51,1185.4,1185.4,604.89,10,118.54,58.05,0-5%,0.0,Jul,Flux
2025-08-08,2025,8,Aug,Cobalt,Enterprise,Germany,10,175.88,72.11,1758.84,211.06,1547.78,721.13,826.65,0.5341,359.22,333.07,493.58,135.68,5000.0,2968.52,2031.48,2.33,2.04,1.46,0.0987,10-20%,721.13,1758.84,1547.78,826.65,10,175.88,72.11,10-20%,211.06,Aug,Cobalt
2023-01-12,2023,1,Jan,Flux,SMB,USA,10,265.56,135.74,2655.57,0.0,2655.57,1357.45,1298.13,0.4888,556.56,556.76,741.36,158.02,5000.0,2176.71,2823.29,2.29,2.0,0.77,0.1483,0-5%,1357.45,2655.57,2655.57,1298.13,10,265.56,135.74,0-5%,0.0,Jan,Flux
2023-12-24,2023,12,Dec,Bravo,SMB,USA,15,179.67,77.78,2695.05,0.0,2695.05,1166.74,1528.31,0.5671,619.16,631.28,897.03,133.15,5231.51,1888.03,3343.48,1.56,1.17,0.56,0.1715,0-5%,1166.74,2695.05,2695.05,1528.31,15,179.67,77.78,0-5%,0.0,Dec,Bravo
2025-04-30,2025,4,Apr,Bravo,Enterprise,USA,10,185.22,73.7,1852.18,55.57,1796.62,736.97,1059.64,0.5898,429.78,450.22,609.42,133.21,5000.0,2710.28,2289.72,1.88,1.38,1.18,0.1219,0-5%,736.97,1852.18,1796.62,1059.64,10,185.22,73.7,0-5%,55.57,Apr,Bravo
2023-05-01,2023,5,May,Cobalt,SMB,UK,4,185.86,84.18,743.45,185.86,557.58,336.72,220.86,0.3961,95.99,101.02,119.84,73.52,5000.0,3065.79,1934.21,1.98,1.43,1.59,0.024,20%+,336.72,743.45,557.58,220.86,4,185.86,84.18,20%+,185.86,May,Cobalt
2023-06-20,2023,6,Jun,Echo,Consumer,India,10,229.71,123.43,2297.12,0.0,2297.12,1234.29,1062.83,0.4627,366.5,337.39,725.43,235.52,5000.0,2466.22,2533.78,1.63,1.06,0.97,0.1451,0-5%,1234.29,2297.12,2297.12,1062.83,10,229.71,123.43,0-5%,0.0,Jun,Echo
2024-03-13,2024,3,Mar,Bravo,Enterprise,USA,9,288.77,156.44,2598.92,181.92,2417.0,1407.98,1009.02,0.4175,430.17,416.97,592.05,227.12,5000.0,2359.42,2640.58,1.31,0.91,0.89,0.1184,5-10%,1407.98,2598.92,2417.0,1009.02,9,288.77,156.44,5-10%,181.92,Mar,Bravo
2025-02-19,2025,2,Feb,Cobalt,Enterprise,UK,10,141.8,62.93,1417.96,99.26,1318.7,629.31,689.39,0.5228,352.63,356.85,332.54,115.01,5000.0,1975.85,3024.15,2.08,1.77,0.65,0.0665,5-10%,629.31,1417.96,1318.7,689.39,10,141.8,62.93,5-10%,99.26,Feb,Cobalt
2024-10-10,2024,10,Oct,Alpha,Consumer,Germany,7,235.82,102.98,1650.72,115.55,1535.17,720.86,814.31,0.5304,399.95,369.68,444.63,146.81,5000.0,2812.12,2187.88,1.73,1.3,1.29,0.0889,5-10%,720.86,1650.72,1535.17,814.31,7,235.82,102.98,5-10%,115.55,Oct,Alpha
2023-07-12,2023,7,Jul,Delta,Consumer,India,12,148.55,70.83,1782.65,213.92,1568.73,849.92,718.82,0.4582,289.64,302.41,416.41,156.25,5000.0,2234.91,2765.09,1.85,1.35,0.81,0.0833,10-20%,849.92,1782.65,1568.73,718.82,12,148.55,70.83,10-20%,213.92,Jul,Delta
2023-10-02,2023,10,Oct,Cobalt,Consumer,USA,5,169.37,71.81,846.85,25.41,821.44,359.05,462.39,0.5629,104.33,108.58,353.8,55.96,5000.0,3081.37,1918.63,1.66,1.21,1.61,0.0708,0-5%,359.05,846.85,821.44,462.39,5,169.37,71.81,0-5%,25.41,Oct,Cobalt
2023-11-04,2023,11,Nov,Delta,SMB,UK,10,256.87,135.27,2568.7,179.81,2388.89,1352.67,1036.21,0.4338,391.71,372.29,663.92,158.31,5000.0,3155.85,1844.15,1.73,1.34,1.71,0.1328,5-10%,1352.67,2568.7,2388.89,1036.21,10,256.87,135.27,5-10%,179.81,Nov,Delta
2024-12-06,2024,12,Dec,Echo,SMB,USA,7,153.45,77.18,1074.18,32.23,1041.96,540.24,501.72,0.4815,230.32,233.5,268.22,96.1,5000.0,2876.59,2123.41,2.22,1.99,1.35,0.0536,0-5%,540.24,1074.18,1041.96,501.72,7,153.45,77.18,0-5%,32.23,Dec,Echo
2025-03-18,2025,3,Mar,Delta,SMB,Canada,1,181.65,82.73,181.65,0.0,181.65,82.73,98.92,0.5446,47.02,49.92,49.0,50.0,5000.0,2555.69,2444.31,2.04,1.74,1.05,0.0098,0-5%,82.73,181.65,181.65,98.92,1,181.65,82.73,0-5%,0.0,Mar,Delta
2025-09-15,2025,9,Sep,Echo,Consumer,Canada,7,231.24,91.44,1618.71,0.0,1618.71,640.06,978.66,0.6046,251.27,239.85,738.81,82.13,5000.0,3199.72,1800.28,2.34,1.88,1.78,0.1478,0-5%,640.06,1618.71,1618.71,978.66,7,231.24,91.44,0-5%,0.0,Sep,Echo
2024-11-19,2024,11,Nov,Bravo,Consumer,USA,9,269.81,113.03,2428.25,72.85,2355.41,1017.28,1338.13,0.5681,538.6,526.32,811.81,121.66,5000.0,1926.6,3073.4,1.45,1.03,0.63,0.1624,0-5%,1017.28,2428.25,2355.41,1338.13,9,269.81,113.03,0-5%,72.85,Nov,Bravo
2024-03-04,2024,3,Mar,Bravo,Consumer,UK,12,228.96,91.89,2747.56,0.0,2747.56,1102.65,1644.92,0.5987,756.54,723.76,921.16,142.36,5111.37,2927.46,2183.91,1.82,1.49,1.34,0.1802,0-5%,1102.65,2747.56,2747.56,1644.92,12,228.96,91.89,0-5%,0.0,Mar,Bravo
2023-10-30,2023,10,Oct,Echo,Consumer,Germany,5,290.61,159.28,1453.06,43.59,1409.46,796.38,613.09,0.435,189.05,175.82,437.27,85.47,5000.0,2912.99,2087.01,1.01,0.58,1.4,0.0875,0-5%,796.38,1453.06,1409.46,613.09,5,290.61,159.28,0-5%,43.59,Oct,Echo
2024-06-09,2024,6,Jun,Echo,SMB,USA,9,317.14,159.0,2854.25,199.8,2654.45,1430.97,1223.48,0.4609,420.56,390.08,833.4,201.88,5000.0,3063.02,1936.98,2.04,1.57,1.58,0.1667,5-10%,1430.97,2854.25,2654.45,1223.48,9,317.14,159.0,5-10%,199.8,Jun,Echo
2024-04-12,2024,4,Apr,Echo,SMB,India,8,234.97,103.64,1879.77,131.58,1748.19,829.1,919.09,0.5257,320.56,345.35,573.74,128.31,5000.0,3228.14,1771.86,1.4,1.18,1.82,0.1147,5-10%,829.1,1879.77,1748.19,919.09,8,234.97,103.64,5-10%,131.58,Apr,Echo
2025-04-20,2025,4,Apr,Bravo,SMB,Germany,14,174.67,73.3,2445.34,0.0,2445.34,1026.16,1419.18,0.5804,598.9,646.7,772.48,146.21,5000.0,2900.43,2099.57,2.15,1.92,1.38,0.1545,0-5%,1026.16,2445.34,2445.34,1419.18,14,174.67,73.3,0-5%,0.0,Apr,Bravo
2025-03-07,2025,3,Mar,Cobalt,Consumer,India,10,131.68,72.42,1316.82,92.18,1224.65,724.15,500.49,0.4087,285.01,305.58,194.91,105.22,5000.0,2045.36,2954.64,2.01,1.76,0.69,0.039,5-10%,724.15,1316.82,1224.65,500.49,10,131.68,72.42,5-10%,92.18,Mar,Cobalt
2024-10-31,2024,10,Oct,Echo,Consumer,USA,11,202.34,91.44,2225.74,0.0,2225.74,1005.8,1219.94,0.5481,515.97,502.78,717.16,146.47,5000.0,2696.58,2303.42,0.95,0.5,1.17,0.1434,0-5%,1005.8,2225.74,2225.74,1219.94,11,202.34,91.44,0-5%,0.0,Oct,Echo
2023-09-29,2023,9,Sep,Alpha,Consumer,USA,7,202.52,71.37,1417.63,0.0,1417.63,499.61,918.02,0.6476,347.3,342.13,575.89,66.07,5000.0,1772.34,3227.66,1.76,1.39,0.55,0.1152,0-5%,499.61,1417.63,1417.63,918.02,7,202.52,71.37,0-5%,0.0,Sep,Alpha
2025-03-26,2025,3,Mar,Alpha,Consumer,USA,8,186.18,68.45,1489.44,0.0,1489.44,547.61,941.84,0.6323,414.05,393.32,548.51,78.48,5000.0,2539.47,2460.53,2.07,1.53,1.03,0.1097,0-5%,547.61,1489.44,1489.44,941.84,8,186.18,68.45,0-5%,0.0,Mar,Alpha
2023-09-08,2023,9,Sep,Echo,Consumer,USA,5,109.21,43.75,546.05,0.0,546.05,218.77,327.28,0.5994,117.01,122.23,205.05,50.0,5000.0,3201.2,1798.8,1.38,1.12,1.78,0.041,0-5%,218.77,546.05,546.05,327.28,5,109.21,43.75,0-5%,0.0,Sep,Echo
2024-07-09,2024,7,Jul,Echo,SMB,USA,13,276.06,150.31,3588.79,107.66,3481.13,1954.05,1527.08,0.4387,761.84,799.05,728.04,199.01,5336.02,1974.72,3361.3,1.83,1.34,0.59,0.1364,0-5%,1954.05,3588.79,3481.13,1527.08,13,276.06,150.31,0-5%,107.66,Jul,Echo
2025-04-01,2025,4,Apr,Flux,Consumer,USA,9,182.43,87.78,1641.84,410.46,1231.38,789.98,441.4,0.3585,323.1,311.1,130.3,102.18,5000.0,2523.74,2476.26,2.53,2.07,1.02,0.0261,20%+,789.98,1641.84,1231.38,441.4,9,182.43,87.78,20%+,410.46,Apr,Flux
2025-08-25,2025,8,Aug,Bravo,SMB,India,12,198.35,90.42,2380.19,285.62,2094.57,1085.01,1009.56,0.482,354.41,365.28,644.28,178.88,5000.0,2605.71,2394.29,2.11,1.63,1.09,0.1289,10-20%,1085.01,2380.19,2094.57,1009.56,12,198.35,90.42,10-20%,285.62,Aug,Bravo
2024-11-03,2024,11,Nov,Alpha,SMB,Germany,8,246.07,119.31,1968.56,137.8,1830.76,954.51,876.25,0.4786,241.32,244.56,631.69,102.87,5000.0,3249.97,1750.03,1.59,1.22,1.86,0.1263,5-10%,954.51,1968.56,1830.76,876.25,8,246.07,119.31,5-10%,137.8,Nov,Alpha
2023-06-20,2023,6,Jun,Cobalt,Consumer,USA,9,117.15,42.58,1054.33,126.52,927.81,383.2,544.61,0.587,130.62,129.26,415.34,50.85,5000.0,3093.82,1906.18,1.63,1.24,1.62,0.0831,10-20%,383.2,1054.33,927.81,544.61,9,117.15,42.58,10-20%,126.52,Jun,Cobalt
2024-08-28,2024,8,Aug,Alpha,SMB,USA,13,246.17,105.54,3200.26,96.01,3104.25,1372.04,1732.21,0.558,678.3,686.69,1045.52,143.74,5412.26,3003.21,2409.05,2.19,1.83,1.25,0.1932,0-5%,1372.04,3200.26,3104.25,1732.21,13,246.17,105.54,0-5%,96.01,Aug,Alpha
2024-10-16,2024,10,Oct,Echo,Enterprise,India,9,175.53,82.72,1579.78,110.58,1469.19,744.46,724.73,0.4933,370.38,360.43,364.3,118.71,5000.0,1919.22,3080.78,2.04,1.59,0.62,0.0729,5-10%,744.46,1579.78,1469.19,724.73,9,175.53,82.72,5-10%,110.58,Oct,Echo
2024-08-13,2024,8,Aug,Alpha,Consumer,Canada,10,239.63,117.69,2396.29,0.0,2396.29,1176.88,1219.41,0.5089,563.76,602.34,617.07,171.96,5000.0,2539.07,2460.93,1.87,1.33,1.03,0.1234,0-5%,1176.88,2396.29,2396.29,1219.41,10,239.63,117.69,0-5%,0.0,Aug,Alpha
2023-04-14,2023,4,Apr,Echo,SMB,India,9,183.99,90.16,1655.92,49.68,1606.24,811.46,794.78,0.4948,286.84,292.79,501.99,124.04,5000.0,2882.32,2117.68,1.99,1.6,1.36,0.1004,0-5%,811.46,1655.92,1606.24,794.78,9,183.99,90.16,0-5%,49.68,Apr,Echo
2023-11-24,2023,11,Nov,Delta,Consumer,USA,9,98.97,35.21,890.77,106.89,783.88,316.91,466.97,0.5957,165.62,171.7,295.27,50.0,5000.0,2361.94,2638.06,2.03,1.72,0.9,0.0591,10-20%,316.91,890.77,783.88,466.97,9,98.97,35.21,10-20%,106.89,Nov,Delta
2025-11-24,2025,11,Nov,Alpha,Consumer,UK,9,195.85,100.8,1762.64,0.0,1762.64,907.22,855.41,0.4853,313.37,319.6,535.82,196.64,5000.0,2638.16,2361.84,1.93,1.46,1.12,0.1072,0-5%,907.22,1762.64,1762.64,855.41,9,195.85,100.8,0-5%,0.0,Nov,Alpha
2023-05-30,2023,5,May,Delta,Consumer,Canada,7,135.82,67.01,950.71,0.0,950.71,469.05,481.66,0.5066,150.69,142.1,339.56,61.86,5000.0,1831.63,3168.37,1.56,1.08,0.58,0.0679,0-5%,469.05,950.71,950.71,481.66,7,135.82,67.01,0-5%,0.0,May,Delta
2024-04-21,2024,4,Apr,Bravo,Consumer,India,2,236.45,127.38,472.9,14.19,458.71,254.77,203.95,0.4446,62.85,62.52,141.43,50.0,5000.0,2908.92,2091.08,1.44,1.11,1.39,0.0283,0-5%,254.77,472.9,458.71,203.95,2,236.45,127.38,0-5%,14.19,Apr,Bravo
2023-04-08,2023,4,Apr,Bravo,SMB,USA,10,210.24,76.62,2102.37,252.28,1850.08,766.18,1083.9,0.5859,325.8,309.36,774.54,168.31,5000.0,3092.67,1907.33,1.91,1.45,1.62,0.1549,10-20%,766.18,2102.37,1850.08,1083.9,10,210.24,76.62,10-20%,252.28,Apr,Bravo
2023-05-14,2023,5,May,Cobalt,Consumer,USA,11,180.63,90.57,1986.89,238.43,1748.47,996.3,752.17,0.4302,224.3,210.49,541.68,106.02,5000.0,3238.17,1761.83,1.95,1.4,1.84,0.1083,10-20%,996.3,1986.89,1748.47,752.17,11,180.63,90.57,10-20%,238.43,May,Cobalt
2023-05-03,2023,5,May,Cobalt,Enterprise,India,13,244.74,124.13,3181.67,795.42,2386.25,1613.71,772.55,0.3237,436.05,413.74,358.8,240.99,5000.0,2031.98,2968.02,1.48,1.24,0.68,0.0718,20%+,1613.71,3181.67,2386.25,772.55,13,244.74,124.13,20%+,795.42,May,Cobalt
2025-09-15,2025,9,Sep,Alpha,SMB,USA,8,204.18,101.41,1633.47,49.0,1584.47,811.3,773.17,0.488,403.52,410.28,362.88,132.85,5000.0,2359.39,2640.61,2.01,1.49,0.89,0.0726,0-5%,811.3,1633.47,1584.47,773.17,8,204.18,101.41,0-5%,49.0,Sep,Alpha
2024-03-13,2024,3,Mar,Cobalt,Consumer,USA,8,197.12,95.13,1576.94,0.0,1576.94,761.02,815.92,0.5174,217.48,215.97,599.94,77.47,5000.0,2072.4,2927.6,1.81,1.49,0.71,0.12,0-5%,761.02,1576.94,1576.94,815.92,8,197.12,95.13,0-5%,0.0,Mar,Cobalt
2025-10-15,2025,10,Oct,Bravo,SMB,USA,9,161.51,62.81,1453.58,0.0,1453.58,565.31,888.27,0.6111,372.87,357.93,530.34,108.62,5000.0,2126.12,2873.88,1.72,1.44,0.74,0.1061,0-5%,565.31,1453.58,1453.58,888.27,9,161.51,62.81,0-5%,0.0,Oct,Bravo
2024-11-24,2024,11,Nov,Alpha,Consumer,USA,13,270.82,106.35,3520.69,0.0,3520.69,1382.51,2138.19,0.6073,633.37,675.69,1462.5,167.29,6972.02,4211.61,2760.41,1.39,0.86,1.53,0.2098,0-5%,1382.51,3520.69,3520.69,2138.19,13,270.82,106.35,0-5%,0.0,Nov,Alpha
2023-09-15,2023,9,Sep,Alpha,Consumer,India,11,247.05,115.25,2717.53,81.53,2636.01,1267.75,1368.25,0.5191,600.73,636.73,731.53,206.17,5474.71,2517.74,2956.97,1.43,1.05,0.85,0.1336,0-5%,1267.75,2717.53,2636.01,1368.25,11,247.05,115.25,0-5%,81.53,Sep,Alpha
2024-04-22,2024,4,Apr,Flux,Consumer,USA,11,212.71,88.96,2339.82,280.78,2059.04,978.52,1080.52,0.5248,290.5,272.06,808.46,173.78,5000.0,2534.24,2465.76,2.14,1.69,1.03,0.1617,10-20%,978.52,2339.82,2059.04,1080.52,11,212.71,88.96,10-20%,280.78,Apr,Flux
2023-12-17,2023,12,Dec,Flux,Consumer,USA,10,179.09,96.76,1790.86,214.9,1575.95,967.61,608.34,0.386,422.64,394.93,213.41,157.44,5000.0,2979.99,2020.01,1.76,1.31,1.48,0.0427,10-20%,967.61,1790.86,1575.95,608.34,10,179.09,96.76,10-20%,214.9,Dec,Flux
2023-09-23,2023,9,Sep,Echo,Enterprise,USA,11,197.8,90.78,2175.79,152.31,2023.48,998.6,1024.89,0.5065,469.41,450.64,574.24,169.68,5000.0,2905.74,2094.26,1.79,1.48,1.39,0.1148,5-10%,998.6,2175.79,2023.48,1024.89,11,197.8,90.78,5-10%,152.31,Sep,Echo
2023-07-20,2023,7,Jul,Bravo,SMB,USA,7,292.28,112.44,2045.93,61.38,1984.55,787.1,1197.45,0.6034,448.65,477.69,719.76,155.44,5000.0,3120.04,1879.96,1.49,1.18,1.66,0.144,0-5%,787.1,2045.93,1984.55,1197.45,7,292.28,112.44,0-5%,61.38,Jul,Bravo
2025-02-22,2025,2,Feb,Alpha,Enterprise,USA,6,352.45,130.77,2114.72,148.03,1966.69,784.63,1182.06,0.601,360.48,339.18,842.88,153.97,5000.0,2482.9,2517.1,1.86,1.62,0.99,0.1686,5-10%,784.63,2114.72,1966.69,1182.06,6,352.45,130.77,5-10%,148.03,Feb,Alpha
2024-03-03,2024,3,Mar,Flux,Consumer,USA,10,213.55,112.86,2135.45,149.48,1985.97,1128.56,857.41,0.4317,535.19,505.81,351.6,195.79,5000.0,2576.88,2423.12,1.62,1.03,1.06,0.0703,5-10%,1128.56,2135.45,1985.97,857.41,10,213.55,112.86,5-10%,149.48,Mar,Flux
2023-09-05,2023,9,Sep,Bravo,Consumer,Germany,5,253.17,132.31,1265.87,316.47,949.4,661.56,287.84,0.3032,249.95,234.61,53.23,124.53,5000.0,2858.96,2141.04,1.77,1.23,1.34,0.0106,20%+,661.56,1265.87,949.4,287.84,5,253.17,132.31,20%+,316.47,Sep,Bravo
2024-06-06,2024,6,Jun,Flux,Consumer,USA,8,205.52,110.61,1644.13,411.03,1233.1,884.84,348.25,0.2824,206.31,192.57,155.68,141.36,5000.0,2087.1,2912.9,1.48,1.07,0.72,0.0311,20%+,884.84,1644.13,1233.1,348.25,8,205.52,110.61,20%+,411.03,Jun,Flux
2025-01-18,2025,1,Jan,Alpha,Consumer,USA,7,257.16,129.99,1800.12,126.01,1674.11,909.95,764.16,0.4565,449.74,444.55,319.61,198.0,5000.0,1845.34,3154.66,1.83,1.27,0.58,0.0639,5-10%,909.95,1800.12,1674.11,764.16,7,257.16,129.99,5-10%,126.01,Jan,Alpha
2023-11-19,2023,11,Nov,Cobalt,Enterprise,USA,10,282.83,151.42,2828.31,0.0,2828.31,1514.22,1314.09,0.4646,577.93,571.82,742.27,237.66,5000.0,3038.38,1961.62,1.81,1.41,1.55,0.1485,0-5%,1514.22,2828.31,2828.31,1314.09,10,282.83,151.42,0-5%,0.0,Nov,Cobalt
2023-01-05,2023,1,Jan,Flux,SMB,USA,8,298.66,121.99,2389.31,597.33,1791.99,975.89,816.09,0.4554,226.14,210.68,605.41,117.07,5000.0,2710.59,2289.41,2.05,1.6,1.18,0.1211,20%+,975.89,2389.31,1791.99,816.09,8,298.66,121.99,20%+,597.33,Jan,Flux
2023-12-25,2023,12,Dec,Alpha,SMB,USA,9,245.41,86.7,2208.68,0.0,2208.68,780.31,1428.38,0.6467,615.03,632.16,796.21,128.22,5000.0,2259.72,2740.28,1.69,1.24,0.82,0.1592,0-5%,780.31,2208.68,2208.68,1428.38,9,245.41,86.7,0-5%,0.0,Dec,Alpha
2024-12-25,2024,12,Dec,Flux,Consumer,India,12,116.73,46.5,1400.8,98.06,1302.75,558.0,744.75,0.5717,197.87,195.02,549.73,111.99,5000.0,3171.83,1828.17,2.08,1.51,1.73,0.1099,5-10%,558.0,1400.8,1302.75,744.75,12,116.73,46.5,5-10%,98.06,Dec,Flux
2023-10-15,2023,10,Oct,Delta,Enterprise,USA,9,202.51,83.26,1822.55,54.68,1767.87,749.35,1018.52,0.5761,373.97,355.11,663.41,89.95,5000.0,2506.54,2493.46,1.88,1.38,1.01,0.1327,0-5%,749.35,1822.55,1767.87,1018.52,9,202.51,83.26,0-5%,54.68,Oct,Delta
2023-02-15,2023,2,Feb,Delta,Enterprise,USA,12,215.17,95.05,2582.09,77.46,2504.63,1140.54,1364.09,0.5446,457.38,480.2,883.89,187.75,5000.0,2234.77,2765.23,1.41,0.84,0.81,0.1768,0-5%,1140.54,2582.09,2504.63,1364.09,12,215.17,95.05,0-5%,77.46,Feb,Delta
2023-05-04,2023,5,May,Echo,Consumer,USA,13,273.59,112.52,3556.68,248.97,3307.71,1462.78,1844.93,0.5578,457.93,472.71,1372.22,301.39,6531.16,4067.6,2463.56,1.61,1.3,1.65,0.2101,5-10%,1462.78,3556.68,3307.71,1844.93,13,273.59,112.52,5-10%,248.97,May,Echo
2024-07-14,2024,7,Jul,Delta,Consumer,India,9,279.13,126.77,2512.15,0.0,2512.15,1140.96,1371.2,0.5458,552.54,590.87,780.32,242.36,5000.0,2068.36,2931.64,1.77,1.35,0.71,0.1561,0-5%,1140.96,2512.15,2512.15,1371.2,9,279.13,126.77,0-5%,0.0,Jul,Delta
2023-06-15,2023,6,Jun,Echo,Consumer,India,8,251.73,104.74,2013.86,0.0,2013.86,837.89,1175.97,0.5839,490.51,483.77,692.2,122.98,5000.0,2393.31,2606.69,1.19,0.82,0.92,0.1384,0-5%,837.89,2013.86,2013.86,1175.97,8,251.73,104.74,0-5%,0.0,Jun,Echo
2025-12-10,2025,12,Dec,Alpha,Consumer,USA,12,175.03,81.55,2100.38,0.0,2100.38,978.6,1121.78,0.5341,452.97,419.13,702.65,150.71,5000.0,2313.82,2686.18,1.43,1.04,0.86,0.1405,0-5%,978.6,2100.38,2100.38,1121.78,12,175.03,81.55,0-5%,0.0,Dec,Alpha
2025-12-13,2025,12,Dec,Alpha,SMB,UK,10,278.43,134.08,2784.31,334.12,2450.2,1340.85,1109.35,0.4528,464.8,441.46,667.89,134.32,5000.0,2088.22,2911.78,1.94,1.61,0.72,0.1336,10-20%,1340.85,2784.31,2450.2,1109.35,10,278.43,134.08,10-20%,334.12,Dec,Alpha
2023-09-18,2023,9,Sep,Bravo,Consumer,India,8,212.96,111.89,1703.7,0.0,1703.7,895.12,808.59,0.4746,302.25,323.64,484.95,184.88,5000.0,2069.78,2930.22,1.5,1.06,0.71,0.097,0-5%,895.12,1703.7,1703.7,808.59,8,212.96,111.89,0-5%,0.0,Sep,Bravo
2023-07-12,2023,7,Jul,Flux,Consumer,USA,11,312.13,111.16,3433.47,103.0,3330.47,1222.75,2107.72,0.6329,505.56,490.28,1617.44,185.0,5898.52,2266.59,3631.94,1.57,1.35,0.62,0.2742,0-5%,1222.75,3433.47,3330.47,2107.72,11,312.13,111.16,0-5%,103.0,Jul,Flux
2025-11-06,2025,11,Nov,Bravo,Consumer,USA,6,237.54,94.89,1425.22,42.76,1382.46,569.35,813.11,0.5882,260.14,243.18,569.93,73.13,5000.0,1961.84,3038.16,2.24,1.84,0.65,0.114,0-5%,569.35,1425.22,1382.46,813.11,6,237.54,94.89,0-5%,42.76,Nov,Bravo
2025-06-25,2025,6,Jun,Alpha,Consumer,Germany,4,212.88,78.33,851.53,0.0,851.53,313.33,538.21,0.632,104.52,105.96,432.25,59.22,5000.0,2705.34,2294.66,1.82,1.36,1.18,0.0864,0-5%,313.33,851.53,851.53,538.21,4,212.88,78.33,0-5%,0.0,Jun,Alpha
2023-08-02,2023,8,Aug,Bravo,Consumer,USA,9,272.75,99.29,2454.71,73.64,2381.07,893.61,1487.46,0.6247,611.22,578.09,909.38,162.1,5000.0,2888.6,2111.4,1.29,0.8,1.37,0.1819,0-5%,893.61,2454.71,2381.07,1487.46,9,272.75,99.29,0-5%,73.64,Aug,Bravo
2025-09-17,2025,9,Sep,Alpha,Consumer,India,8,303.4,106.28,2427.16,72.81,2354.35,850.25,1504.1,0.6389,343.69,358.48,1145.62,166.0,5000.0,2003.25,2996.75,2.05,1.47,0.67,0.2291,0-5%,850.25,2427.16,2354.35,1504.1,8,303.4,106.28,0-5%,72.81,Sep,Alpha
2023-04-20,2023,4,Apr,Echo,Consumer,USA,12,248.0,99.03,2976.05,208.32,2767.73,1188.31,1579.42,0.5707,645.17,668.4,911.01,219.4,5000.0,2660.54,2339.46,1.26,0.68,1.14,0.1822,5-10%,1188.31,2976.05,2767.73,1579.42,12,248.0,99.03,5-10%,208.32,Apr,Echo
2024-11-24,2024,11,Nov,Echo,SMB,USA,6,292.54,142.99,1755.24,122.87,1632.38,857.91,774.46,0.4744,224.26,233.64,540.82,108.05,5000.0,2223.74,2776.26,1.32,0.76,0.8,0.1082,5-10%,857.91,1755.24,1632.38,774.46,6,292.54,142.99,5-10%,122.87,Nov,Echo
2025-07-10,2025,7,Jul,Bravo,SMB,USA,8,165.5,59.19,1324.04,92.68,1231.36,473.54,757.82,0.6154,252.51,248.64,509.18,51.73,5000.0,2747.78,2252.22,1.91,1.55,1.22,0.1018,5-10%,473.54,1324.04,1231.36,757.82,8,165.5,59.19,5-10%,92.68,Jul,Bravo
2025-01-10,2025,1,Jan,Echo,Consumer,Canada,11,257.47,123.01,2832.13,198.25,2633.88,1353.07,1280.82,0.4863,583.07,556.92,723.89,184.36,5000.0,1924.74,3075.26,1.77,1.54,0.63,0.1448,5-10%,1353.07,2832.13,2633.88,1280.82,11,257.47,123.01,5-10%,198.25,Jan,Echo
2025-01-15,2025,1,Jan,Alpha,Consumer,USA,12,211.34,79.51,2536.06,0.0,2536.06,954.14,1581.92,0.6238,546.92,584.24,997.68,124.33,5000.0,1759.29,3240.71,1.64,1.32,0.54,0.1995,0-5%,954.14,2536.06,2536.06,1581.92,12,211.34,79.51,0-5%,0.0,Jan,Alpha
2023-11-24,2023,11,Nov,Alpha,SMB,Canada,5,284.76,143.09,1423.82,99.67,1324.15,715.46,608.69,0.4597,301.37,324.14,284.56,110.77,5000.0,3051.93,1948.07,1.29,0.84,1.57,0.0569,5-10%,715.46,1423.82,1324.15,608.69,5,284.76,143.09,5-10%,99.67,Nov,Alpha
2025-07-29,2025,7,Jul,Flux,Consumer,USA,10,139.18,51.36,1391.85,0.0,1391.85,513.6,878.25,0.631,230.52,237.27,640.98,90.11,5000.0,2760.77,2239.23,1.54,1.07,1.23,0.1282,0-5%,513.6,1391.85,1391.85,878.25,10,139.18,51.36,0-5%,0.0,Jul,Flux
2023-06-27,2023,6,Jun,Bravo,Consumer,USA,7,270.94,126.57,1896.61,56.9,1839.71,886.0,953.71,0.5184,386.28,364.47,589.24,165.91,5000.0,3062.54,1937.46,2.23,1.79,1.58,0.1178,0-5%,886.0,1896.61,1839.71,953.71,7,270.94,126.57,0-5%,56.9,Jun,Bravo
2023-08-30,2023,8,Aug,Flux,Consumer,Germany,6,263.87,97.26,1583.2,0.0,1583.2,583.53,999.67,0.6314,300.39,318.97,680.69,92.09,5000.0,2600.38,2399.62,1.76,1.45,1.08,0.1361,0-5%,583.53,1583.2,1583.2,999.67,6,263.87,97.26,0-5%,0.0,Aug,Flux
2025-11-11,2025,11,Nov,Cobalt,Enterprise,USA,9,187.34,89.6,1686.08,0.0,1686.08,806.37,879.71,0.5217,461.64,425.27,454.44,95.95,5000.0,2105.62,2894.38,2.12,1.83,0.73,0.0909,0-5%,806.37,1686.08,1686.08,879.71,9,187.34,89.6,0-5%,0.0,Nov,Cobalt
2024-03-28,2024,3,Mar,Bravo,SMB,UK,10,296.35,108.03,2963.54,355.62,2607.91,1080.3,1527.61,0.5858,552.22,556.43,971.19,173.66,5000.0,2014.64,2985.36,1.59,1.23,0.67,0.1942,10-20%,1080.3,2963.54,2607.91,1527.61,10,296.35,108.03,10-20%,355.62,Mar,Bravo
2023-10-14,2023,10,Oct,Echo,SMB,USA,13,169.02,77.71,2197.29,153.81,2043.48,1010.24,1033.24,0.5056,561.02,560.44,472.8,210.2,5000.0,2278.81,2721.19,2.56,2.35,0.84,0.0946,5-10%,1010.24,2197.29,2043.48,1033.24,13,169.02,77.71,5-10%,153.81,Oct,Echo
2025-08-25,2025,8,Aug,Delta,Consumer,Germany,8,323.37,154.63,2586.99,0.0,2586.99,1237.06,1349.94,0.5218,426.11,444.54,905.39,231.62,5000.0,2430.26,2569.74,2.06,1.71,0.95,0.1811,0-5%,1237.06,2586.99,2586.99,1349.94,8,323.37,154.63,0-5%,0.0,Aug,Delta
2025-10-28,2025,10,Oct,Flux,Consumer,USA,11,152.98,79.96,1682.83,50.48,1632.34,879.6,752.74,0.4611,295.93,319.22,433.52,102.1,5000.0,2386.65,2613.35,1.29,0.72,0.91,0.0867,0-5%,879.6,1682.83,1632.34,752.74,11,152.98,79.96,0-5%,50.48,Oct,Flux
2023-11-04,2023,11,Nov,Alpha,Consumer,USA,9,225.2,122.27,2026.82,0.0,2026.82,1100.47,926.35,0.457,561.87,536.79,389.56,150.27,5000.0,2042.27,2957.73,1.73,1.34,0.69,0.0779,0-5%,1100.47,2026.82,2026.82,926.35,9,225.2,122.27,0-5%,0.0,Nov,Alpha
2025-05-25,2025,5,May,Bravo,Enterprise,UK,9,192.55,89.98,1732.93,207.95,1524.98,809.81,715.17,0.469,365.33,349.42,365.75,163.4,5000.0,1958.42,3041.58,1.92,1.53,0.64,0.0731,10-20%,809.81,1732.93,1524.98,715.17,9,192.55,89.98,10-20%,207.95,May,Bravo
2024-10-17,2024,10,Oct,Echo,Consumer,India,13,131.0,53.96,1703.0,119.21,1583.79,701.44,882.35,0.5571,375.4,380.82,501.52,152.66,5000.0,2363.6,2636.4,1.37,1.16,0.9,0.1003,5-10%,701.44,1703.0,1583.79,882.35,13,131.0,53.96,5-10%,119.21,Oct,Echo
2025-09-09,2025,9,Sep,Echo,SMB,USA,11,258.21,139.87,2840.32,0.0,2840.32,1538.57,1301.75,0.4583,471.42,435.22,866.53,197.96,5000.0,2183.24,2816.76,2.53,2.14,0.78,0.1733,0-5%,1538.57,2840.32,2840.32,1301.75,11,258.21,139.87,0-5%,0.0,Sep,Echo
2025-09-30,2025,9,Sep,Flux,Consumer,USA,9,237.49,114.2,2137.39,256.49,1880.9,1027.77,853.13,0.4536,428.91,410.45,442.67,127.78,5000.0,2072.14,2927.86,1.53,1.26,0.71,0.0885,10-20%,1027.77,2137.39,1880.9,853.13,9,237.49,114.2,10-20%,256.49,Sep,Flux
2024-03-04,2024,3,Mar,Alpha,SMB,USA,6,233.85,118.92,1403.09,0.0,1403.09,713.55,689.54,0.4914,256.54,248.5,441.04,111.75,5000.0,3033.79,1966.21,1.89,1.67,1.54,0.0882,0-5%,713.55,1403.09,1403.09,689.54,6,233.85,118.92,0-5%,0.0,Mar,Alpha
2024-12-23,2024,12,Dec,Cobalt,Consumer,India,12,253.08,115.98,3036.96,212.59,2824.37,1391.77,1432.6,0.5072,350.79,337.96,1094.64,165.79,5778.28,2316.0,3462.28,1.4,1.08,0.67,0.1894,5-10%,1391.77,3036.96,2824.37,1432.6,12,253.08,115.98,5-10%,212.59,Dec,Cobalt
2024-03-30,2024,3,Mar,Cobalt,Enterprise,USA,7,256.44,95.01,1795.08,215.41,1579.67,665.06,914.61,0.579,357.4,362.42,552.19,91.93,5000.0,3095.89,1904.11,2.04,1.62,1.63,0.1104,10-20%,665.06,1795.08,1579.67,914.61,7,256.44,95.01,10-20%,215.41,Mar,Cobalt
2024-06-13,2024,6,Jun,Echo,Consumer,USA,8,282.55,101.88,2260.37,67.81,2192.56,815.08,1377.49,0.6283,402.92,414.5,962.98,115.46,5000.0,2792.0,2208.0,1.85,1.48,1.26,0.1926,0-5%,815.08,2260.37,2192.56,1377.49,8,282.55,101.88,0-5%,67.81,Jun,Echo
2024-04-30,2024,4,Apr,Alpha,SMB,Germany,10,287.69,155.29,2876.91,86.31,2790.61,1552.9,1237.71,0.4435,445.3,426.52,811.19,197.74,5525.14,2528.09,2997.06,1.45,1.06,0.84,0.1468,0-5%,1552.9,2876.91,2790.61,1237.71,10,287.69,155.29,0-5%,86.31,Apr,Alpha
2024-08-29,2024,8,Aug,Echo,Enterprise,UK,9,218.35,100.53,1965.14,137.56,1827.58,904.78,922.79,0.5049,488.39,506.98,415.81,117.45,5000.0,2734.31,2265.69,1.94,1.55,1.21,0.0832,5-10%,904.78,1965.14,1827.58,922.79,9,218.35,100.53,5-10%,137.56,Aug,Echo
2023-07-10,2023,7,Jul,Alpha,Enterprise,USA,11,206.56,113.06,2272.17,0.0,2272.17,1243.7,1028.47,0.4526,341.46,327.86,700.61,173.87,5000.0,2976.36,2023.64,1.57,1.19,1.47,0.1401,0-5%,1243.7,2272.17,2272.17,1028.47,11,206.56,113.06,0-5%,0.0,Jul,Alpha
2024-10-22,2024,10,Oct,Delta,SMB,Canada,7,284.01,146.82,1988.1,59.64,1928.45,1027.77,900.68,0.467,531.57,539.41,361.27,173.57,5000.0,1864.61,3135.39,1.88,1.41,0.59,0.0723,0-5%,1027.77,1988.1,1928.45,900.68,7,284.01,146.82,0-5%,59.64,Oct,Delta
2024-04-21,2024,4,Apr,Cobalt,Enterprise,USA,8,245.26,106.55,1962.08,0.0,1962.08,852.37,1109.72,0.5656,521.39,554.8,554.91,164.0,5000.0,2470.61,2529.39,2.01,1.52,0.98,0.111,0-5%,852.37,1962.08,1962.08,1109.72,8,245.26,106.55,0-5%,0.0,Apr,Cobalt
2023-04-07,2023,4,Apr,Delta,Enterprise,Canada,9,178.49,68.58,1606.41,112.45,1493.96,617.23,876.73,0.5868,351.98,362.33,514.4,118.16,5000.0,2795.69,2204.31,1.63,1.18,1.27,0.1029,5-10%,617.23,1606.41,1493.96,876.73,9,178.49,68.58,5-10%,112.45,Apr,Delta
2023-05-12,2023,5,May,Bravo,SMB,USA,7,243.74,110.01,1706.18,0.0,1706.18,770.07,936.1,0.5487,321.18,304.25,631.85,122.06,5000.0,2787.69,2212.31,2.08,1.66,1.26,0.1264,0-5%,770.07,1706.18,1706.18,936.1,7,243.74,110.01,0-5%,0.0,May,Bravo
2023-05-12,2023,5,May,Alpha,Consumer,Germany,4,223.95,98.85,895.81,26.87,868.94,395.39,473.55,0.545,158.31,166.2,307.35,50.0,5000.0,2590.93,2409.07,1.99,1.49,1.08,0.0615,0-5%,395.39,895.81,868.94,473.55,4,223.95,98.85,0-5%,26.87,May,Alpha
2024-12-01,2024,12,Dec,Delta,Consumer,USA,7,254.97,100.4,1784.81,124.94,1659.87,702.77,957.1,0.5766,286.4,298.07,659.04,146.94,5000.0,2661.73,2338.27,1.75,1.21,1.14,0.1318,5-10%,702.77,1784.81,1659.87,957.1,7,254.97,100.4,5-10%,124.94,Dec,Delta
2024-07-01,2024,7,Jul,Alpha,Enterprise,India,9,116.27,62.2,1046.47,0.0,1046.47,559.82,486.65,0.465,266.24,255.79,230.85,56.35,5000.0,2171.85,2828.15,2.48,2.21,0.77,0.0462,0-5%,559.82,1046.47,1046.47,486.65,9,116.27,62.2,0-5%,0.0,Jul,Alpha
2023-09-19,2023,9,Sep,Cobalt,Consumer,USA,9,164.54,83.3,1480.89,44.43,1436.47,749.74,686.73,0.4781,368.3,351.85,334.88,123.82,5000.0,2613.68,2386.32,1.88,1.35,1.1,0.067,0-5%,749.74,1480.89,1436.47,686.73,9,164.54,83.3,0-5%,44.43,Sep,Cobalt
2024-04-18,2024,4,Apr,Flux,Consumer,UK,11,238.31,126.15,2621.42,0.0,2621.42,1387.62,1233.8,0.4707,423.4,440.5,793.3,212.87,5000.0,2402.41,2597.59,1.87,1.48,0.92,0.1587,0-5%,1387.62,2621.42,2621.42,1233.8,11,238.31,126.15,0-5%,0.0,Apr,Flux
2024-05-14,2024,5,May,Cobalt,Consumer,USA,12,183.1,98.59,2197.2,65.92,2131.29,1183.05,948.24,0.4449,387.68,377.42,570.82,188.78,5000.0,3145.93,1854.07,1.72,1.41,1.7,0.1142,0-5%,1183.05,2197.2,2131.29,948.24,12,183.1,98.59,0-5%,65.92,May,Cobalt
2023-08-16,2023,8,Aug,Alpha,SMB,USA,7,249.87,131.41,1749.1,0.0,1749.1,919.84,829.26,0.4741,468.64,477.13,352.13,149.98,5000.0,2155.57,2844.43,2.07,1.87,0.76,0.0704,0-5%,919.84,1749.1,1749.1,829.26,7,249.87,131.41,0-5%,0.0,Aug,Alpha
2024-09-02,2024,9,Sep,Bravo,Consumer,Germany,8,291.39,126.67,2331.14,163.18,2167.96,1013.38,1154.58,0.5326,489.63,500.81,653.77,114.12,5000.0,2581.35,2418.65,1.3,0.86,1.07,0.1308,5-10%,1013.38,2331.14,2167.96,1154.58,8,291.39,126.67,5-10%,163.18,Sep,Bravo
2023-03-02,2023,3,Mar,Bravo,Consumer,USA,6,213.41,75.6,1280.47,38.41,1242.06,453.63,788.43,0.6348,194.01,182.94,605.49,97.75,5000.0,3087.01,1912.99,1.49,0.98,1.61,0.1211,0-5%,453.63,1280.47,1242.06,788.43,6,213.41,75.6,0-5%,38.41,Mar,Bravo
2023-12-31,2023,12,Dec,Cobalt,Enterprise,USA,11,105.48,43.61,1160.23,0.0,1160.23,479.7,680.53,0.5865,203.7,188.1,492.43,97.69,5000.0,2518.66,2481.34,1.48,1.25,1.02,0.0985,0-5%,479.7,1160.23,1160.23,680.53,11,105.48,43.61,0-5%,0.0,Dec,Cobalt
2024-08-25,2024,8,Aug,Bravo,Consumer,USA,8,110.97,48.57,887.77,62.14,825.63,388.59,437.04,0.5293,149.29,154.08,282.96,57.23,5000.0,2509.14,2490.86,2.26,1.96,1.01,0.0566,5-10%,388.59,887.77,825.63,437.04,8,110.97,48.57,5-10%,62.14,Aug,Bravo
2025-05-20,2025,5,May,Alpha,Enterprise,USA,12,149.89,81.99,1798.65,0.0,1798.65,983.88,814.78,0.453,421.92,424.19,390.58,157.28,5000.0,2409.41,2590.59,1.74,1.38,0.93,0.0781,0-5%,983.88,1798.65,1798.65,814.78,12,149.89,81.99,0-5%,0.0,May,Alpha
2023-12-09,2023,12,Dec,Delta,Consumer,USA,13,300.44,116.66,3905.76,0.0,3905.76,1516.62,2389.14,0.6117,601.99,587.7,1801.44,192.22,5000.0,1818.11,3181.89,1.46,1.08,0.57,0.3603,0-5%,1516.62,3905.76,3905.76,2389.14,13,300.44,116.66,0-5%,0.0,Dec,Delta
2025-12-30,2025,12,Dec,Flux,Consumer,Canada,12,153.26,84.07,1839.17,128.74,1710.43,1008.79,701.64,0.4102,242.77,234.69,466.95,173.3,5000.0,2095.91,2904.09,1.88,1.43,0.72,0.0934,5-10%,1008.79,1839.17,1710.43,701.64,12,153.26,84.07,5-10%,128.74,Dec,Flux
2024-10-04,2024,10,Oct,Cobalt,Consumer,UK,6,139.28,64.25,835.66,100.28,735.38,385.48,349.9,0.4758,154.65,157.25,192.66,68.41,5000.0,2210.03,2789.97,1.77,1.44,0.79,0.0385,10-20%,385.48,835.66,735.38,349.9,6,139.28,64.25,10-20%,100.28,Oct,Cobalt
2025-11-18,2025,11,Nov,Delta,SMB,UK,5,199.58,91.04,997.91,69.85,928.05,455.21,472.84,0.5095,156.42,164.42,308.42,64.07,5000.0,2590.72,2409.28,2.17,1.57,1.08,0.0617,5-10%,455.21,997.91,928.05,472.84,5,199.58,91.04,5-10%,69.85,Nov,Delta
2024-08-11,2024,8,Aug,Delta,Consumer,USA,9,210.78,92.39,1897.0,0.0,1897.0,831.5,1065.5,0.5617,271.92,278.74,786.76,166.14,5000.0,2889.52,2110.48,1.57,1.0,1.37,0.1574,0-5%,831.5,1897.0,1897.0,1065.5,9,210.78,92.39,0-5%,0.0,Aug,Delta
2024-05-14,2024,5,May,Cobalt,SMB,USA,10,145.08,63.8,1450.83,0.0,1450.83,638.01,812.81,0.5602,393.11,369.45,443.37,74.94,5000.0,2878.2,2121.8,1.04,0.64,1.36,0.0887,0-5%,638.01,1450.83,1450.83,812.81,10,145.08,63.8,0-5%,0.0,May,Cobalt
2025-01-02,2025,1,Jan,Delta,SMB,UK,7,194.5,90.37,1361.5,95.3,1266.19,632.62,633.57,0.5004,242.56,224.95,408.62,136.22,5000.0,2198.6,2801.4,1.86,1.51,0.78,0.0817,5-10%,632.62,1361.5,1266.19,633.57,7,194.5,90.37,5-10%,95.3,Jan,Delta
2024-05-17,2024,5,May,Echo,SMB,Canada,12,144.75,56.66,1736.98,0.0,1736.98,679.9,1057.08,0.6086,245.21,264.69,792.39,99.39,5000.0,2766.16,2233.84,2.55,2.2,1.24,0.1585,0-5%,679.9,1736.98,1736.98,1057.08,12,144.75,56.66,0-5%,0.0,May,Echo
2023-11-14,2023,11,Nov,Cobalt,Consumer,USA,10,181.35,96.69,1813.49,54.4,1759.08,966.86,792.22,0.4504,326.56,323.81,468.42,186.76,5000.0,3090.0,1910.0,2.34,1.82,1.62,0.0937,0-5%,966.86,1813.49,1759.08,792.22,10,181.35,96.69,0-5%,54.4,Nov,Cobalt
2023-12-29,2023,12,Dec,Alpha,Enterprise,USA,7,235.65,97.73,1649.58,0.0,1649.58,684.12,965.46,0.5853,208.23,212.97,752.49,74.52,5000.0,2060.95,2939.05,1.33,1.05,0.7,0.1505,0-5%,684.12,1649.58,1649.58,965.46,7,235.65,97.73,0-5%,0.0,Dec,Alpha
2024-12-19,2024,12,Dec,Delta,SMB,USA,10,217.66,100.51,2176.56,0.0,2176.56,1005.06,1171.51,0.5382,490.04,484.53,686.98,187.97,5000.0,2610.66,2389.34,2.34,1.77,1.09,0.1374,0-5%,1005.06,2176.56,2176.56,1171.51,10,217.66,100.51,0-5%,0.0,Dec,Delta
2024-09-14,2024,9,Sep,Alpha,SMB,USA,10,186.93,93.69,1869.27,224.31,1644.96,936.93,708.03,0.4304,374.53,379.5,328.52,192.12,5000.0,2256.34,2743.66,2.3,1.85,0.82,0.0657,10-20%,936.93,1869.27,1644.96,708.03,10,186.93,93.69,10-20%,224.31,Sep,Alpha
2023-06-04,2023,6,Jun,Echo,Consumer,UK,7,325.87,132.49,2281.1,570.27,1710.82,927.46,783.36,0.4579,318.32,306.33,477.03,157.75,5000.0,2175.71,2824.29,2.0,1.59,0.77,0.0954,20%+,927.46,2281.1,1710.82,783.36,7,325.87,132.49,20%+,570.27,Jun,Echo
2024-02-05,2024,2,Feb,Flux,SMB,USA,12,273.96,138.79,3287.54,230.13,3057.41,1665.45,1391.95,0.4553,763.81,712.11,679.84,290.15,5973.07,2609.3,3363.77,1.48,0.93,0.78,0.1138,5-10%,1665.45,3287.54,3057.41,1391.95,12,273.96,138.79,5-10%,230.13,Feb,Flux
2025-10-27,2025,10,Oct,Bravo,Consumer,USA,8,287.85,117.27,2302.83,276.34,2026.49,938.15,1088.33,0.5371,497.49,519.85,568.49,152.94,5000.0,2507.65,2492.35,1.95,1.58,1.01,0.1137,10-20%,938.15,2302.83,2026.49,1088.33,8,287.85,117.27,10-20%,276.34,Oct,Bravo
2024-11-25,2024,11,Nov,Bravo,Consumer,Germany,9,326.68,123.04,2940.08,88.2,2851.88,1107.34,1744.53,0.6117,650.37,691.83,1052.7,137.88,5000.0,1866.16,3133.84,1.42,0.93,0.6,0.2105,0-5%,1107.34,2940.08,2851.88,1744.53,9,326.68,123.04,0-5%,88.2,Nov,Bravo
2024-10-05,2024,10,Oct,Flux,Consumer,India,5,148.08,68.51,740.39,0.0,740.39,342.53,397.86,0.5374,159.39,156.32,241.54,50.0,5000.0,2491.16,2508.84,1.58,1.34,0.99,0.0483,0-5%,342.53,740.39,740.39,397.86,5,148.08,68.51,0-5%,0.0,Oct,Flux
2024-04-24,2024,4,Apr,Alpha,Consumer,India,7,255.2,97.05,1786.42,0.0,1786.42,679.33,1107.09,0.6197,486.4,468.16,638.93,85.37,5000.0,2826.44,2173.56,2.17,1.63,1.3,0.1278,0-5%,679.33,1786.42,1786.42,1107.09,7,255.2,97.05,0-5%,0.0,Apr,Alpha
2024-05-29,2024,5,May,Echo,Enterprise,India,6,271.41,130.86,1628.44,113.99,1514.45,785.14,729.32,0.4816,315.88,318.96,410.36,167.68,5000.0,1866.06,3133.94,1.1,0.69,0.6,0.0821,5-10%,785.14,1628.44,1514.45,729.32,6,271.41,130.86,5-10%,113.99,May,Echo
2025-10-30,2025,10,Oct,Delta,SMB,Canada,2,258.7,118.63,517.4,15.52,501.88,237.26,264.62,0.5273,116.32,122.93,141.68,50.0,5000.0,2029.8,2970.2,1.91,1.61,0.68,0.0283,0-5%,237.26,517.4,501.88,264.62,2,258.7,118.63,0-5%,15.52,Oct,Delta
2024-07-26,2024,7,Jul,Alpha,Consumer,Germany,7,170.86,78.79,1196.0,0.0,1196.0,551.55,644.45,0.5388,162.05,173.15,471.3,75.69,5000.0,2320.45,2679.55,1.71,1.46,0.87,0.0943,0-5%,551.55,1196.0,1196.0,644.45,7,170.86,78.79,0-5%,0.0,Jul,Alpha
2024-03-24,2024,3,Mar,Alpha,SMB,USA,8,165.99,76.33,1327.94,159.35,1168.59,610.6,557.99,0.4775,311.29,326.2,231.79,107.81,5000.0,2049.24,2950.76,1.83,1.61,0.69,0.0464,10-20%,610.6,1327.94,1168.59,557.99,8,165.99,76.33,10-20%,159.35,Mar,Alpha
2023-10-08,2023,10,Oct,Cobalt,SMB,USA,13,188.99,83.23,2456.81,171.98,2284.83,1081.98,1202.86,0.5265,556.3,526.82,676.04,128.83,5000.0,2540.19,2459.81,2.16,1.6,1.03,0.1352,5-10%,1081.98,2456.81,2284.83,1202.86,13,188.99,83.23,5-10%,171.98,Oct,Cobalt
2025-08-05,2025,8,Aug,Echo,Consumer,India,16,207.17,72.64,3314.66,0.0,3314.66,1162.28,2152.39,0.6494,685.78,631.22,1521.16,244.28,5864.91,2562.53,3302.37,1.95,1.51,0.78,0.2594,0-5%,1162.28,3314.66,3314.66,2152.39,16,207.17,72.64,0-5%,0.0,Aug,Echo
2024-03-07,2024,3,Mar,Echo,SMB,UK,7,130.4,49.97,912.83,228.21,684.62,349.82,334.8,0.489,124.98,132.45,202.35,50.0,5000.0,2835.94,2164.06,1.98,1.66,1.31,0.0405,20%+,349.82,912.83,684.62,334.8,7,130.4,49.97,20%+,228.21,Mar,Echo
2024-02-29,2024,2,Feb,Delta,SMB,India,10,168.23,75.25,1682.32,201.88,1480.44,752.54,727.91,0.4917,270.58,252.16,475.75,98.17,5000.0,2343.38,2656.62,1.65,1.2,0.88,0.0952,10-20%,752.54,1682.32,1480.44,727.91,10,168.23,75.25,10-20%,201.88,Feb,Delta
2023-11-06,2023,11,Nov,Alpha,SMB,USA,10,219.81,78.56,2198.07,153.86,2044.2,785.6,1258.6,0.6157,325.02,342.76,915.84,169.81,5000.0,2367.02,2632.98,1.57,1.36,0.9,0.1832,5-10%,785.6,2198.07,2044.2,1258.6,10,219.81,78.56,5-10%,153.86,Nov,Alpha
2024-09-29,2024,9,Sep,Echo,Consumer,Germany,10,329.51,126.55,3295.06,98.85,3196.21,1265.52,1930.69,0.6041,466.55,461.71,1468.98,275.62,5000.0,2672.13,2327.87,1.7,1.34,1.15,0.2938,0-5%,1265.52,3295.06,3196.21,1930.69,10,329.51,126.55,0-5%,98.85,Sep,Echo
2024-05-24,2024,5,May,Flux,SMB,USA,9,229.84,103.89,2068.54,144.8,1923.75,934.98,988.77,0.514,316.63,339.39,649.38,95.41,5000.0,3163.95,1836.05,1.8,1.23,1.72,0.1299,5-10%,934.98,2068.54,1923.75,988.77,9,229.84,103.89,5-10%,144.8,May,Flux
2024-12-27,2024,12,Dec,Flux,Consumer,Germany,14,157.01,72.81,2198.13,65.94,2132.19,1019.35,1112.84,0.5219,523.35,483.22,629.61,162.88,5000.0,2298.48,2701.52,1.73,1.19,0.85,0.1259,0-5%,1019.35,2198.13,2132.19,1112.84,14,157.01,72.81,0-5%,65.94,Dec,Flux
2024-02-21,2024,2,Feb,Cobalt,Consumer,Canada,7,314.5,155.25,2201.5,154.1,2047.39,1086.76,960.64,0.4692,270.32,259.91,700.73,112.8,5000.0,3144.51,1855.49,2.61,2.28,1.69,0.1401,5-10%,1086.76,2201.5,2047.39,960.64,7,314.5,155.25,5-10%,154.1,Feb,Cobalt
2025-12-22,2025,12,Dec,Delta,SMB,USA,11,321.78,122.36,3539.57,0.0,3539.57,1346.01,2193.56,0.6197,817.27,811.38,1382.18,212.44,6705.79,3663.29,3042.51,1.45,1.24,1.2,0.2061,0-5%,1346.01,3539.57,3539.57,2193.56,11,321.78,122.36,0-5%,0.0,Dec,Delta
2023-01-27,2023,1,Jan,Flux,Consumer,UK,13,241.67,105.07,3141.75,0.0,3141.75,1365.87,1775.88,0.5653,841.47,778.15,997.73,279.68,5000.0,1914.65,3085.35,1.99,1.77,0.62,0.1995,0-5%,1365.87,3141.75,3141.75,1775.88,13,241.67,105.07,0-5%,0.0,Jan,Flux
2023-11-20,2023,11,Nov,Cobalt,Consumer,USA,13,158.1,69.25,2055.33,513.83,1541.5,900.31,641.19,0.416,207.32,209.85,431.34,92.58,5000.0,2423.75,2576.25,2.23,2.01,0.94,0.0863,20%+,900.31,2055.33,1541.5,641.19,13,158.1,69.25,20%+,513.83,Nov,Cobalt
2024-11-19,2024,11,Nov,Echo,Consumer,Canada,10,293.2,105.45,2931.98,351.84,2580.14,1054.52,1525.62,0.5913,367.19,372.29,1153.34,180.98,5000.0,2002.14,2997.86,1.6,1.04,0.67,0.2307,10-20%,1054.52,2931.98,2580.14,1525.62,10,293.2,105.45,10-20%,351.84,Nov,Echo
2024-12-08,2024,12,Dec,Delta,SMB,USA,11,238.69,113.92,2625.57,78.77,2546.8,1253.09,1293.71,0.508,412.68,405.07,888.64,195.46,5000.0,2541.71,2458.29,2.05,1.63,1.03,0.1777,0-5%,1253.09,2625.57,2546.8,1293.71,11,238.69,113.92,0-5%,78.77,Dec,Delta
2024-11-03,2024,11,Nov,Echo,Consumer,USA,11,204.5,92.68,2249.48,67.48,2182.0,1019.45,1162.54,0.5328,374.2,381.8,780.74,151.41,5000.0,2311.7,2688.3,1.69,1.12,0.86,0.1561,0-5%,1019.45,2249.48,2182.0,1162.54,11,204.5,92.68,0-5%,67.48,Nov,Echo
2024-02-15,2024,2,Feb,Echo,Consumer,USA,11,186.04,88.0,2046.49,0.0,2046.49,967.95,1078.54,0.527,417.69,421.09,657.45,155.71,5000.0,2045.19,2954.81,1.78,1.55,0.69,0.1315,0-5%,967.95,2046.49,2046.49,1078.54,11,186.04,88.0,0-5%,0.0,Feb,Echo
2023-09-27,2023,9,Sep,Alpha,Consumer,India,5,267.62,118.37,1338.1,93.67,1244.43,591.87,652.56,0.5244,274.64,269.07,383.49,82.65,5000.0,2585.34,2414.66,1.19,0.78,1.07,0.0767,5-10%,591.87,1338.1,1244.43,652.56,5,267.62,118.37,5-10%,93.67,Sep,Alpha
2023-08-24,2023,8,Aug,Alpha,SMB,USA,10,160.21,77.63,1602.05,48.06,1553.99,776.27,777.72,0.5005,433.36,423.57,354.15,84.38,5000.0,2432.62,2567.38,2.2,1.76,0.95,0.0708,0-5%,776.27,1602.05,1553.99,777.72,10,160.21,77.63,0-5%,48.06,Aug,Alpha
2025-03-12,2025,3,Mar,Alpha,Consumer,USA,11,189.08,68.2,2079.9,145.59,1934.31,750.19,1184.11,0.6122,372.04,369.27,814.85,100.14,5000.0,3024.89,1975.11,1.45,1.08,1.53,0.163,5-10%,750.19,2079.9,1934.31,1184.11,11,189.08,68.2,5-10%,145.59,Mar,Alpha
2024-02-19,2024,2,Feb,Echo,Consumer,USA,13,160.2,66.17,2082.65,145.79,1936.86,860.24,1076.62,0.5559,427.0,456.12,620.5,122.5,5000.0,2548.91,2451.09,1.43,0.96,1.04,0.1241,5-10%,860.24,2082.65,1936.86,1076.62,13,160.2,66.17,5-10%,145.79,Feb,Echo
2024-05-26,2024,5,May,Alpha,Enterprise,USA,10,218.92,117.71,2189.21,65.68,2123.53,1177.09,946.44,0.4457,473.64,468.28,478.16,147.59,5000.0,1846.46,3153.54,2.05,1.71,0.59,0.0956,0-5%,1177.09,2189.21,2123.53,946.44,10,218.92,117.71,0-5%,65.68,May,Alpha
2023-07-07,2023,7,Jul,Delta,Consumer,USA,9,242.33,119.73,2180.96,0.0,2180.96,1077.58,1103.38,0.5059,353.99,378.96,724.42,225.6,5000.0,2023.92,2976.08,1.9,1.41,0.68,0.1449,0-5%,1077.58,2180.96,2180.96,1103.38,9,242.33,119.73,0-5%,0.0,Jul,Delta
2025-08-28,2025,8,Aug,Cobalt,Enterprise,USA,10,179.74,92.73,1797.35,0.0,1797.35,927.26,870.09,0.4841,339.86,349.41,520.68,143.22,5000.0,1909.0,3091.0,1.7,1.48,0.62,0.1041,0-5%,927.26,1797.35,1797.35,870.09,10,179.74,92.73,0-5%,0.0,Aug,Cobalt
2024-09-25,2024,9,Sep,Delta,Consumer,USA,11,275.16,110.62,3026.79,90.8,2935.99,1216.79,1719.2,0.5856,715.19,758.58,960.62,226.11,5000.0,2256.45,2743.55,2.09,1.76,0.82,0.1921,0-5%,1216.79,3026.79,2935.99,1719.2,11,275.16,110.62,0-5%,90.8,Sep,Delta
2025-01-08,2025,1,Jan,Cobalt,SMB,India,9,116.54,49.34,1048.89,0.0,1048.89,444.06,604.83,0.5766,205.3,201.9,402.93,56.51,5000.0,3072.86,1927.14,2.08,1.65,1.59,0.0806,0-5%,444.06,1048.89,1048.89,604.83,9,116.54,49.34,0-5%,0.0,Jan,Cobalt
2024-07-29,2024,7,Jul,Bravo,SMB,India,8,296.26,108.37,2370.09,71.1,2298.99,867.0,1431.99,0.6229,284.33,271.42,1160.57,133.57,5000.0,2544.13,2455.87,1.64,1.38,1.04,0.2321,0-5%,867.0,2370.09,2298.99,1431.99,8,296.26,108.37,0-5%,71.1,Jul,Bravo
2023-05-12,2023,5,May,Echo,Consumer,India,8,207.86,91.64,1662.88,199.55,1463.34,733.14,730.2,0.499,224.47,241.27,488.93,88.19,5000.0,2849.31,2150.69,1.38,1.05,1.32,0.0978,10-20%,733.14,1662.88,1463.34,730.2,8,207.86,91.64,10-20%,199.55,May,Echo
2025-07-06,2025,7,Jul,Bravo,Consumer,UK,13,160.43,68.56,2085.59,145.99,1939.59,891.29,1048.3,0.5405,377.76,354.12,694.18,131.34,5000.0,2621.03,2378.97,2.07,1.52,1.1,0.1388,5-10%,891.29,2085.59,1939.59,1048.3,13,160.43,68.56,5-10%,145.99,Jul,Bravo
2025-04-16,2025,4,Apr,Echo,SMB,USA,6,212.31,103.44,1273.86,318.47,955.4,620.63,334.77,0.3504,145.28,148.81,185.95,129.62,5000.0,3119.47,1880.53,1.99,1.76,1.66,0.0372,20%+,620.63,1273.86,955.4,334.77,6,212.31,103.44,20%+,318.47,Apr,Echo
2024-09-01,2024,9,Sep,Cobalt,SMB,USA,11,259.72,123.85,2856.95,0.0,2856.95,1362.38,1494.57,0.5231,710.82,684.98,809.59,250.34,5783.75,2158.29,3625.46,1.67,1.42,0.6,0.14,0-5%,1362.38,2856.95,2856.95,1494.57,11,259.72,123.85,0-5%,0.0,Sep,Cobalt
2023-09-12,2023,9,Sep,Echo,Consumer,USA,10,269.12,127.99,2691.2,322.94,2368.26,1279.9,1088.36,0.4596,626.2,592.74,495.61,262.7,5000.0,2238.89,2761.11,1.96,1.36,0.81,0.0991,10-20%,1279.9,2691.2,2368.26,1088.36,10,269.12,127.99,10-20%,322.94,Sep,Echo
2024-02-29,2024,2,Feb,Echo,Enterprise,USA,8,175.52,82.19,1404.2,168.5,1235.69,657.49,578.2,0.4679,336.79,341.03,237.17,104.81,5000.0,1807.28,3192.72,1.86,1.59,0.57,0.0474,10-20%,657.49,1404.2,1235.69,578.2,8,175.52,82.19,10-20%,168.5,Feb,Echo
2023-04-24,2023,4,Apr,Flux,Enterprise,India,10,216.06,110.01,2160.62,0.0,2160.62,1100.14,1060.49,0.4908,541.59,530.13,530.36,136.24,5000.0,2980.36,2019.64,1.59,1.19,1.48,0.1061,0-5%,1100.14,2160.62,2160.62,1060.49,10,216.06,110.01,0-5%,0.0,Apr,Flux
2023-06-16,2023,6,Jun,Flux,Consumer,India,9,253.99,131.31,2285.87,274.3,2011.56,1181.8,829.76,0.4125,478.01,492.9,336.86,209.17,5000.0,2010.6,2989.4,1.98,1.46,0.67,0.0674,10-20%,1181.8,2285.87,2011.56,829.76,9,253.99,131.31,10-20%,274.3,Jun,Flux
2024-08-07,2024,8,Aug,Delta,SMB,India,8,120.99,46.93,967.88,29.04,938.85,375.47,563.37,0.6001,141.28,143.54,419.83,50.0,5000.0,3068.21,1931.79,2.6,2.35,1.59,0.084,0-5%,375.47,967.88,938.85,563.37,8,120.99,46.93,0-5%,29.04,Aug,Delta
2024-04-08,2024,4,Apr,Delta,SMB,India,6,235.97,84.74,1415.82,0.0,1415.82,508.44,907.39,0.6409,270.38,284.45,622.94,89.62,5000.0,1759.38,3240.62,1.95,1.67,0.54,0.1246,0-5%,508.44,1415.82,1415.82,907.39,6,235.97,84.74,0-5%,0.0,Apr,Delta
2024-01-11,2024,1,Jan,Bravo,Consumer,USA,17,328.68,158.68,5587.59,1396.9,4190.69,2697.61,1493.08,0.3563,620.33,589.62,903.46,364.4,7420.76,4760.49,2660.27,2.48,2.23,1.79,0.1217,20%+,2697.61,5587.59,4190.69,1493.08,17,328.68,158.68,20%+,1396.9,Jan,Bravo
2023-08-31,2023,8,Aug,Delta,Consumer,India,5,253.47,95.88,1267.33,38.02,1229.31,479.38,749.93,0.61,267.51,276.74,473.19,89.08,5000.0,2394.95,2605.05,2.02,1.54,0.92,0.0946,0-5%,479.38,1267.33,1229.31,749.93,5,253.47,95.88,0-5%,38.02,Aug,Delta
2024-07-19,2024,7,Jul,Delta,Enterprise,Germany,11,249.79,90.98,2747.7,82.43,2665.27,1000.73,1664.54,0.6245,354.63,357.03,1307.51,160.27,5000.0,2047.42,2952.58,1.75,1.28,0.69,0.2615,0-5%,1000.73,2747.7,2665.27,1664.54,11,249.79,90.98,0-5%,82.43,Jul,Delta
2024-07-21,2024,7,Jul,Echo,Enterprise,USA,6,344.19,186.41,2065.14,61.95,2003.19,1118.47,884.72,0.4417,362.05,351.74,532.98,176.21,5000.0,1971.64,3028.36,1.42,1.09,0.65,0.1066,0-5%,1118.47,2065.14,2003.19,884.72,6,344.19,186.41,0-5%,61.95,Jul,Echo
2024-12-04,2024,12,Dec,Alpha,Consumer,USA,6,213.43,111.03,1280.61,89.64,1190.97,666.16,524.81,0.4407,170.38,164.87,359.93,116.63,5000.0,3042.17,1957.83,2.07,1.54,1.55,0.072,5-10%,666.16,1280.61,1190.97,524.81,6,213.43,111.03,5-10%,89.64,Dec,Alpha
2023-09-25,2023,9,Sep,Echo,Consumer,Canada,14,193.63,100.42,2710.81,81.32,2629.48,1405.86,1223.62,0.4653,707.22,736.9,486.72,250.17,5000.0,2895.61,2104.39,1.44,1.15,1.38,0.0973,0-5%,1405.86,2710.81,2629.48,1223.62,14,193.63,100.42,0-5%,81.32,Sep,Echo
2025-12-08,2025,12,Dec,Cobalt,Consumer,Canada,9,225.99,86.42,2033.94,0.0,2033.94,777.8,1256.14,0.6176,339.56,356.9,899.24,105.6,5000.0,2302.99,2697.01,1.59,1.21,0.85,0.1798,0-5%,777.8,2033.94,2033.94,1256.14,9,225.99,86.42,0-5%,0.0,Dec,Cobalt
2024-04-09,2024,4,Apr,Alpha,Enterprise,India,5,171.65,69.69,858.27,0.0,858.27,348.45,509.82,0.594,109.39,111.62,398.19,61.05,5000.0,2614.64,2385.36,1.55,1.15,1.1,0.0796,0-5%,348.45,858.27,858.27,509.82,5,171.65,69.69,0-5%,0.0,Apr,Alpha
2025-01-25,2025,1,Jan,Echo,Consumer,USA,8,241.62,98.99,1932.92,231.95,1700.97,791.88,909.09,0.5345,467.21,435.53,473.56,84.47,5000.0,1861.48,3138.52,1.41,1.07,0.59,0.0947,10-20%,791.88,1932.92,1700.97,909.09,8,241.62,98.99,10-20%,231.95,Jan,Echo
2025-09-20,2025,9,Sep,Flux,Consumer,Canada,7,190.27,102.07,1331.88,0.0,1331.88,714.51,617.38,0.4635,264.13,244.33,373.05,152.63,5000.0,2132.58,2867.42,1.08,0.77,0.74,0.0746,0-5%,714.51,1331.88,1331.88,617.38,7,190.27,102.07,0-5%,0.0,Sep,Flux
2023-02-20,2023,2,Feb,Cobalt,Consumer,USA,13,228.62,81.87,2972.11,0.0,2972.11,1064.35,1907.76,0.6419,734.57,747.64,1160.11,184.7,5000.0,2681.38,2318.62,1.71,1.35,1.16,0.232,0-5%,1064.35,2972.11,2972.11,1907.76,13,228.62,81.87,0-5%,0.0,Feb,Cobalt
2024-03-12,2024,3,Mar,Flux,SMB,USA,18,124.26,68.19,2236.76,268.41,1968.35,1227.47,740.88,0.3764,274.19,279.65,461.23,203.16,5000.0,2936.89,2063.11,1.81,1.45,1.42,0.0922,10-20%,1227.47,2236.76,1968.35,740.88,18,124.26,68.19,10-20%,268.41,Mar,Flux
2025-11-13,2025,11,Nov,Alpha,Consumer,UK,7,197.46,102.54,1382.19,41.47,1340.73,717.78,622.94,0.4646,178.42,190.95,431.99,142.62,5000.0,2641.57,2358.43,1.56,1.01,1.12,0.0864,0-5%,717.78,1382.19,1340.73,622.94,7,197.46,102.54,0-5%,41.47,Nov,Alpha
2025-11-09,2025,11,Nov,Cobalt,Enterprise,Canada,8,283.71,143.08,2269.71,68.09,2201.62,1144.62,1057.0,0.4801,464.43,453.9,603.1,238.67,5000.0,2996.99,2003.01,2.31,1.83,1.5,0.1206,0-5%,1144.62,2269.71,2201.62,1057.0,8,283.71,143.08,0-5%,68.09,Nov,Cobalt
2025-11-04,2025,11,Nov,Alpha,Consumer,India,5,283.96,131.99,1419.78,99.38,1320.4,659.93,660.47,0.5002,171.03,158.03,502.44,77.9,5000.0,2671.7,2328.3,1.25,0.89,1.15,0.1005,5-10%,659.93,1419.78,1320.4,660.47,5,283.96,131.99,5-10%,99.38,Nov,Alpha
2023-12-26,2023,12,Dec,Alpha,SMB,India,10,171.07,68.25,1710.69,0.0,1710.69,682.54,1028.15,0.601,212.65,226.86,801.29,130.23,5000.0,2578.13,2421.87,1.68,1.24,1.06,0.1603,0-5%,682.54,1710.69,1710.69,1028.15,10,171.07,68.25,0-5%,0.0,Dec,Alpha
2023-01-28,2023,1,Jan,Delta,Enterprise,Germany,12,268.33,128.03,3219.93,386.39,2833.54,1536.34,1297.2,0.4578,596.75,579.11,718.1,183.96,5712.87,2798.55,2914.32,2.21,1.99,0.96,0.1257,10-20%,1536.34,3219.93,2833.54,1297.2,12,268.33,128.03,10-20%,386.39,Jan,Delta
2025-06-25,2025,6,Jun,Bravo,SMB,UK,10,190.11,91.57,1901.08,0.0,1901.08,915.67,985.4,0.5183,280.06,272.01,713.4,167.9,5000.0,3101.65,1898.35,1.76,1.24,1.63,0.1427,0-5%,915.67,1901.08,1901.08,985.4,10,190.11,91.57,0-5%,0.0,Jun,Bravo
2023-10-21,2023,10,Oct,Delta,Consumer,USA,12,210.15,113.61,2521.76,176.52,2345.24,1363.33,981.91,0.4187,412.0,388.97,592.94,289.34,5000.0,3013.12,1986.88,2.09,1.85,1.52,0.1186,5-10%,1363.33,2521.76,2345.24,981.91,12,210.15,113.61,5-10%,176.52,Oct,Delta
2025-07-02,2025,7,Jul,Bravo,SMB,USA,3,339.62,123.2,1018.87,0.0,1018.87,369.59,649.27,0.6372,249.39,261.41,387.87,50.0,5000.0,2539.86,2460.14,2.07,1.48,1.03,0.0776,0-5%,369.59,1018.87,1018.87,649.27,3,339.62,123.2,0-5%,0.0,Jul,Bravo
2023-08-14,2023,8,Aug,Cobalt,Consumer,USA,6,231.23,81.71,1387.36,0.0,1387.36,490.27,897.09,0.6466,268.26,272.01,625.08,103.98,5000.0,2807.94,2192.06,1.74,1.22,1.28,0.125,0-5%,490.27,1387.36,1387.36,897.09,6,231.23,81.71,0-5%,0.0,Aug,Cobalt
2025-05-07,2025,5,May,Alpha,SMB,USA,4,185.5,71.67,742.02,0.0,742.02,286.68,455.34,0.6137,132.21,130.1,325.24,62.19,5000.0,2358.13,2641.87,1.34,0.78,0.89,0.065,0-5%,286.68,742.02,742.02,455.34,4,185.5,71.67,0-5%,0.0,May,Alpha
2023-09-04,2023,9,Sep,Echo,Consumer,India,7,132.2,68.19,925.4,27.76,897.63,477.36,420.27,0.4682,173.27,170.53,249.74,103.56,5000.0,3112.6,1887.4,1.62,1.25,1.65,0.0499,0-5%,477.36,925.4,897.63,420.27,7,132.2,68.19,0-5%,27.76,Sep,Echo
2025-08-27,2025,8,Aug,Cobalt,Consumer,USA,2,146.97,78.17,293.93,20.58,273.36,156.33,117.03,0.4281,70.92,65.94,51.09,50.0,5000.0,2393.51,2606.49,2.25,1.92,0.92,0.0102,5-10%,156.33,293.93,273.36,117.03,2,146.97,78.17,5-10%,20.58,Aug,Cobalt
2025-03-06,2025,3,Mar,Bravo,Consumer,USA,12,238.98,102.29,2867.71,86.03,2781.68,1227.44,1554.24,0.5587,395.66,371.54,1182.7,151.14,5000.0,2847.19,2152.81,1.07,0.5,1.32,0.2365,0-5%,1227.44,2867.71,2781.68,1554.24,12,238.98,102.29,0-5%,86.03,Mar,Bravo
2024-10-17,2024,10,Oct,Flux,SMB,UK,10,178.12,97.01,1781.24,213.75,1567.49,970.06,597.43,0.3811,359.52,346.44,250.99,129.11,5000.0,2759.02,2240.98,1.91,1.54,1.23,0.0502,10-20%,970.06,1781.24,1567.49,597.43,10,178.12,97.01,10-20%,213.75,Oct,Flux
2023-12-21,2023,12,Dec,Cobalt,Enterprise,USA,11,228.97,101.46,2518.66,0.0,2518.66,1116.09,1402.57,0.5569,648.39,647.16,755.41,151.95,5000.92,2247.0,2753.92,1.62,1.1,0.82,0.1511,0-5%,1116.09,2518.66,2518.66,1402.57,11,228.97,101.46,0-5%,0.0,Dec,Cobalt
2024-11-25,2024,11,Nov,Echo,Enterprise,USA,9,290.5,108.2,2614.53,183.02,2431.52,973.76,1457.76,0.5995,571.12,583.32,874.44,109.59,5000.0,2217.17,2782.83,1.83,1.43,0.8,0.1749,5-10%,973.76,2614.53,2431.52,1457.76,9,290.5,108.2,5-10%,183.02,Nov,Echo
2023-04-28,2023,4,Apr,Bravo,Consumer,USA,14,156.6,56.12,2192.38,263.09,1929.29,785.67,1143.62,0.5928,237.51,237.6,906.02,98.72,5000.0,3094.95,1905.05,1.45,0.9,1.62,0.1812,10-20%,785.67,2192.38,1929.29,1143.62,14,156.6,56.12,10-20%,263.09,Apr,Bravo
2023-12-30,2023,12,Dec,Delta,Enterprise,Canada,12,170.14,86.39,2041.74,61.25,1980.49,1036.72,943.76,0.4765,394.13,396.49,547.27,153.42,5000.0,1859.2,3140.8,1.94,1.48,0.59,0.1095,0-5%,1036.72,2041.74,1980.49,943.76,12,170.14,86.39,0-5%,61.25,Dec,Delta
2024-08-31,2024,8,Aug,Flux,Consumer,USA,5,197.23,106.35,986.13,246.53,739.6,531.73,207.87,0.2811,187.17,190.82,17.05,62.21,5000.0,2877.33,2122.67,1.51,1.03,1.36,0.0034,20%+,531.73,986.13,739.6,207.87,5,197.23,106.35,20%+,246.53,Aug,Flux
2024-12-24,2024,12,Dec,Flux,SMB,India,7,225.13,81.62,1575.93,47.28,1528.65,571.31,957.35,0.6263,338.34,312.16,645.19,117.73,5000.0,1922.7,3077.3,1.99,1.61,0.62,0.129,0-5%,571.31,1575.93,1528.65,957.35,7,225.13,81.62,0-5%,47.28,Dec,Flux
2023-07-03,2023,7,Jul,Echo,Enterprise,Germany,7,264.32,97.67,1850.22,129.52,1720.7,683.67,1037.03,0.6027,409.68,410.09,626.94,132.64,5000.0,3112.45,1887.55,1.38,1.09,1.65,0.1254,5-10%,683.67,1850.22,1720.7,1037.03,7,264.32,97.67,5-10%,129.52,Jul,Echo
2025-11-30,2025,11,Nov,Flux,SMB,USA,5,190.58,95.76,952.9,0.0,952.9,478.82,474.08,0.4975,149.09,141.67,332.41,99.87,5000.0,2714.75,2285.25,2.34,2.05,1.19,0.0665,0-5%,478.82,952.9,952.9,474.08,5,190.58,95.76,0-5%,0.0,Nov,Flux
2024-03-27,2024,3,Mar,Echo,Consumer,UK,10,232.37,102.86,2323.66,69.71,2253.95,1028.57,1225.38,0.5437,426.69,421.1,804.29,127.89,5000.0,2643.11,2356.89,1.84,1.36,1.12,0.1609,0-5%,1028.57,2323.66,2253.95,1225.38,10,232.37,102.86,0-5%,69.71,Mar,Echo
2024-10-23,2024,10,Oct,Echo,Consumer,India,11,175.31,69.44,1928.39,0.0,1928.39,763.8,1164.59,0.6039,296.39,275.97,888.62,145.32,5000.0,2617.33,2382.67,2.09,1.73,1.1,0.1777,0-5%,763.8,1928.39,1928.39,1164.59,11,175.31,69.44,0-5%,0.0,Oct,Echo
2024-06-05,2024,6,Jun,Flux,Enterprise,Germany,12,179.02,63.89,2148.27,257.79,1890.48,766.74,1123.74,0.5944,504.98,485.14,638.59,161.36,5000.0,1771.7,3228.3,1.24,0.82,0.55,0.1277,10-20%,766.74,2148.27,1890.48,1123.74,12,179.02,63.89,10-20%,257.79,Jun,Flux
2025-10-10,2025,10,Oct,Alpha,Consumer,UK,15,351.53,126.29,5272.92,0.0,5272.92,1894.38,3378.54,0.6407,1337.53,1392.15,1986.38,203.05,10571.01,3987.24,6583.77,1.42,0.98,0.61,0.1879,0-5%,1894.38,5272.92,5272.92,3378.54,15,351.53,126.29,0-5%,0.0,Oct,Alpha
2024-06-02,2024,6,Jun,Bravo,Consumer,USA,14,286.02,155.23,4004.34,1001.09,3003.26,2173.17,830.09,0.2764,807.89,777.89,52.2,295.43,5000.0,2949.27,2050.73,2.45,2.1,1.44,0.0104,20%+,2173.17,4004.34,3003.26,830.09,14,286.02,155.23,20%+,1001.09,Jun,Bravo
2023-02-04,2023,2,Feb,Bravo,Consumer,USA,11,144.09,70.19,1584.98,0.0,1584.98,772.04,812.94,0.5129,361.07,382.19,430.75,92.46,5000.0,2619.95,2380.05,1.68,1.11,1.1,0.0862,0-5%,772.04,1584.98,1584.98,812.94,11,144.09,70.19,0-5%,0.0,Feb,Bravo
2023-01-27,2023,1,Jan,Echo,SMB,USA,8,232.91,120.27,1863.27,223.59,1639.68,962.18,677.5,0.4132,319.6,332.27,345.23,136.82,5000.0,2624.93,2375.07,1.89,1.38,1.11,0.069,10-20%,962.18,1863.27,1639.68,677.5,8,232.91,120.27,10-20%,223.59,Jan,Echo
2024-01-07,2024,1,Jan,Flux,SMB,Canada,7,156.67,68.6,1096.66,131.6,965.06,480.17,484.89,0.5024,251.26,267.31,217.59,87.29,5000.0,2144.95,2855.05,1.92,1.52,0.75,0.0435,10-20%,480.17,1096.66,965.06,484.89,7,156.67,68.6,10-20%,131.6,Jan,Flux
2024-01-31,2024,1,Jan,Bravo,Consumer,India,7,278.84,123.81,1951.88,58.56,1893.32,866.65,1026.67,0.5423,366.27,373.74,652.93,99.12,5000.0,2209.67,2790.33,2.21,1.95,0.79,0.1306,0-5%,866.65,1951.88,1893.32,1026.67,7,278.84,123.81,0-5%,58.56,Jan,Bravo
2024-02-13,2024,2,Feb,Delta,Consumer,Germany,8,226.74,81.6,1813.92,126.97,1686.94,652.79,1034.15,0.613,285.14,267.63,766.52,105.87,5000.0,1834.69,3165.31,1.75,1.33,0.58,0.1533,5-10%,652.79,1813.92,1686.94,1034.15,8,226.74,81.6,5-10%,126.97,Feb,Delta
2024-07-19,2024,7,Jul,Alpha,Consumer,USA,12,239.1,115.94,2869.25,86.08,2783.17,1391.27,1391.9,0.5001,678.81,721.68,670.22,263.76,5000.0,2122.33,2877.67,2.36,1.91,0.74,0.134,0-5%,1391.27,2869.25,2783.17,1391.9,12,239.1,115.94,0-5%,86.08,Jul,Alpha
2025-09-16,2025,9,Sep,Echo,Consumer,USA,7,330.99,154.38,2316.95,0.0,2316.95,1080.66,1236.29,0.5336,537.82,524.53,711.76,204.98,5000.0,2768.76,2231.24,1.25,0.83,1.24,0.1424,0-5%,1080.66,2316.95,2316.95,1236.29,7,330.99,154.38,0-5%,0.0,Sep,Echo
2024-06-23,2024,6,Jun,Bravo,SMB,USA,8,273.51,96.6,2188.12,65.64,2122.47,772.79,1349.68,0.6359,468.07,467.23,882.45,158.52,5000.0,2028.35,2971.65,1.85,1.62,0.68,0.1765,0-5%,772.79,2188.12,2122.47,1349.68,8,273.51,96.6,0-5%,65.64,Jun,Bravo
2023-02-16,2023,2,Feb,Alpha,Consumer,Germany,11,267.95,122.36,2947.41,736.85,2210.56,1346.01,864.54,0.3911,345.24,324.65,539.89,214.43,5000.0,2549.13,2450.87,1.62,1.25,1.04,0.108,20%+,1346.01,2947.41,2210.56,864.54,11,267.95,122.36,20%+,736.85,Feb,Alpha
2024-05-19,2024,5,May,Echo,Consumer,USA,8,280.48,122.34,2243.83,67.31,2176.51,978.73,1197.79,0.5503,457.73,450.09,747.7,129.92,5000.0,2587.64,2412.36,1.82,1.51,1.07,0.1495,0-5%,978.73,2243.83,2176.51,1197.79,8,280.48,122.34,0-5%,67.31,May,Echo
2023-02-22,2023,2,Feb,Flux,Consumer,UK,11,211.14,108.99,2322.49,278.7,2043.79,1198.94,844.86,0.4134,271.41,249.96,594.9,218.42,5000.0,3202.94,1797.06,1.34,0.76,1.78,0.119,10-20%,1198.94,2322.49,2043.79,844.86,11,211.14,108.99,10-20%,278.7,Feb,Flux
2024-02-17,2024,2,Feb,Alpha,SMB,USA,7,333.07,138.15,2331.47,163.2,2168.27,967.08,1201.19,0.554,470.47,477.64,723.55,181.62,5000.0,3037.6,1962.4,2.28,1.84,1.55,0.1447,5-10%,967.08,2331.47,2168.27,1201.19,7,333.07,138.15,5-10%,163.2,Feb,Alpha
2024-06-19,2024,6,Jun,Flux,Consumer,USA,8,277.06,145.84,2216.45,66.49,2149.96,1166.69,983.27,0.4573,278.39,272.55,710.72,221.85,5000.0,2440.49,2559.51,2.31,1.74,0.95,0.1421,0-5%,1166.69,2216.45,2149.96,983.27,8,277.06,145.84,0-5%,66.49,Jun,Flux
2025-02-13,2025,2,Feb,Echo,Consumer,USA,8,259.53,103.33,2076.22,145.34,1930.89,826.62,1104.27,0.5719,535.34,535.4,568.87,97.52,5000.0,2635.35,2364.65,1.31,0.81,1.11,0.1138,5-10%,826.62,2076.22,1930.89,1104.27,8,259.53,103.33,5-10%,145.34,Feb,Echo
2025-08-30,2025,8,Aug,Alpha,Consumer,Germany,8,242.84,90.24,1942.76,58.28,1884.48,721.96,1162.52,0.6169,342.43,319.19,843.33,158.37,5000.0,1760.85,3239.15,2.24,1.66,0.54,0.1687,0-5%,721.96,1942.76,1884.48,1162.52,8,242.84,90.24,0-5%,58.28,Aug,Alpha
2025-06-02,2025,6,Jun,Flux,Consumer,USA,2,187.47,99.57,374.94,11.25,363.69,199.13,164.55,0.4525,68.66,73.79,90.77,50.0,5000.0,2124.88,2875.12,1.96,1.44,0.74,0.0182,0-5%,199.13,374.94,363.69,164.55,2,187.47,99.57,0-5%,11.25,Jun,Flux
2023-09-12,2023,9,Sep,Alpha,Consumer,UK,7,255.42,130.75,1787.95,214.55,1573.4,915.26,658.14,0.4183,404.16,427.91,230.23,94.61,5000.0,2708.06,2291.94,1.69,1.1,1.18,0.046,10-20%,915.26,1787.95,1573.4,658.14,7,255.42,130.75,10-20%,214.55,Sep,Alpha
2024-12-19,2024,12,Dec,Echo,Enterprise,USA,9,233.89,94.96,2105.0,147.35,1957.65,854.6,1103.04,0.5635,379.76,396.17,706.88,144.59,5000.0,1848.02,3151.98,2.31,1.77,0.59,0.1414,5-10%,854.6,2105.0,1957.65,1103.04,9,233.89,94.96,5-10%,147.35,Dec,Echo
2025-10-19,2025,10,Oct,Flux,SMB,USA,6,128.83,70.69,772.97,92.76,680.22,424.16,256.05,0.3764,87.02,90.95,165.11,51.77,5000.0,2664.73,2335.27,0.8,0.57,1.14,0.033,10-20%,424.16,772.97,680.22,256.05,6,128.83,70.69,10-20%,92.76,Oct,Flux
2024-08-24,2024,8,Aug,Delta,Consumer,India,6,202.24,85.15,1213.44,84.94,1128.5,510.91,617.59,0.5473,185.14,171.83,445.75,68.96,5000.0,1932.01,3067.99,2.3,2.01,0.63,0.0892,5-10%,510.91,1213.44,1128.5,617.59,6,202.24,85.15,5-10%,84.94,Aug,Delta
2024-02-21,2024,2,Feb,Cobalt,Consumer,USA,6,254.41,102.87,1526.48,106.85,1419.63,617.21,802.42,0.5652,264.15,259.78,542.64,109.57,5000.0,1946.55,3053.45,1.12,0.92,0.64,0.1085,5-10%,617.21,1526.48,1419.63,802.42,6,254.41,102.87,5-10%,106.85,Feb,Cobalt
2024-06-15,2024,6,Jun,Alpha,Consumer,Germany,7,189.59,91.89,1327.15,39.81,1287.33,643.25,644.08,0.5003,341.66,361.41,282.67,117.6,5000.0,2179.51,2820.49,1.8,1.29,0.77,0.0565,0-5%,643.25,1327.15,1287.33,644.08,7,189.59,91.89,0-5%,39.81,Jun,Alpha
2024-03-22,2024,3,Mar,Echo,Consumer,USA,14,172.22,82.06,2411.05,0.0,2411.05,1148.87,1262.18,0.5235,554.47,560.38,701.81,206.8,5000.0,1860.32,3139.68,1.45,1.11,0.59,0.1404,0-5%,1148.87,2411.05,2411.05,1262.18,14,172.22,82.06,0-5%,0.0,Mar,Echo
2024-02-17,2024,2,Feb,Alpha,SMB,USA,8,275.81,146.52,2206.52,0.0,2206.52,1172.15,1034.36,0.4688,319.18,301.64,732.72,197.05,5000.0,2216.52,2783.48,1.95,1.67,0.8,0.1465,0-5%,1172.15,2206.52,2206.52,1034.36,8,275.81,146.52,0-5%,0.0,Feb,Alpha
2024-01-23,2024,1,Jan,Delta,SMB,India,8,160.71,70.23,1285.68,0.0,1285.68,561.83,723.85,0.563,179.1,191.41,532.44,118.13,5000.0,2855.13,2144.87,2.14,1.6,1.33,0.1065,0-5%,561.83,1285.68,1285.68,723.85,8,160.71,70.23,0-5%,0.0,Jan,Delta
2025-03-13,2025,3,Mar,Delta,Consumer,USA,9,296.95,110.63,2672.57,668.14,2004.43,995.68,1008.75,0.5033,459.57,443.71,565.04,106.04,5000.0,2961.04,2038.96,1.83,1.54,1.45,0.113,20%+,995.68,2672.57,2004.43,1008.75,9,296.95,110.63,20%+,668.14,Mar,Delta
2024-02-05,2024,2,Feb,Cobalt,Enterprise,USA,8,295.68,127.51,2365.45,283.85,2081.6,1020.06,1061.53,0.51,503.3,486.29,575.24,199.49,5000.0,3162.37,1837.63,1.97,1.54,1.72,0.115,10-20%,1020.06,2365.45,2081.6,1061.53,8,295.68,127.51,10-20%,283.85,Feb,Cobalt
2024-06-15,2024,6,Jun,Cobalt,Consumer,Canada,8,128.77,51.62,1030.16,0.0,1030.16,412.95,617.21,0.5991,280.35,296.67,320.54,77.41,5000.0,2383.53,2616.47,1.81,1.29,0.91,0.0641,0-5%,412.95,1030.16,1030.16,617.21,8,128.77,51.62,0-5%,0.0,Jun,Cobalt
2023-08-26,2023,8,Aug,Flux,Consumer,Germany,5,174.67,91.07,873.33,218.33,655.0,455.34,199.66,0.3048,123.49,120.67,78.98,70.38,5000.0,3211.77,1788.23,1.95,1.37,1.8,0.0158,20%+,455.34,873.33,655.0,199.66,5,174.67,91.07,20%+,218.33,Aug,Flux
2024-06-15,2024,6,Jun,Flux,Consumer,India,7,231.88,87.02,1623.17,48.7,1574.48,609.11,965.37,0.6131,311.36,309.35,656.02,133.54,5000.0,2784.58,2215.42,1.59,1.06,1.26,0.1312,0-5%,609.11,1623.17,1574.48,965.37,7,231.88,87.02,0-5%,48.7,Jun,Flux
2025-11-16,2025,11,Nov,Cobalt,SMB,Germany,7,307.47,152.59,2152.29,64.57,2087.72,1068.1,1019.62,0.4884,362.03,381.27,638.34,186.08,5000.0,1884.6,3115.4,2.37,2.04,0.6,0.1277,0-5%,1068.1,2152.29,2087.72,1019.62,7,307.47,152.59,0-5%,64.57,Nov,Cobalt
2024-11-16,2024,11,Nov,Echo,Consumer,USA,10,195.02,82.01,1950.21,234.03,1716.19,820.11,896.08,0.5221,354.68,379.01,517.07,147.11,5000.0,3020.89,1979.11,2.12,1.87,1.53,0.1034,10-20%,820.11,1950.21,1716.19,896.08,10,195.02,82.01,10-20%,234.03,Nov,Echo
2023-08-06,2023,8,Aug,Echo,Consumer,India,10,190.04,89.71,1900.39,0.0,1900.39,897.09,1003.3,0.5279,473.36,505.39,497.91,174.52,5000.0,2868.22,2131.78,1.73,1.14,1.35,0.0996,0-5%,897.09,1900.39,1900.39,1003.3,10,190.04,89.71,0-5%,0.0,Aug,Echo
2023-06-12,2023,6,Jun,Echo,Consumer,Germany,11,149.66,54.85,1646.26,49.39,1596.87,603.39,993.48,0.6221,350.44,362.98,630.5,102.19,5000.0,1884.69,3115.31,1.82,1.59,0.6,0.1261,0-5%,603.39,1646.26,1596.87,993.48,11,149.66,54.85,0-5%,49.39,Jun,Echo
2023-01-18,2023,1,Jan,Echo,Consumer,UK,5,317.82,126.96,1589.08,47.67,1541.41,634.78,906.63,0.5882,413.47,401.09,505.54,105.34,5000.0,2327.83,2672.17,1.39,0.9,0.87,0.1011,0-5%,634.78,1589.08,1541.41,906.63,5,317.82,126.96,0-5%,47.67,Jan,Echo
2025-03-31,2025,3,Mar,Cobalt,Consumer,India,8,164.81,80.44,1318.45,329.61,988.84,643.53,345.3,0.3492,212.21,227.47,117.83,126.19,5000.0,2451.2,2548.8,1.59,1.35,0.96,0.0236,20%+,643.53,1318.45,988.84,345.3,8,164.81,80.44,20%+,329.61,Mar,Cobalt
2025-09-21,2025,9,Sep,Bravo,Enterprise,Germany,6,231.03,99.91,1386.16,97.03,1289.13,599.45,689.68,0.535,183.43,171.08,518.6,71.21,5000.0,1875.92,3124.08,1.83,1.51,0.6,0.1037,5-10%,599.45,1386.16,1289.13,689.68,6,231.03,99.91,5-10%,97.03,Sep,Bravo
2023-03-17,2023,3,Mar,Bravo,Consumer,USA,10,192.38,102.97,1923.8,0.0,1923.8,1029.72,894.08,0.4647,296.3,294.05,600.03,215.56,5000.0,2744.24,2255.76,2.08,1.51,1.22,0.12,0-5%,1029.72,1923.8,1923.8,894.08,10,192.38,102.97,0-5%,0.0,Mar,Bravo
2025-09-17,2025,9,Sep,Flux,Consumer,USA,7,243.66,97.98,1705.62,0.0,1705.62,685.88,1019.74,0.5979,444.05,464.53,555.2,117.01,5000.0,2181.29,2818.71,2.02,1.79,0.77,0.111,0-5%,685.88,1705.62,1705.62,1019.74,7,243.66,97.98,0-5%,0.0,Sep,Flux
2024-12-22,2024,12,Dec,Flux,Consumer,USA,11,204.69,90.93,2251.56,157.61,2093.96,1000.26,1093.7,0.5223,486.62,450.37,643.33,106.08,5000.0,2618.4,2381.6,1.85,1.6,1.1,0.1287,5-10%,1000.26,2251.56,2093.96,1093.7,11,204.69,90.93,5-10%,157.61,Dec,Flux
2023-02-20,2023,2,Feb,Cobalt,Consumer,India,12,288.07,101.9,3456.84,241.98,3214.86,1222.84,1992.02,0.6196,705.23,715.28,1276.73,245.37,6395.04,2688.61,3706.43,2.22,1.63,0.73,0.1996,5-10%,1222.84,3456.84,3214.86,1992.02,12,288.07,101.9,5-10%,241.98,Feb,Cobalt
2025-11-10,2025,11,Nov,Echo,Consumer,USA,10,182.11,65.06,1821.14,54.63,1766.5,650.58,1115.92,0.6317,266.68,286.85,829.07,102.04,5000.0,1876.35,3123.65,1.08,0.8,0.6,0.1658,0-5%,650.58,1821.14,1766.5,1115.92,10,182.11,65.06,0-5%,54.63,Nov,Echo
2024-04-07,2024,4,Apr,Delta,Consumer,USA,5,121.91,47.16,609.53,18.29,591.25,235.79,355.46,0.6012,149.95,143.45,212.01,50.89,5000.0,1837.45,3162.55,2.16,1.88,0.58,0.0424,0-5%,235.79,609.53,591.25,355.46,5,121.91,47.16,0-5%,18.29,Apr,Delta
2025-07-27,2025,7,Jul,Alpha,SMB,USA,5,196.79,102.52,983.97,29.52,954.45,512.6,441.85,0.4629,136.01,139.71,302.14,64.8,5000.0,3057.73,1942.27,1.26,1.03,1.57,0.0604,0-5%,512.6,983.97,954.45,441.85,5,196.79,102.52,0-5%,29.52,Jul,Alpha
2024-12-13,2024,12,Dec,Bravo,Consumer,India,11,93.2,49.23,1025.22,30.76,994.46,541.53,452.93,0.4555,177.1,169.64,283.29,55.37,5000.0,2189.58,2810.42,1.38,1.16,0.78,0.0567,0-5%,541.53,1025.22,994.46,452.93,11,93.2,49.23,0-5%,30.76,Dec,Bravo
2025-07-20,2025,7,Jul,Delta,Consumer,USA,8,222.04,94.47,1776.36,0.0,1776.36,755.79,1020.57,0.5745,249.86,262.07,758.5,133.48,5000.0,2634.27,2365.73,1.88,1.62,1.11,0.1517,0-5%,755.79,1776.36,1776.36,1020.57,8,222.04,94.47,0-5%,0.0,Jul,Delta
2023-01-22,2023,1,Jan,Alpha,Consumer,USA,8,133.44,68.16,1067.51,32.03,1035.48,545.24,490.24,0.4734,244.29,258.63,231.61,86.64,5000.0,2707.59,2292.41,2.38,2.09,1.18,0.0463,0-5%,545.24,1067.51,1035.48,490.24,8,133.44,68.16,0-5%,32.03,Jan,Alpha
2024-11-29,2024,11,Nov,Echo,Consumer,USA,5,255.24,101.36,1276.18,153.14,1123.03,506.82,616.22,0.5487,214.52,212.96,403.26,57.72,5000.0,2957.53,2042.47,1.85,1.45,1.45,0.0807,10-20%,506.82,1276.18,1123.03,616.22,5,255.24,101.36,10-20%,153.14,Nov,Echo
2024-09-07,2024,9,Sep,Echo,SMB,USA,8,224.19,115.42,1793.53,0.0,1793.53,923.32,870.21,0.4852,477.87,510.77,359.44,177.83,5000.0,2349.33,2650.67,1.69,1.11,0.89,0.0719,0-5%,923.32,1793.53,1793.53,870.21,8,224.19,115.42,0-5%,0.0,Sep,Echo
2023-06-10,2023,6,Jun,Echo,Consumer,USA,8,137.35,55.21,1098.81,76.92,1021.89,441.69,580.2,0.5678,122.83,119.72,460.48,50.0,5000.0,1973.07,3026.93,1.99,1.68,0.65,0.0921,5-10%,441.69,1098.81,1021.89,580.2,8,137.35,55.21,5-10%,76.92,Jun,Echo
2023-12-07,2023,12,Dec,Echo,Enterprise,UK,7,259.58,107.04,1817.03,54.51,1762.52,749.28,1013.24,0.5749,259.17,256.55,756.69,105.55,5000.0,2235.44,2764.56,1.83,1.49,0.81,0.1513,0-5%,749.28,1817.03,1762.52,1013.24,7,259.58,107.04,0-5%,54.51,Dec,Echo
2023-06-27,2023,6,Jun,Bravo,Consumer,USA,7,186.92,99.34,1308.41,0.0,1308.41,695.41,613.0,0.4685,196.11,197.72,415.28,119.97,5000.0,2297.9,2702.1,1.65,1.12,0.85,0.0831,0-5%,695.41,1308.41,1308.41,613.0,7,186.92,99.34,0-5%,0.0,Jun,Bravo
2023-11-15,2023,11,Nov,Delta,Enterprise,Canada,10,214.82,83.17,2148.22,257.79,1890.43,831.68,1058.75,0.5601,497.7,500.18,558.57,177.97,5000.0,2354.52,2645.48,1.15,0.84,0.89,0.1117,10-20%,831.68,2148.22,1890.43,1058.75,10,214.82,83.17,10-20%,257.79,Nov,Delta
2025-08-12,2025,8,Aug,Cobalt,SMB,Germany,13,257.78,102.08,3351.13,0.0,3351.13,1327.07,2024.07,0.604,748.59,807.76,1216.31,253.79,5000.0,1955.82,3044.18,2.03,1.78,0.64,0.2433,0-5%,1327.07,3351.13,3351.13,2024.07,13,257.78,102.08,0-5%,0.0,Aug,Cobalt
2024-11-07,2024,11,Nov,Alpha,Enterprise,India,6,307.4,163.98,1844.42,221.33,1623.09,983.87,639.22,0.3938,346.82,345.02,294.2,149.88,5000.0,2703.44,2296.56,2.42,2.17,1.18,0.0588,10-20%,983.87,1844.42,1623.09,639.22,6,307.4,163.98,10-20%,221.33,Nov,Alpha
2025-12-19,2025,12,Dec,Cobalt,SMB,USA,10,159.6,56.63,1596.03,111.72,1484.3,566.35,917.96,0.6184,191.57,202.44,715.52,57.0,5000.0,2471.82,2528.18,2.14,1.74,0.98,0.1431,5-10%,566.35,1596.03,1484.3,917.96,10,159.6,56.63,5-10%,111.72,Dec,Cobalt
2025-09-30,2025,9,Sep,Cobalt,Consumer,USA,10,257.63,103.33,2576.28,180.34,2395.94,1033.31,1362.63,0.5687,487.74,482.82,879.81,109.85,5000.0,2727.15,2272.85,1.42,0.89,1.2,0.176,5-10%,1033.31,2576.28,2395.94,1362.63,10,257.63,103.33,5-10%,180.34,Sep,Cobalt
2024-10-04,2024,10,Oct,Cobalt,SMB,USA,4,228.28,91.54,913.1,109.57,803.53,366.17,437.36,0.5443,172.13,176.74,260.62,70.2,5000.0,2217.71,2782.29,2.29,1.94,0.8,0.0521,10-20%,366.17,913.1,803.53,437.36,4,228.28,91.54,10-20%,109.57,Oct,Cobalt
2025-09-16,2025,9,Sep,Alpha,Consumer,USA,8,160.98,79.92,1287.82,90.15,1197.68,639.35,558.33,0.4662,222.92,208.83,349.5,70.67,5000.0,2333.32,2666.68,2.01,1.75,0.87,0.0699,5-10%,639.35,1287.82,1197.68,558.33,8,160.98,79.92,5-10%,90.15,Sep,Alpha
2023-01-18,2023,1,Jan,Bravo,Consumer,USA,9,279.76,130.03,2517.84,75.54,2442.31,1170.26,1272.04,0.5208,462.4,495.85,776.19,200.38,5000.0,1758.78,3241.22,1.66,1.36,0.54,0.1552,0-5%,1170.26,2517.84,2442.31,1272.04,9,279.76,130.03,0-5%,75.54,Jan,Bravo
2025-07-23,2025,7,Jul,Delta,Consumer,UK,7,201.25,108.17,1408.75,0.0,1408.75,757.17,651.58,0.4625,323.4,336.86,314.72,146.82,5000.0,2160.69,2839.31,1.57,1.29,0.76,0.0629,0-5%,757.17,1408.75,1408.75,651.58,7,201.25,108.17,0-5%,0.0,Jul,Delta
2023-11-06,2023,11,Nov,Flux,SMB,Canada,8,160.02,62.01,1280.18,89.61,1190.56,496.06,694.5,0.5833,330.79,321.72,372.78,108.95,5000.0,2723.57,2276.43,1.99,1.69,1.2,0.0746,5-10%,496.06,1280.18,1190.56,694.5,8,160.02,62.01,5-10%,89.61,Nov,Flux
2024-05-10,2024,5,May,Flux,Consumer,Canada,7,293.71,145.43,2055.97,61.68,1994.29,1018.03,976.27,0.4895,508.14,540.85,435.42,217.29,5000.0,2188.71,2811.29,1.67,1.37,0.78,0.0871,0-5%,1018.03,2055.97,1994.29,976.27,7,293.71,145.43,0-5%,61.68,May,Flux
2025-10-16,2025,10,Oct,Flux,Enterprise,Germany,9,134.91,54.08,1214.2,145.7,1068.49,486.68,581.82,0.5445,200.29,207.58,374.24,52.75,5000.0,1935.48,3064.52,1.47,1.24,0.63,0.0748,10-20%,486.68,1214.2,1068.49,581.82,9,134.91,54.08,10-20%,145.7,Oct,Flux
2025-10-30,2025,10,Oct,Alpha,Consumer,UK,7,249.37,99.78,1745.58,52.37,1693.22,698.45,994.77,0.5875,207.81,212.53,782.24,134.9,5000.0,1883.23,3116.77,1.9,1.3,0.6,0.1564,0-5%,698.45,1745.58,1693.22,994.77,7,249.37,99.78,0-5%,52.37,Oct,Alpha
2024-12-06,2024,12,Dec,Bravo,Enterprise,UK,10,187.23,91.55,1872.29,131.06,1741.23,915.47,825.76,0.4742,212.15,204.34,621.42,126.24,5000.0,2008.85,2991.15,1.74,1.37,0.67,0.1243,5-10%,915.47,1872.29,1741.23,825.76,10,187.23,91.55,5-10%,131.06,Dec,Bravo
2025-11-15,2025,11,Nov,Echo,Consumer,USA,7,182.9,73.76,1280.32,153.64,1126.68,516.34,610.34,0.5417,173.48,185.73,424.61,80.37,5000.0,2013.46,2986.54,2.26,1.76,0.67,0.0849,10-20%,516.34,1280.32,1126.68,610.34,7,182.9,73.76,10-20%,153.64,Nov,Echo
2023-01-22,2023,1,Jan,Alpha,Consumer,USA,9,163.14,62.99,1468.24,176.19,1292.05,566.87,725.18,0.5613,190.57,203.23,521.95,86.23,5000.0,2192.34,2807.66,1.5,1.26,0.78,0.1044,10-20%,566.87,1468.24,1292.05,725.18,9,163.14,62.99,10-20%,176.19,Jan,Alpha
2025-12-05,2025,12,Dec,Cobalt,SMB,UK,9,258.03,111.13,2322.28,0.0,2322.28,1000.19,1322.1,0.5693,441.44,458.69,863.41,213.71,5000.0,2524.84,2475.16,2.06,1.67,1.02,0.1727,0-5%,1000.19,2322.28,2322.28,1322.1,9,258.03,111.13,0-5%,0.0,Dec,Cobalt
2024-01-25,2024,1,Jan,Flux,Enterprise,USA,6,244.5,129.11,1466.99,0.0,1466.99,774.65,692.34,0.4719,330.71,330.11,362.23,147.28,5000.0,2894.44,2105.56,1.93,1.68,1.37,0.0724,0-5%,774.65,1466.99,1466.99,692.34,6,244.5,129.11,0-5%,0.0,Jan,Flux
2024-09-11,2024,9,Sep,Delta,Enterprise,USA,9,177.38,77.99,1596.43,191.57,1404.86,701.87,702.99,0.5004,212.73,199.15,503.84,135.3,5000.0,2204.24,2795.76,1.69,1.37,0.79,0.1008,10-20%,701.87,1596.43,1404.86,702.99,9,177.38,77.99,10-20%,191.57,Sep,Delta
2025-07-15,2025,7,Jul,Delta,SMB,India,9,250.05,132.71,2250.45,0.0,2250.45,1194.42,1056.03,0.4693,477.13,489.54,566.49,214.68,5000.0,2590.76,2409.24,1.33,1.09,1.08,0.1133,0-5%,1194.42,2250.45,2250.45,1056.03,9,250.05,132.71,0-5%,0.0,Jul,Delta
2024-02-25,2024,2,Feb,Cobalt,Consumer,UK,6,226.97,88.2,1361.85,0.0,1361.85,529.18,832.67,0.6114,337.49,363.69,468.98,105.42,5000.0,2247.45,2752.55,2.36,2.02,0.82,0.0938,0-5%,529.18,1361.85,1361.85,832.67,6,226.97,88.2,0-5%,0.0,Feb,Cobalt
2024-05-01,2024,5,May,Cobalt,Consumer,Germany,6,229.8,115.27,1378.79,165.45,1213.34,691.62,521.71,0.43,336.6,335.26,186.45,141.04,5000.0,2995.53,2004.47,2.01,1.74,1.49,0.0373,10-20%,691.62,1378.79,1213.34,521.71,6,229.8,115.27,10-20%,165.45,May,Cobalt
2024-11-04,2024,11,Nov,Echo,Consumer,USA,10,216.09,76.04,2160.88,151.26,2009.62,760.37,1249.24,0.6216,300.26,314.02,935.22,119.33,5000.0,2446.04,2553.96,1.18,0.91,0.96,0.187,5-10%,760.37,2160.88,2009.62,1249.24,10,216.09,76.04,5-10%,151.26,Nov,Echo
2023-08-04,2023,8,Aug,Cobalt,Consumer,USA,10,227.96,90.33,2279.63,68.39,2211.24,903.33,1307.91,0.5915,507.98,538.41,769.49,174.58,5000.0,3071.2,1928.8,1.65,1.38,1.59,0.1539,0-5%,903.33,2279.63,2211.24,1307.91,10,227.96,90.33,0-5%,68.39,Aug,Cobalt
2024-10-02,2024,10,Oct,Flux,Consumer,USA,10,220.88,80.68,2208.78,66.26,2142.52,806.76,1335.75,0.6235,542.0,561.53,774.23,150.22,5000.0,1773.27,3226.73,2.5,2.17,0.55,0.1548,0-5%,806.76,2208.78,2142.52,1335.75,10,220.88,80.68,0-5%,66.26,Oct,Flux
2025-10-01,2025,10,Oct,Echo,Consumer,USA,11,256.02,118.6,2816.21,704.05,2112.16,1304.61,807.55,0.3823,271.22,277.86,529.68,275.23,5000.0,3070.11,1929.89,2.06,1.73,1.59,0.1059,20%+,1304.61,2816.21,2112.16,807.55,11,256.02,118.6,20%+,704.05,Oct,Echo
2023-05-14,2023,5,May,Echo,Consumer,USA,9,278.73,110.27,2508.61,0.0,2508.61,992.47,1516.15,0.6044,566.82,598.29,917.85,209.75,5000.0,2715.45,2284.55,2.02,1.76,1.19,0.1836,0-5%,992.47,2508.61,2508.61,1516.15,9,278.73,110.27,0-5%,0.0,May,Echo
2025-08-07,2025,8,Aug,Delta,SMB,USA,5,203.22,100.52,1016.08,30.48,985.6,502.6,482.99,0.4901,199.36,193.93,289.06,104.82,5000.0,2770.76,2229.24,1.95,1.74,1.24,0.0578,0-5%,502.6,1016.08,985.6,482.99,5,203.22,100.52,0-5%,30.48,Aug,Delta
2024-10-01,2024,10,Oct,Bravo,SMB,India,10,310.0,113.21,3100.0,217.0,2883.0,1132.07,1750.93,0.6073,758.38,713.78,1037.14,173.82,5551.94,3509.01,2042.93,2.94,2.38,1.72,0.1868,5-10%,1132.07,3100.0,2883.0,1750.93,10,310.0,113.21,5-10%,217.0,Oct,Bravo
2024-08-02,2024,8,Aug,Flux,SMB,USA,11,224.24,89.27,2466.68,616.67,1850.01,982.0,868.01,0.4692,240.83,225.48,642.53,99.01,5000.0,2824.62,2175.38,1.36,0.83,1.3,0.1285,20%+,982.0,2466.68,1850.01,868.01,11,224.24,89.27,20%+,616.67,Aug,Flux
2023-07-30,2023,7,Jul,Echo,Consumer,Canada,8,141.28,52.92,1130.23,0.0,1130.23,423.39,706.84,0.6254,301.8,277.96,428.88,78.36,5000.0,2187.92,2812.08,2.12,1.67,0.78,0.0858,0-5%,423.39,1130.23,1130.23,706.84,8,141.28,52.92,0-5%,0.0,Jul,Echo
2025-11-25,2025,11,Nov,Cobalt,Consumer,USA,7,129.03,63.17,903.23,63.23,840.0,442.21,397.79,0.4736,139.81,128.67,269.12,88.62,5000.0,2848.56,2151.44,2.27,1.99,1.32,0.0538,5-10%,442.21,903.23,840.0,397.79,7,129.03,63.17,5-10%,63.23,Nov,Cobalt
2024-04-20,2024,4,Apr,Delta,Consumer,UK,7,173.46,64.72,1214.24,36.43,1177.81,453.06,724.75,0.6153,162.96,168.57,556.18,57.25,5000.0,2534.49,2465.51,1.52,1.07,1.03,0.1112,0-5%,453.06,1214.24,1177.81,724.75,7,173.46,64.72,0-5%,36.43,Apr,Delta
2023-06-27,2023,6,Jun,Bravo,Enterprise,USA,9,184.05,70.92,1656.42,0.0,1656.42,638.28,1018.14,0.6147,344.34,354.64,663.51,138.43,5000.0,2616.31,2383.69,1.55,1.12,1.1,0.1327,0-5%,638.28,1656.42,1656.42,1018.14,9,184.05,70.92,0-5%,0.0,Jun,Bravo
2023-03-17,2023,3,Mar,Cobalt,SMB,USA,11,273.99,96.3,3013.9,210.97,2802.93,1059.26,1743.67,0.6221,548.51,537.22,1206.45,201.63,5000.0,3110.16,1889.84,1.72,1.42,1.65,0.2413,5-10%,1059.26,3013.9,2802.93,1743.67,11,273.99,96.3,5-10%,210.97,Mar,Cobalt
2025-06-29,2025,6,Jun,Alpha,Enterprise,USA,12,283.58,103.85,3402.9,0.0,3402.9,1246.22,2156.68,0.6338,657.5,631.69,1525.0,149.72,5000.0,2565.86,2434.14,1.47,1.22,1.05,0.305,0-5%,1246.22,3402.9,3402.9,2156.68,12,283.58,103.85,0-5%,0.0,Jun,Alpha
2025-05-14,2025,5,May,Bravo,Consumer,USA,12,237.6,102.42,2851.23,199.59,2651.64,1229.06,1422.58,0.5365,455.79,426.49,996.09,186.91,5050.09,2388.24,2661.85,1.84,1.56,0.9,0.1972,5-10%,1229.06,2851.23,2651.64,1422.58,12,237.6,102.42,5-10%,199.59,May,Bravo
2025-03-31,2025,3,Mar,Delta,Consumer,USA,6,202.4,108.49,1214.4,0.0,1214.4,650.94,563.47,0.464,295.7,282.68,280.78,138.32,5000.0,2697.86,2302.14,1.54,1.05,1.17,0.0562,0-5%,650.94,1214.4,1214.4,563.47,6,202.4,108.49,0-5%,0.0,Mar,Delta
2025-04-23,2025,4,Apr,Flux,Consumer,USA,8,252.63,94.2,2021.06,242.53,1778.53,753.63,1024.91,0.5763,220.34,224.62,800.28,96.88,5000.0,2333.43,2666.57,2.47,2.22,0.88,0.1601,10-20%,753.63,2021.06,1778.53,1024.91,8,252.63,94.2,10-20%,242.53,Apr,Flux
2025-08-23,2025,8,Aug,Bravo,Consumer,Canada,8,265.8,127.02,2126.38,255.17,1871.21,1016.17,855.05,0.4569,491.88,497.52,357.53,150.17,5000.0,2173.17,2826.83,1.98,1.7,0.77,0.0715,10-20%,1016.17,2126.38,1871.21,855.05,8,265.8,127.02,10-20%,255.17,Aug,Bravo
2025-08-24,2025,8,Aug,Cobalt,Consumer,USA,11,203.22,76.39,2235.42,67.06,2168.35,840.27,1328.08,0.6125,453.71,436.01,892.07,158.82,5000.0,2449.3,2550.7,1.35,0.76,0.96,0.1784,0-5%,840.27,2235.42,2168.35,1328.08,11,203.22,76.39,0-5%,67.06,Aug,Cobalt
2025-09-24,2025,9,Sep,Echo,SMB,USA,10,289.84,123.99,2898.39,347.81,2550.58,1239.9,1310.69,0.5139,655.22,671.6,639.09,268.96,5000.0,3191.25,1808.75,2.27,1.94,1.76,0.1278,10-20%,1239.9,2898.39,2550.58,1310.69,10,289.84,123.99,10-20%,347.81,Sep,Echo
2023-10-29,2023,10,Oct,Flux,Consumer,USA,7,137.74,67.97,964.19,28.93,935.26,475.77,459.5,0.4913,199.82,196.14,263.35,58.05,5000.0,2556.83,2443.17,1.81,1.56,1.05,0.0527,0-5%,475.77,964.19,935.26,459.5,7,137.74,67.97,0-5%,28.93,Oct,Flux
2025-06-25,2025,6,Jun,Echo,Consumer,India,7,292.31,131.06,2046.2,143.23,1902.97,917.39,985.58,0.5179,514.38,496.25,489.33,185.31,5000.0,2230.02,2769.98,1.64,1.23,0.81,0.0979,5-10%,917.39,2046.2,1902.97,985.58,7,292.31,131.06,5-10%,143.23,Jun,Echo
2023-04-27,2023,4,Apr,Bravo,Enterprise,USA,10,283.4,142.32,2833.98,0.0,2833.98,1423.16,1410.83,0.4978,727.5,720.6,690.22,173.37,5000.0,2714.97,2285.03,1.81,1.33,1.19,0.138,0-5%,1423.16,2833.98,2833.98,1410.83,10,283.4,142.32,0-5%,0.0,Apr,Bravo
2025-10-18,2025,10,Oct,Bravo,Enterprise,UK,8,262.49,143.75,2099.88,0.0,2099.88,1150.03,949.85,0.4523,434.4,459.01,490.84,202.85,5000.0,2344.21,2655.79,1.28,0.88,0.88,0.0982,0-5%,1150.03,2099.88,2099.88,949.85,8,262.49,143.75,0-5%,0.0,Oct,Bravo
2023-04-13,2023,4,Apr,Alpha,Consumer,Canada,8,213.73,75.5,1709.87,0.0,1709.87,604.02,1105.85,0.6467,454.54,458.76,647.1,109.41,5000.0,2906.74,2093.26,1.93,1.52,1.39,0.1294,0-5%,604.02,1709.87,1709.87,1105.85,8,213.73,75.5,0-5%,0.0,Apr,Alpha
2025-11-23,2025,11,Nov,Bravo,Consumer,India,15,298.68,164.23,4480.27,134.41,4345.86,2463.51,1882.35,0.4331,862.13,925.76,956.59,380.86,6832.8,3927.69,2905.1,2.1,1.72,1.35,0.14,0-5%,2463.51,4480.27,4345.86,1882.35,15,298.68,164.23,0-5%,134.41,Nov,Bravo
2025-04-30,2025,4,Apr,Alpha,Enterprise,India,4,209.13,97.35,836.5,25.1,811.41,389.4,422.01,0.5201,127.29,119.73,302.28,52.99,5000.0,1826.19,3173.81,1.92,1.63,0.58,0.0605,0-5%,389.4,836.5,811.41,422.01,4,209.13,97.35,0-5%,25.1,Apr,Alpha
2023-11-07,2023,11,Nov,Bravo,Consumer,USA,5,208.99,97.03,1044.96,0.0,1044.96,485.14,559.82,0.5357,209.55,220.7,339.12,92.2,5000.0,2897.74,2102.26,1.47,0.98,1.38,0.0678,0-5%,485.14,1044.96,1044.96,559.82,5,208.99,97.03,0-5%,0.0,Nov,Bravo
2024-04-23,2024,4,Apr,Delta,SMB,USA,6,228.73,114.4,1372.38,0.0,1372.38,686.42,685.96,0.4998,329.25,329.79,356.17,90.92,5000.0,2549.22,2450.78,2.16,1.75,1.04,0.0712,0-5%,686.42,1372.38,1372.38,685.96,6,228.73,114.4,0-5%,0.0,Apr,Delta
2025-02-01,2025,2,Feb,Echo,Consumer,USA,7,217.54,90.64,1522.8,0.0,1522.8,634.46,888.35,0.5834,257.87,274.74,613.6,70.47,5000.0,2946.67,2053.33,1.42,1.05,1.44,0.1227,0-5%,634.46,1522.8,1522.8,888.35,7,217.54,90.64,0-5%,0.0,Feb,Echo
2023-02-25,2023,2,Feb,Alpha,Consumer,Canada,7,225.96,111.57,1581.69,189.8,1391.89,781.0,610.89,0.4389,347.61,346.03,264.85,102.23,5000.0,3113.11,1886.89,1.72,1.24,1.65,0.053,10-20%,781.0,1581.69,1391.89,610.89,7,225.96,111.57,10-20%,189.8,Feb,Alpha
2025-09-28,2025,9,Sep,Flux,SMB,USA,8,220.6,91.22,1764.78,0.0,1764.78,729.75,1035.03,0.5865,314.38,313.27,721.76,155.95,5000.0,2358.52,2641.48,1.76,1.38,0.89,0.1444,0-5%,729.75,1764.78,1764.78,1035.03,8,220.6,91.22,0-5%,0.0,Sep,Flux
2024-07-13,2024,7,Jul,Flux,Consumer,USA,6,172.36,73.17,1034.16,0.0,1034.16,439.01,595.16,0.5755,258.45,242.01,353.15,50.0,5000.0,2136.25,2863.75,2.21,1.82,0.75,0.0706,0-5%,439.01,1034.16,1034.16,595.16,6,172.36,73.17,0-5%,0.0,Jul,Flux
2025-09-04,2025,9,Sep,Bravo,Enterprise,India,9,206.47,106.89,1858.2,222.98,1635.22,961.97,673.25,0.4117,335.91,320.72,352.53,164.76,5000.0,3004.85,1995.15,2.27,1.99,1.51,0.0705,10-20%,961.97,1858.2,1635.22,673.25,9,206.47,106.89,10-20%,222.98,Sep,Bravo
2023-06-11,2023,6,Jun,Flux,Consumer,India,8,118.62,47.55,948.93,28.47,920.46,380.41,540.05,0.5867,223.9,221.13,318.92,59.48,5000.0,2797.45,2202.55,1.49,1.09,1.27,0.0638,0-5%,380.41,948.93,920.46,540.05,8,118.62,47.55,0-5%,28.47,Jun,Flux
2025-01-04,2025,1,Jan,Cobalt,SMB,India,8,192.04,96.95,1536.29,0.0,1536.29,775.57,760.72,0.4952,193.67,200.8,559.91,127.68,5000.0,2353.19,2646.81,1.91,1.51,0.89,0.112,0-5%,775.57,1536.29,1536.29,760.72,8,192.04,96.95,0-5%,0.0,Jan,Cobalt
2023-08-24,2023,8,Aug,Cobalt,Consumer,USA,7,177.78,86.36,1244.44,149.33,1095.11,604.52,490.59,0.448,216.45,223.94,266.65,78.16,5000.0,2049.8,2950.2,1.11,0.66,0.69,0.0533,10-20%,604.52,1244.44,1095.11,490.59,7,177.78,86.36,10-20%,149.33,Aug,Cobalt
2023-03-03,2023,3,Mar,Echo,Consumer,Germany,9,290.67,120.43,2616.06,0.0,2616.06,1083.87,1532.19,0.5857,698.47,729.44,802.75,165.59,5000.0,2735.83,2264.17,1.55,1.22,1.21,0.1605,0-5%,1083.87,2616.06,2616.06,1532.19,9,290.67,120.43,0-5%,0.0,Mar,Echo
2025-01-03,2025,1,Jan,Echo,SMB,USA,13,189.9,102.28,2468.74,0.0,2468.74,1329.6,1139.14,0.4614,453.92,428.81,710.34,166.91,5000.0,1834.55,3165.45,1.45,1.15,0.58,0.1421,0-5%,1329.6,2468.74,2468.74,1139.14,13,189.9,102.28,0-5%,0.0,Jan,Echo
2023-12-01,2023,12,Dec,Echo,Consumer,USA,7,197.23,76.58,1380.6,0.0,1380.6,536.08,844.52,0.6117,334.37,322.0,522.52,78.79,5000.0,3019.2,1980.8,1.36,0.99,1.52,0.1045,0-5%,536.08,1380.6,1380.6,844.52,7,197.23,76.58,0-5%,0.0,Dec,Echo
2023-04-24,2023,4,Apr,Delta,Consumer,USA,9,255.26,125.12,2297.38,0.0,2297.38,1126.04,1171.34,0.5099,630.89,678.39,492.94,159.76,5000.0,2124.92,2875.08,1.17,0.78,0.74,0.0986,0-5%,1126.04,2297.38,2297.38,1171.34,9,255.26,125.12,0-5%,0.0,Apr,Delta
2024-11-29,2024,11,Nov,Echo,Consumer,USA,3,210.69,91.98,632.07,18.96,613.11,275.95,337.16,0.5499,96.93,104.67,232.48,50.0,5000.0,1763.25,3236.75,1.6,1.2,0.54,0.0465,0-5%,275.95,632.07,613.11,337.16,3,210.69,91.98,0-5%,18.96,Nov,Echo
2024-06-28,2024,6,Jun,Delta,Consumer,India,5,298.08,141.92,1490.4,104.33,1386.07,709.61,676.47,0.488,273.4,281.54,394.93,88.89,5000.0,2942.29,2057.71,1.91,1.67,1.43,0.079,5-10%,709.61,1490.4,1386.07,676.47,5,298.08,141.92,5-10%,104.33,Jun,Delta
2025-10-27,2025,10,Oct,Bravo,Consumer,Canada,9,196.78,80.96,1771.04,123.97,1647.07,728.61,918.45,0.5576,419.84,448.13,470.32,121.61,5000.0,2245.96,2754.04,2.0,1.61,0.82,0.0941,5-10%,728.61,1771.04,1647.07,918.45,9,196.78,80.96,5-10%,123.97,Oct,Bravo
2023-08-17,2023,8,Aug,Echo,Consumer,Germany,9,279.99,135.71,2519.92,75.6,2444.32,1221.43,1222.89,0.5003,421.99,423.64,799.25,238.79,5000.0,2616.94,2383.06,1.6,1.08,1.1,0.1598,0-5%,1221.43,2519.92,2444.32,1222.89,9,279.99,135.71,0-5%,75.6,Aug,Echo
2025-08-17,2025,8,Aug,Alpha,Consumer,Canada,9,192.59,87.26,1733.32,52.0,1681.32,785.38,895.94,0.5329,441.57,422.55,473.39,104.61,5000.0,1939.61,3060.39,1.42,1.18,0.63,0.0947,0-5%,785.38,1733.32,1681.32,895.94,9,192.59,87.26,0-5%,52.0,Aug,Alpha
2024-08-21,2024,8,Aug,Echo,SMB,USA,5,254.84,89.75,1274.22,0.0,1274.22,448.73,825.49,0.6478,170.19,172.9,652.6,52.01,5000.0,1976.94,3023.06,1.99,1.54,0.65,0.1305,0-5%,448.73,1274.22,1274.22,825.49,5,254.84,89.75,0-5%,0.0,Aug,Echo
2025-10-26,2025,10,Oct,Delta,Enterprise,USA,8,117.69,56.69,941.5,28.24,913.25,453.5,459.75,0.5034,138.39,141.42,318.33,88.12,5000.0,1770.1,3229.9,1.85,1.59,0.55,0.0637,0-5%,453.5,941.5,913.25,459.75,8,117.69,56.69,0-5%,28.24,Oct,Delta
2023-02-28,2023,2,Feb,Flux,Consumer,Germany,7,222.67,95.11,1558.66,109.11,1449.55,665.78,783.77,0.5407,383.13,369.13,414.64,116.77,5000.0,2596.51,2403.49,2.13,1.61,1.08,0.0829,5-10%,665.78,1558.66,1449.55,783.77,7,222.67,95.11,5-10%,109.11,Feb,Flux
2025-03-26,2025,3,Mar,Echo,SMB,USA,13,239.71,109.81,3116.26,218.14,2898.12,1427.47,1470.65,0.5074,430.4,425.36,1045.29,283.24,5000.0,2700.04,2299.96,2.41,1.83,1.17,0.2091,5-10%,1427.47,3116.26,2898.12,1470.65,13,239.71,109.81,5-10%,218.14,Mar,Echo
2025-09-04,2025,9,Sep,Echo,Consumer,USA,5,179.09,88.4,895.43,0.0,895.43,442.01,453.42,0.5064,122.63,118.6,334.82,66.59,5000.0,1979.66,3020.34,1.94,1.59,0.66,0.067,0-5%,442.01,895.43,895.43,453.42,5,179.09,88.4,0-5%,0.0,Sep,Echo
2023-11-28,2023,11,Nov,Cobalt,SMB,USA,7,176.79,64.33,1237.56,86.63,1150.93,450.28,700.65,0.6088,144.98,152.55,548.1,64.18,5000.0,2137.77,2862.23,1.83,1.29,0.75,0.1096,5-10%,450.28,1237.56,1150.93,700.65,7,176.79,64.33,5-10%,86.63,Nov,Cobalt
2025-08-09,2025,8,Aug,Delta,Consumer,Canada,7,190.37,78.25,1332.56,93.28,1239.28,547.78,691.5,0.558,158.62,165.16,526.34,57.09,5000.0,2830.78,2169.22,2.42,1.88,1.3,0.1053,5-10%,547.78,1332.56,1239.28,691.5,7,190.37,78.25,5-10%,93.28,Aug,Delta
2025-09-18,2025,9,Sep,Delta,SMB,USA,13,209.86,92.97,2728.2,81.85,2646.35,1208.63,1437.72,0.5433,546.39,589.97,847.75,246.71,5000.0,2717.0,2283.0,2.12,1.69,1.19,0.1695,0-5%,1208.63,2728.2,2646.35,1437.72,13,209.86,92.97,0-5%,81.85,Sep,Delta
2023-06-21,2023,6,Jun,Echo,Enterprise,USA,4,253.23,137.86,1012.91,0.0,1012.91,551.44,461.47,0.4556,211.96,228.75,232.72,82.97,5000.0,2821.12,2178.88,1.62,1.23,1.29,0.0465,0-5%,551.44,1012.91,1012.91,461.47,4,253.23,137.86,0-5%,0.0,Jun,Echo
2024-05-25,2024,5,May,Bravo,Consumer,USA,10,232.46,112.0,2324.57,581.14,1743.43,1119.96,623.46,0.3576,404.75,403.57,219.89,153.28,5000.0,2550.25,2449.75,1.94,1.34,1.04,0.044,20%+,1119.96,2324.57,1743.43,623.46,10,232.46,112.0,20%+,581.14,May,Bravo
2024-08-01,2024,8,Aug,Delta,SMB,India,11,271.82,143.79,2990.06,0.0,2990.06,1581.65,1408.41,0.471,679.55,655.13,753.28,240.18,5000.0,2368.54,2631.46,1.86,1.36,0.9,0.1507,0-5%,1581.65,2990.06,2990.06,1408.41,11,271.82,143.79,0-5%,0.0,Aug,Delta
2025-04-23,2025,4,Apr,Echo,SMB,USA,10,295.98,124.44,2959.83,0.0,2959.83,1244.38,1715.45,0.5796,633.34,611.31,1104.14,188.58,5621.42,2182.05,3439.37,2.44,1.85,0.63,0.1964,0-5%,1244.38,2959.83,2959.83,1715.45,10,295.98,124.44,0-5%,0.0,Apr,Echo
2023-02-15,2023,2,Feb,Bravo,Enterprise,USA,13,182.62,79.96,2374.02,71.22,2302.8,1039.52,1263.28,0.5486,281.04,280.23,983.05,104.46,5000.0,2328.86,2671.14,1.43,0.91,0.87,0.1966,0-5%,1039.52,2374.02,2302.8,1263.28,13,182.62,79.96,0-5%,71.22,Feb,Bravo
2024-03-14,2024,3,Mar,Bravo,SMB,USA,12,221.22,81.93,2654.65,79.64,2575.01,983.14,1591.87,0.6182,372.6,354.31,1237.55,132.18,5000.0,2762.38,2237.62,1.83,1.34,1.23,0.2475,0-5%,983.14,2654.65,2575.01,1591.87,12,221.22,81.93,0-5%,79.64,Mar,Bravo
2025-12-24,2025,12,Dec,Bravo,SMB,USA,14,220.38,97.12,3085.38,92.56,2992.82,1359.65,1633.17,0.5457,404.96,392.0,1241.17,243.9,5000.0,2893.77,2106.23,2.24,1.85,1.37,0.2482,0-5%,1359.65,3085.38,2992.82,1633.17,14,220.38,97.12,0-5%,92.56,Dec,Bravo
2025-04-27,2025,4,Apr,Echo,Consumer,UK,9,230.79,87.07,2077.08,0.0,2077.08,783.62,1293.46,0.6227,407.65,375.2,918.25,89.7,5000.0,3092.91,1907.09,1.95,1.6,1.62,0.1837,0-5%,783.62,2077.08,2077.08,1293.46,9,230.79,87.07,0-5%,0.0,Apr,Echo
2024-08-07,2024,8,Aug,Delta,SMB,USA,8,179.51,75.97,1436.09,0.0,1436.09,607.74,828.35,0.5768,398.9,393.2,435.15,123.62,5000.0,2851.0,2149.0,1.96,1.7,1.33,0.087,0-5%,607.74,1436.09,1436.09,828.35,8,179.51,75.97,0-5%,0.0,Aug,Delta
2023-02-03,2023,2,Feb,Bravo,SMB,India,10,233.36,126.41,2333.58,280.03,2053.55,1264.12,789.43,0.3844,443.56,466.89,322.54,154.38,5000.0,2526.51,2473.49,1.66,1.23,1.02,0.0645,10-20%,1264.12,2333.58,2053.55,789.43,10,233.36,126.41,10-20%,280.03,Feb,Bravo
2025-01-03,2025,1,Jan,Delta,Consumer,UK,9,145.71,67.66,1311.4,0.0,1311.4,608.9,702.5,0.5357,158.64,158.96,543.54,108.4,5000.0,2582.44,2417.56,1.66,1.1,1.07,0.1087,0-5%,608.9,1311.4,1311.4,702.5,9,145.71,67.66,0-5%,0.0,Jan,Delta
2023-03-09,2023,3,Mar,Bravo,Consumer,USA,10,237.96,100.3,2379.62,594.91,1784.72,1002.99,781.73,0.438,314.25,307.64,474.09,181.69,5000.0,2174.81,2825.19,1.59,1.34,0.77,0.0948,20%+,1002.99,2379.62,1784.72,781.73,10,237.96,100.3,20%+,594.91,Mar,Bravo
2023-05-07,2023,5,May,Cobalt,Consumer,India,9,259.24,104.99,2333.2,70.0,2263.2,944.95,1318.25,0.5825,425.82,411.34,906.91,161.93,5000.0,1789.72,3210.28,1.97,1.73,0.56,0.1814,0-5%,944.95,2333.2,2263.2,1318.25,9,259.24,104.99,0-5%,70.0,May,Cobalt
2025-08-30,2025,8,Aug,Bravo,Consumer,Canada,10,289.09,144.58,2890.88,0.0,2890.88,1445.85,1445.03,0.4999,362.72,345.71,1099.32,282.67,5000.0,2175.87,2824.13,1.58,1.37,0.77,0.2199,0-5%,1445.85,2890.88,2890.88,1445.03,10,289.09,144.58,0-5%,0.0,Aug,Bravo
2023-10-16,2023,10,Oct,Delta,Enterprise,India,13,229.31,110.2,2980.99,0.0,2980.99,1432.55,1548.44,0.5194,720.52,688.85,859.59,297.42,5000.0,2210.28,2789.72,1.61,1.1,0.79,0.1719,0-5%,1432.55,2980.99,2980.99,1548.44,13,229.31,110.2,0-5%,0.0,Oct,Delta
2024-07-09,2024,7,Jul,Bravo,Consumer,USA,11,225.3,108.84,2478.28,0.0,2478.28,1197.26,1281.02,0.5169,603.01,644.86,636.15,166.47,5000.0,1865.63,3134.37,1.36,1.09,0.6,0.1272,0-5%,1197.26,2478.28,2478.28,1281.02,11,225.3,108.84,0-5%,0.0,Jul,Bravo
2023-09-14,2023,9,Sep,Alpha,SMB,India,5,223.2,83.41,1116.0,78.12,1037.88,417.05,620.83,0.5982,153.2,155.33,465.5,58.59,5000.0,2529.33,2470.67,1.4,0.93,1.02,0.0931,5-10%,417.05,1116.0,1037.88,620.83,5,223.2,83.41,5-10%,78.12,Sep,Alpha
2025-11-03,2025,11,Nov,Bravo,SMB,Canada,12,210.55,96.73,2526.59,0.0,2526.59,1160.78,1365.81,0.5406,698.96,643.47,722.35,209.66,5000.0,3220.01,1779.99,1.33,1.02,1.81,0.1445,0-5%,1160.78,2526.59,2526.59,1365.81,12,210.55,96.73,0-5%,0.0,Nov,Bravo
2023-12-02,2023,12,Dec,Flux,Consumer,India,10,110.23,48.17,1102.26,33.07,1069.19,481.75,587.44,0.5494,297.86,303.24,284.21,82.78,5000.0,2638.78,2361.22,1.4,1.1,1.12,0.0568,0-5%,481.75,1102.26,1069.19,587.44,10,110.23,48.17,0-5%,33.07,Dec,Flux
2023-03-08,2023,3,Mar,Echo,SMB,India,7,166.35,82.87,1164.43,81.51,1082.92,580.1,502.83,0.4643,155.35,158.53,344.3,76.47,5000.0,3211.64,1788.36,2.32,2.1,1.8,0.0689,5-10%,580.1,1164.43,1082.92,502.83,7,166.35,82.87,5-10%,81.51,Mar,Echo
2024-04-26,2024,4,Apr,Echo,SMB,India,6,238.74,122.14,1432.43,358.11,1074.32,732.81,341.51,0.3179,253.22,250.65,90.85,86.73,5000.0,1816.2,3183.8,2.38,1.79,0.57,0.0182,20%+,732.81,1432.43,1074.32,341.51,6,238.74,122.14,20%+,358.11,Apr,Echo
2023-02-11,2023,2,Feb,Alpha,SMB,USA,8,216.45,102.16,1731.57,0.0,1731.57,817.26,914.31,0.528,324.47,328.7,585.61,146.22,5000.0,1864.82,3135.18,1.4,1.02,0.59,0.1171,0-5%,817.26,1731.57,1731.57,914.31,8,216.45,102.16,0-5%,0.0,Feb,Alpha
2024-08-05,2024,8,Aug,Cobalt,Enterprise,India,6,211.31,101.12,1267.88,152.15,1115.73,606.75,508.99,0.4562,302.33,312.79,196.19,95.94,5000.0,1957.12,3042.88,1.62,1.41,0.64,0.0392,10-20%,606.75,1267.88,1115.73,508.99,6,211.31,101.12,10-20%,152.15,Aug,Cobalt
2023-07-10,2023,7,Jul,Echo,Enterprise,Germany,8,256.86,90.29,2054.86,246.58,1808.28,722.34,1085.94,0.6005,367.47,384.23,701.71,148.76,5000.0,2364.1,2635.9,1.54,1.1,0.9,0.1403,10-20%,722.34,2054.86,1808.28,1085.94,8,256.86,90.29,10-20%,246.58,Jul,Echo
2024-01-13,2024,1,Jan,Echo,Consumer,USA,13,116.67,56.27,1516.66,0.0,1516.66,731.5,785.16,0.5177,238.47,249.51,535.65,105.73,5000.0,2409.05,2590.95,1.91,1.71,0.93,0.1071,0-5%,731.5,1516.66,1516.66,785.16,13,116.67,56.27,0-5%,0.0,Jan,Echo
2024-11-29,2024,11,Nov,Cobalt,Enterprise,Canada,6,294.97,107.53,1769.85,212.38,1557.47,645.18,912.29,0.5858,214.31,205.49,706.79,103.2,5000.0,2083.05,2916.95,1.87,1.65,0.71,0.1414,10-20%,645.18,1769.85,1557.47,912.29,6,294.97,107.53,10-20%,212.38,Nov,Cobalt
2023-01-22,2023,1,Jan,Echo,Enterprise,India,5,336.02,123.55,1680.08,201.61,1478.47,617.77,860.71,0.5822,394.74,368.32,492.38,121.84,5000.0,2604.48,2395.52,2.24,1.95,1.09,0.0985,10-20%,617.77,1680.08,1478.47,860.71,5,336.02,123.55,10-20%,201.61,Jan,Echo
2024-10-16,2024,10,Oct,Delta,SMB,India,12,211.52,104.05,2538.21,0.0,2538.21,1248.63,1289.58,0.5081,578.47,623.21,666.38,176.81,5000.0,2519.16,2480.84,2.44,2.07,1.02,0.1333,0-5%,1248.63,2538.21,2538.21,1289.58,12,211.52,104.05,0-5%,0.0,Oct,Delta
2025-09-23,2025,9,Sep,Echo,Consumer,Germany,11,173.19,81.15,1905.13,57.15,1847.98,892.6,955.38,0.517,372.58,378.21,577.18,169.89,5000.0,1923.22,3076.78,2.07,1.74,0.63,0.1154,0-5%,892.6,1905.13,1847.98,955.38,11,173.19,81.15,0-5%,57.15,Sep,Echo
2023-09-19,2023,9,Sep,Flux,SMB,Canada,13,159.7,79.62,2076.04,0.0,2076.04,1035.04,1041.0,0.5014,327.14,318.02,722.98,214.76,5000.0,3024.36,1975.64,2.32,1.89,1.53,0.1446,0-5%,1035.04,2076.04,2076.04,1041.0,13,159.7,79.62,0-5%,0.0,Sep,Flux
2024-12-14,2024,12,Dec,Cobalt,SMB,Germany,12,314.54,114.07,3774.53,0.0,3774.53,1368.79,2405.74,0.6374,717.02,675.74,1730.0,236.56,6586.36,3043.34,3543.02,1.21,0.69,0.86,0.2627,0-5%,1368.79,3774.53,3774.53,2405.74,12,314.54,114.07,0-5%,0.0,Dec,Cobalt
2024-05-11,2024,5,May,Echo,Consumer,Germany,7,275.87,141.11,1931.11,0.0,1931.11,987.78,943.33,0.4885,307.31,286.62,656.71,183.71,5000.0,2771.45,2228.55,1.72,1.28,1.24,0.1313,0-5%,987.78,1931.11,1931.11,943.33,7,275.87,141.11,0-5%,0.0,May,Echo
2024-12-06,2024,12,Dec,Cobalt,SMB,India,7,230.67,81.01,1614.69,48.44,1566.25,567.07,999.18,0.6379,252.57,243.84,755.34,100.9,5000.0,2995.58,2004.42,1.61,1.28,1.49,0.1511,0-5%,567.07,1614.69,1566.25,999.18,7,230.67,81.01,0-5%,48.44,Dec,Cobalt
2025-03-17,2025,3,Mar,Bravo,SMB,India,6,151.7,60.03,910.22,0.0,910.22,360.18,550.03,0.6043,212.7,203.89,346.14,50.0,5000.0,3158.25,1841.75,2.06,1.6,1.71,0.0692,0-5%,360.18,910.22,910.22,550.03,6,151.7,60.03,0-5%,0.0,Mar,Bravo
2025-11-26,2025,11,Nov,Cobalt,SMB,India,8,216.29,115.47,1730.32,0.0,1730.32,923.78,806.53,0.4661,241.32,258.07,548.47,146.54,5000.0,2405.11,2594.89,1.7,1.48,0.93,0.1097,0-5%,923.78,1730.32,1730.32,806.53,8,216.29,115.47,0-5%,0.0,Nov,Cobalt
2024-09-26,2024,9,Sep,Cobalt,SMB,USA,12,296.38,162.4,3556.6,0.0,3556.6,1948.83,1607.77,0.4521,938.71,974.9,632.87,252.42,6366.05,3451.77,2914.28,1.27,0.9,1.18,0.0994,0-5%,1948.83,3556.6,3556.6,1607.77,12,296.38,162.4,0-5%,0.0,Sep,Cobalt
2023-03-01,2023,3,Mar,Bravo,Consumer,USA,13,228.11,109.39,2965.44,355.85,2609.59,1422.02,1187.57,0.4551,412.78,438.2,749.37,242.75,5000.0,2460.43,2539.57,1.91,1.65,0.97,0.1499,10-20%,1422.02,2965.44,2609.59,1187.57,13,228.11,109.39,10-20%,355.85,Mar,Bravo
2024-02-27,2024,2,Feb,Bravo,Consumer,Canada,7,168.77,61.89,1181.36,82.7,1098.67,433.25,665.41,0.6057,235.26,217.29,448.13,50.0,5000.0,2087.13,2912.87,1.91,1.67,0.72,0.0896,5-10%,433.25,1181.36,1098.67,665.41,7,168.77,61.89,5-10%,82.7,Feb,Bravo
2023-05-28,2023,5,May,Delta,SMB,USA,4,194.51,76.42,778.06,0.0,778.06,305.7,472.36,0.6071,174.29,176.58,295.77,50.0,5000.0,1764.8,3235.2,1.47,1.23,0.55,0.0592,0-5%,305.7,778.06,778.06,472.36,4,194.51,76.42,0-5%,0.0,May,Delta
2025-05-15,2025,5,May,Flux,Enterprise,USA,5,182.49,72.54,912.43,63.87,848.56,362.71,485.85,0.5726,134.99,136.37,349.48,68.21,5000.0,3182.02,1817.98,1.16,0.57,1.75,0.0699,5-10%,362.71,912.43,848.56,485.85,5,182.49,72.54,5-10%,63.87,May,Flux
2025-12-23,2025,12,Dec,Delta,Consumer,USA,9,153.46,55.16,1381.14,41.43,1339.7,496.43,843.27,0.6294,365.44,370.07,473.2,81.91,5000.0,3210.51,1789.49,2.04,1.68,1.79,0.0946,0-5%,496.43,1381.14,1339.7,843.27,9,153.46,55.16,0-5%,41.43,Dec,Delta
2025-05-24,2025,5,May,Echo,SMB,Germany,8,248.23,127.46,1985.81,0.0,1985.81,1019.66,966.16,0.4865,496.81,524.12,442.03,191.72,5000.0,1834.38,3165.62,1.4,1.08,0.58,0.0884,0-5%,1019.66,1985.81,1985.81,966.16,8,248.23,127.46,0-5%,0.0,May,Echo
2024-02-01,2024,2,Feb,Alpha,Consumer,Canada,6,180.76,80.62,1084.56,0.0,1084.56,483.73,600.83,0.554,216.98,210.4,390.43,50.69,5000.0,2142.04,2857.96,2.08,1.5,0.75,0.0781,0-5%,483.73,1084.56,1084.56,600.83,6,180.76,80.62,0-5%,0.0,Feb,Alpha
2023-12-04,2023,12,Dec,Echo,SMB,USA,10,284.49,102.71,2844.89,0.0,2844.89,1027.14,1817.75,0.639,354.32,375.21,1442.54,181.54,5000.0,2997.49,2002.51,1.58,0.98,1.5,0.2885,0-5%,1027.14,2844.89,2844.89,1817.75,10,284.49,102.71,0-5%,0.0,Dec,Echo
2025-06-08,2025,6,Jun,Bravo,Consumer,USA,6,138.48,70.8,830.89,0.0,830.89,424.77,406.12,0.4888,171.9,167.65,238.47,50.0,5000.0,2106.71,2893.29,1.81,1.52,0.73,0.0477,0-5%,424.77,830.89,830.89,406.12,6,138.48,70.8,0-5%,0.0,Jun,Bravo
2023-04-11,2023,4,Apr,Bravo,Enterprise,USA,11,147.75,73.33,1625.2,113.76,1511.44,806.63,704.81,0.4663,282.31,292.19,412.62,116.07,5000.0,3082.2,1917.8,1.97,1.44,1.61,0.0825,5-10%,806.63,1625.2,1511.44,704.81,11,147.75,73.33,5-10%,113.76,Apr,Bravo
2024-12-05,2024,12,Dec,Bravo,Consumer,India,13,239.88,102.82,3118.45,779.61,2338.83,1336.62,1002.21,0.4285,322.89,299.56,702.65,177.78,5000.0,2804.72,2195.28,1.52,1.27,1.28,0.1405,20%+,1336.62,3118.45,2338.83,1002.21,13,239.88,102.82,20%+,779.61,Dec,Bravo
2023-08-23,2023,8,Aug,Cobalt,Consumer,USA,12,130.16,46.52,1561.97,46.86,1515.11,558.18,956.93,0.6316,351.97,334.19,622.75,83.37,5000.0,1872.15,3127.85,2.09,1.74,0.6,0.1245,0-5%,558.18,1561.97,1515.11,956.93,12,130.16,46.52,0-5%,46.86,Aug,Cobalt
2023-10-22,2023,10,Oct,Cobalt,Enterprise,Germany,11,208.91,102.61,2297.96,160.86,2137.11,1128.74,1008.37,0.4718,522.58,504.2,504.17,172.48,5000.0,2181.73,2818.27,2.29,1.91,0.77,0.1008,5-10%,1128.74,2297.96,2137.11,1008.37,11,208.91,102.61,5-10%,160.86,Oct,Cobalt
2025-01-29,2025,1,Jan,Bravo,Consumer,USA,8,177.37,64.34,1418.95,42.57,1376.38,514.74,861.64,0.626,242.48,252.06,609.58,82.76,5000.0,3233.98,1766.02,1.61,1.29,1.83,0.1219,0-5%,514.74,1418.95,1376.38,861.64,8,177.37,64.34,0-5%,42.57,Jan,Bravo
2023-09-09,2023,9,Sep,Echo,Consumer,USA,7,147.51,80.97,1032.56,72.28,960.28,566.77,393.51,0.4098,208.83,211.85,181.65,124.4,5000.0,2273.56,2726.44,1.32,1.0,0.83,0.0363,5-10%,566.77,1032.56,960.28,393.51,7,147.51,80.97,5-10%,72.28,Sep,Echo
2024-04-07,2024,4,Apr,Echo,SMB,Canada,6,228.49,103.45,1370.91,164.51,1206.4,620.72,585.69,0.4855,273.19,259.8,325.89,86.28,5000.0,2110.33,2889.67,1.76,1.33,0.73,0.0652,10-20%,620.72,1370.91,1206.4,585.69,6,228.49,103.45,10-20%,164.51,Apr,Echo
2025-03-28,2025,3,Mar,Echo,SMB,USA,8,209.85,79.53,1678.81,117.52,1561.29,636.23,925.06,0.5925,232.66,225.79,699.27,98.07,5000.0,1874.51,3125.49,1.66,1.26,0.6,0.1399,5-10%,636.23,1678.81,1561.29,925.06,8,209.85,79.53,5-10%,117.52,Mar,Echo
2024-06-04,2024,6,Jun,Flux,SMB,USA,10,205.9,112.4,2059.04,144.13,1914.91,1123.98,790.93,0.413,402.77,406.64,384.29,155.08,5000.0,2731.59,2268.41,1.67,1.4,1.2,0.0769,5-10%,1123.98,2059.04,1914.91,790.93,10,205.9,112.4,5-10%,144.13,Jun,Flux
2024-07-05,2024,7,Jul,Delta,Consumer,India,7,263.62,92.65,1845.37,0.0,1845.37,648.57,1196.81,0.6485,266.93,247.09,949.71,73.51,5000.0,1928.48,3071.52,1.18,0.79,0.63,0.1899,0-5%,648.57,1845.37,1845.37,1196.81,7,263.62,92.65,0-5%,0.0,Jul,Delta
2023-12-11,2023,12,Dec,Bravo,Consumer,USA,7,196.79,107.52,1377.52,0.0,1377.52,752.61,624.91,0.4537,262.16,259.77,365.14,159.71,5000.0,2432.97,2567.03,1.41,0.96,0.95,0.073,0-5%,752.61,1377.52,1377.52,624.91,7,196.79,107.52,0-5%,0.0,Dec,Bravo
2023-07-14,2023,7,Jul,Cobalt,Consumer,Canada,9,189.12,103.18,1702.07,0.0,1702.07,928.59,773.49,0.4544,204.62,206.88,566.6,179.03,5000.0,2953.05,2046.95,1.75,1.41,1.44,0.1133,0-5%,928.59,1702.07,1702.07,773.49,9,189.12,103.18,0-5%,0.0,Jul,Cobalt
2023-07-08,2023,7,Jul,Delta,Consumer,Canada,10,267.16,132.33,2671.61,320.59,2351.02,1323.34,1027.68,0.4371,324.98,332.88,694.79,205.22,5000.0,3186.85,1813.15,1.93,1.66,1.76,0.139,10-20%,1323.34,2671.61,2351.02,1027.68,10,267.16,132.33,10-20%,320.59,Jul,Delta
2024-02-17,2024,2,Feb,Flux,SMB,UK,5,246.38,100.15,1231.88,86.23,1145.65,500.74,644.91,0.5629,279.79,276.74,368.17,96.35,5000.0,3178.18,1821.82,1.35,1.02,1.74,0.0736,5-10%,500.74,1231.88,1145.65,644.91,5,246.38,100.15,5-10%,86.23,Feb,Flux
2023-12-03,2023,12,Dec,Alpha,SMB,Germany,4,317.12,161.04,1268.49,317.12,951.37,644.17,307.2,0.3229,173.57,170.57,136.63,115.61,5000.0,2310.45,2689.55,1.7,1.24,0.86,0.0273,20%+,644.17,1268.49,951.37,307.2,4,317.12,161.04,20%+,317.12,Dec,Alpha
2023-03-08,2023,3,Mar,Delta,Consumer,UK,7,289.44,126.41,2026.08,0.0,2026.08,884.89,1141.19,0.5632,253.83,273.21,867.97,176.13,5000.0,2286.3,2713.7,1.43,0.96,0.84,0.1736,0-5%,884.89,2026.08,2026.08,1141.19,7,289.44,126.41,0-5%,0.0,Mar,Delta
2025-01-23,2025,1,Jan,Flux,Consumer,USA,11,179.64,79.8,1976.07,138.32,1837.75,877.75,960.0,0.5224,419.31,421.93,538.06,116.21,5000.0,2345.45,2654.55,2.39,2.19,0.88,0.1076,5-10%,877.75,1976.07,1837.75,960.0,11,179.64,79.8,5-10%,138.32,Jan,Flux
2025-12-27,2025,12,Dec,Bravo,Consumer,USA,10,241.1,93.82,2411.02,72.33,2338.69,938.21,1400.48,0.5988,567.53,559.24,841.23,95.56,5000.0,1832.31,3167.69,1.79,1.28,0.58,0.1682,0-5%,938.21,2411.02,2338.69,1400.48,10,241.1,93.82,0-5%,72.33,Dec,Bravo
2025-08-24,2025,8,Aug,Alpha,SMB,USA,10,124.62,53.28,1246.24,37.39,1208.85,532.83,676.03,0.5592,146.26,153.94,522.08,110.12,5000.0,2467.85,2532.15,1.95,1.6,0.97,0.1044,0-5%,532.83,1246.24,1208.85,676.03,10,124.62,53.28,0-5%,37.39,Aug,Alpha
2023-05-25,2023,5,May,Alpha,SMB,Canada,12,145.78,62.5,1749.37,0.0,1749.37,750.04,999.33,0.5713,246.55,266.0,733.34,163.84,5000.0,3223.25,1776.75,1.31,0.72,1.81,0.1467,0-5%,750.04,1749.37,1749.37,999.33,12,145.78,62.5,0-5%,0.0,May,Alpha
2025-07-31,2025,7,Jul,Delta,SMB,UK,8,218.3,113.29,1746.4,0.0,1746.4,906.3,840.1,0.481,230.0,238.9,601.2,119.83,5000.0,2996.47,2003.53,1.78,1.31,1.5,0.1202,0-5%,906.3,1746.4,1746.4,840.1,8,218.3,113.29,0-5%,0.0,Jul,Delta
2024-11-27,2024,11,Nov,Cobalt,Consumer,USA,9,203.35,72.28,1830.13,54.9,1775.23,650.52,1124.71,0.6336,449.98,414.48,710.22,115.58,5000.0,2331.62,2668.38,1.79,1.41,0.87,0.142,0-5%,650.52,1830.13,1775.23,1124.71,9,203.35,72.28,0-5%,54.9,Nov,Cobalt
2024-04-13,2024,4,Apr,Bravo,Consumer,USA,8,268.14,131.5,2145.13,150.16,1994.97,1052.03,942.94,0.4727,306.0,290.63,652.31,178.26,5000.0,2702.64,2297.36,2.4,1.93,1.18,0.1305,5-10%,1052.03,2145.13,1994.97,942.94,8,268.14,131.5,5-10%,150.16,Apr,Bravo
2024-02-21,2024,2,Feb,Echo,Consumer,UK,11,172.78,67.1,1900.59,57.02,1843.57,738.1,1105.47,0.5996,450.02,418.23,687.24,118.12,5000.0,2170.59,2829.41,1.53,0.98,0.77,0.1374,0-5%,738.1,1900.59,1843.57,1105.47,11,172.78,67.1,0-5%,57.02,Feb,Echo
2024-05-22,2024,5,May,Echo,Consumer,USA,10,192.85,91.05,1928.54,231.43,1697.12,910.53,786.59,0.4635,280.99,288.73,497.86,132.21,5000.0,2875.07,2124.93,2.07,1.58,1.35,0.0996,10-20%,910.53,1928.54,1697.12,786.59,10,192.85,91.05,10-20%,231.43,May,Echo
2023-06-17,2023,6,Jun,Delta,Consumer,USA,14,316.35,169.54,4428.85,0.0,4428.85,2373.52,2055.33,0.4641,1235.23,1237.5,817.83,454.46,8373.47,4027.0,4346.48,1.98,1.43,0.93,0.0977,0-5%,2373.52,4428.85,4428.85,2055.33,14,316.35,169.54,0-5%,0.0,Jun,Delta
2024-06-13,2024,6,Jun,Delta,SMB,USA,13,136.31,48.96,1772.08,53.16,1718.92,636.52,1082.4,0.6297,314.54,301.61,780.79,76.22,5000.0,2221.04,2778.96,1.26,0.93,0.8,0.1562,0-5%,636.52,1772.08,1718.92,1082.4,13,136.31,48.96,0-5%,53.16,Jun,Delta
2023-09-12,2023,9,Sep,Alpha,Consumer,UK,9,252.78,117.63,2274.99,273.0,2001.99,1058.71,943.28,0.4712,313.82,331.11,612.17,221.62,5000.0,2676.33,2323.67,1.8,1.55,1.15,0.1224,10-20%,1058.71,2274.99,2001.99,943.28,9,252.78,117.63,10-20%,273.0,Sep,Alpha
2024-09-06,2024,9,Sep,Delta,Consumer,UK,9,224.78,100.23,2022.98,141.61,1881.37,902.03,979.35,0.5205,516.93,496.28,483.07,121.07,5000.0,2826.0,2174.0,2.07,1.63,1.3,0.0966,5-10%,902.03,2022.98,1881.37,979.35,9,224.78,100.23,5-10%,141.61,Sep,Delta
2025-04-05,2025,4,Apr,Alpha,SMB,USA,6,226.19,121.6,1357.13,40.71,1316.41,729.63,586.79,0.4457,354.96,363.75,223.04,123.44,5000.0,2932.66,2067.34,1.7,1.32,1.42,0.0446,0-5%,729.63,1357.13,1316.41,586.79,6,226.19,121.6,0-5%,40.71,Apr,Alpha
2023-03-04,2023,3,Mar,Delta,Consumer,USA,8,257.84,136.5,2062.69,247.52,1815.17,1091.98,723.19,0.3984,312.77,315.21,407.99,140.39,5000.0,2968.17,2031.83,1.52,0.98,1.46,0.0816,10-20%,1091.98,2062.69,1815.17,723.19,8,257.84,136.5,10-20%,247.52,Mar,Delta
2023-04-29,2023,4,Apr,Cobalt,SMB,USA,9,244.9,114.45,2204.1,0.0,2204.1,1030.05,1174.05,0.5327,345.68,328.52,845.53,137.24,5000.0,2542.83,2457.17,2.24,1.78,1.03,0.1691,0-5%,1030.05,2204.1,2204.1,1174.05,9,244.9,114.45,0-5%,0.0,Apr,Cobalt
2025-03-20,2025,3,Mar,Cobalt,Consumer,USA,10,206.22,84.56,2062.22,0.0,2062.22,845.6,1216.62,0.59,261.27,247.61,969.01,146.75,5000.0,1918.83,3081.17,1.76,1.29,0.62,0.1938,0-5%,845.6,2062.22,2062.22,1216.62,10,206.22,84.56,0-5%,0.0,Mar,Cobalt
2023-08-27,2023,8,Aug,Alpha,SMB,USA,11,212.55,113.88,2338.01,163.66,2174.35,1252.68,921.67,0.4239,300.42,277.21,644.45,147.74,5000.0,2900.88,2099.12,1.29,0.92,1.38,0.1289,5-10%,1252.68,2338.01,2174.35,921.67,11,212.55,113.88,5-10%,163.66,Aug,Alpha
2023-04-11,2023,4,Apr,Alpha,Consumer,USA,12,205.87,90.22,2470.4,0.0,2470.4,1082.59,1387.81,0.5618,551.13,588.49,799.32,226.82,5000.0,2708.83,2291.17,1.16,0.58,1.18,0.1599,0-5%,1082.59,2470.4,2470.4,1387.81,12,205.87,90.22,0-5%,0.0,Apr,Alpha
2025-02-17,2025,2,Feb,Echo,Consumer,USA,9,184.96,66.49,1664.66,0.0,1664.66,598.4,1066.26,0.6405,214.97,205.35,860.91,94.79,5000.0,2413.95,2586.05,1.43,1.0,0.93,0.1722,0-5%,598.4,1664.66,1664.66,1066.26,9,184.96,66.49,0-5%,0.0,Feb,Echo
2024-02-26,2024,2,Feb,Bravo,SMB,USA,9,250.4,124.1,2253.58,67.61,2185.98,1116.89,1069.08,0.4891,393.19,410.51,658.58,128.42,5000.0,2283.25,2716.75,1.3,1.03,0.84,0.1317,0-5%,1116.89,2253.58,2185.98,1069.08,9,250.4,124.1,0-5%,67.61,Feb,Bravo
2023-11-26,2023,11,Nov,Alpha,Consumer,USA,9,159.73,70.68,1437.55,100.63,1336.92,636.13,700.8,0.5242,292.2,297.83,402.97,135.63,5000.0,2183.65,2816.35,1.37,1.15,0.78,0.0806,5-10%,636.13,1437.55,1336.92,700.8,9,159.73,70.68,5-10%,100.63,Nov,Alpha
2025-12-27,2025,12,Dec,Echo,SMB,USA,11,282.32,135.79,3105.56,217.39,2888.17,1493.68,1394.48,0.4828,569.39,553.93,840.55,262.57,5000.0,1815.75,3184.25,1.13,0.86,0.57,0.1681,5-10%,1493.68,3105.56,2888.17,1394.48,11,282.32,135.79,5-10%,217.39,Dec,Echo
2023-01-16,2023,1,Jan,Delta,Consumer,USA,8,256.52,129.61,2052.19,0.0,2052.19,1036.9,1015.29,0.4947,436.26,411.61,603.68,210.95,5000.0,2629.83,2370.17,1.57,1.22,1.11,0.1207,0-5%,1036.9,2052.19,2052.19,1015.29,8,256.52,129.61,0-5%,0.0,Jan,Delta
2023-03-09,2023,3,Mar,Cobalt,Enterprise,Germany,11,177.35,89.42,1950.9,58.53,1892.37,983.64,908.74,0.4802,493.08,521.23,387.51,120.11,5000.0,2816.16,2183.84,1.64,1.42,1.29,0.0775,0-5%,983.64,1950.9,1892.37,908.74,11,177.35,89.42,0-5%,58.53,Mar,Cobalt
2025-05-23,2025,5,May,Echo,Consumer,Canada,7,305.52,107.38,2138.64,64.16,2074.48,751.66,1322.83,0.6377,537.92,508.82,814.01,146.5,5000.0,2356.4,2643.6,1.77,1.48,0.89,0.1628,0-5%,751.66,2138.64,2074.48,1322.83,7,305.52,107.38,0-5%,64.16,May,Echo
2024-11-13,2024,11,Nov,Alpha,Consumer,USA,6,126.92,49.19,761.49,53.3,708.19,295.15,413.04,0.5832,105.72,106.78,306.26,50.0,5000.0,3017.64,1982.36,1.67,1.34,1.52,0.0613,5-10%,295.15,761.49,708.19,413.04,6,126.92,49.19,5-10%,53.3,Nov,Alpha
2023-01-25,2023,1,Jan,Delta,SMB,Germany,4,105.73,50.13,422.93,12.69,410.24,200.53,209.71,0.5112,92.43,89.2,120.51,50.0,5000.0,3151.55,1848.45,2.03,1.66,1.7,0.0241,0-5%,200.53,422.93,410.24,209.71,4,105.73,50.13,0-5%,12.69,Jan,Delta
2025-02-24,2025,2,Feb,Flux,SMB,UK,8,192.86,90.47,1542.89,108.0,1434.89,723.8,711.09,0.4956,172.21,170.22,540.87,113.71,5000.0,3061.5,1938.5,1.78,1.22,1.58,0.1082,5-10%,723.8,1542.89,1434.89,711.09,8,192.86,90.47,5-10%,108.0,Feb,Flux
2024-03-26,2024,3,Mar,Alpha,Consumer,Canada,7,284.44,107.24,1991.08,139.38,1851.71,750.67,1101.03,0.5946,441.93,468.17,632.86,111.35,5000.0,2994.2,2005.8,2.03,1.61,1.49,0.1266,5-10%,750.67,1991.08,1851.71,1101.03,7,284.44,107.24,5-10%,139.38,Mar,Alpha
2025-02-16,2025,2,Feb,Echo,Consumer,UK,5,137.2,64.51,685.99,20.58,665.42,322.57,342.84,0.5152,108.83,116.89,225.96,50.0,5000.0,2984.08,2015.92,2.04,1.78,1.48,0.0452,0-5%,322.57,685.99,665.42,342.84,5,137.2,64.51,0-5%,20.58,Feb,Echo
2023-11-24,2023,11,Nov,Flux,Consumer,Canada,10,105.62,53.04,1056.23,126.75,929.48,530.38,399.1,0.4294,112.29,104.03,295.07,105.18,5000.0,3180.27,1819.73,2.31,1.95,1.75,0.059,10-20%,530.38,1056.23,929.48,399.1,10,105.62,53.04,10-20%,126.75,Nov,Flux
2024-10-26,2024,10,Oct,Delta,Consumer,India,10,177.92,97.76,1779.17,0.0,1779.17,977.64,801.53,0.4505,286.46,269.69,531.84,158.31,5000.0,2145.43,2854.57,1.31,0.99,0.75,0.1064,0-5%,977.64,1779.17,1779.17,801.53,10,177.92,97.76,0-5%,0.0,Oct,Delta
2024-03-18,2024,3,Mar,Flux,Consumer,USA,9,271.89,144.85,2447.05,0.0,2447.05,1303.68,1143.37,0.4672,437.67,430.38,712.99,168.17,5000.0,2157.97,2842.03,1.52,1.07,0.76,0.1426,0-5%,1303.68,2447.05,2447.05,1143.37,9,271.89,144.85,0-5%,0.0,Mar,Flux
2025-04-16,2025,4,Apr,Echo,Consumer,USA,9,192.52,102.67,1732.66,433.17,1299.5,924.03,375.47,0.2889,296.76,301.61,73.85,167.7,5000.0,2992.76,2007.24,1.64,1.05,1.49,0.0148,20%+,924.03,1732.66,1299.5,375.47,9,192.52,102.67,20%+,433.17,Apr,Echo
2025-02-20,2025,2,Feb,Flux,Consumer,USA,9,279.86,152.45,2518.76,302.25,2216.5,1372.05,844.45,0.381,485.76,455.31,389.15,250.63,5000.0,2850.1,2149.9,0.91,0.65,1.33,0.0778,10-20%,1372.05,2518.76,2216.5,844.45,9,279.86,152.45,10-20%,302.25,Feb,Flux
2023-03-15,2023,3,Mar,Delta,SMB,USA,9,235.07,126.38,2115.66,148.1,1967.57,1137.39,830.17,0.4219,268.45,264.88,565.29,179.1,5000.0,2557.45,2442.55,2.57,2.03,1.05,0.1131,5-10%,1137.39,2115.66,1967.57,830.17,9,235.07,126.38,5-10%,148.1,Mar,Delta
2023-04-24,2023,4,Apr,Delta,Consumer,UK,9,296.15,150.36,2665.38,0.0,2665.38,1353.22,1312.16,0.4923,635.9,639.52,672.64,270.38,5000.0,1766.75,3233.25,1.67,1.2,0.55,0.1345,0-5%,1353.22,2665.38,2665.38,1312.16,9,296.15,150.36,0-5%,0.0,Apr,Delta
2025-09-03,2025,9,Sep,Cobalt,Enterprise,Germany,8,294.13,148.83,2353.07,70.59,2282.48,1190.68,1091.8,0.4783,418.43,445.99,645.81,219.72,5000.0,2806.24,2193.76,1.45,1.17,1.28,0.1292,0-5%,1190.68,2353.07,2282.48,1091.8,8,294.13,148.83,0-5%,70.59,Sep,Cobalt
2023-07-06,2023,7,Jul,Alpha,Consumer,USA,5,226.14,98.79,1130.69,0.0,1130.69,493.94,636.75,0.5631,292.42,289.53,347.22,67.03,5000.0,2401.97,2598.03,1.79,1.57,0.92,0.0694,0-5%,493.94,1130.69,1130.69,636.75,5,226.14,98.79,0-5%,0.0,Jul,Alpha
2025-08-16,2025,8,Aug,Alpha,Consumer,USA,9,178.59,76.92,1607.35,0.0,1607.35,692.32,915.03,0.5693,231.88,219.58,695.44,81.87,5000.0,2507.84,2492.16,1.45,1.15,1.01,0.1391,0-5%,692.32,1607.35,1607.35,915.03,9,178.59,76.92,0-5%,0.0,Aug,Alpha
2023-05-12,2023,5,May,Bravo,Consumer,USA,8,235.3,91.37,1882.38,225.89,1656.49,730.95,925.55,0.5587,324.45,310.16,615.39,83.38,5000.0,2215.92,2784.08,1.57,1.24,0.8,0.1231,10-20%,730.95,1882.38,1656.49,925.55,8,235.3,91.37,10-20%,225.89,May,Bravo
2024-06-29,2024,6,Jun,Bravo,SMB,India,9,300.65,130.69,2705.81,0.0,2705.81,1176.25,1529.55,0.5653,443.99,462.71,1066.85,157.9,5000.0,2559.57,2440.43,1.59,1.3,1.05,0.2134,0-5%,1176.25,2705.81,2705.81,1529.55,9,300.65,130.69,0-5%,0.0,Jun,Bravo
2023-01-17,2023,1,Jan,Delta,Consumer,USA,5,180.32,70.17,901.62,0.0,901.62,350.83,550.8,0.6109,236.97,230.47,320.33,50.0,5000.0,2310.01,2689.99,1.39,1.17,0.86,0.0641,0-5%,350.83,901.62,901.62,550.8,5,180.32,70.17,0-5%,0.0,Jan,Delta
2025-03-06,2025,3,Mar,Alpha,Consumer,USA,7,141.2,50.32,988.37,29.65,958.72,352.23,606.49,0.6326,187.52,201.27,405.21,50.0,5000.0,2936.63,2063.37,2.16,1.87,1.42,0.081,0-5%,352.23,988.37,958.72,606.49,7,141.2,50.32,0-5%,29.65,Mar,Alpha
2024-07-25,2024,7,Jul,Echo,Consumer,USA,14,246.68,126.01,3453.45,0.0,3453.45,1764.16,1689.29,0.4892,742.79,771.37,917.92,333.29,5505.61,2211.12,3294.49,1.94,1.4,0.67,0.1667,0-5%,1764.16,3453.45,3453.45,1689.29,14,246.68,126.01,0-5%,0.0,Jul,Echo
2024-01-04,2024,1,Jan,Alpha,SMB,India,7,229.62,85.71,1607.31,112.51,1494.8,599.95,894.85,0.5986,375.96,360.28,534.57,101.44,5000.0,2839.63,2160.37,1.96,1.42,1.31,0.1069,5-10%,599.95,1607.31,1494.8,894.85,7,229.62,85.71,5-10%,112.51,Jan,Alpha
2025-01-23,2025,1,Jan,Cobalt,SMB,Canada,11,220.26,107.44,2422.91,169.6,2253.31,1181.88,1071.42,0.4755,581.84,604.9,466.53,180.75,5000.0,2045.43,2954.57,1.69,1.15,0.69,0.0933,5-10%,1181.88,2422.91,2253.31,1071.42,11,220.26,107.44,5-10%,169.6,Jan,Cobalt
2023-07-17,2023,7,Jul,Flux,Consumer,USA,12,97.6,35.23,1171.23,35.14,1136.09,422.72,713.37,0.6279,257.72,271.21,442.16,67.22,5000.0,2074.96,2925.04,1.47,1.24,0.71,0.0884,0-5%,422.72,1171.23,1136.09,713.37,12,97.6,35.23,0-5%,35.14,Jul,Flux
2025-12-15,2025,12,Dec,Delta,Consumer,USA,6,210.74,97.07,1264.46,0.0,1264.46,582.43,682.03,0.5394,310.03,299.75,382.28,60.03,5000.0,1929.57,3070.43,1.36,1.04,0.63,0.0765,0-5%,582.43,1264.46,1264.46,682.03,6,210.74,97.07,0-5%,0.0,Dec,Delta
2025-12-07,2025,12,Dec,Cobalt,Consumer,UK,6,182.47,64.78,1094.79,131.38,963.42,388.69,574.73,0.5966,116.21,118.59,456.14,55.49,5000.0,2830.47,2169.53,2.02,1.74,1.3,0.0912,10-20%,388.69,1094.79,963.42,574.73,6,182.47,64.78,10-20%,131.38,Dec,Cobalt
2024-09-25,2024,9,Sep,Bravo,SMB,USA,11,68.35,29.16,751.9,0.0,751.9,320.79,431.11,0.5734,143.46,150.55,280.56,50.0,5000.0,2751.14,2248.86,1.38,0.83,1.22,0.0561,0-5%,320.79,751.9,751.9,431.11,11,68.35,29.16,0-5%,0.0,Sep,Bravo
2024-04-03,2024,4,Apr,Bravo,SMB,India,11,216.91,81.0,2385.96,71.58,2314.38,890.95,1423.43,0.615,295.98,291.85,1131.58,120.27,5000.0,3160.59,1839.41,1.93,1.67,1.72,0.2263,0-5%,890.95,2385.96,2314.38,1423.43,11,216.91,81.0,0-5%,71.58,Apr,Bravo
2025-02-22,2025,2,Feb,Alpha,Consumer,India,4,237.88,123.7,951.53,0.0,951.53,494.81,456.72,0.48,207.86,202.62,254.11,64.97,5000.0,2986.16,2013.84,1.53,1.11,1.48,0.0508,0-5%,494.81,951.53,951.53,456.72,4,237.88,123.7,0-5%,0.0,Feb,Alpha
2025-03-02,2025,3,Mar,Bravo,Consumer,USA,10,261.57,109.59,2615.72,0.0,2615.72,1095.88,1519.85,0.581,571.78,579.95,939.9,174.57,5000.0,1928.49,3071.51,2.18,1.82,0.63,0.188,0-5%,1095.88,2615.72,2615.72,1519.85,10,261.57,109.59,0-5%,0.0,Mar,Bravo
2023-06-20,2023,6,Jun,Flux,Consumer,India,9,198.89,95.99,1790.03,125.3,1664.73,863.92,800.81,0.481,264.71,283.66,517.14,171.41,5000.0,2475.1,2524.9,1.47,1.27,0.98,0.1034,5-10%,863.92,1790.03,1664.73,800.81,9,198.89,95.99,5-10%,125.3,Jun,Flux
2025-11-30,2025,11,Nov,Cobalt,Enterprise,USA,6,170.56,66.25,1023.38,0.0,1023.38,397.48,625.9,0.6116,192.45,193.45,432.45,75.2,5000.0,2678.44,2321.56,1.57,1.21,1.15,0.0865,0-5%,397.48,1023.38,1023.38,625.9,6,170.56,66.25,0-5%,0.0,Nov,Cobalt
2024-07-10,2024,7,Jul,Cobalt,Consumer,USA,5,191.09,97.56,955.43,28.66,926.76,487.81,438.95,0.4736,122.93,124.0,314.95,50.0,5000.0,2612.62,2387.38,1.6,1.4,1.09,0.063,0-5%,487.81,955.43,926.76,438.95,5,191.09,97.56,0-5%,28.66,Jul,Cobalt
2023-05-07,2023,5,May,Cobalt,Enterprise,USA,9,255.28,134.18,2297.54,68.93,2228.61,1207.61,1021.01,0.4581,578.72,596.81,424.19,184.38,5000.0,2482.12,2517.88,1.5,1.28,0.99,0.0848,0-5%,1207.61,2297.54,2228.61,1021.01,9,255.28,134.18,0-5%,68.93,May,Cobalt
2023-06-11,2023,6,Jun,Delta,SMB,USA,14,166.86,59.62,2336.04,163.52,2172.52,834.66,1337.86,0.6158,595.12,549.91,787.95,155.6,5000.0,1756.44,3243.56,1.51,1.26,0.54,0.1576,5-10%,834.66,2336.04,2172.52,1337.86,14,166.86,59.62,5-10%,163.52,Jun,Delta
2023-11-07,2023,11,Nov,Echo,Consumer,UK,11,147.85,68.94,1626.36,48.79,1577.57,758.3,819.27,0.5193,282.73,293.24,526.03,116.95,5000.0,1900.52,3099.48,1.78,1.55,0.61,0.1052,0-5%,758.3,1626.36,1577.57,819.27,11,147.85,68.94,0-5%,48.79,Nov,Echo
2025-08-21,2025,8,Aug,Bravo,SMB,USA,9,192.78,90.96,1735.0,208.2,1526.8,818.62,708.18,0.4638,403.27,428.28,279.91,175.02,5000.0,2536.12,2463.88,2.21,1.9,1.03,0.056,10-20%,818.62,1735.0,1526.8,708.18,9,192.78,90.96,10-20%,208.2,Aug,Bravo
2024-04-16,2024,4,Apr,Alpha,Enterprise,USA,8,133.04,71.46,1064.34,0.0,1064.34,571.68,492.66,0.4629,260.6,277.61,215.05,94.35,5000.0,2233.86,2766.14,2.11,1.62,0.81,0.043,0-5%,571.68,1064.34,1064.34,492.66,8,133.04,71.46,0-5%,0.0,Apr,Alpha
2023-06-13,2023,6,Jun,Delta,Enterprise,USA,13,186.63,92.21,2426.13,72.78,2353.34,1198.69,1154.65,0.4906,351.22,326.88,827.77,165.53,5000.0,2526.07,2473.93,2.49,2.1,1.02,0.1656,0-5%,1198.69,2426.13,2353.34,1154.65,13,186.63,92.21,0-5%,72.78,Jun,Delta
2024-07-26,2024,7,Jul,Echo,Consumer,India,6,209.48,114.93,1256.86,0.0,1256.86,689.58,567.28,0.4513,198.57,195.83,371.45,124.32,5000.0,2574.59,2425.41,1.94,1.42,1.06,0.0743,0-5%,689.58,1256.86,1256.86,567.28,6,209.48,114.93,0-5%,0.0,Jul,Echo
2024-05-05,2024,5,May,Echo,Consumer,USA,15,223.27,121.4,3349.06,0.0,3349.06,1820.94,1528.12,0.4563,544.88,514.44,1013.68,329.15,5958.99,2384.14,3574.84,2.68,2.34,0.67,0.1701,0-5%,1820.94,3349.06,3349.06,1528.12,15,223.27,121.4,0-5%,0.0,May,Echo
2023-01-21,2023,1,Jan,Alpha,Consumer,Canada,10,203.29,72.74,2032.95,0.0,2032.95,727.44,1305.51,0.6422,291.83,281.69,1023.82,134.09,5000.0,3071.69,1928.31,1.69,1.14,1.59,0.2048,0-5%,727.44,2032.95,2032.95,1305.51,10,203.29,72.74,0-5%,0.0,Jan,Alpha
2025-05-28,2025,5,May,Alpha,Consumer,Canada,6,298.05,135.1,1788.27,53.65,1734.62,810.57,924.05,0.5327,334.94,351.07,572.98,151.39,5000.0,1882.18,3117.82,1.86,1.6,0.6,0.1146,0-5%,810.57,1788.27,1734.62,924.05,6,298.05,135.1,0-5%,53.65,May,Alpha
2023-10-17,2023,10,Oct,Bravo,Consumer,UK,8,230.24,81.18,1841.92,0.0,1841.92,649.46,1192.46,0.6474,223.12,217.33,975.13,95.28,5000.0,2988.12,2011.88,2.18,1.77,1.49,0.195,0-5%,649.46,1841.92,1841.92,1192.46,8,230.24,81.18,0-5%,0.0,Oct,Bravo
2023-02-25,2023,2,Feb,Cobalt,Consumer,USA,11,172.89,65.34,1901.74,475.43,1426.3,718.7,707.6,0.4961,209.58,220.92,486.68,156.64,5000.0,2687.28,2312.72,1.91,1.57,1.16,0.0973,20%+,718.7,1901.74,1426.3,707.6,11,172.89,65.34,20%+,475.43,Feb,Cobalt
2024-08-20,2024,8,Aug,Bravo,Consumer,USA,8,214.42,89.02,1715.39,428.85,1286.54,712.14,574.4,0.4465,199.93,214.81,359.59,87.15,5000.0,2578.0,2422.0,2.32,1.78,1.06,0.0719,20%+,712.14,1715.39,1286.54,574.4,8,214.42,89.02,20%+,428.85,Aug,Bravo
2023-03-01,2023,3,Mar,Delta,SMB,USA,12,162.02,85.84,1944.19,233.3,1710.89,1030.05,680.84,0.3979,376.59,363.07,317.77,195.76,5000.0,2319.11,2680.89,2.1,1.74,0.87,0.0636,10-20%,1030.05,1944.19,1710.89,680.84,12,162.02,85.84,10-20%,233.3,Mar,Delta
2024-11-02,2024,11,Nov,Alpha,Enterprise,India,7,200.75,79.54,1405.25,42.16,1363.09,556.79,806.31,0.5915,250.41,247.24,559.07,86.65,5000.0,2781.1,2218.9,1.8,1.31,1.25,0.1118,0-5%,556.79,1405.25,1363.09,806.31,7,200.75,79.54,0-5%,42.16,Nov,Alpha
2024-07-27,2024,7,Jul,Delta,Consumer,Canada,7,176.69,71.87,1236.83,0.0,1236.83,503.06,733.78,0.5933,253.38,255.87,477.9,71.46,5000.0,2106.62,2893.38,1.88,1.45,0.73,0.0956,0-5%,503.06,1236.83,1236.83,733.78,7,176.69,71.87,0-5%,0.0,Jul,Delta
2024-06-25,2024,6,Jun,Flux,Consumer,India,11,263.25,113.21,2895.8,0.0,2895.8,1245.36,1650.44,0.5699,731.41,767.42,883.02,146.27,5000.0,1849.45,3150.55,1.83,1.53,0.59,0.1766,0-5%,1245.36,2895.8,2895.8,1650.44,11,263.25,113.21,0-5%,0.0,Jun,Flux
2025-09-10,2025,9,Sep,Echo,Enterprise,USA,10,106.77,50.29,1067.73,0.0,1067.73,502.94,564.79,0.529,264.29,272.55,292.24,97.87,5000.0,1862.04,3137.96,1.95,1.35,0.59,0.0584,0-5%,502.94,1067.73,1067.73,564.79,10,106.77,50.29,0-5%,0.0,Sep,Echo
2025-04-22,2025,4,Apr,Cobalt,Enterprise,India,3,269.62,133.95,808.87,0.0,808.87,401.86,407.01,0.5032,107.72,112.04,294.97,57.1,5000.0,3225.08,1774.92,1.93,1.37,1.82,0.059,0-5%,401.86,808.87,808.87,407.01,3,269.62,133.95,0-5%,0.0,Apr,Cobalt
2025-10-29,2025,10,Oct,Alpha,Consumer,USA,5,313.23,171.05,1566.16,46.98,1519.17,855.24,663.93,0.437,394.23,414.22,249.71,172.83,5000.0,1965.82,3034.18,1.96,1.49,0.65,0.0499,0-5%,855.24,1566.16,1519.17,663.93,5,313.23,171.05,0-5%,46.98,Oct,Alpha
2025-07-24,2025,7,Jul,Alpha,Consumer,USA,7,329.54,150.28,2306.75,69.2,2237.55,1051.98,1185.57,0.5299,528.42,489.0,696.57,162.61,5000.0,2551.38,2448.62,1.9,1.66,1.04,0.1393,0-5%,1051.98,2306.75,2237.55,1185.57,7,329.54,150.28,0-5%,69.2,Jul,Alpha
2023-10-09,2023,10,Oct,Delta,SMB,USA,10,226.61,86.9,2266.05,566.51,1699.54,868.99,830.55,0.4887,353.11,326.1,504.45,174.25,5000.0,2191.47,2808.53,1.95,1.69,0.78,0.1009,20%+,868.99,2266.05,1699.54,830.55,10,226.61,86.9,20%+,566.51,Oct,Delta
2025-09-04,2025,9,Sep,Flux,Enterprise,USA,13,199.72,80.11,2596.4,0.0,2596.4,1041.41,1555.0,0.5989,569.09,577.62,977.38,167.95,5000.0,2685.76,2314.24,1.99,1.61,1.16,0.1955,0-5%,1041.41,2596.4,2596.4,1555.0,13,199.72,80.11,0-5%,0.0,Sep,Flux
2025-04-28,2025,4,Apr,Echo,SMB,USA,9,181.57,75.47,1634.16,49.02,1585.14,679.21,905.93,0.5715,338.94,355.16,550.77,78.82,5000.0,2108.36,2891.64,1.9,1.42,0.73,0.1102,0-5%,679.21,1634.16,1585.14,905.93,9,181.57,75.47,0-5%,49.02,Apr,Echo
2025-12-10,2025,12,Dec,Bravo,Consumer,Canada,6,246.36,126.09,1478.19,44.35,1433.84,756.51,677.33,0.4724,227.95,235.25,442.08,150.44,5000.0,2984.46,2015.54,1.91,1.33,1.48,0.0884,0-5%,756.51,1478.19,1433.84,677.33,6,246.36,126.09,0-5%,44.35,Dec,Bravo
2025-11-20,2025,11,Nov,Delta,Consumer,USA,10,138.92,58.01,1389.24,0.0,1389.24,580.06,809.17,0.5825,202.62,204.84,604.34,90.89,5000.0,1797.96,3202.04,1.83,1.56,0.56,0.1209,0-5%,580.06,1389.24,1389.24,809.17,10,138.92,58.01,0-5%,0.0,Nov,Delta
2025-10-07,2025,10,Oct,Alpha,SMB,USA,9,230.81,93.71,2077.27,249.27,1828.0,843.41,984.59,0.5386,470.78,497.18,487.4,168.73,5000.0,1879.54,3120.46,0.91,0.5,0.6,0.0975,10-20%,843.41,2077.27,1828.0,984.59,9,230.81,93.71,10-20%,249.27,Oct,Alpha
2024-09-06,2024,9,Sep,Cobalt,SMB,India,8,202.02,92.53,1616.16,0.0,1616.16,740.25,875.91,0.542,441.09,430.7,445.21,93.76,5000.0,3205.94,1794.06,1.47,1.1,1.79,0.089,0-5%,740.25,1616.16,1616.16,875.91,8,202.02,92.53,0-5%,0.0,Sep,Cobalt
2024-01-18,2024,1,Jan,Cobalt,Consumer,UK,9,193.68,85.41,1743.13,0.0,1743.13,768.69,974.44,0.559,354.9,330.51,643.93,118.87,5000.0,2522.86,2477.14,1.66,1.24,1.02,0.1288,0-5%,768.69,1743.13,1743.13,974.44,9,193.68,85.41,0-5%,0.0,Jan,Cobalt
2025-08-17,2025,8,Aug,Echo,SMB,USA,10,122.73,66.18,1227.34,0.0,1227.34,661.8,565.54,0.4608,176.18,186.68,378.86,93.15,5000.0,2709.55,2290.45,1.47,0.92,1.18,0.0758,0-5%,661.8,1227.34,1227.34,565.54,10,122.73,66.18,0-5%,0.0,Aug,Echo
2023-06-07,2023,6,Jun,Flux,SMB,USA,15,222.41,84.69,3336.11,0.0,3336.11,1270.37,2065.74,0.6192,708.1,764.07,1301.67,171.6,6642.35,3012.33,3630.02,1.61,1.15,0.83,0.196,0-5%,1270.37,3336.11,3336.11,2065.74,15,222.41,84.69,0-5%,0.0,Jun,Flux
2024-06-18,2024,6,Jun,Echo,Enterprise,USA,7,174.4,85.89,1220.83,0.0,1220.83,601.25,619.57,0.5075,327.41,323.37,296.2,80.11,5000.0,2107.47,2892.53,1.25,0.99,0.73,0.0592,0-5%,601.25,1220.83,1220.83,619.57,7,174.4,85.89,0-5%,0.0,Jun,Echo
2023-11-07,2023,11,Nov,Bravo,Consumer,USA,7,184.85,89.44,1293.94,0.0,1293.94,626.1,667.84,0.5161,178.07,168.34,499.5,103.33,5000.0,2874.4,2125.6,1.94,1.64,1.35,0.0999,0-5%,626.1,1293.94,1293.94,667.84,7,184.85,89.44,0-5%,0.0,Nov,Bravo
2025-01-26,2025,1,Jan,Cobalt,Consumer,UK,10,229.58,119.88,2295.82,275.5,2020.32,1198.82,821.5,0.4066,248.89,267.47,554.04,131.75,5000.0,2135.89,2864.11,1.09,0.86,0.75,0.1108,10-20%,1198.82,2295.82,2020.32,821.5,10,229.58,119.88,10-20%,275.5,Jan,Cobalt
2023-03-20,2023,3,Mar,Cobalt,Enterprise,UK,12,176.89,95.16,2122.66,0.0,2122.66,1141.91,980.75,0.462,568.78,584.86,395.89,120.16,5000.0,2592.39,2407.61,1.86,1.47,1.08,0.0792,0-5%,1141.91,2122.66,2122.66,980.75,12,176.89,95.16,0-5%,0.0,Mar,Cobalt
2023-04-23,2023,4,Apr,Alpha,SMB,USA,14,152.71,65.44,2137.94,0.0,2137.94,916.13,1221.81,0.5715,267.38,259.17,962.64,182.13,5000.0,2099.71,2900.29,1.66,1.46,0.72,0.1925,0-5%,916.13,2137.94,2137.94,1221.81,14,152.71,65.44,0-5%,0.0,Apr,Alpha
2023-05-09,2023,5,May,Flux,Consumer,USA,7,199.83,100.07,1398.8,97.92,1300.88,700.5,600.38,0.4615,324.39,302.49,297.88,88.87,5000.0,2030.33,2969.67,1.53,1.07,0.68,0.0596,5-10%,700.5,1398.8,1300.88,600.38,7,199.83,100.07,5-10%,97.92,May,Flux
2025-05-18,2025,5,May,Bravo,Consumer,USA,6,294.91,134.1,1769.48,53.08,1716.4,804.59,911.81,0.5312,316.79,298.97,612.84,108.19,5000.0,3007.15,1992.85,2.26,1.68,1.51,0.1226,0-5%,804.59,1769.48,1716.4,911.81,6,294.91,134.1,0-5%,53.08,May,Bravo
2023-05-07,2023,5,May,Bravo,Consumer,USA,15,269.27,140.6,4039.02,121.17,3917.85,2108.98,1808.87,0.4617,905.53,869.35,939.52,218.67,5012.3,1913.05,3099.24,1.21,0.69,0.62,0.1874,0-5%,2108.98,4039.02,3917.85,1808.87,15,269.27,140.6,0-5%,121.17,May,Bravo
2024-08-22,2024,8,Aug,Bravo,Enterprise,USA,11,218.1,83.2,2399.06,167.93,2231.12,915.17,1315.95,0.5898,464.22,486.62,829.33,156.49,5000.0,1929.89,3070.11,1.69,1.11,0.63,0.1659,5-10%,915.17,2399.06,2231.12,1315.95,11,218.1,83.2,5-10%,167.93,Aug,Bravo
2024-04-21,2024,4,Apr,Echo,SMB,USA,10,196.97,92.96,1969.73,59.09,1910.63,929.62,981.02,0.5135,269.01,273.14,707.88,169.73,5000.0,2026.54,2973.46,1.66,1.12,0.68,0.1416,0-5%,929.62,1969.73,1910.63,981.02,10,196.97,92.96,0-5%,59.09,Apr,Echo
2023-02-13,2023,2,Feb,Cobalt,Consumer,USA,7,170.04,73.63,1190.31,142.84,1047.47,515.39,532.08,0.508,155.5,156.58,375.5,56.31,5000.0,2432.77,2567.23,1.87,1.33,0.95,0.0751,10-20%,515.39,1190.31,1047.47,532.08,7,170.04,73.63,10-20%,142.84,Feb,Cobalt
2023-02-19,2023,2,Feb,Bravo,Consumer,India,11,187.24,73.0,2059.69,247.16,1812.53,802.99,1009.54,0.557,499.68,527.88,481.66,112.04,5000.0,2652.45,2347.55,1.94,1.4,1.13,0.0963,10-20%,802.99,2059.69,1812.53,1009.54,11,187.24,73.0,10-20%,247.16,Feb,Bravo
2025-04-25,2025,4,Apr,Bravo,Consumer,India,10,268.44,96.25,2684.42,0.0,2684.42,962.54,1721.88,0.6414,569.82,558.42,1163.46,122.98,5000.0,3150.01,1849.99,1.46,1.23,1.7,0.2327,0-5%,962.54,2684.42,2684.42,1721.88,10,268.44,96.25,0-5%,0.0,Apr,Bravo
2023-03-09,2023,3,Mar,Alpha,Consumer,USA,10,200.4,107.84,2004.02,0.0,2004.02,1078.4,925.62,0.4619,257.64,247.31,678.31,169.72,5000.0,2628.62,2371.38,1.95,1.36,1.11,0.1357,0-5%,1078.4,2004.02,2004.02,925.62,10,200.4,107.84,0-5%,0.0,Mar,Alpha
2025-03-15,2025,3,Mar,Alpha,Consumer,USA,9,256.8,131.39,2311.19,0.0,2311.19,1182.48,1128.72,0.4884,559.15,590.35,538.37,157.26,5000.0,2089.54,2910.46,2.68,2.29,0.72,0.1077,0-5%,1182.48,2311.19,2311.19,1128.72,9,256.8,131.39,0-5%,0.0,Mar,Alpha
2025-08-22,2025,8,Aug,Delta,SMB,Canada,20,179.42,89.95,3588.33,251.18,3337.14,1799.03,1538.11,0.4609,783.52,745.26,792.84,307.21,5117.83,2305.42,2812.41,1.52,1.02,0.82,0.1549,5-10%,1799.03,3588.33,3337.14,1538.11,20,179.42,89.95,5-10%,251.18,Aug,Delta
2024-12-27,2024,12,Dec,Echo,SMB,USA,14,130.58,52.75,1828.08,54.84,1773.24,738.51,1034.73,0.5835,240.36,248.73,786.0,111.89,5000.0,2934.94,2065.06,1.97,1.42,1.42,0.1572,0-5%,738.51,1828.08,1773.24,1034.73,14,130.58,52.75,0-5%,54.84,Dec,Echo
2025-07-31,2025,7,Jul,Echo,Enterprise,Germany,11,283.69,134.52,3120.59,0.0,3120.59,1479.74,1640.85,0.5258,486.09,520.3,1120.55,213.34,5000.0,2855.42,2144.58,1.87,1.43,1.33,0.2241,0-5%,1479.74,3120.59,3120.59,1640.85,11,283.69,134.52,0-5%,0.0,Jul,Echo
2023-04-20,2023,4,Apr,Flux,SMB,USA,8,173.76,78.23,1390.04,0.0,1390.04,625.87,764.18,0.5498,228.84,233.51,530.67,85.87,5000.0,2546.43,2453.57,2.31,1.99,1.04,0.1061,0-5%,625.87,1390.04,1390.04,764.18,8,173.76,78.23,0-5%,0.0,Apr,Flux
2024-03-02,2024,3,Mar,Delta,SMB,USA,11,236.73,104.51,2604.01,78.12,2525.89,1149.59,1376.3,0.5449,612.45,618.96,757.34,168.12,5124.69,3052.37,2072.33,1.88,1.46,1.47,0.1478,0-5%,1149.59,2604.01,2525.89,1376.3,11,236.73,104.51,0-5%,78.12,Mar,Delta
2024-10-02,2024,10,Oct,Echo,SMB,USA,10,255.57,94.24,2555.67,76.67,2479.0,942.4,1536.6,0.6198,614.27,585.85,950.75,116.2,5000.0,2010.99,2989.01,1.85,1.31,0.67,0.1902,0-5%,942.4,2555.67,2479.0,1536.6,10,255.57,94.24,0-5%,76.67,Oct,Echo
2025-03-10,2025,3,Mar,Bravo,Enterprise,USA,9,225.54,119.55,2029.82,0.0,2029.82,1075.92,953.91,0.4699,501.77,489.65,464.26,186.98,5000.0,2241.37,2758.63,2.12,1.73,0.81,0.0929,0-5%,1075.92,2029.82,2029.82,953.91,9,225.54,119.55,0-5%,0.0,Mar,Bravo
2023-09-02,2023,9,Sep,Cobalt,SMB,UK,13,195.66,71.4,2543.59,76.31,2467.28,928.21,1539.08,0.6238,400.69,428.12,1110.95,144.08,5000.0,2652.74,2347.26,1.27,0.97,1.13,0.2222,0-5%,928.21,2543.59,2467.28,1539.08,13,195.66,71.4,0-5%,76.31,Sep,Cobalt
2025-01-28,2025,1,Jan,Alpha,Enterprise,India,4,350.58,154.69,1402.32,42.07,1360.25,618.78,741.47,0.5451,298.98,321.37,420.1,126.64,5000.0,2511.91,2488.09,1.76,1.37,1.01,0.084,0-5%,618.78,1402.32,1360.25,741.47,4,350.58,154.69,0-5%,42.07,Jan,Alpha
2025-06-01,2025,6,Jun,Flux,Consumer,USA,12,157.97,56.23,1895.66,0.0,1895.66,674.77,1220.89,0.644,434.81,444.36,776.53,127.05,5000.0,2748.94,2251.06,1.54,0.96,1.22,0.1553,0-5%,674.77,1895.66,1895.66,1220.89,12,157.97,56.23,0-5%,0.0,Jun,Flux
2023-01-11,2023,1,Jan,Flux,Consumer,USA,8,226.85,93.73,1814.79,0.0,1814.79,749.87,1064.92,0.5868,449.9,451.07,613.85,117.78,5000.0,2694.07,2305.93,1.36,1.02,1.17,0.1228,0-5%,749.87,1814.79,1814.79,1064.92,8,226.85,93.73,0-5%,0.0,Jan,Flux
2024-11-17,2024,11,Nov,Delta,Consumer,USA,8,170.14,65.81,1361.14,163.34,1197.8,526.48,671.32,0.5605,192.32,199.29,472.03,76.84,5000.0,2291.68,2708.32,1.59,1.21,0.85,0.0944,10-20%,526.48,1361.14,1197.8,671.32,8,170.14,65.81,10-20%,163.34,Nov,Delta
2024-01-19,2024,1,Jan,Delta,Consumer,USA,3,100.51,38.15,301.54,21.11,280.44,114.46,165.97,0.5918,34.77,35.31,130.66,50.0,5000.0,1979.65,3020.35,1.8,1.21,0.66,0.0261,5-10%,114.46,301.54,280.44,165.97,3,100.51,38.15,5-10%,21.11,Jan,Delta
2025-10-22,2025,10,Oct,Delta,SMB,USA,9,256.3,126.25,2306.67,0.0,2306.67,1136.21,1170.46,0.5074,379.29,369.78,800.69,217.4,5000.0,1793.46,3206.54,2.12,1.63,0.56,0.1601,0-5%,1136.21,2306.67,2306.67,1170.46,9,256.3,126.25,0-5%,0.0,Oct,Delta
2025-11-02,2025,11,Nov,Cobalt,Consumer,India,9,265.03,123.18,2385.31,0.0,2385.31,1108.6,1276.71,0.5352,402.82,404.65,872.07,138.02,5000.0,1963.96,3036.04,1.87,1.62,0.65,0.1744,0-5%,1108.6,2385.31,2385.31,1276.71,9,265.03,123.18,0-5%,0.0,Nov,Cobalt
2024-01-22,2024,1,Jan,Alpha,Consumer,USA,7,200.28,81.15,1401.97,98.14,1303.83,568.08,735.75,0.5643,270.67,262.38,473.37,62.69,5000.0,3082.9,1917.1,2.1,1.82,1.61,0.0947,5-10%,568.08,1401.97,1303.83,735.75,7,200.28,81.15,5-10%,98.14,Jan,Alpha
2023-02-24,2023,2,Feb,Alpha,Consumer,India,8,198.04,89.54,1584.36,0.0,1584.36,716.29,868.07,0.5479,216.79,221.79,646.28,77.57,5000.0,2710.03,2289.97,2.09,1.5,1.18,0.1293,0-5%,716.29,1584.36,1584.36,868.07,8,198.04,89.54,0-5%,0.0,Feb,Alpha
2023-10-15,2023,10,Oct,Flux,SMB,USA,8,185.78,78.22,1486.27,0.0,1486.27,625.73,860.54,0.579,412.15,381.37,479.18,88.32,5000.0,2950.17,2049.83,1.75,1.51,1.44,0.0958,0-5%,625.73,1486.27,1486.27,860.54,8,185.78,78.22,0-5%,0.0,Oct,Flux
2025-02-01,2025,2,Feb,Delta,Consumer,Germany,9,192.77,71.73,1734.95,52.05,1682.9,645.53,1037.37,0.6164,441.4,453.7,583.67,76.62,5000.0,1858.55,3141.45,1.69,1.37,0.59,0.1167,0-5%,645.53,1734.95,1682.9,1037.37,9,192.77,71.73,0-5%,52.05,Feb,Delta
2023-11-26,2023,11,Nov,Echo,Consumer,USA,15,141.85,57.31,2127.79,0.0,2127.79,859.65,1268.14,0.596,477.91,476.84,791.3,153.42,5000.0,2813.29,2186.71,1.84,1.27,1.29,0.1583,0-5%,859.65,2127.79,2127.79,1268.14,15,141.85,57.31,0-5%,0.0,Nov,Echo
2023-07-15,2023,7,Jul,Delta,SMB,USA,7,162.58,71.35,1138.08,0.0,1138.08,499.43,638.64,0.5612,150.32,157.81,480.83,61.12,5000.0,2594.78,2405.22,1.37,1.01,1.08,0.0962,0-5%,499.43,1138.08,1138.08,638.64,7,162.58,71.35,0-5%,0.0,Jul,Delta
2024-01-30,2024,1,Jan,Delta,SMB,India,5,174.33,77.49,871.66,0.0,871.66,387.43,484.23,0.5555,142.86,150.12,334.11,84.34,5000.0,2242.85,2757.15,1.65,1.27,0.81,0.0668,0-5%,387.43,871.66,871.66,484.23,5,174.33,77.49,0-5%,0.0,Jan,Delta
2025-06-23,2025,6,Jun,Cobalt,SMB,USA,11,166.62,83.4,1832.79,219.93,1612.85,917.45,695.4,0.4312,219.39,220.02,475.39,117.62,5000.0,2311.77,2688.23,1.62,1.41,0.86,0.0951,10-20%,917.45,1832.79,1612.85,695.4,11,166.62,83.4,10-20%,219.93,Jun,Cobalt
2025-05-28,2025,5,May,Echo,SMB,Canada,15,285.95,115.72,4289.28,0.0,4289.28,1735.75,2553.52,0.5953,1187.49,1143.66,1409.87,290.72,5614.01,3464.49,2149.52,1.49,1.03,1.61,0.2511,0-5%,1735.75,4289.28,4289.28,2553.52,15,285.95,115.72,0-5%,0.0,May,Echo
2025-07-21,2025,7,Jul,Echo,Consumer,India,6,301.86,141.92,1811.13,126.78,1684.35,851.53,832.82,0.4944,245.67,245.58,587.24,88.74,5000.0,3203.02,1796.98,1.82,1.28,1.78,0.1174,5-10%,851.53,1811.13,1684.35,832.82,6,301.86,141.92,5-10%,126.78,Jul,Echo
2024-09-06,2024,9,Sep,Echo,Consumer,Germany,4,271.72,119.01,1086.88,0.0,1086.88,476.03,610.85,0.562,232.46,224.3,386.56,79.72,5000.0,2348.94,2651.06,2.2,1.67,0.89,0.0773,0-5%,476.03,1086.88,1086.88,610.85,4,271.72,119.01,0-5%,0.0,Sep,Echo
2025-01-02,2025,1,Jan,Delta,Enterprise,USA,19,198.02,105.76,3762.33,112.87,3649.46,2009.48,1639.98,0.4494,830.51,885.43,754.55,411.39,6691.4,4088.4,2603.0,1.57,1.32,1.57,0.1128,0-5%,2009.48,3762.33,3649.46,1639.98,19,198.02,105.76,0-5%,112.87,Jan,Delta
2024-07-25,2024,7,Jul,Alpha,Consumer,USA,11,85.7,40.47,942.65,113.12,829.53,445.13,384.4,0.4634,140.14,148.05,236.35,52.57,5000.0,2881.39,2118.61,1.94,1.61,1.36,0.0473,10-20%,445.13,942.65,829.53,384.4,11,85.7,40.47,10-20%,113.12,Jul,Alpha
2024-06-23,2024,6,Jun,Echo,Consumer,UK,12,269.73,147.83,3236.82,809.2,2427.61,1773.97,653.64,0.2693,623.75,646.95,6.7,297.6,5000.0,1940.31,3059.69,1.85,1.44,0.63,0.0013,20%+,1773.97,3236.82,2427.61,653.64,12,269.73,147.83,20%+,809.2,Jun,Echo
2024-09-15,2024,9,Sep,Cobalt,SMB,USA,7,185.83,69.99,1300.84,0.0,1300.84,489.93,810.91,0.6234,236.07,223.49,587.41,86.27,5000.0,1841.75,3158.25,1.62,1.2,0.58,0.1175,0-5%,489.93,1300.84,1300.84,810.91,7,185.83,69.99,0-5%,0.0,Sep,Cobalt
2024-05-01,2024,5,May,Flux,SMB,India,9,182.36,95.83,1641.23,0.0,1641.23,862.43,778.8,0.4745,312.23,288.24,490.56,125.08,5000.0,2565.41,2434.59,1.6,1.13,1.05,0.0981,0-5%,862.43,1641.23,1641.23,778.8,9,182.36,95.83,0-5%,0.0,May,Flux
2023-05-21,2023,5,May,Bravo,Consumer,Germany,13,220.96,78.29,2872.42,86.17,2786.24,1017.76,1768.49,0.6347,493.23,483.91,1284.58,190.03,5000.0,2916.09,2083.91,1.84,1.3,1.4,0.2569,0-5%,1017.76,2872.42,2786.24,1768.49,13,220.96,78.29,0-5%,86.17,May,Bravo
2023-02-16,2023,2,Feb,Cobalt,Consumer,USA,6,120.28,56.3,721.66,86.6,635.06,337.82,297.24,0.468,133.29,128.86,168.37,50.0,5000.0,2440.72,2559.28,1.99,1.52,0.95,0.0337,10-20%,337.82,721.66,635.06,297.24,6,120.28,56.3,10-20%,86.6,Feb,Cobalt
2023-12-12,2023,12,Dec,Echo,Consumer,USA,9,206.24,108.02,1856.13,0.0,1856.13,972.18,883.94,0.4762,299.42,283.31,600.63,110.1,5000.0,2521.3,2478.7,1.56,1.1,1.02,0.1201,0-5%,972.18,1856.13,1856.13,883.94,9,206.24,108.02,0-5%,0.0,Dec,Echo
2025-10-28,2025,10,Oct,Alpha,Consumer,USA,6,208.16,100.62,1248.95,0.0,1248.95,603.71,645.24,0.5166,215.32,228.73,416.51,105.23,5000.0,2031.05,2968.95,1.62,1.38,0.68,0.0833,0-5%,603.71,1248.95,1248.95,645.24,6,208.16,100.62,0-5%,0.0,Oct,Alpha
2025-12-07,2025,12,Dec,Alpha,Consumer,USA,12,238.64,84.15,2863.71,343.64,2520.06,1009.82,1510.24,0.5993,514.58,537.34,972.9,104.82,5000.0,2768.17,2231.83,2.17,1.62,1.24,0.1946,10-20%,1009.82,2863.71,2520.06,1510.24,12,238.64,84.15,10-20%,343.64,Dec,Alpha
2024-11-11,2024,11,Nov,Delta,Enterprise,USA,10,318.93,134.99,3189.35,223.25,2966.09,1349.89,1616.2,0.5449,749.83,748.71,867.49,165.11,5000.0,2779.05,2220.95,2.48,2.02,1.25,0.1735,5-10%,1349.89,3189.35,2966.09,1616.2,10,318.93,134.99,5-10%,223.25,Nov,Delta
2025-10-12,2025,10,Oct,Echo,SMB,USA,5,148.28,72.78,741.42,0.0,741.42,363.89,377.53,0.5092,117.86,109.81,267.72,62.63,5000.0,2778.87,2221.13,1.35,1.12,1.25,0.0535,0-5%,363.89,741.42,741.42,377.53,5,148.28,72.78,0-5%,0.0,Oct,Echo
2024-01-25,2024,1,Jan,Bravo,Enterprise,Germany,9,311.58,160.12,2804.24,84.13,2720.11,1441.07,1279.04,0.4702,736.05,738.95,540.09,182.28,5272.84,2839.37,2433.46,1.9,1.37,1.17,0.1024,0-5%,1441.07,2804.24,2720.11,1279.04,9,311.58,160.12,0-5%,84.13,Jan,Bravo
2025-10-10,2025,10,Oct,Echo,Consumer,USA,7,185.07,77.85,1295.51,0.0,1295.51,544.97,750.54,0.5793,223.83,240.54,510.01,97.6,5000.0,2580.21,2419.79,1.83,1.43,1.07,0.102,0-5%,544.97,1295.51,1295.51,750.54,7,185.07,77.85,0-5%,0.0,Oct,Echo
2023-09-27,2023,9,Sep,Bravo,SMB,UK,7,246.63,98.45,1726.41,0.0,1726.41,689.17,1037.24,0.6008,277.31,277.19,760.05,99.96,5000.0,1754.62,3245.38,1.75,1.53,0.54,0.152,0-5%,689.17,1726.41,1726.41,1037.24,7,246.63,98.45,0-5%,0.0,Sep,Bravo
2024-10-11,2024,10,Oct,Flux,Consumer,Germany,9,163.66,76.03,1472.92,176.75,1296.17,684.23,611.94,0.4721,172.98,181.32,430.62,78.86,5000.0,2849.59,2150.41,1.49,1.13,1.33,0.0861,10-20%,684.23,1472.92,1296.17,611.94,9,163.66,76.03,10-20%,176.75,Oct,Flux
2025-08-17,2025,8,Aug,Alpha,SMB,USA,7,263.81,116.07,1846.64,129.26,1717.37,812.49,904.89,0.5269,414.2,392.21,512.67,96.35,5000.0,2466.03,2533.97,2.13,1.91,0.97,0.1025,5-10%,812.49,1846.64,1717.37,904.89,7,263.81,116.07,5-10%,129.26,Aug,Alpha
2023-05-30,2023,5,May,Flux,SMB,India,8,222.28,100.81,1778.25,0.0,1778.25,806.47,971.78,0.5465,453.2,442.28,529.49,121.64,5000.0,2835.13,2164.87,1.68,1.21,1.31,0.1059,0-5%,806.47,1778.25,1778.25,971.78,8,222.28,100.81,0-5%,0.0,May,Flux
2023-07-19,2023,7,Jul,Bravo,Enterprise,USA,10,127.44,53.99,1274.41,38.23,1236.18,539.9,696.28,0.5633,221.55,230.39,465.89,55.46,5000.0,2980.21,2019.79,2.1,1.6,1.48,0.0932,0-5%,539.9,1274.41,1236.18,696.28,10,127.44,53.99,0-5%,38.23,Jul,Bravo
2024-08-12,2024,8,Aug,Echo,Consumer,India,12,264.08,99.17,3168.95,380.27,2788.67,1190.01,1598.66,0.5733,676.8,686.07,912.6,136.51,5000.0,2447.2,2552.8,2.31,2.07,0.96,0.1825,10-20%,1190.01,3168.95,2788.67,1598.66,12,264.08,99.17,10-20%,380.27,Aug,Echo
2025-12-05,2025,12,Dec,Bravo,SMB,UK,10,125.2,66.39,1252.0,0.0,1252.0,663.9,588.11,0.4697,262.75,267.16,320.94,135.5,5000.0,2488.66,2511.34,2.2,1.89,0.99,0.0642,0-5%,663.9,1252.0,1252.0,588.11,10,125.2,66.39,0-5%,0.0,Dec,Bravo
2025-11-08,2025,11,Nov,Bravo,Consumer,Germany,7,271.14,109.56,1898.01,132.86,1765.15,766.92,998.23,0.5655,428.64,442.86,555.37,121.24,5000.0,2016.66,2983.34,2.02,1.81,0.68,0.1111,5-10%,766.92,1898.01,1765.15,998.23,7,271.14,109.56,5-10%,132.86,Nov,Bravo
2024-04-19,2024,4,Apr,Delta,Enterprise,USA,8,247.0,104.47,1976.04,59.28,1916.76,835.75,1081.01,0.564,295.09,287.47,793.54,102.67,5000.0,1864.35,3135.65,1.71,1.13,0.59,0.1587,0-5%,835.75,1976.04,1916.76,1081.01,8,247.0,104.47,0-5%,59.28,Apr,Delta
2025-08-27,2025,8,Aug,Alpha,SMB,USA,14,202.73,71.13,2838.26,85.15,2753.11,995.88,1757.24,0.6383,634.18,674.63,1082.6,181.45,5000.0,2298.47,2701.53,1.92,1.63,0.85,0.2165,0-5%,995.88,2838.26,2753.11,1757.24,14,202.73,71.13,0-5%,85.15,Aug,Alpha
2024-09-23,2024,9,Sep,Delta,SMB,Canada,8,294.14,160.24,2353.15,588.29,1764.86,1281.95,482.91,0.2736,254.74,245.1,237.81,131.05,5000.0,2510.63,2489.37,2.06,1.83,1.01,0.0476,20%+,1281.95,2353.15,1764.86,482.91,8,294.14,160.24,20%+,588.29,Sep,Delta
2023-02-17,2023,2,Feb,Echo,SMB,USA,6,270.48,117.1,1622.86,0.0,1622.86,702.58,920.28,0.5671,219.36,216.43,703.85,103.79,5000.0,1766.93,3233.07,1.9,1.66,0.55,0.1408,0-5%,702.58,1622.86,1622.86,920.28,6,270.48,117.1,0-5%,0.0,Feb,Echo
2025-07-02,2025,7,Jul,Delta,Consumer,USA,8,172.81,85.2,1382.47,41.47,1340.99,681.56,659.43,0.4917,332.37,347.75,311.68,111.04,5000.0,3172.07,1827.93,1.52,0.94,1.74,0.0623,0-5%,681.56,1382.47,1340.99,659.43,8,172.81,85.2,0-5%,41.47,Jul,Delta
2025-03-22,2025,3,Mar,Delta,Consumer,USA,6,253.0,131.53,1517.97,106.26,1411.71,789.15,622.56,0.441,386.34,374.95,247.61,96.11,5000.0,2395.45,2604.55,2.14,1.76,0.92,0.0495,5-10%,789.15,1517.97,1411.71,622.56,6,253.0,131.53,5-10%,106.26,Mar,Delta
2024-02-11,2024,2,Feb,Echo,SMB,UK,8,212.8,102.59,1702.38,204.29,1498.1,820.7,677.4,0.4522,379.89,406.05,271.35,166.42,5000.0,2589.42,2410.58,1.72,1.32,1.07,0.0543,10-20%,820.7,1702.38,1498.1,677.4,8,212.8,102.59,10-20%,204.29,Feb,Echo
2025-02-16,2025,2,Feb,Flux,Consumer,USA,12,179.9,75.36,2158.77,539.69,1619.08,904.35,714.72,0.4414,196.01,180.4,534.32,134.99,5000.0,2863.76,2136.24,2.43,2.2,1.34,0.1069,20%+,904.35,2158.77,1619.08,714.72,12,179.9,75.36,20%+,539.69,Feb,Flux
2025-02-17,2025,2,Feb,Cobalt,SMB,India,15,219.01,76.72,3285.12,98.55,3186.56,1150.86,2035.71,0.6388,434.34,434.4,1601.3,164.15,5103.58,1805.11,3298.48,1.91,1.39,0.55,0.3138,0-5%,1150.86,3285.12,3186.56,2035.71,15,219.01,76.72,0-5%,98.55,Feb,Cobalt
2024-12-18,2024,12,Dec,Alpha,SMB,USA,8,244.79,121.94,1958.35,137.08,1821.27,975.49,845.78,0.4644,343.79,343.41,502.37,100.46,5000.0,1830.96,3169.04,2.34,1.96,0.58,0.1005,5-10%,975.49,1958.35,1821.27,845.78,8,244.79,121.94,5-10%,137.08,Dec,Alpha
2024-06-13,2024,6,Jun,Alpha,Enterprise,USA,6,167.06,86.88,1002.33,0.0,1002.33,521.27,481.06,0.4799,221.12,218.96,262.11,94.33,5000.0,2615.23,2384.77,1.4,1.17,1.1,0.0524,0-5%,521.27,1002.33,1002.33,481.06,6,167.06,86.88,0-5%,0.0,Jun,Alpha
2024-12-09,2024,12,Dec,Echo,Consumer,USA,11,208.91,79.19,2298.02,0.0,2298.02,871.11,1426.91,0.6209,621.7,648.35,778.56,134.27,5000.0,2811.79,2188.21,2.04,1.62,1.28,0.1557,0-5%,871.11,2298.02,2298.02,1426.91,11,208.91,79.19,0-5%,0.0,Dec,Echo
2025-10-29,2025,10,Oct,Bravo,Consumer,USA,12,176.64,78.7,2119.72,0.0,2119.72,944.36,1175.37,0.5545,536.21,551.62,623.74,137.1,5000.0,1897.74,3102.26,1.61,1.37,0.61,0.1247,0-5%,944.36,2119.72,2119.72,1175.37,12,176.64,78.7,0-5%,0.0,Oct,Bravo
2024-12-16,2024,12,Dec,Alpha,SMB,Germany,6,215.56,97.7,1293.37,90.54,1202.83,586.19,616.64,0.5127,196.47,210.17,406.46,111.95,5000.0,2466.07,2533.93,1.0,0.5,0.97,0.0813,5-10%,586.19,1293.37,1202.83,616.64,6,215.56,97.7,5-10%,90.54,Dec,Alpha
2024-05-03,2024,5,May,Bravo,Consumer,USA,10,129.84,51.83,1298.42,38.95,1259.47,518.3,741.17,0.5885,286.58,284.36,456.81,83.09,5000.0,2808.63,2191.37,2.39,1.79,1.28,0.0914,0-5%,518.3,1298.42,1259.47,741.17,10,129.84,51.83,0-5%,38.95,May,Bravo
2023-07-28,2023,7,Jul,Echo,Consumer,USA,11,286.47,155.45,3151.19,0.0,3151.19,1709.98,1441.21,0.4574,622.71,668.1,773.11,346.2,5000.0,2719.89,2280.11,1.89,1.45,1.19,0.1546,0-5%,1709.98,3151.19,3151.19,1441.21,11,286.47,155.45,0-5%,0.0,Jul,Echo
2025-02-06,2025,2,Feb,Delta,Consumer,Canada,11,199.9,77.4,2198.88,65.97,2132.91,851.36,1281.56,0.6008,507.94,523.22,758.34,152.51,5000.0,2589.96,2410.04,2.29,1.89,1.07,0.1517,0-5%,851.36,2198.88,2132.91,1281.56,11,199.9,77.4,0-5%,65.97,Feb,Delta
2024-07-06,2024,7,Jul,Echo,Consumer,USA,3,319.28,154.98,957.83,28.73,929.09,464.93,464.16,0.4996,157.62,155.23,308.94,97.7,5000.0,1971.63,3028.37,2.02,1.62,0.65,0.0618,0-5%,464.93,957.83,929.09,464.16,3,319.28,154.98,0-5%,28.73,Jul,Echo
2025-11-25,2025,11,Nov,Delta,Consumer,India,7,242.62,111.05,1698.36,0.0,1698.36,777.33,921.02,0.5423,395.59,377.87,543.15,110.45,5000.0,2547.08,2452.92,1.38,0.97,1.04,0.1086,0-5%,777.33,1698.36,1698.36,921.02,7,242.62,111.05,0-5%,0.0,Nov,Delta
2024-05-13,2024,5,May,Alpha,Consumer,Canada,7,188.59,76.05,1320.13,39.6,1280.53,532.35,748.19,0.5843,240.47,252.68,495.51,83.64,5000.0,2957.37,2042.63,1.43,1.12,1.45,0.0991,0-5%,532.35,1320.13,1280.53,748.19,7,188.59,76.05,0-5%,39.6,May,Alpha
2024-04-07,2024,4,Apr,Bravo,Enterprise,Canada,4,217.82,117.5,871.28,60.99,810.29,470.01,340.29,0.42,197.18,197.02,143.27,97.9,5000.0,2599.45,2400.55,1.47,1.21,1.08,0.0287,5-10%,470.01,871.28,810.29,340.29,4,217.82,117.5,5-10%,60.99,Apr,Bravo
2023-01-15,2023,1,Jan,Alpha,SMB,India,8,242.81,93.58,1942.44,233.09,1709.35,748.64,960.71,0.562,255.82,260.45,700.26,85.74,5000.0,2745.08,2254.92,2.04,1.46,1.22,0.1401,10-20%,748.64,1942.44,1709.35,960.71,8,242.81,93.58,10-20%,233.09,Jan,Alpha
2023-04-04,2023,4,Apr,Delta,Consumer,USA,10,254.9,101.82,2549.0,76.47,2472.53,1018.19,1454.34,0.5882,561.51,531.85,922.49,191.7,5000.0,2814.77,2185.23,2.19,1.79,1.29,0.1845,0-5%,1018.19,2549.0,2472.53,1454.34,10,254.9,101.82,0-5%,76.47,Apr,Delta
2023-02-14,2023,2,Feb,Delta,SMB,Germany,6,222.92,92.95,1337.49,40.12,1297.37,557.69,739.68,0.5701,362.88,346.04,393.64,102.17,5000.0,2453.66,2546.34,2.14,1.67,0.96,0.0787,0-5%,557.69,1337.49,1297.37,739.68,6,222.92,92.95,0-5%,40.12,Feb,Delta
2024-03-14,2024,3,Mar,Cobalt,SMB,Canada,12,239.9,103.66,2878.86,0.0,2878.86,1243.88,1634.98,0.5679,750.36,718.57,916.41,189.74,5750.99,2441.78,3309.2,1.44,0.98,0.74,0.1593,0-5%,1243.88,2878.86,2878.86,1634.98,12,239.9,103.66,0-5%,0.0,Mar,Cobalt
2024-09-04,2024,9,Sep,Echo,Enterprise,USA,9,347.43,158.55,3126.84,218.88,2907.96,1426.94,1481.02,0.5093,429.53,435.37,1045.65,164.12,5140.15,2221.39,2918.76,1.78,1.3,0.76,0.2034,5-10%,1426.94,3126.84,2907.96,1481.02,9,347.43,158.55,5-10%,218.88,Sep,Echo
2024-06-17,2024,6,Jun,Cobalt,Consumer,India,7,174.27,90.88,1219.87,0.0,1219.87,636.15,583.72,0.4785,254.73,272.15,311.57,121.28,5000.0,3178.71,1821.29,1.84,1.49,1.75,0.0623,0-5%,636.15,1219.87,1219.87,583.72,7,174.27,90.88,0-5%,0.0,Jun,Cobalt
2024-09-15,2024,9,Sep,Flux,Enterprise,USA,10,192.07,96.36,1920.75,57.62,1863.13,963.62,899.51,0.4828,259.76,276.52,622.99,161.28,5000.0,2993.54,2006.46,0.8,0.5,1.49,0.1246,0-5%,963.62,1920.75,1863.13,899.51,10,192.07,96.36,0-5%,57.62,Sep,Flux
2025-01-15,2025,1,Jan,Bravo,Consumer,USA,8,312.64,135.11,2501.13,175.08,2326.05,1080.85,1245.2,0.5353,409.72,441.93,803.26,208.34,5000.0,3151.93,1848.07,1.71,1.23,1.71,0.1607,5-10%,1080.85,2501.13,2326.05,1245.2,8,312.64,135.11,5-10%,175.08,Jan,Bravo
2023-01-26,2023,1,Jan,Alpha,Consumer,Canada,10,251.2,133.18,2511.99,301.44,2210.55,1331.83,878.72,0.3975,496.85,532.96,345.76,269.87,5000.0,2385.01,2614.99,2.43,1.91,0.91,0.0692,10-20%,1331.83,2511.99,2210.55,878.72,10,251.2,133.18,10-20%,301.44,Jan,Alpha
2024-12-06,2024,12,Dec,Alpha,SMB,Canada,11,232.57,94.63,2558.23,0.0,2558.23,1040.88,1517.36,0.5931,560.61,551.99,965.37,168.01,5000.0,1833.3,3166.7,2.47,1.96,0.58,0.1931,0-5%,1040.88,2558.23,2558.23,1517.36,11,232.57,94.63,0-5%,0.0,Dec,Alpha
2023-10-22,2023,10,Oct,Echo,SMB,USA,8,233.99,119.22,1871.95,56.16,1815.79,953.74,862.05,0.4748,484.36,517.03,345.02,123.09,5000.0,3089.25,1910.75,1.62,1.21,1.62,0.069,0-5%,953.74,1871.95,1815.79,862.05,8,233.99,119.22,0-5%,56.16,Oct,Echo
2025-11-22,2025,11,Nov,Delta,Consumer,Germany,9,256.77,126.53,2310.94,69.33,2241.61,1138.79,1102.82,0.492,473.85,497.75,605.06,172.17,5000.0,3008.44,1991.56,1.91,1.51,1.51,0.121,0-5%,1138.79,2310.94,2241.61,1102.82,9,256.77,126.53,0-5%,69.33,Nov,Delta
2025-12-05,2025,12,Dec,Echo,Consumer,USA,6,117.25,62.91,703.51,84.42,619.08,377.44,241.65,0.3903,97.84,92.14,149.51,72.37,5000.0,2170.88,2829.12,1.82,1.36,0.77,0.0299,10-20%,377.44,703.51,619.08,241.65,6,117.25,62.91,10-20%,84.42,Dec,Echo
2025-03-12,2025,3,Mar,Alpha,Enterprise,USA,9,228.03,90.05,2052.24,143.66,1908.58,810.43,1098.15,0.5754,256.48,250.31,847.84,151.22,5000.0,2417.69,2582.31,1.81,1.59,0.94,0.1696,5-10%,810.43,2052.24,1908.58,1098.15,9,228.03,90.05,5-10%,143.66,Mar,Alpha
2024-06-19,2024,6,Jun,Flux,Enterprise,USA,6,225.24,90.98,1351.45,0.0,1351.45,545.87,805.58,0.5961,367.01,376.22,429.36,61.87,5000.0,3188.71,1811.29,1.9,1.48,1.76,0.0859,0-5%,545.87,1351.45,1351.45,805.58,6,225.24,90.98,0-5%,0.0,Jun,Flux
2024-01-25,2024,1,Jan,Flux,Consumer,UK,7,296.65,107.79,2076.52,249.18,1827.34,754.56,1072.77,0.5871,245.38,249.28,823.49,87.64,5000.0,2090.62,2909.38,1.57,1.27,0.72,0.1647,10-20%,754.56,2076.52,1827.34,1072.77,7,296.65,107.79,10-20%,249.18,Jan,Flux
2024-06-21,2024,6,Jun,Alpha,SMB,India,10,224.96,100.26,2249.62,0.0,2249.62,1002.6,1247.02,0.5543,389.11,377.15,869.88,195.68,5000.0,2079.24,2920.76,1.15,0.81,0.71,0.174,0-5%,1002.6,2249.62,2249.62,1247.02,10,224.96,100.26,0-5%,0.0,Jun,Alpha
2024-07-07,2024,7,Jul,Delta,Consumer,USA,9,190.42,103.02,1713.75,51.41,1662.34,927.17,735.17,0.4422,422.75,442.96,292.21,168.36,5000.0,1840.87,3159.13,2.34,1.74,0.58,0.0584,0-5%,927.17,1713.75,1662.34,735.17,9,190.42,103.02,0-5%,51.41,Jul,Delta
2025-02-09,2025,2,Feb,Delta,Consumer,USA,12,210.23,97.03,2522.79,0.0,2522.79,1164.32,1358.46,0.5385,638.9,594.35,764.11,220.49,5000.0,2173.41,2826.59,1.39,0.92,0.77,0.1528,0-5%,1164.32,2522.79,2522.79,1358.46,12,210.23,97.03,0-5%,0.0,Feb,Delta
2023-07-21,2023,7,Jul,Cobalt,SMB,Germany,8,248.17,100.36,1985.39,138.98,1846.41,802.9,1043.51,0.5652,231.14,219.88,823.63,163.15,5000.0,2228.63,2771.37,1.51,1.23,0.8,0.1647,5-10%,802.9,1985.39,1846.41,1043.51,8,248.17,100.36,5-10%,138.98,Jul,Cobalt
2024-09-30,2024,9,Sep,Cobalt,Consumer,USA,7,151.03,59.35,1057.24,0.0,1057.24,415.42,641.82,0.6071,210.87,204.15,437.67,83.4,5000.0,2749.31,2250.69,2.02,1.81,1.22,0.0875,0-5%,415.42,1057.24,1057.24,641.82,7,151.03,59.35,0-5%,0.0,Sep,Cobalt
2024-12-05,2024,12,Dec,Alpha,Consumer,UK,4,207.75,102.43,831.01,24.93,806.08,409.7,396.38,0.4917,181.89,194.37,202.0,62.66,5000.0,2497.16,2502.84,1.49,1.26,1.0,0.0404,0-5%,409.7,831.01,806.08,396.38,4,207.75,102.43,0-5%,24.93,Dec,Alpha
2025-06-22,2025,6,Jun,Flux,SMB,USA,7,265.55,142.24,1858.85,55.77,1803.09,995.65,807.44,0.4478,344.27,358.21,449.23,194.59,5000.0,2045.53,2954.47,1.33,1.06,0.69,0.0898,0-5%,995.65,1858.85,1803.09,807.44,7,265.55,142.24,0-5%,55.77,Jun,Flux
2025-09-18,2025,9,Sep,Echo,Consumer,India,7,295.23,155.1,2066.59,0.0,2066.59,1085.67,980.92,0.4747,262.2,276.64,704.28,195.57,5000.0,1791.91,3208.09,1.74,1.22,0.56,0.1409,0-5%,1085.67,2066.59,2066.59,980.92,7,295.23,155.1,0-5%,0.0,Sep,Echo
2025-02-02,2025,2,Feb,Delta,Enterprise,USA,10,227.49,83.58,2274.85,0.0,2274.85,835.82,1439.03,0.6326,564.93,609.24,829.8,108.38,5000.0,3014.36,1985.64,1.54,1.2,1.52,0.166,0-5%,835.82,2274.85,2274.85,1439.03,10,227.49,83.58,0-5%,0.0,Feb,Delta
2023-09-29,2023,9,Sep,Alpha,Consumer,Germany,14,208.62,96.16,2920.75,204.45,2716.3,1346.19,1370.11,0.5044,599.87,627.55,742.56,182.38,5000.0,1992.69,3007.31,1.67,1.22,0.66,0.1485,5-10%,1346.19,2920.75,2716.3,1370.11,14,208.62,96.16,5-10%,204.45,Sep,Alpha
2024-07-21,2024,7,Jul,Delta,SMB,Canada,9,177.13,69.97,1594.16,0.0,1594.16,629.73,964.43,0.605,435.32,455.35,509.08,90.69,5000.0,3165.23,1834.77,1.95,1.45,1.73,0.1018,0-5%,629.73,1594.16,1594.16,964.43,9,177.13,69.97,0-5%,0.0,Jul,Delta
2024-11-19,2024,11,Nov,Cobalt,Consumer,USA,11,113.89,44.79,1252.75,37.58,1215.17,492.71,722.45,0.5945,232.1,236.12,486.34,50.28,5000.0,2317.96,2682.04,2.04,1.76,0.86,0.0973,0-5%,492.71,1252.75,1215.17,722.45,11,113.89,44.79,0-5%,37.58,Nov,Cobalt
2023-05-08,2023,5,May,Delta,Consumer,India,7,139.82,73.29,978.72,0.0,978.72,513.06,465.66,0.4758,221.98,205.08,260.58,102.47,5000.0,2593.24,2406.76,2.02,1.59,1.08,0.0521,0-5%,513.06,978.72,978.72,465.66,7,139.82,73.29,0-5%,0.0,May,Delta
2023-08-20,2023,8,Aug,Flux,Consumer,USA,11,322.7,120.46,3549.65,106.49,3443.16,1325.11,2118.06,0.6151,918.85,975.05,1143.0,251.6,5000.0,2649.73,2350.27,1.93,1.34,1.13,0.2286,0-5%,1325.11,3549.65,3443.16,2118.06,11,322.7,120.46,0-5%,106.49,Aug,Flux
2023-05-05,2023,5,May,Alpha,Consumer,Germany,8,283.85,134.87,2270.82,68.12,2202.69,1078.95,1123.74,0.5102,538.98,525.83,597.91,123.57,5000.0,2062.99,2937.01,0.8,0.5,0.7,0.1196,0-5%,1078.95,2270.82,2202.69,1123.74,8,283.85,134.87,0-5%,68.12,May,Alpha
2024-07-08,2024,7,Jul,Alpha,Consumer,USA,10,80.35,43.24,803.55,96.43,707.12,432.36,274.76,0.3886,138.71,134.0,140.76,85.72,5000.0,1877.56,3122.44,1.75,1.37,0.6,0.0282,10-20%,432.36,803.55,707.12,274.76,10,80.35,43.24,10-20%,96.43,Jul,Alpha
2025-04-11,2025,4,Apr,Cobalt,Consumer,USA,11,228.21,119.37,2510.29,75.31,2434.98,1313.09,1121.89,0.4607,631.56,633.7,488.19,184.18,5000.0,2023.29,2976.71,1.96,1.49,0.68,0.0976,0-5%,1313.09,2510.29,2434.98,1121.89,11,228.21,119.37,0-5%,75.31,Apr,Cobalt
2025-02-01,2025,2,Feb,Flux,Consumer,UK,4,241.83,104.88,967.32,29.02,938.3,419.54,518.76,0.5529,212.52,209.52,309.24,50.0,5000.0,2504.52,2495.48,2.03,1.78,1.0,0.0618,0-5%,419.54,967.32,938.3,518.76,4,241.83,104.88,0-5%,29.02,Feb,Flux
2023-08-18,2023,8,Aug,Echo,SMB,USA,9,194.76,97.41,1752.81,52.58,1700.22,876.71,823.52,0.4844,424.41,448.67,374.85,178.22,5000.0,2007.26,2992.74,2.34,1.9,0.67,0.075,0-5%,876.71,1752.81,1700.22,823.52,9,194.76,97.41,0-5%,52.58,Aug,Echo
2024-04-08,2024,4,Apr,Bravo,Consumer,Germany,7,195.55,103.66,1368.87,164.26,1204.6,725.6,479.0,0.3976,305.02,322.73,156.28,130.74,5000.0,2643.82,2356.18,2.17,1.87,1.12,0.0313,10-20%,725.6,1368.87,1204.6,479.0,7,195.55,103.66,10-20%,164.26,Apr,Bravo
2023-11-04,2023,11,Nov,Flux,SMB,India,10,201.34,99.01,2013.36,140.93,1872.42,990.13,882.29,0.4712,442.56,474.42,407.87,169.41,5000.0,2815.23,2184.77,1.28,0.92,1.29,0.0816,5-10%,990.13,2013.36,1872.42,882.29,10,201.34,99.01,5-10%,140.93,Nov,Flux
2024-07-26,2024,7,Jul,Flux,Consumer,USA,6,154.66,76.86,927.97,64.96,863.01,461.16,401.84,0.4656,162.57,156.13,245.71,64.52,5000.0,2994.63,2005.37,1.51,1.29,1.49,0.0491,5-10%,461.16,927.97,863.01,401.84,6,154.66,76.86,5-10%,64.96,Jul,Flux
2023-12-01,2023,12,Dec,Echo,Consumer,USA,8,279.73,99.54,2237.88,156.65,2081.23,796.31,1284.92,0.6174,483.95,451.89,833.02,90.01,5000.0,2491.6,2508.4,1.48,1.09,0.99,0.1666,5-10%,796.31,2237.88,2081.23,1284.92,8,279.73,99.54,5-10%,156.65,Dec,Echo
2023-11-24,2023,11,Nov,Cobalt,Consumer,USA,11,197.41,93.02,2171.53,542.88,1628.64,1023.19,605.45,0.3718,313.56,314.52,290.93,199.62,5000.0,2326.33,2673.67,1.6,1.27,0.87,0.0582,20%+,1023.19,2171.53,1628.64,605.45,11,197.41,93.02,20%+,542.88,Nov,Cobalt
2025-11-29,2025,11,Nov,Delta,Consumer,USA,11,155.33,66.59,1708.66,0.0,1708.66,732.52,976.13,0.5713,228.56,217.66,758.47,108.68,5000.0,2670.74,2329.26,1.54,1.31,1.15,0.1517,0-5%,732.52,1708.66,1708.66,976.13,11,155.33,66.59,0-5%,0.0,Nov,Delta
2024-06-06,2024,6,Jun,Flux,Consumer,USA,9,284.85,128.88,2563.63,179.45,2384.18,1159.91,1224.27,0.5135,610.32,586.54,637.73,151.08,5000.0,2886.52,2113.48,1.68,1.25,1.37,0.1275,5-10%,1159.91,2563.63,2384.18,1224.27,9,284.85,128.88,5-10%,179.45,Jun,Flux
2024-04-03,2024,4,Apr,Bravo,Consumer,Canada,16,184.72,93.17,2955.46,0.0,2955.46,1490.64,1464.82,0.4956,587.93,541.17,923.65,302.9,5000.0,2242.44,2757.56,1.44,1.23,0.81,0.1847,0-5%,1490.64,2955.46,2955.46,1464.82,16,184.72,93.17,0-5%,0.0,Apr,Bravo
2023-12-13,2023,12,Dec,Alpha,SMB,USA,8,249.09,133.91,1992.72,59.78,1932.94,1071.31,861.63,0.4458,430.99,443.41,418.22,216.08,5000.0,2531.45,2468.55,2.04,1.65,1.03,0.0836,0-5%,1071.31,1992.72,1932.94,861.63,8,249.09,133.91,0-5%,59.78,Dec,Alpha
2023-02-19,2023,2,Feb,Cobalt,Enterprise,USA,7,254.48,102.91,1781.35,124.69,1656.65,720.34,936.31,0.5652,450.68,446.09,490.22,87.59,5000.0,1886.94,3113.06,1.39,1.04,0.61,0.098,5-10%,720.34,1781.35,1656.65,936.31,7,254.48,102.91,5-10%,124.69,Feb,Cobalt
2025-02-05,2025,2,Feb,Alpha,Consumer,UK,9,192.35,91.21,1731.16,121.18,1609.97,820.92,789.05,0.4901,389.11,366.68,422.37,102.28,5000.0,2243.53,2756.47,1.55,1.18,0.81,0.0845,5-10%,820.92,1731.16,1609.97,789.05,9,192.35,91.21,5-10%,121.18,Feb,Alpha
2025-04-10,2025,4,Apr,Flux,Consumer,Germany,9,260.03,142.93,2340.29,0.0,2340.29,1286.33,1053.96,0.4504,337.57,338.26,715.7,180.97,5000.0,2630.67,2369.33,1.78,1.31,1.11,0.1431,0-5%,1286.33,2340.29,2340.29,1053.96,9,260.03,142.93,0-5%,0.0,Apr,Flux
2025-12-14,2025,12,Dec,Delta,Consumer,India,12,247.03,119.99,2964.35,207.5,2756.84,1439.84,1317.0,0.4777,718.72,737.24,579.76,270.54,5715.94,2805.85,2910.1,1.91,1.34,0.96,0.1014,5-10%,1439.84,2964.35,2756.84,1317.0,12,247.03,119.99,5-10%,207.5,Dec,Delta
2025-06-06,2025,6,Jun,Flux,Consumer,India,13,158.7,69.89,2063.16,0.0,2063.16,908.57,1154.59,0.5596,412.87,389.38,765.21,164.46,5000.0,2832.06,2167.94,1.13,0.63,1.31,0.153,0-5%,908.57,2063.16,2063.16,1154.59,13,158.7,69.89,0-5%,0.0,Jun,Flux
2025-11-15,2025,11,Nov,Cobalt,SMB,USA,7,201.45,88.4,1410.12,42.3,1367.81,618.78,749.03,0.5476,180.95,186.97,562.06,135.83,5000.0,2600.46,2399.54,1.74,1.4,1.08,0.1124,0-5%,618.78,1410.12,1367.81,749.03,7,201.45,88.4,0-5%,42.3,Nov,Cobalt
2024-10-20,2024,10,Oct,Flux,SMB,USA,7,245.46,104.98,1718.25,51.55,1666.7,734.86,931.84,0.5591,308.97,288.84,643.0,116.41,5000.0,2058.25,2941.75,2.45,2.13,0.7,0.1286,0-5%,734.86,1718.25,1666.7,931.84,7,245.46,104.98,0-5%,51.55,Oct,Flux
2024-11-28,2024,11,Nov,Echo,Consumer,USA,10,320.02,131.78,3200.19,224.01,2976.18,1317.75,1658.43,0.5572,404.78,419.23,1239.2,239.93,5113.7,2616.06,2497.65,1.82,1.58,1.05,0.2423,5-10%,1317.75,3200.19,2976.18,1658.43,10,320.02,131.78,5-10%,224.01,Nov,Echo
2024-10-30,2024,10,Oct,Echo,SMB,USA,7,156.69,81.95,1096.83,76.78,1020.06,573.63,446.43,0.4377,273.29,294.29,152.13,121.33,5000.0,2445.43,2554.57,1.67,1.07,0.96,0.0304,5-10%,573.63,1096.83,1020.06,446.43,7,156.69,81.95,5-10%,76.78,Oct,Echo
2024-07-04,2024,7,Jul,Cobalt,Consumer,UK,9,274.57,147.15,2471.14,74.13,2397.0,1324.37,1072.63,0.4475,655.42,607.73,464.9,249.83,5000.0,2256.5,2743.5,2.18,1.58,0.82,0.093,0-5%,1324.37,2471.14,2397.0,1072.63,9,274.57,147.15,0-5%,74.13,Jul,Cobalt
2025-09-22,2025,9,Sep,Alpha,SMB,Canada,3,216.95,117.92,650.85,45.56,605.29,353.76,251.53,0.4156,107.87,114.95,136.59,50.0,5000.0,1866.43,3133.57,1.67,1.13,0.6,0.0273,5-10%,353.76,650.85,605.29,251.53,3,216.95,117.92,5-10%,45.56,Sep,Alpha
2025-05-01,2025,5,May,Echo,Enterprise,USA,18,224.73,113.96,4045.06,485.41,3559.65,2051.27,1508.38,0.4237,465.75,486.26,1022.12,307.59,5000.0,2097.71,2902.29,2.11,1.82,0.72,0.2044,10-20%,2051.27,4045.06,3559.65,1508.38,18,224.73,113.96,10-20%,485.41,May,Echo
2023-05-11,2023,5,May,Bravo,Consumer,Canada,8,258.72,108.68,2069.75,0.0,2069.75,869.41,1200.35,0.5799,312.24,287.4,912.95,165.58,5000.0,2129.12,2870.88,1.64,1.36,0.74,0.1826,0-5%,869.41,2069.75,2069.75,1200.35,8,258.72,108.68,0-5%,0.0,May,Bravo
2023-10-23,2023,10,Oct,Echo,Enterprise,India,6,212.73,112.1,1276.4,319.1,957.3,672.6,284.7,0.2974,262.25,255.98,28.72,70.53,5000.0,2691.49,2308.51,1.29,1.07,1.17,0.0057,20%+,672.6,1276.4,957.3,284.7,6,212.73,112.1,20%+,319.1,Oct,Echo
2025-03-21,2025,3,Mar,Flux,SMB,USA,11,259.1,124.94,2850.08,199.51,2650.57,1374.3,1276.27,0.4815,391.02,418.6,857.67,180.21,5347.14,2967.33,2379.81,1.58,1.36,1.25,0.1604,5-10%,1374.3,2850.08,2650.57,1276.27,11,259.1,124.94,5-10%,199.51,Mar,Flux
2023-01-12,2023,1,Jan,Flux,Consumer,USA,8,350.63,125.66,2805.08,196.36,2608.72,1005.24,1603.48,0.6147,726.24,676.74,926.74,135.85,5000.0,2381.91,2618.09,1.56,1.24,0.91,0.1853,5-10%,1005.24,2805.08,2608.72,1603.48,8,350.63,125.66,5-10%,196.36,Jan,Flux
2025-11-08,2025,11,Nov,Delta,Enterprise,USA,8,310.07,115.87,2480.53,0.0,2480.53,926.94,1553.59,0.6263,434.82,403.94,1149.65,107.61,5000.0,2726.08,2273.92,1.4,1.14,1.2,0.2299,0-5%,926.94,2480.53,2480.53,1553.59,8,310.07,115.87,0-5%,0.0,Nov,Delta
2025-05-03,2025,5,May,Alpha,Consumer,USA,9,181.73,84.79,1635.59,49.07,1586.52,763.08,823.45,0.519,194.98,182.99,640.46,131.93,5000.0,2461.01,2538.99,1.92,1.67,0.97,0.1281,0-5%,763.08,1635.59,1586.52,823.45,9,181.73,84.79,0-5%,49.07,May,Alpha
2025-09-01,2025,9,Sep,Alpha,Enterprise,Germany,7,236.51,129.91,1655.55,0.0,1655.55,909.38,746.17,0.4507,415.5,421.5,324.66,155.39,5000.0,2504.88,2495.12,1.56,1.1,1.0,0.0649,0-5%,909.38,1655.55,1655.55,746.17,7,236.51,129.91,0-5%,0.0,Sep,Alpha
2023-12-27,2023,12,Dec,Flux,Consumer,Germany,10,243.54,95.42,2435.39,0.0,2435.39,954.24,1481.15,0.6082,537.33,531.14,950.01,177.69,5000.0,3212.53,1787.47,1.66,1.39,1.8,0.19,0-5%,954.24,2435.39,2435.39,1481.15,10,243.54,95.42,0-5%,0.0,Dec,Flux
2024-11-23,2024,11,Nov,Flux,Enterprise,USA,8,289.3,101.68,2314.4,162.01,2152.39,813.43,1338.97,0.6221,569.05,583.5,755.47,96.29,5000.0,2105.06,2894.94,2.17,1.81,0.73,0.1511,5-10%,813.43,2314.4,2152.39,1338.97,8,289.3,101.68,5-10%,162.01,Nov,Flux
2025-05-20,2025,5,May,Echo,SMB,Canada,8,241.65,104.12,1933.2,135.32,1797.87,832.96,964.92,0.5367,310.29,333.65,631.26,165.91,5000.0,2361.16,2638.84,2.03,1.61,0.89,0.1263,5-10%,832.96,1933.2,1797.87,964.92,8,241.65,104.12,5-10%,135.32,May,Echo
2024-06-22,2024,6,Jun,Cobalt,SMB,USA,8,230.26,94.09,1842.1,221.05,1621.05,752.72,868.33,0.5357,382.16,401.42,466.91,84.91,5000.0,2353.62,2646.38,2.09,1.78,0.89,0.0934,10-20%,752.72,1842.1,1621.05,868.33,8,230.26,94.09,10-20%,221.05,Jun,Cobalt
2023-05-19,2023,5,May,Alpha,Consumer,USA,7,248.23,91.06,1737.6,52.13,1685.47,637.41,1048.06,0.6218,354.67,368.24,679.82,96.45,5000.0,2645.32,2354.68,1.64,1.18,1.12,0.136,0-5%,637.41,1737.6,1685.47,1048.06,7,248.23,91.06,0-5%,52.13,May,Alpha
2025-02-21,2025,2,Feb,Delta,SMB,USA,11,221.62,97.5,2437.84,73.14,2364.71,1072.47,1292.23,0.5465,490.95,480.32,811.92,116.03,5000.0,1984.42,3015.58,1.61,1.17,0.66,0.1624,0-5%,1072.47,2437.84,2364.71,1292.23,11,221.62,97.5,0-5%,73.14,Feb,Delta
2023-12-11,2023,12,Dec,Delta,SMB,USA,8,303.74,146.95,2429.9,0.0,2429.9,1175.61,1254.29,0.5162,564.05,524.75,729.54,229.01,5000.0,3085.61,1914.39,2.26,1.88,1.61,0.1459,0-5%,1175.61,2429.9,2429.9,1254.29,8,303.74,146.95,0-5%,0.0,Dec,Delta
2024-11-04,2024,11,Nov,Cobalt,Consumer,Canada,11,168.67,69.71,1855.42,0.0,1855.42,766.83,1088.59,0.5867,327.48,345.04,743.55,164.17,5000.0,1925.42,3074.58,1.83,1.37,0.63,0.1487,0-5%,766.83,1855.42,1855.42,1088.59,11,168.67,69.71,0-5%,0.0,Nov,Cobalt
2023-03-13,2023,3,Mar,Flux,Enterprise,USA,7,237.34,107.9,1661.41,0.0,1661.41,755.31,906.1,0.5454,295.35,301.53,604.57,106.76,5000.0,1950.97,3049.03,2.3,1.99,0.64,0.1209,0-5%,755.31,1661.41,1661.41,906.1,7,237.34,107.9,0-5%,0.0,Mar,Flux
2025-12-21,2025,12,Dec,Bravo,SMB,India,9,265.02,113.9,2385.14,0.0,2385.14,1025.06,1360.09,0.5702,550.81,543.85,816.23,195.15,5000.0,3086.28,1913.72,2.28,1.85,1.61,0.1632,0-5%,1025.06,2385.14,2385.14,1360.09,9,265.02,113.9,0-5%,0.0,Dec,Bravo
2025-01-05,2025,1,Jan,Cobalt,Consumer,Germany,4,123.75,63.1,494.99,14.85,480.14,252.39,227.75,0.4743,75.27,77.29,150.46,50.05,5000.0,2856.13,2143.87,1.91,1.68,1.33,0.0301,0-5%,252.39,494.99,480.14,227.75,4,123.75,63.1,0-5%,14.85,Jan,Cobalt
2025-07-05,2025,7,Jul,Echo,Enterprise,USA,11,192.8,78.97,2120.79,0.0,2120.79,868.7,1252.09,0.5904,480.9,443.57,808.52,160.04,5000.0,2700.27,2299.73,1.87,1.43,1.17,0.1617,0-5%,868.7,2120.79,2120.79,1252.09,11,192.8,78.97,0-5%,0.0,Jul,Echo
2024-06-14,2024,6,Jun,Echo,SMB,India,3,197.39,71.93,592.18,71.06,521.12,215.79,305.33,0.5859,67.92,70.55,234.78,50.0,5000.0,2082.51,2917.49,2.38,1.93,0.71,0.047,10-20%,215.79,592.18,521.12,305.33,3,197.39,71.93,10-20%,71.06,Jun,Echo
2023-01-24,2023,1,Jan,Alpha,SMB,USA,20,264.45,139.81,5288.95,370.23,4918.72,2796.24,2122.49,0.4315,746.61,743.65,1378.84,566.22,8994.99,5617.81,3377.17,1.55,1.09,1.66,0.1533,5-10%,2796.24,5288.95,4918.72,2122.49,20,264.45,139.81,5-10%,370.23,Jan,Alpha
2023-12-02,2023,12,Dec,Flux,SMB,India,18,231.46,117.27,4166.24,0.0,4166.24,2110.94,2055.3,0.4933,842.87,787.24,1268.05,384.38,8698.97,5508.39,3190.58,1.76,1.29,1.73,0.1458,0-5%,2110.94,4166.24,4166.24,2055.3,18,231.46,117.27,0-5%,0.0,Dec,Flux
2023-04-04,2023,4,Apr,Cobalt,Consumer,USA,13,270.87,100.18,3521.29,246.49,3274.8,1302.38,1972.42,0.6023,776.49,831.53,1140.89,284.34,5216.22,3135.45,2080.77,1.36,1.15,1.51,0.2187,5-10%,1302.38,3521.29,3274.8,1972.42,13,270.87,100.18,5-10%,246.49,Apr,Cobalt
2024-12-04,2024,12,Dec,Delta,SMB,USA,7,276.67,150.4,1936.69,232.4,1704.29,1052.82,651.47,0.3823,410.09,435.84,215.62,127.18,5000.0,1839.8,3160.2,2.57,2.31,0.58,0.0431,10-20%,1052.82,1936.69,1704.29,651.47,7,276.67,150.4,10-20%,232.4,Dec,Delta
2023-03-09,2023,3,Mar,Delta,Enterprise,UK,16,305.82,117.69,4893.11,342.52,4550.59,1882.98,2667.61,0.5862,1236.81,1326.75,1340.86,313.16,6492.72,3936.2,2556.52,1.79,1.26,1.54,0.2065,5-10%,1882.98,4893.11,4550.59,2667.61,16,305.82,117.69,5-10%,342.52,Mar,Delta
2025-02-11,2025,2,Feb,Cobalt,SMB,Canada,12,289.96,146.54,3479.48,243.56,3235.92,1758.43,1477.48,0.4566,755.48,777.26,700.23,196.24,5561.07,2164.59,3396.47,1.76,1.3,0.64,0.1259,5-10%,1758.43,3479.48,3235.92,1477.48,12,289.96,146.54,5-10%,243.56,Feb,Cobalt
2023-01-23,2023,1,Jan,Cobalt,Consumer,UK,8,194.56,73.49,1556.45,389.11,1167.34,587.92,579.42,0.4964,246.88,266.61,312.81,106.44,5000.0,3144.25,1855.75,2.27,1.87,1.69,0.0626,20%+,587.92,1556.45,1167.34,579.42,8,194.56,73.49,20%+,389.11,Jan,Cobalt
2023-11-06,2023,11,Nov,Echo,Consumer,USA,11,214.81,85.09,2362.93,0.0,2362.93,935.98,1426.96,0.6039,428.31,423.83,1003.13,163.91,5000.0,2829.13,2170.87,2.0,1.51,1.3,0.2006,0-5%,935.98,2362.93,2362.93,1426.96,11,214.81,85.09,0-5%,0.0,Nov,Echo
2025-06-25,2025,6,Jun,Flux,SMB,USA,12,241.19,85.67,2894.31,86.83,2807.48,1027.99,1779.49,0.6338,371.86,342.36,1437.13,128.07,5000.0,2273.02,2726.98,1.71,1.34,0.83,0.2874,0-5%,1027.99,2894.31,2807.48,1779.49,12,241.19,85.67,0-5%,86.83,Jun,Flux
2023-11-08,2023,11,Nov,Delta,Consumer,UK,9,219.34,103.53,1974.04,0.0,1974.04,931.8,1042.24,0.528,510.38,497.68,544.56,198.15,5000.0,2294.28,2705.72,1.92,1.52,0.85,0.1089,0-5%,931.8,1974.04,1974.04,1042.24,9,219.34,103.53,0-5%,0.0,Nov,Delta
2024-06-25,2024,6,Jun,Bravo,Consumer,UK,9,317.53,170.94,2857.76,0.0,2857.76,1538.48,1319.28,0.4616,498.67,523.19,796.08,311.23,5000.0,1862.02,3137.98,1.7,1.33,0.59,0.1592,0-5%,1538.48,2857.76,2857.76,1319.28,9,317.53,170.94,0-5%,0.0,Jun,Bravo
2023-05-14,2023,5,May,Bravo,Consumer,Canada,11,242.31,95.01,2665.45,319.85,2345.6,1045.15,1300.44,0.5544,581.67,579.05,721.39,174.63,5000.0,2502.28,2497.72,0.85,0.5,1.0,0.1443,10-20%,1045.15,2665.45,2345.6,1300.44,11,242.31,95.01,10-20%,319.85,May,Bravo
2025-08-18,2025,8,Aug,Cobalt,Enterprise,USA,8,217.1,91.35,1736.78,121.57,1615.2,730.77,884.43,0.5476,405.2,429.03,455.4,95.32,5000.0,1895.81,3104.19,1.77,1.37,0.61,0.0911,5-10%,730.77,1736.78,1615.2,884.43,8,217.1,91.35,5-10%,121.57,Aug,Cobalt
2025-02-01,2025,2,Feb,Cobalt,Consumer,Germany,11,252.7,136.02,2779.67,0.0,2779.67,1496.18,1283.49,0.4617,460.83,458.63,824.86,180.72,5000.0,2009.51,2990.49,1.41,0.92,0.67,0.165,0-5%,1496.18,2779.67,2779.67,1283.49,11,252.7,136.02,0-5%,0.0,Feb,Cobalt
2023-08-24,2023,8,Aug,Flux,Consumer,USA,9,162.5,70.57,1462.47,0.0,1462.47,635.13,827.34,0.5657,288.02,277.89,549.45,112.07,5000.0,2655.27,2344.73,1.15,0.88,1.13,0.1099,0-5%,635.13,1462.47,1462.47,827.34,9,162.5,70.57,0-5%,0.0,Aug,Flux
2025-09-23,2025,9,Sep,Delta,Consumer,India,12,218.3,91.59,2619.62,78.59,2541.03,1099.11,1441.92,0.5675,325.0,305.21,1136.71,113.15,5000.0,3145.1,1854.9,1.93,1.57,1.7,0.2273,0-5%,1099.11,2619.62,2541.03,1441.92,12,218.3,91.59,0-5%,78.59,Sep,Delta
2023-07-27,2023,7,Jul,Alpha,Consumer,India,10,199.48,96.63,1994.83,139.64,1855.19,966.35,888.85,0.4791,229.22,238.36,650.48,137.29,5000.0,2281.87,2718.13,2.31,1.98,0.84,0.1301,5-10%,966.35,1994.83,1855.19,888.85,10,199.48,96.63,5-10%,139.64,Jul,Alpha
2024-05-20,2024,5,May,Echo,Consumer,India,8,57.93,24.45,463.46,13.9,449.55,195.58,253.97,0.5649,96.11,90.24,163.73,50.0,5000.0,2427.09,2572.91,2.15,1.82,0.94,0.0327,0-5%,195.58,463.46,449.55,253.97,8,57.93,24.45,0-5%,13.9,May,Echo
2023-09-21,2023,9,Sep,Delta,Consumer,USA,10,172.94,85.61,1729.4,51.88,1677.52,856.07,821.45,0.4897,445.77,410.69,410.76,114.42,5000.0,2073.93,2926.07,1.66,1.28,0.71,0.0822,0-5%,856.07,1729.4,1677.52,821.45,10,172.94,85.61,0-5%,51.88,Sep,Delta
2023-05-09,2023,5,May,Alpha,Consumer,USA,9,151.63,72.31,1364.66,40.94,1323.72,650.8,672.92,0.5084,165.01,166.57,506.35,102.73,5000.0,1972.94,3027.06,1.48,0.93,0.65,0.1013,0-5%,650.8,1364.66,1323.72,672.92,9,151.63,72.31,0-5%,40.94,May,Alpha
2023-10-30,2023,10,Oct,Cobalt,Enterprise,Germany,7,179.88,93.95,1259.16,0.0,1259.16,657.65,601.51,0.4777,273.63,272.89,328.62,142.12,5000.0,1764.27,3235.73,2.01,1.62,0.55,0.0657,0-5%,657.65,1259.16,1259.16,601.51,7,179.88,93.95,0-5%,0.0,Oct,Cobalt
2025-05-13,2025,5,May,Delta,Enterprise,USA,8,208.79,110.72,1670.3,0.0,1670.3,885.72,784.58,0.4697,457.78,426.96,357.62,187.1,5000.0,2541.62,2458.38,1.98,1.4,1.03,0.0715,0-5%,885.72,1670.3,1670.3,784.58,8,208.79,110.72,0-5%,0.0,May,Delta
2025-02-04,2025,2,Feb,Bravo,Consumer,UK,7,172.19,81.38,1205.36,36.16,1169.2,569.69,599.51,0.5128,182.14,185.03,414.49,112.84,5000.0,3139.82,1860.18,2.04,1.45,1.69,0.0829,0-5%,569.69,1205.36,1169.2,599.51,7,172.19,81.38,0-5%,36.16,Feb,Bravo
2025-11-26,2025,11,Nov,Alpha,SMB,India,5,181.47,94.22,907.36,27.22,880.14,471.08,409.06,0.4648,201.23,203.31,205.75,98.45,5000.0,2962.61,2037.39,1.12,0.58,1.45,0.0411,0-5%,471.08,907.36,880.14,409.06,5,181.47,94.22,0-5%,27.22,Nov,Alpha
2024-07-27,2024,7,Jul,Echo,Consumer,USA,13,151.13,67.47,1964.67,235.76,1728.91,877.09,851.83,0.4927,322.04,298.8,553.03,177.91,5000.0,2512.88,2487.12,1.84,1.25,1.01,0.1106,10-20%,877.09,1964.67,1728.91,851.83,13,151.13,67.47,10-20%,235.76,Jul,Echo
2024-08-31,2024,8,Aug,Cobalt,Consumer,UK,11,260.45,115.38,2865.0,85.95,2779.05,1269.16,1509.89,0.5433,453.52,438.98,1070.9,133.84,5197.49,3280.71,1916.78,1.87,1.33,1.71,0.206,0-5%,1269.16,2865.0,2779.05,1509.89,11,260.45,115.38,0-5%,85.95,Aug,Cobalt
2025-07-07,2025,7,Jul,Alpha,Consumer,Germany,10,170.5,73.81,1704.98,0.0,1704.98,738.12,966.86,0.5671,476.81,512.78,454.08,122.53,5000.0,3179.69,1820.31,1.52,1.13,1.75,0.0908,0-5%,738.12,1704.98,1704.98,966.86,10,170.5,73.81,0-5%,0.0,Jul,Alpha
2024-11-28,2024,11,Nov,Flux,Consumer,USA,8,236.12,92.13,1889.0,0.0,1889.0,737.03,1151.97,0.6098,359.74,388.09,763.88,119.33,5000.0,2044.99,2955.01,1.16,0.66,0.69,0.1528,0-5%,737.03,1889.0,1889.0,1151.97,8,236.12,92.13,0-5%,0.0,Nov,Flux
2023-09-17,2023,9,Sep,Echo,Consumer,India,6,181.2,98.48,1087.18,0.0,1087.18,590.89,496.29,0.4565,223.61,229.18,267.11,79.99,5000.0,2306.49,2693.51,1.94,1.61,0.86,0.0534,0-5%,590.89,1087.18,1087.18,496.29,6,181.2,98.48,0-5%,0.0,Sep,Echo
2023-05-11,2023,5,May,Flux,SMB,USA,11,205.53,88.21,2260.8,0.0,2260.8,970.3,1290.51,0.5708,322.94,332.62,957.89,108.62,5000.0,3204.47,1795.53,1.4,0.97,1.78,0.1916,0-5%,970.3,2260.8,2260.8,1290.51,11,205.53,88.21,0-5%,0.0,May,Flux
2023-03-01,2023,3,Mar,Echo,Consumer,UK,4,248.04,125.15,992.15,0.0,992.15,500.59,491.56,0.4955,277.19,258.67,232.9,93.37,5000.0,3166.57,1833.43,1.86,1.52,1.73,0.0466,0-5%,500.59,992.15,992.15,491.56,4,248.04,125.15,0-5%,0.0,Mar,Echo
2023-09-12,2023,9,Sep,Cobalt,SMB,Canada,7,165.98,78.63,1161.88,139.43,1022.46,550.39,472.07,0.4617,201.76,209.55,262.52,120.46,5000.0,2484.9,2515.1,1.01,0.63,0.99,0.0525,10-20%,550.39,1161.88,1022.46,472.07,7,165.98,78.63,10-20%,139.43,Sep,Cobalt
2024-02-17,2024,2,Feb,Delta,Consumer,Germany,7,335.43,147.13,2347.98,0.0,2347.98,1029.9,1318.08,0.5614,591.65,616.13,701.94,143.83,5000.0,2928.77,2071.23,1.89,1.49,1.41,0.1404,0-5%,1029.9,2347.98,2347.98,1318.08,7,335.43,147.13,0-5%,0.0,Feb,Delta
2023-08-24,2023,8,Aug,Alpha,Consumer,USA,14,120.36,52.53,1684.99,117.95,1567.04,735.45,831.59,0.5307,393.07,362.89,468.7,107.07,5000.0,2706.31,2293.69,1.83,1.43,1.18,0.0937,5-10%,735.45,1684.99,1567.04,831.59,14,120.36,52.53,5-10%,117.95,Aug,Alpha
2025-04-04,2025,4,Apr,Cobalt,Enterprise,USA,8,290.89,141.4,2327.14,69.81,2257.33,1131.21,1126.12,0.4989,586.42,566.45,559.67,171.79,5000.0,3089.29,1910.71,2.25,1.8,1.62,0.1119,0-5%,1131.21,2327.14,2257.33,1126.12,8,290.89,141.4,0-5%,69.81,Apr,Cobalt
2024-12-04,2024,12,Dec,Alpha,Consumer,USA,9,222.42,114.15,2001.82,0.0,2001.82,1027.38,974.43,0.4868,434.88,401.64,572.79,189.18,5000.0,3098.65,1901.35,1.23,0.64,1.63,0.1146,0-5%,1027.38,2001.82,2001.82,974.43,9,222.42,114.15,0-5%,0.0,Dec,Alpha
2025-04-25,2025,4,Apr,Echo,Consumer,USA,13,235.58,100.51,3062.48,0.0,3062.48,1306.61,1755.87,0.5733,449.5,484.66,1271.2,283.13,5801.86,3409.63,2392.23,2.03,1.72,1.43,0.2191,0-5%,1306.61,3062.48,3062.48,1755.87,13,235.58,100.51,0-5%,0.0,Apr,Echo
2024-05-22,2024,5,May,Echo,Consumer,USA,8,289.31,104.55,2314.5,0.0,2314.5,836.41,1478.1,0.6386,321.94,305.22,1172.87,101.24,5000.0,2038.16,2961.84,1.27,1.04,0.69,0.2346,0-5%,836.41,2314.5,2314.5,1478.1,8,289.31,104.55,0-5%,0.0,May,Echo
2023-07-07,2023,7,Jul,Flux,Consumer,USA,11,172.0,74.55,1892.01,473.0,1419.01,820.08,598.93,0.4221,200.63,199.06,399.87,163.92,5000.0,1888.08,3111.92,1.58,1.33,0.61,0.08,20%+,820.08,1892.01,1419.01,598.93,11,172.0,74.55,20%+,473.0,Jul,Flux
2023-12-04,2023,12,Dec,Cobalt,SMB,USA,9,230.31,90.42,2072.82,145.1,1927.72,813.79,1113.93,0.5778,466.43,493.46,620.47,98.85,5000.0,2580.57,2419.43,1.37,1.11,1.07,0.1241,5-10%,813.79,2072.82,1927.72,1113.93,9,230.31,90.42,5-10%,145.1,Dec,Cobalt
2023-06-04,2023,6,Jun,Bravo,Enterprise,USA,9,352.15,123.49,3169.35,0.0,3169.35,1111.44,2057.91,0.6493,525.76,493.48,1564.43,230.63,5895.23,2876.17,3019.06,1.74,1.37,0.95,0.2654,0-5%,1111.44,3169.35,3169.35,2057.91,9,352.15,123.49,0-5%,0.0,Jun,Bravo
2023-02-11,2023,2,Feb,Cobalt,SMB,India,14,201.05,71.81,2814.73,84.44,2730.29,1005.4,1724.89,0.6318,467.78,450.19,1274.7,178.75,5000.0,2214.67,2785.33,1.83,1.51,0.8,0.2549,0-5%,1005.4,2814.73,2730.29,1724.89,14,201.05,71.81,0-5%,84.44,Feb,Cobalt
2025-11-19,2025,11,Nov,Bravo,Consumer,Canada,10,160.23,87.66,1602.31,0.0,1602.31,876.58,725.73,0.4529,433.31,423.79,301.94,161.32,5000.0,2346.2,2653.8,1.33,0.87,0.88,0.0604,0-5%,876.58,1602.31,1602.31,725.73,10,160.23,87.66,0-5%,0.0,Nov,Bravo
2025-11-08,2025,11,Nov,Delta,Enterprise,Canada,12,190.43,79.76,2285.11,274.21,2010.9,957.13,1053.77,0.524,367.28,382.39,671.39,146.3,5000.0,2882.06,2117.94,2.43,2.11,1.36,0.1343,10-20%,957.13,2285.11,2010.9,1053.77,12,190.43,79.76,10-20%,274.21,Nov,Delta
2023-12-21,2023,12,Dec,Cobalt,Consumer,USA,12,182.57,76.73,2190.8,65.72,2125.08,920.72,1204.36,0.5667,453.06,439.36,764.99,180.87,5000.0,2682.61,2317.39,1.85,1.47,1.16,0.153,0-5%,920.72,2190.8,2125.08,1204.36,12,182.57,76.73,0-5%,65.72,Dec,Cobalt
2023-03-25,2023,3,Mar,Cobalt,SMB,USA,11,206.67,74.2,2273.35,0.0,2273.35,816.18,1457.16,0.641,442.83,463.47,993.7,110.11,5000.0,3015.56,1984.44,1.63,1.35,1.52,0.1987,0-5%,816.18,2273.35,2273.35,1457.16,11,206.67,74.2,0-5%,0.0,Mar,Cobalt
2025-06-15,2025,6,Jun,Delta,Consumer,UK,11,178.57,90.18,1964.24,58.93,1905.31,991.97,913.34,0.4794,471.59,476.98,436.36,208.61,5000.0,3057.51,1942.49,1.56,1.11,1.57,0.0873,0-5%,991.97,1964.24,1905.31,913.34,11,178.57,90.18,0-5%,58.93,Jun,Delta
2023-02-23,2023,2,Feb,Echo,SMB,USA,5,178.23,86.9,891.15,106.94,784.22,434.51,349.71,0.4459,96.71,100.67,249.04,59.51,5000.0,2865.5,2134.5,1.57,1.12,1.34,0.0498,10-20%,434.51,891.15,784.22,349.71,5,178.23,86.9,10-20%,106.94,Feb,Echo
2025-08-09,2025,8,Aug,Echo,Consumer,India,7,175.83,74.88,1230.82,86.16,1144.66,524.13,620.54,0.5421,261.41,243.59,376.94,82.44,5000.0,2445.35,2554.65,1.76,1.55,0.96,0.0754,5-10%,524.13,1230.82,1144.66,620.54,7,175.83,74.88,5-10%,86.16,Aug,Echo
2025-09-02,2025,9,Sep,Delta,Consumer,USA,8,245.05,91.39,1960.37,235.24,1725.13,731.1,994.03,0.5762,210.2,195.29,798.75,99.81,5000.0,2612.86,2387.14,1.09,0.76,1.09,0.1597,10-20%,731.1,1960.37,1725.13,994.03,8,245.05,91.39,10-20%,235.24,Sep,Delta
2023-06-23,2023,6,Jun,Alpha,SMB,Germany,13,198.1,70.05,2575.27,0.0,2575.27,910.65,1664.62,0.6464,426.52,394.65,1269.98,167.95,5000.0,2368.12,2631.88,1.71,1.44,0.9,0.254,0-5%,910.65,2575.27,2575.27,1664.62,13,198.1,70.05,0-5%,0.0,Jun,Alpha
2023-04-28,2023,4,Apr,Alpha,SMB,India,14,182.34,99.02,2552.7,76.58,2476.12,1386.3,1089.83,0.4401,583.34,627.89,461.94,247.97,5000.0,2007.21,2992.79,1.8,1.21,0.67,0.0924,0-5%,1386.3,2552.7,2476.12,1089.83,14,182.34,99.02,0-5%,76.58,Apr,Alpha
2023-11-19,2023,11,Nov,Delta,SMB,India,8,189.65,94.39,1517.16,0.0,1517.16,755.1,762.06,0.5023,343.4,359.74,402.32,157.57,5000.0,2339.19,2660.81,1.86,1.32,0.88,0.0805,0-5%,755.1,1517.16,1517.16,762.06,8,189.65,94.39,0-5%,0.0,Nov,Delta
2023-05-04,2023,5,May,Alpha,Enterprise,USA,3,214.49,75.55,643.48,0.0,643.48,226.64,416.85,0.6478,153.57,155.07,261.78,50.0,5000.0,2326.77,2673.23,2.01,1.78,0.87,0.0524,0-5%,226.64,643.48,643.48,416.85,3,214.49,75.55,0-5%,0.0,May,Alpha
2025-07-16,2025,7,Jul,Flux,Consumer,India,9,179.33,86.46,1613.93,112.98,1500.95,778.12,722.83,0.4816,197.22,202.35,520.48,132.13,5000.0,2723.68,2276.32,2.41,2.03,1.2,0.1041,5-10%,778.12,1613.93,1500.95,722.83,9,179.33,86.46,5-10%,112.98,Jul,Flux
2024-07-22,2024,7,Jul,Flux,Enterprise,USA,11,226.66,113.25,2493.27,174.53,2318.74,1245.74,1073.0,0.4628,295.01,277.67,795.33,266.01,5000.0,2488.68,2511.32,1.74,1.25,0.99,0.1591,5-10%,1245.74,2493.27,2318.74,1073.0,11,226.66,113.25,5-10%,174.53,Jul,Flux
2025-05-23,2025,5,May,Bravo,Consumer,Canada,14,309.19,155.0,4328.71,303.01,4025.7,2169.95,1855.76,0.461,960.93,1034.6,821.16,410.18,7807.61,3456.84,4350.77,1.71,1.31,0.79,0.1052,5-10%,2169.95,4328.71,4025.7,1855.76,14,309.19,155.0,5-10%,303.01,May,Bravo
2023-08-27,2023,8,Aug,Cobalt,SMB,India,10,139.86,64.54,1398.64,0.0,1398.64,645.44,753.2,0.5385,197.53,199.37,553.83,64.78,5000.0,2245.62,2754.38,1.91,1.44,0.82,0.1108,0-5%,645.44,1398.64,1398.64,753.2,10,139.86,64.54,0-5%,0.0,Aug,Cobalt
2025-12-04,2025,12,Dec,Cobalt,Consumer,Canada,12,280.26,129.87,3363.17,100.9,3262.28,1558.46,1703.82,0.5223,414.2,438.47,1265.34,314.57,6193.95,3039.48,3154.48,2.37,2.16,0.96,0.2043,0-5%,1558.46,3363.17,3262.28,1703.82,12,280.26,129.87,0-5%,100.9,Dec,Cobalt
2023-11-16,2023,11,Nov,Delta,SMB,Canada,11,257.6,99.52,2833.58,85.01,2748.57,1094.71,1653.86,0.6017,583.69,563.91,1089.95,187.66,5000.0,3109.86,1890.14,1.88,1.32,1.65,0.218,0-5%,1094.71,2833.58,2748.57,1653.86,11,257.6,99.52,0-5%,85.01,Nov,Delta
2024-08-25,2024,8,Aug,Echo,Consumer,Canada,10,348.07,126.62,3480.74,0.0,3480.74,1266.25,2214.49,0.6362,463.4,465.77,1748.73,137.77,5000.0,3219.01,1780.99,1.66,1.28,1.81,0.3497,0-5%,1266.25,3480.74,3480.74,2214.49,10,348.07,126.62,0-5%,0.0,Aug,Echo
2024-09-05,2024,9,Sep,Cobalt,Enterprise,USA,9,210.8,89.91,1897.19,474.3,1422.9,809.16,613.74,0.4313,365.54,357.52,256.21,82.38,5000.0,2464.56,2535.44,2.14,1.79,0.97,0.0512,20%+,809.16,1897.19,1422.9,613.74,9,210.8,89.91,20%+,474.3,Sep,Cobalt
2024-08-24,2024,8,Aug,Delta,Enterprise,USA,8,190.61,94.13,1524.88,106.74,1418.14,753.07,665.07,0.469,249.68,240.14,424.92,157.28,5000.0,3237.65,1762.35,1.51,1.27,1.84,0.085,5-10%,753.07,1524.88,1418.14,665.07,8,190.61,94.13,5-10%,106.74,Aug,Delta
2023-05-20,2023,5,May,Cobalt,Consumer,India,6,195.53,75.7,1173.15,35.19,1137.96,454.17,683.79,0.6009,154.48,154.43,529.36,88.96,5000.0,1758.12,3241.88,1.32,0.73,0.54,0.1059,0-5%,454.17,1173.15,1137.96,683.79,6,195.53,75.7,0-5%,35.19,May,Cobalt
2025-12-12,2025,12,Dec,Flux,Consumer,USA,7,187.1,73.1,1309.71,0.0,1309.71,511.71,798.0,0.6093,168.57,177.34,620.66,102.42,5000.0,2378.89,2621.11,2.14,1.78,0.91,0.1241,0-5%,511.71,1309.71,1309.71,798.0,7,187.1,73.1,0-5%,0.0,Dec,Flux
2024-03-18,2024,3,Mar,Delta,Consumer,Germany,12,248.62,95.92,2983.44,0.0,2983.44,1151.02,1832.42,0.6142,519.38,532.4,1300.02,188.0,5000.0,2470.52,2529.48,2.32,2.04,0.98,0.26,0-5%,1151.02,2983.44,2983.44,1832.42,12,248.62,95.92,0-5%,0.0,Mar,Delta
2025-11-25,2025,11,Nov,Bravo,Enterprise,Germany,13,123.78,63.52,1609.18,112.64,1496.54,825.75,670.78,0.4482,413.89,401.77,269.01,177.99,5000.0,2840.07,2159.93,1.88,1.6,1.31,0.0538,5-10%,825.75,1609.18,1496.54,670.78,13,123.78,63.52,5-10%,112.64,Nov,Bravo
2024-08-04,2024,8,Aug,Cobalt,Consumer,USA,7,131.74,59.05,922.17,64.55,857.62,413.35,444.27,0.518,106.84,101.94,342.33,87.62,5000.0,3017.03,1982.97,2.3,2.06,1.52,0.0685,5-10%,413.35,922.17,857.62,444.27,7,131.74,59.05,5-10%,64.55,Aug,Cobalt
2024-07-24,2024,7,Jul,Cobalt,Consumer,Canada,5,211.74,98.68,1058.72,0.0,1058.72,493.42,565.29,0.5339,179.36,175.92,389.37,89.02,5000.0,2304.9,2695.1,2.1,1.62,0.86,0.0779,0-5%,493.42,1058.72,1058.72,565.29,5,211.74,98.68,0-5%,0.0,Jul,Cobalt
2023-10-02,2023,10,Oct,Cobalt,SMB,USA,7,98.89,36.41,692.24,48.46,643.79,254.85,388.94,0.6041,90.47,95.79,293.15,50.0,5000.0,2805.87,2194.13,2.0,1.66,1.28,0.0586,5-10%,254.85,692.24,643.79,388.94,7,98.89,36.41,5-10%,48.46,Oct,Cobalt
2023-12-10,2023,12,Dec,Alpha,Enterprise,USA,9,176.42,76.21,1587.77,0.0,1587.77,685.89,901.87,0.568,208.03,196.78,705.09,143.22,5000.0,2292.01,2707.99,1.83,1.44,0.85,0.141,0-5%,685.89,1587.77,1587.77,901.87,9,176.42,76.21,0-5%,0.0,Dec,Alpha
2024-06-04,2024,6,Jun,Bravo,Consumer,USA,15,150.08,54.26,2251.13,157.58,2093.55,813.86,1279.69,0.6113,499.64,510.56,769.13,149.51,5000.0,2079.38,2920.62,1.51,0.95,0.71,0.1538,5-10%,813.86,2251.13,2093.55,1279.69,15,150.08,54.26,5-10%,157.58,Jun,Bravo
2025-06-03,2025,6,Jun,Delta,SMB,Germany,7,287.44,155.59,2012.09,60.36,1951.73,1089.15,862.58,0.442,462.78,468.32,394.25,188.49,5000.0,2286.12,2713.88,1.86,1.49,0.84,0.0789,0-5%,1089.15,2012.09,1951.73,862.58,7,287.44,155.59,0-5%,60.36,Jun,Delta
2025-11-16,2025,11,Nov,Alpha,Enterprise,USA,12,191.94,87.5,2303.28,69.1,2234.18,1050.03,1184.14,0.53,573.73,563.95,620.2,169.86,5000.0,2606.46,2393.54,1.87,1.51,1.09,0.124,0-5%,1050.03,2303.28,2234.18,1184.14,12,191.94,87.5,0-5%,69.1,Nov,Alpha
2024-02-19,2024,2,Feb,Echo,Consumer,USA,4,220.98,83.81,883.93,106.07,777.86,335.22,442.63,0.569,177.98,169.19,273.44,57.19,5000.0,2167.01,2832.99,1.97,1.62,0.76,0.0547,10-20%,335.22,883.93,777.86,442.63,4,220.98,83.81,10-20%,106.07,Feb,Echo
2025-01-27,2025,1,Jan,Bravo,SMB,USA,10,247.13,101.48,2471.25,172.99,2298.26,1014.84,1283.42,0.5584,318.93,331.11,952.31,161.55,5000.0,2976.74,2023.26,2.91,2.38,1.47,0.1905,5-10%,1014.84,2471.25,2298.26,1283.42,10,247.13,101.48,5-10%,172.99,Jan,Bravo
2024-07-17,2024,7,Jul,Alpha,SMB,USA,8,256.31,99.41,2050.5,512.62,1537.87,795.24,742.63,0.4829,250.78,253.85,488.78,148.58,5000.0,3212.98,1787.02,2.71,2.23,1.8,0.0978,20%+,795.24,2050.5,1537.87,742.63,8,256.31,99.41,20%+,512.62,Jul,Alpha
2023-12-31,2023,12,Dec,Cobalt,Enterprise,Germany,12,176.29,70.62,2115.46,148.08,1967.38,847.42,1119.95,0.5693,544.64,512.15,607.8,161.48,5000.0,2840.55,2159.45,1.86,1.59,1.32,0.1216,5-10%,847.42,2115.46,1967.38,1119.95,12,176.29,70.62,5-10%,148.08,Dec,Cobalt
2023-07-09,2023,7,Jul,Delta,Consumer,USA,3,150.51,74.5,451.52,54.18,397.34,223.49,173.85,0.4375,85.39,87.7,86.16,50.0,5000.0,2252.22,2747.78,1.48,0.93,0.82,0.0172,10-20%,223.49,451.52,397.34,173.85,3,150.51,74.5,10-20%,54.18,Jul,Delta
2025-07-24,2025,7,Jul,Cobalt,SMB,India,13,260.93,119.84,3392.06,101.76,3290.3,1557.98,1732.32,0.5265,723.79,700.17,1032.15,254.5,6752.53,2785.44,3967.08,2.0,1.45,0.7,0.1529,0-5%,1557.98,3392.06,3290.3,1732.32,13,260.93,119.84,0-5%,101.76,Jul,Cobalt
2025-11-23,2025,11,Nov,Flux,Consumer,Canada,9,272.81,135.37,2455.31,0.0,2455.31,1218.34,1236.97,0.5038,332.14,319.94,917.04,245.35,5000.0,2411.79,2588.21,1.6,1.35,0.93,0.1834,0-5%,1218.34,2455.31,2455.31,1236.97,9,272.81,135.37,0-5%,0.0,Nov,Flux
2025-10-04,2025,10,Oct,Alpha,SMB,Canada,8,108.68,53.51,869.46,0.0,869.46,428.11,441.35,0.5076,150.57,140.74,300.6,50.0,5000.0,1810.8,3189.2,2.08,1.63,0.57,0.0601,0-5%,428.11,869.46,869.46,441.35,8,108.68,53.51,0-5%,0.0,Oct,Alpha
2023-10-18,2023,10,Oct,Bravo,SMB,India,6,151.91,60.96,911.48,27.34,884.13,365.75,518.38,0.5863,171.89,159.49,358.89,55.29,5000.0,2595.49,2404.51,1.44,0.98,1.08,0.0718,0-5%,365.75,911.48,884.13,518.38,6,151.91,60.96,0-5%,27.34,Oct,Bravo
2025-05-19,2025,5,May,Bravo,Consumer,Canada,4,290.8,127.27,1163.22,81.43,1081.79,509.09,572.71,0.5294,237.3,238.04,334.66,111.16,5000.0,2808.79,2191.21,2.1,1.51,1.28,0.0669,5-10%,509.09,1163.22,1081.79,572.71,4,290.8,127.27,5-10%,81.43,May,Bravo
2025-03-17,2025,3,Mar,Cobalt,Consumer,USA,6,150.56,63.72,903.33,27.1,876.23,382.29,493.94,0.5637,221.18,232.04,261.9,50.0,5000.0,2450.19,2549.81,1.59,1.08,0.96,0.0524,0-5%,382.29,903.33,876.23,493.94,6,150.56,63.72,0-5%,27.1,Mar,Cobalt
2025-09-20,2025,9,Sep,Delta,SMB,USA,9,121.95,47.0,1097.57,131.71,965.86,423.02,542.84,0.562,239.11,246.22,296.62,50.0,5000.0,1915.03,3084.97,1.07,0.73,0.62,0.0593,10-20%,423.02,1097.57,965.86,542.84,9,121.95,47.0,10-20%,131.71,Sep,Delta
2025-09-13,2025,9,Sep,Cobalt,Consumer,Germany,6,232.87,90.9,1397.2,0.0,1397.2,545.4,851.81,0.6097,352.91,329.35,522.46,69.28,5000.0,2736.02,2263.98,1.52,0.99,1.21,0.1045,0-5%,545.4,1397.2,1397.2,851.81,6,232.87,90.9,0-5%,0.0,Sep,Cobalt
2025-08-09,2025,8,Aug,Alpha,SMB,USA,13,187.5,94.37,2437.53,170.63,2266.9,1226.79,1040.11,0.4588,558.65,525.88,514.23,127.46,5000.0,2397.96,2602.04,1.79,1.44,0.92,0.1028,5-10%,1226.79,2437.53,2266.9,1040.11,13,187.5,94.37,5-10%,170.63,Aug,Alpha
2025-07-10,2025,7,Jul,Alpha,Consumer,USA,8,197.19,78.58,1577.5,0.0,1577.5,628.63,948.87,0.6015,213.38,200.69,748.18,100.86,5000.0,2838.46,2161.54,1.77,1.19,1.31,0.1496,0-5%,628.63,1577.5,1577.5,948.87,8,197.19,78.58,0-5%,0.0,Jul,Alpha
2024-05-14,2024,5,May,Cobalt,SMB,USA,9,168.65,64.43,1517.81,106.25,1411.56,579.83,831.74,0.5892,213.29,205.01,626.73,121.97,5000.0,2892.13,2107.87,1.69,1.19,1.37,0.1253,5-10%,579.83,1517.81,1411.56,831.74,9,168.65,64.43,5-10%,106.25,May,Cobalt
2024-04-01,2024,4,Apr,Flux,Consumer,Canada,10,268.85,117.0,2688.5,0.0,2688.5,1169.99,1518.51,0.5648,365.08,387.67,1130.83,170.12,5000.0,2614.41,2385.59,1.86,1.65,1.1,0.2262,0-5%,1169.99,2688.5,2688.5,1518.51,10,268.85,117.0,0-5%,0.0,Apr,Flux
2025-02-26,2025,2,Feb,Bravo,Enterprise,Germany,8,190.14,85.43,1521.11,45.63,1475.47,683.47,792.0,0.5368,234.91,232.16,559.84,91.47,5000.0,2686.19,2313.81,1.84,1.44,1.16,0.112,0-5%,683.47,1521.11,1475.47,792.0,8,190.14,85.43,0-5%,45.63,Feb,Bravo
2023-11-10,2023,11,Nov,Bravo,SMB,USA,9,201.23,73.93,1811.06,0.0,1811.06,665.34,1145.72,0.6326,355.82,340.37,805.35,89.56,5000.0,2595.85,2404.15,1.38,0.97,1.08,0.1611,0-5%,665.34,1811.06,1811.06,1145.72,9,201.23,73.93,0-5%,0.0,Nov,Bravo
2023-03-30,2023,3,Mar,Delta,SMB,USA,12,266.28,140.73,3195.33,223.67,2971.65,1688.73,1282.92,0.4317,460.88,454.91,828.02,198.87,5000.0,2631.51,2368.49,1.8,1.47,1.11,0.1656,5-10%,1688.73,3195.33,2971.65,1282.92,12,266.28,140.73,5-10%,223.67,Mar,Delta
2023-07-05,2023,7,Jul,Cobalt,Consumer,Germany,10,247.48,112.06,2474.83,296.98,2177.85,1120.57,1057.28,0.4855,540.85,580.66,476.63,234.79,5000.0,1778.71,3221.29,2.24,1.66,0.55,0.0953,10-20%,1120.57,2474.83,2177.85,1057.28,10,247.48,112.06,10-20%,296.98,Jul,Cobalt
2024-06-07,2024,6,Jun,Flux,SMB,USA,14,215.61,98.57,3018.48,0.0,3018.48,1379.97,1638.52,0.5428,507.72,506.16,1132.36,297.66,5721.64,2524.18,3197.46,1.95,1.38,0.79,0.1979,0-5%,1379.97,3018.48,3018.48,1638.52,14,215.61,98.57,0-5%,0.0,Jun,Flux
2025-03-11,2025,3,Mar,Bravo,SMB,USA,7,291.66,150.29,2041.63,0.0,2041.63,1052.06,989.57,0.4847,317.62,332.68,656.89,188.39,5000.0,2444.83,2555.17,1.47,0.99,0.96,0.1314,0-5%,1052.06,2041.63,2041.63,989.57,7,291.66,150.29,0-5%,0.0,Mar,Bravo
2025-02-08,2025,2,Feb,Echo,Consumer,Canada,12,280.25,142.59,3363.06,100.89,3262.17,1711.13,1551.04,0.4755,830.5,890.19,660.85,178.7,5000.0,2983.9,2016.1,1.83,1.51,1.48,0.1322,0-5%,1711.13,3363.06,3262.17,1551.04,12,280.25,142.59,0-5%,100.89,Feb,Echo
2024-12-11,2024,12,Dec,Bravo,SMB,Canada,12,174.58,93.95,2094.93,0.0,2094.93,1127.44,967.49,0.4618,509.7,490.44,477.05,146.19,5000.0,2857.35,2142.65,2.44,1.85,1.33,0.0954,0-5%,1127.44,2094.93,2094.93,967.49,12,174.58,93.95,0-5%,0.0,Dec,Bravo
2023-05-04,2023,5,May,Delta,Enterprise,USA,8,244.19,122.68,1953.54,0.0,1953.54,981.41,972.14,0.4976,454.28,478.58,493.56,156.11,5000.0,2431.42,2568.58,1.96,1.73,0.95,0.0987,0-5%,981.41,1953.54,1953.54,972.14,8,244.19,122.68,0-5%,0.0,May,Delta
2023-08-05,2023,8,Aug,Bravo,Consumer,USA,8,275.39,111.72,2203.14,154.22,2048.92,893.78,1155.14,0.5638,530.19,496.9,658.25,145.3,5000.0,2984.68,2015.32,1.95,1.67,1.48,0.1316,5-10%,893.78,2203.14,2048.92,1155.14,8,275.39,111.72,5-10%,154.22,Aug,Bravo
2025-01-14,2025,1,Jan,Bravo,Enterprise,USA,8,184.9,68.6,1479.23,0.0,1479.23,548.83,930.4,0.629,327.09,340.12,590.28,83.24,5000.0,2524.64,2475.36,1.92,1.71,1.02,0.1181,0-5%,548.83,1479.23,1479.23,930.4,8,184.9,68.6,0-5%,0.0,Jan,Bravo
2024-02-14,2024,2,Feb,Delta,Consumer,USA,11,192.08,103.85,2112.9,528.23,1584.68,1142.32,442.36,0.2791,286.04,302.99,139.37,209.26,5000.0,2151.53,2848.47,2.1,1.78,0.76,0.0279,20%+,1142.32,2112.9,1584.68,442.36,11,192.08,103.85,20%+,528.23,Feb,Delta
2024-06-16,2024,6,Jun,Echo,Enterprise,USA,7,248.37,107.71,1738.62,121.7,1616.91,753.97,862.95,0.5337,199.93,201.3,661.65,90.37,5000.0,2419.06,2580.94,1.67,1.08,0.94,0.1323,5-10%,753.97,1738.62,1616.91,862.95,7,248.37,107.71,5-10%,121.7,Jun,Echo
2025-12-06,2025,12,Dec,Alpha,SMB,Germany,6,218.2,94.44,1309.22,0.0,1309.22,566.63,742.6,0.5672,160.46,148.07,594.53,74.49,5000.0,2652.14,2347.86,1.61,1.24,1.13,0.1189,0-5%,566.63,1309.22,1309.22,742.6,6,218.2,94.44,0-5%,0.0,Dec,Alpha
2025-04-02,2025,4,Apr,Alpha,Consumer,India,8,127.8,47.41,1022.38,30.67,991.7,379.29,612.42,0.6175,231.61,220.98,391.43,69.79,5000.0,1936.61,3063.39,1.51,1.23,0.63,0.0783,0-5%,379.29,1022.38,991.7,612.42,8,127.8,47.41,0-5%,30.67,Apr,Alpha
2025-02-14,2025,2,Feb,Bravo,Consumer,USA,12,208.46,101.07,2501.48,175.1,2326.38,1212.85,1113.53,0.4787,431.45,463.55,649.97,185.94,5000.0,2562.46,2437.54,2.14,1.93,1.05,0.13,5-10%,1212.85,2501.48,2326.38,1113.53,12,208.46,101.07,5-10%,175.1,Feb,Bravo
2025-02-18,2025,2,Feb,Cobalt,Consumer,Canada,8,126.54,55.88,1012.29,0.0,1012.29,447.0,565.29,0.5584,145.6,155.66,409.62,87.31,5000.0,2581.76,2418.24,1.35,0.93,1.07,0.0819,0-5%,447.0,1012.29,1012.29,565.29,8,126.54,55.88,0-5%,0.0,Feb,Cobalt
2023-02-18,2023,2,Feb,Flux,Consumer,USA,11,210.82,80.51,2319.07,162.33,2156.74,885.63,1271.11,0.5894,557.76,593.0,678.11,122.18,5000.0,2148.29,2851.71,1.6,1.27,0.75,0.1356,5-10%,885.63,2319.07,2156.74,1271.11,11,210.82,80.51,5-10%,162.33,Feb,Flux
2023-01-25,2023,1,Jan,Bravo,Consumer,USA,4,254.74,106.72,1018.96,30.57,988.39,426.89,561.5,0.5681,253.86,269.66,291.84,92.94,5000.0,1864.97,3135.03,2.11,1.63,0.59,0.0584,0-5%,426.89,1018.96,988.39,561.5,4,254.74,106.72,0-5%,30.57,Jan,Bravo
2025-09-07,2025,9,Sep,Delta,Enterprise,USA,12,216.69,114.83,2600.32,0.0,2600.32,1377.98,1222.34,0.4701,710.48,679.6,542.73,289.57,5000.0,3071.53,1928.47,2.02,1.42,1.59,0.1085,0-5%,1377.98,2600.32,2600.32,1222.34,12,216.69,114.83,0-5%,0.0,Sep,Delta
2024-01-22,2024,1,Jan,Flux,SMB,UK,9,288.88,104.32,2599.92,0.0,2599.92,938.87,1661.05,0.6389,350.11,376.57,1284.48,142.73,5322.42,2937.86,2384.56,1.78,1.51,1.23,0.2413,0-5%,938.87,2599.92,2599.92,1661.05,9,288.88,104.32,0-5%,0.0,Jan,Flux
2023-03-18,2023,3,Mar,Delta,Consumer,USA,10,293.63,161.44,2936.3,88.09,2848.22,1614.42,1233.8,0.4332,496.12,524.82,708.98,203.32,5000.0,2870.73,2129.27,1.69,1.41,1.35,0.1418,0-5%,1614.42,2936.3,2848.22,1233.8,10,293.63,161.44,0-5%,88.09,Mar,Delta
2025-05-26,2025,5,May,Bravo,Consumer,India,9,117.88,61.72,1060.9,0.0,1060.9,555.51,505.39,0.4764,271.79,276.27,229.12,59.83,5000.0,1810.42,3189.58,1.38,1.16,0.57,0.0458,0-5%,555.51,1060.9,1060.9,505.39,9,117.88,61.72,0-5%,0.0,May,Bravo
2025-10-08,2025,10,Oct,Delta,Consumer,UK,13,192.22,81.47,2498.86,0.0,2498.86,1059.06,1439.8,0.5762,527.23,495.05,944.75,123.53,5000.0,2705.88,2294.12,2.1,1.61,1.18,0.1889,0-5%,1059.06,2498.86,2498.86,1439.8,13,192.22,81.47,0-5%,0.0,Oct,Delta
2023-04-08,2023,4,Apr,Alpha,Enterprise,USA,12,267.26,143.09,3207.09,96.21,3110.88,1717.04,1393.84,0.4481,627.21,617.41,776.43,323.62,5000.0,3053.38,1946.62,1.25,0.87,1.57,0.1553,0-5%,1717.04,3207.09,3110.88,1393.84,12,267.26,143.09,0-5%,96.21,Apr,Alpha
2023-05-13,2023,5,May,Cobalt,SMB,USA,11,241.16,132.21,2652.76,185.69,2467.07,1454.28,1012.78,0.4105,420.79,439.37,573.41,256.97,5000.0,3226.99,1773.01,1.78,1.43,1.82,0.1147,5-10%,1454.28,2652.76,2467.07,1012.78,11,241.16,132.21,5-10%,185.69,May,Cobalt
2023-07-14,2023,7,Jul,Echo,SMB,India,10,202.57,106.57,2025.69,0.0,2025.69,1065.68,960.01,0.4739,524.4,483.02,476.99,215.42,5000.0,2733.04,2266.96,1.61,1.09,1.21,0.0954,0-5%,1065.68,2025.69,2025.69,960.01,10,202.57,106.57,0-5%,0.0,Jul,Echo
2025-05-21,2025,5,May,Bravo,SMB,Canada,12,200.66,73.8,2407.88,0.0,2407.88,885.63,1522.25,0.6322,597.85,644.16,878.09,141.73,5000.0,3175.8,1824.2,1.57,1.02,1.74,0.1756,0-5%,885.63,2407.88,2407.88,1522.25,12,200.66,73.8,0-5%,0.0,May,Bravo
2024-07-21,2024,7,Jul,Echo,SMB,Canada,12,235.55,115.49,2826.65,0.0,2826.65,1385.85,1440.8,0.5097,634.18,632.19,808.61,183.82,5000.0,2444.96,2555.04,1.57,1.03,0.96,0.1617,0-5%,1385.85,2826.65,2826.65,1440.8,12,235.55,115.49,0-5%,0.0,Jul,Echo
2025-11-09,2025,11,Nov,Cobalt,Consumer,USA,7,154.47,81.18,1081.31,270.33,810.99,568.26,242.72,0.2993,156.22,161.63,81.09,124.89,5000.0,2708.13,2291.87,2.05,1.66,1.18,0.0162,20%+,568.26,1081.31,810.99,242.72,7,154.47,81.18,20%+,270.33,Nov,Cobalt
2023-12-03,2023,12,Dec,Echo,Enterprise,USA,8,106.38,47.65,851.06,212.77,638.3,381.21,257.09,0.4028,81.05,83.54,173.55,76.81,5000.0,1804.83,3195.17,1.96,1.5,0.56,0.0347,20%+,381.21,851.06,638.3,257.09,8,106.38,47.65,20%+,212.77,Dec,Echo
2023-08-26,2023,8,Aug,Flux,SMB,USA,8,243.58,92.15,1948.61,0.0,1948.61,737.21,1211.4,0.6217,237.76,236.61,974.78,111.82,5000.0,1954.32,3045.68,1.16,0.63,0.64,0.195,0-5%,737.21,1948.61,1948.61,1211.4,8,243.58,92.15,0-5%,0.0,Aug,Flux
2025-07-24,2025,7,Jul,Delta,Consumer,USA,9,222.41,119.22,2001.72,140.12,1861.6,1072.99,788.61,0.4236,264.29,277.14,511.48,180.66,5000.0,1750.1,3249.9,1.99,1.44,0.54,0.1023,5-10%,1072.99,2001.72,1861.6,788.61,9,222.41,119.22,5-10%,140.12,Jul,Delta
2025-12-17,2025,12,Dec,Bravo,Enterprise,USA,12,227.77,97.05,2733.24,191.33,2541.91,1164.58,1377.34,0.5419,493.72,525.15,852.19,151.34,5000.0,2163.5,2836.5,2.03,1.55,0.76,0.1704,5-10%,1164.58,2733.24,2541.91,1377.34,12,227.77,97.05,5-10%,191.33,Dec,Bravo
2024-10-25,2024,10,Oct,Bravo,Enterprise,India,10,235.45,83.49,2354.51,164.82,2189.69,834.91,1354.78,0.6187,293.74,315.79,1038.99,147.9,5000.0,1983.59,3016.41,1.77,1.22,0.66,0.2078,5-10%,834.91,2354.51,2189.69,1354.78,10,235.45,83.49,5-10%,164.82,Oct,Bravo
2025-09-01,2025,9,Sep,Echo,Consumer,India,13,174.77,64.64,2271.98,0.0,2271.98,840.3,1431.68,0.6301,413.46,433.31,998.37,142.7,5000.0,2057.05,2942.95,1.54,1.03,0.7,0.1997,0-5%,840.3,2271.98,2271.98,1431.68,13,174.77,64.64,0-5%,0.0,Sep,Echo
2023-11-20,2023,11,Nov,Alpha,SMB,India,5,253.55,94.59,1267.77,0.0,1267.77,472.95,794.81,0.6269,166.08,160.42,634.4,76.47,5000.0,2510.72,2489.28,1.45,0.94,1.01,0.1269,0-5%,472.95,1267.77,1267.77,794.81,5,253.55,94.59,0-5%,0.0,Nov,Alpha
2025-04-17,2025,4,Apr,Bravo,SMB,USA,5,263.82,140.62,1319.09,158.29,1160.8,703.11,457.7,0.3943,203.98,212.18,245.51,131.55,5000.0,2674.5,2325.5,2.2,1.69,1.15,0.0491,10-20%,703.11,1319.09,1160.8,457.7,5,263.82,140.62,10-20%,158.29,Apr,Bravo
2024-12-21,2024,12,Dec,Alpha,Enterprise,USA,7,127.96,69.96,895.75,26.87,868.87,489.69,379.19,0.4364,233.58,216.89,162.29,55.16,5000.0,2610.44,2389.56,2.1,1.74,1.09,0.0325,0-5%,489.69,895.75,868.87,379.19,7,127.96,69.96,0-5%,26.87,Dec,Alpha
2025-06-22,2025,6,Jun,Bravo,Consumer,India,7,216.68,84.24,1516.78,0.0,1516.78,589.69,927.1,0.6112,299.14,309.66,617.44,72.4,5000.0,2208.96,2791.04,1.73,1.26,0.79,0.1235,0-5%,589.69,1516.78,1516.78,927.1,7,216.68,84.24,0-5%,0.0,Jun,Bravo
2024-05-28,2024,5,May,Delta,Consumer,Canada,11,170.79,61.9,1878.7,56.36,1822.34,680.86,1141.47,0.6264,491.22,513.84,627.63,96.48,5000.0,2178.97,2821.03,2.32,1.72,0.77,0.1255,0-5%,680.86,1878.7,1822.34,1141.47,11,170.79,61.9,0-5%,56.36,May,Delta
2025-12-24,2025,12,Dec,Cobalt,Consumer,Canada,9,227.73,110.94,2049.6,245.95,1803.65,998.49,805.16,0.4464,447.81,442.81,362.34,203.2,5000.0,1973.61,3026.39,1.46,1.2,0.65,0.0725,10-20%,998.49,2049.6,1803.65,805.16,9,227.73,110.94,10-20%,245.95,Dec,Cobalt
2024-11-22,2024,11,Nov,Echo,SMB,USA,6,191.94,74.08,1151.65,80.62,1071.03,444.49,626.55,0.585,190.25,202.44,424.1,87.73,5000.0,2443.77,2556.23,1.78,1.2,0.96,0.0848,5-10%,444.49,1151.65,1071.03,626.55,6,191.94,74.08,5-10%,80.62,Nov,Echo
2025-03-25,2025,3,Mar,Bravo,Consumer,Canada,6,276.58,111.69,1659.51,0.0,1659.51,670.16,989.34,0.5962,361.86,361.41,627.93,71.13,5000.0,1990.97,3009.03,2.08,1.48,0.66,0.1256,0-5%,670.16,1659.51,1659.51,989.34,6,276.58,111.69,0-5%,0.0,Mar,Bravo
2023-02-22,2023,2,Feb,Flux,Consumer,USA,12,177.9,96.42,2134.83,0.0,2134.83,1157.05,977.78,0.458,460.41,444.32,533.46,124.77,5000.0,1778.89,3221.11,1.41,1.1,0.55,0.1067,0-5%,1157.05,2134.83,2134.83,977.78,12,177.9,96.42,0-5%,0.0,Feb,Flux
2025-07-03,2025,7,Jul,Cobalt,SMB,India,6,231.88,97.85,1391.25,97.39,1293.87,587.1,706.77,0.5462,221.13,214.41,492.35,60.87,5000.0,2332.2,2667.8,1.94,1.72,0.87,0.0985,5-10%,587.1,1391.25,1293.87,706.77,6,231.88,97.85,5-10%,97.39,Jul,Cobalt
2023-09-27,2023,9,Sep,Delta,Enterprise,USA,6,224.13,118.34,1344.77,40.34,1304.43,710.05,594.37,0.4557,235.98,254.6,339.78,139.64,5000.0,2022.59,2977.41,1.53,1.02,0.68,0.068,0-5%,710.05,1344.77,1304.43,594.37,6,224.13,118.34,0-5%,40.34,Sep,Delta
2023-07-25,2023,7,Jul,Flux,Consumer,USA,10,199.13,104.01,1991.3,59.74,1931.56,1040.06,891.5,0.4615,246.14,243.5,648.0,145.09,5000.0,3217.58,1782.42,1.32,0.83,1.81,0.1296,0-5%,1040.06,1991.3,1931.56,891.5,10,199.13,104.01,0-5%,59.74,Jul,Flux
2025-07-13,2025,7,Jul,Delta,SMB,India,8,196.4,82.92,1571.2,0.0,1571.2,663.37,907.83,0.5778,202.36,191.26,716.57,96.52,5000.0,3121.12,1878.88,1.47,1.18,1.66,0.1433,0-5%,663.37,1571.2,1571.2,907.83,8,196.4,82.92,0-5%,0.0,Jul,Delta
2024-08-31,2024,8,Aug,Bravo,Consumer,USA,11,256.42,128.71,2820.58,0.0,2820.58,1415.83,1404.74,0.498,505.1,480.42,924.32,179.61,5000.0,3243.66,1756.34,1.69,1.1,1.85,0.1849,0-5%,1415.83,2820.58,2820.58,1404.74,11,256.42,128.71,0-5%,0.0,Aug,Bravo
2025-04-20,2025,4,Apr,Echo,SMB,India,5,228.92,95.27,1144.59,34.34,1110.26,476.35,633.9,0.571,284.99,266.38,367.52,68.43,5000.0,1980.65,3019.35,1.76,1.27,0.66,0.0735,0-5%,476.35,1144.59,1110.26,633.9,5,228.92,95.27,0-5%,34.34,Apr,Echo
2025-06-25,2025,6,Jun,Bravo,SMB,USA,8,108.64,54.3,869.13,0.0,869.13,434.41,434.71,0.5002,172.78,167.49,267.22,79.83,5000.0,2394.77,2605.23,2.02,1.48,0.92,0.0534,0-5%,434.41,869.13,869.13,434.71,8,108.64,54.3,0-5%,0.0,Jun,Bravo
2025-01-31,2025,1,Jan,Bravo,Consumer,Canada,10,218.16,104.02,2181.62,0.0,2181.62,1040.19,1141.43,0.5232,563.53,583.41,558.02,125.82,5000.0,2932.06,2067.94,1.89,1.31,1.42,0.1116,0-5%,1040.19,2181.62,2181.62,1141.43,10,218.16,104.02,0-5%,0.0,Jan,Bravo
2024-09-12,2024,9,Sep,Alpha,Consumer,USA,9,237.88,90.21,2140.95,0.0,2140.95,811.91,1329.05,0.6208,282.05,288.98,1040.06,145.18,5000.0,3088.36,1911.64,1.41,1.18,1.62,0.208,0-5%,811.91,2140.95,2140.95,1329.05,9,237.88,90.21,0-5%,0.0,Sep,Alpha
2023-05-13,2023,5,May,Flux,Enterprise,USA,10,206.77,96.81,2067.67,516.92,1550.75,968.15,582.61,0.3757,381.15,364.43,218.18,139.14,5000.0,2726.29,2273.71,2.23,1.7,1.2,0.0436,20%+,968.15,2067.67,1550.75,582.61,10,206.77,96.81,20%+,516.92,May,Flux
2024-01-09,2024,1,Jan,Flux,Consumer,UK,6,229.74,85.78,1378.44,0.0,1378.44,514.66,863.78,0.6266,364.8,356.68,507.1,82.17,5000.0,2796.56,2203.44,1.18,0.95,1.27,0.1014,0-5%,514.66,1378.44,1378.44,863.78,6,229.74,85.78,0-5%,0.0,Jan,Flux
2023-07-21,2023,7,Jul,Delta,Enterprise,Germany,8,202.2,72.74,1617.64,0.0,1617.64,581.88,1035.76,0.6403,295.44,312.02,723.74,84.05,5000.0,2068.86,2931.14,1.95,1.46,0.71,0.1447,0-5%,581.88,1617.64,1617.64,1035.76,8,202.2,72.74,0-5%,0.0,Jul,Delta
2025-11-01,2025,11,Nov,Flux,Consumer,USA,9,127.58,58.32,1148.22,0.0,1148.22,524.86,623.36,0.5429,180.59,173.5,449.86,78.45,5000.0,2492.41,2507.59,1.62,1.06,0.99,0.09,0-5%,524.86,1148.22,1148.22,623.36,9,127.58,58.32,0-5%,0.0,Nov,Flux
2023-05-27,2023,5,May,Alpha,Consumer,India,9,177.49,79.0,1597.39,111.82,1485.57,710.97,774.6,0.5214,407.67,419.78,354.82,104.83,5000.0,1961.23,3038.77,1.52,1.15,0.65,0.071,5-10%,710.97,1597.39,1485.57,774.6,9,177.49,79.0,5-10%,111.82,May,Alpha
2024-09-28,2024,9,Sep,Bravo,SMB,UK,9,166.59,66.46,1499.28,179.91,1319.37,598.15,721.21,0.5466,260.7,255.72,465.49,125.63,5000.0,1933.12,3066.88,1.5,1.02,0.63,0.0931,10-20%,598.15,1499.28,1319.37,721.21,9,166.59,66.46,10-20%,179.91,Sep,Bravo
2025-11-02,2025,11,Nov,Delta,Enterprise,Canada,16,164.89,89.2,2638.23,79.15,2559.08,1427.15,1131.93,0.4423,602.0,600.08,531.85,276.89,5000.0,2304.89,2695.11,2.28,1.76,0.86,0.1064,0-5%,1427.15,2638.23,2559.08,1131.93,16,164.89,89.2,0-5%,79.15,Nov,Delta
2024-12-20,2024,12,Dec,Echo,Consumer,India,14,276.24,120.65,3867.31,0.0,3867.31,1689.06,2178.25,0.5632,518.02,529.82,1648.42,298.39,5018.6,3221.83,1796.77,2.0,1.52,1.79,0.3285,0-5%,1689.06,3867.31,3867.31,2178.25,14,276.24,120.65,0-5%,0.0,Dec,Echo
2024-02-11,2024,2,Feb,Bravo,Enterprise,Germany,7,200.0,90.67,1399.99,98.0,1301.99,634.72,667.27,0.5125,165.64,161.29,505.98,112.62,5000.0,2334.84,2665.16,2.02,1.52,0.88,0.1012,5-10%,634.72,1399.99,1301.99,667.27,7,200.0,90.67,5-10%,98.0,Feb,Bravo
2024-09-17,2024,9,Sep,Flux,SMB,UK,10,239.82,93.81,2398.2,71.95,2326.26,938.06,1388.2,0.5968,457.11,433.33,954.87,201.84,5000.0,2169.85,2830.15,1.51,1.07,0.77,0.191,0-5%,938.06,2398.2,2326.26,1388.2,10,239.82,93.81,0-5%,71.95,Sep,Flux
2025-04-15,2025,4,Apr,Flux,Enterprise,UK,14,289.32,111.84,4050.45,486.05,3564.4,1565.83,1998.57,0.5607,655.51,664.52,1334.06,277.3,5057.48,2598.64,2458.84,1.38,0.89,1.06,0.2638,10-20%,1565.83,4050.45,3564.4,1998.57,14,289.32,111.84,10-20%,486.05,Apr,Flux
2025-02-10,2025,2,Feb,Bravo,Enterprise,India,11,156.29,61.08,1719.15,51.57,1667.58,671.89,995.68,0.5971,446.36,461.69,533.99,92.69,5000.0,2268.04,2731.96,2.1,1.77,0.83,0.1068,0-5%,671.89,1719.15,1667.58,995.68,11,156.29,61.08,0-5%,51.57,Feb,Bravo
2024-03-16,2024,3,Mar,Delta,Consumer,USA,7,288.4,116.43,2018.77,0.0,2018.77,815.03,1203.74,0.5963,421.13,427.33,776.41,137.16,5000.0,2454.83,2545.17,1.85,1.57,0.96,0.1553,0-5%,815.03,2018.77,2018.77,1203.74,7,288.4,116.43,0-5%,0.0,Mar,Delta
2024-08-03,2024,8,Aug,Flux,Consumer,USA,11,188.18,95.51,2069.96,62.1,2007.86,1050.64,957.22,0.4767,440.56,428.44,528.78,164.82,5000.0,2947.6,2052.4,1.73,1.33,1.44,0.1058,0-5%,1050.64,2069.96,2007.86,957.22,11,188.18,95.51,0-5%,62.1,Aug,Flux
2025-08-04,2025,8,Aug,Delta,Consumer,USA,7,221.7,79.69,1551.87,46.56,1505.32,557.84,947.47,0.6294,417.12,386.62,560.85,100.49,5000.0,1930.76,3069.24,1.21,0.97,0.63,0.1122,0-5%,557.84,1551.87,1505.32,947.47,7,221.7,79.69,0-5%,46.56,Aug,Delta
2023-10-10,2023,10,Oct,Flux,Consumer,India,5,240.79,108.81,1203.93,0.0,1203.93,544.03,659.91,0.5481,276.7,264.77,395.13,69.66,5000.0,2812.61,2187.39,1.6,1.23,1.29,0.079,0-5%,544.03,1203.93,1203.93,659.91,5,240.79,108.81,0-5%,0.0,Oct,Flux
2023-08-02,2023,8,Aug,Bravo,Consumer,India,9,141.95,58.49,1277.51,89.43,1188.09,526.45,661.64,0.5569,170.73,158.44,503.2,54.78,5000.0,1885.83,3114.17,0.8,0.5,0.61,0.1006,5-10%,526.45,1277.51,1188.09,661.64,9,141.95,58.49,5-10%,89.43,Aug,Bravo
2025-10-19,2025,10,Oct,Flux,Consumer,UK,6,117.76,53.15,706.59,49.46,657.13,318.91,338.21,0.5147,111.79,104.5,233.71,56.85,5000.0,3122.4,1877.6,2.0,1.45,1.66,0.0467,5-10%,318.91,706.59,657.13,338.21,6,117.76,53.15,5-10%,49.46,Oct,Flux
2023-07-20,2023,7,Jul,Alpha,SMB,USA,7,265.81,137.17,1860.66,130.25,1730.41,960.2,770.21,0.4451,288.06,293.7,476.52,142.36,5000.0,3144.93,1855.07,2.09,1.79,1.7,0.0953,5-10%,960.2,1860.66,1730.41,770.21,7,265.81,137.17,5-10%,130.25,Jul,Alpha
2023-12-29,2023,12,Dec,Bravo,Consumer,India,7,190.6,70.25,1334.17,93.39,1240.78,491.78,749.0,0.6037,221.31,224.38,524.62,68.25,5000.0,2969.16,2030.84,1.62,1.39,1.46,0.1049,5-10%,491.78,1334.17,1240.78,749.0,7,190.6,70.25,5-10%,93.39,Dec,Bravo
2025-10-31,2025,10,Oct,Flux,Consumer,UK,9,273.07,105.48,2457.67,172.04,2285.64,949.35,1336.29,0.5846,353.61,346.21,990.08,180.42,5000.0,2600.21,2399.79,1.47,0.94,1.08,0.198,5-10%,949.35,2457.67,2285.64,1336.29,9,273.07,105.48,5-10%,172.04,Oct,Flux
2025-07-03,2025,7,Jul,Flux,Consumer,India,9,198.42,100.09,1785.78,0.0,1785.78,900.85,884.93,0.4955,226.09,210.99,673.93,129.19,5000.0,2850.64,2149.36,2.1,1.86,1.33,0.1348,0-5%,900.85,1785.78,1785.78,884.93,9,198.42,100.09,0-5%,0.0,Jul,Flux
2025-01-01,2025,1,Jan,Alpha,Consumer,USA,6,245.41,107.73,1472.44,44.17,1428.27,646.4,781.87,0.5474,298.44,311.53,470.34,119.43,5000.0,2147.71,2852.29,1.96,1.75,0.75,0.0941,0-5%,646.4,1472.44,1428.27,781.87,6,245.41,107.73,0-5%,44.17,Jan,Alpha
2025-06-13,2025,6,Jun,Delta,Consumer,Canada,9,180.17,85.34,1621.52,48.65,1572.88,768.02,804.86,0.5117,209.25,198.36,606.5,156.87,5000.0,1876.14,3123.86,1.8,1.39,0.6,0.1213,0-5%,768.02,1621.52,1572.88,804.86,9,180.17,85.34,0-5%,48.65,Jun,Delta
2024-08-08,2024,8,Aug,Echo,SMB,UK,8,135.64,71.29,1085.15,0.0,1085.15,570.34,514.81,0.4744,150.05,153.75,361.06,107.84,5000.0,2753.18,2246.82,1.51,1.04,1.23,0.0722,0-5%,570.34,1085.15,1085.15,514.81,8,135.64,71.29,0-5%,0.0,Aug,Echo
2024-09-30,2024,9,Sep,Alpha,Consumer,USA,12,188.84,73.03,2266.05,271.93,1994.12,876.35,1117.78,0.5605,386.2,368.79,748.98,152.61,5000.0,2743.95,2256.05,1.67,1.28,1.22,0.1498,10-20%,876.35,2266.05,1994.12,1117.78,12,188.84,73.03,10-20%,271.93,Sep,Alpha
2024-03-18,2024,3,Mar,Delta,Consumer,UK,5,166.19,79.04,830.93,99.71,731.22,395.2,336.02,0.4595,161.64,162.2,173.82,50.0,5000.0,1834.81,3165.19,1.86,1.28,0.58,0.0348,10-20%,395.2,830.93,731.22,336.02,5,166.19,79.04,10-20%,99.71,Mar,Delta
2024-02-10,2024,2,Feb,Alpha,Consumer,India,9,176.68,63.23,1590.14,0.0,1590.14,569.09,1021.05,0.6421,306.19,310.58,710.47,89.27,5000.0,1989.63,3010.37,1.72,1.48,0.66,0.1421,0-5%,569.09,1590.14,1590.14,1021.05,9,176.68,63.23,0-5%,0.0,Feb,Alpha
2024-10-20,2024,10,Oct,Flux,Enterprise,Canada,11,242.49,117.85,2667.42,0.0,2667.42,1296.33,1371.08,0.514,383.93,381.92,989.17,229.18,5000.0,2943.79,2056.21,2.03,1.53,1.43,0.1978,0-5%,1296.33,2667.42,2667.42,1371.08,11,242.49,117.85,0-5%,0.0,Oct,Flux
2023-06-08,2023,6,Jun,Delta,SMB,USA,7,234.33,92.49,1640.34,196.84,1443.5,647.41,796.09,0.5515,214.63,231.01,565.08,113.96,5000.0,2618.83,2381.17,1.48,1.13,1.1,0.113,10-20%,647.41,1640.34,1443.5,796.09,7,234.33,92.49,10-20%,196.84,Jun,Delta
2024-08-17,2024,8,Aug,Flux,SMB,Canada,9,264.34,139.65,2379.06,0.0,2379.06,1256.83,1122.23,0.4717,436.03,442.74,679.49,274.0,5000.0,3055.12,1944.88,1.74,1.44,1.57,0.1359,0-5%,1256.83,2379.06,2379.06,1122.23,9,264.34,139.65,0-5%,0.0,Aug,Flux
2025-11-02,2025,11,Nov,Flux,SMB,USA,7,207.04,97.91,1449.25,0.0,1449.25,685.39,763.87,0.5271,327.0,328.5,435.36,94.12,5000.0,3003.61,1996.39,2.18,1.98,1.5,0.0871,0-5%,685.39,1449.25,1449.25,763.87,7,207.04,97.91,0-5%,0.0,Nov,Flux
2023-05-03,2023,5,May,Delta,Consumer,USA,5,174.46,70.18,872.31,26.17,846.14,350.91,495.23,0.5853,107.43,104.06,391.17,65.36,5000.0,2747.38,2252.62,1.97,1.5,1.22,0.0782,0-5%,350.91,872.31,846.14,495.23,5,174.46,70.18,0-5%,26.17,May,Delta
2023-05-02,2023,5,May,Echo,SMB,USA,10,213.53,95.01,2135.27,0.0,2135.27,950.1,1185.16,0.555,301.2,301.59,883.58,141.2,5000.0,2416.93,2583.07,2.13,1.68,0.94,0.1767,0-5%,950.1,2135.27,2135.27,1185.16,10,213.53,95.01,0-5%,0.0,May,Echo
2023-02-22,2023,2,Feb,Delta,SMB,India,9,175.3,94.17,1577.67,0.0,1577.67,847.52,730.15,0.4628,207.11,222.24,507.91,170.82,5000.0,2514.14,2485.86,1.91,1.45,1.01,0.1016,0-5%,847.52,1577.67,1577.67,730.15,9,175.3,94.17,0-5%,0.0,Feb,Delta
2024-08-19,2024,8,Aug,Delta,SMB,India,10,164.81,78.08,1648.13,0.0,1648.13,780.82,867.3,0.5262,305.41,311.42,555.88,99.68,5000.0,2166.01,2833.99,1.7,1.3,0.76,0.1112,0-5%,780.82,1648.13,1648.13,867.3,10,164.81,78.08,0-5%,0.0,Aug,Delta
2025-04-25,2025,4,Apr,Delta,Enterprise,India,7,163.96,70.59,1147.69,0.0,1147.69,494.12,653.57,0.5695,309.38,300.69,352.88,66.34,5000.0,2274.66,2725.34,1.76,1.31,0.83,0.0706,0-5%,494.12,1147.69,1147.69,653.57,7,163.96,70.59,0-5%,0.0,Apr,Delta
2024-04-18,2024,4,Apr,Echo,Consumer,USA,7,268.0,114.14,1875.98,56.28,1819.7,798.96,1020.74,0.5609,311.04,316.89,703.84,81.18,5000.0,3059.61,1940.39,1.65,1.11,1.58,0.1408,0-5%,798.96,1875.98,1819.7,1020.74,7,268.0,114.14,0-5%,56.28,Apr,Echo
2025-02-15,2025,2,Feb,Cobalt,Consumer,Canada,11,195.08,88.95,2145.86,0.0,2145.86,978.46,1167.41,0.544,514.5,553.16,614.25,171.82,5000.0,2250.52,2749.48,1.45,1.21,0.82,0.1229,0-5%,978.46,2145.86,2145.86,1167.41,11,195.08,88.95,0-5%,0.0,Feb,Cobalt
2024-02-15,2024,2,Feb,Alpha,Consumer,India,7,174.6,71.32,1222.19,0.0,1222.19,499.22,722.97,0.5915,172.52,162.55,560.42,79.54,5000.0,1830.34,3169.66,1.66,1.34,0.58,0.1121,0-5%,499.22,1222.19,1222.19,722.97,7,174.6,71.32,0-5%,0.0,Feb,Alpha
2024-04-29,2024,4,Apr,Alpha,Consumer,UK,6,177.57,71.88,1065.4,31.96,1033.43,431.26,602.17,0.5827,154.16,160.78,441.4,65.49,5000.0,3226.77,1773.23,1.45,0.87,1.82,0.0883,0-5%,431.26,1065.4,1033.43,602.17,6,177.57,71.88,0-5%,31.96,Apr,Alpha
2023-08-08,2023,8,Aug,Alpha,Consumer,USA,6,151.69,74.04,910.13,63.71,846.43,444.25,402.17,0.4751,107.62,103.93,298.25,50.0,5000.0,2457.64,2542.36,1.46,1.26,0.97,0.0596,5-10%,444.25,910.13,846.43,402.17,6,151.69,74.04,5-10%,63.71,Aug,Alpha
2023-12-20,2023,12,Dec,Delta,Enterprise,USA,12,313.6,134.73,3763.23,0.0,3763.23,1616.77,2146.46,0.5704,516.9,533.58,1612.88,302.83,6501.62,2358.56,4143.06,1.83,1.61,0.57,0.2481,0-5%,1616.77,3763.23,3763.23,2146.46,12,313.6,134.73,0-5%,0.0,Dec,Delta
2024-09-10,2024,9,Sep,Alpha,SMB,USA,9,273.73,117.29,2463.6,0.0,2463.6,1055.6,1407.99,0.5715,400.33,416.61,991.38,221.1,5000.0,2165.78,2834.22,0.98,0.56,0.76,0.1983,0-5%,1055.6,2463.6,2463.6,1407.99,9,273.73,117.29,0-5%,0.0,Sep,Alpha
2024-02-06,2024,2,Feb,Bravo,Consumer,India,6,153.98,83.82,923.85,64.67,859.18,502.95,356.24,0.4146,145.74,144.66,211.58,78.96,5000.0,1898.72,3101.28,1.59,1.12,0.61,0.0423,5-10%,502.95,923.85,859.18,356.24,6,153.98,83.82,5-10%,64.67,Feb,Bravo
2025-10-20,2025,10,Oct,Alpha,Consumer,USA,9,118.84,47.01,1069.52,0.0,1069.52,423.11,646.41,0.6044,171.1,181.55,464.85,60.21,5000.0,2768.14,2231.86,1.47,1.25,1.24,0.093,0-5%,423.11,1069.52,1069.52,646.41,9,118.84,47.01,0-5%,0.0,Oct,Alpha
2023-04-13,2023,4,Apr,Delta,Consumer,USA,10,193.97,72.17,1939.73,58.19,1881.54,721.67,1159.87,0.6164,330.7,354.83,805.03,119.88,5000.0,1919.36,3080.64,1.08,0.74,0.62,0.161,0-5%,721.67,1939.73,1881.54,1159.87,10,193.97,72.17,0-5%,58.19,Apr,Delta
2025-07-22,2025,7,Jul,Alpha,Consumer,USA,10,202.49,86.0,2024.94,0.0,2024.94,860.0,1164.94,0.5753,554.22,561.5,603.44,106.88,5000.0,1776.23,3223.77,1.14,0.85,0.55,0.1207,0-5%,860.0,2024.94,2024.94,1164.94,10,202.49,86.0,0-5%,0.0,Jul,Alpha
2024-11-15,2024,11,Nov,Echo,SMB,UK,14,179.14,84.5,2507.89,0.0,2507.89,1182.99,1324.9,0.5283,501.2,507.3,817.6,170.05,5000.0,2825.14,2174.86,2.27,2.05,1.3,0.1635,0-5%,1182.99,2507.89,2507.89,1324.9,14,179.14,84.5,0-5%,0.0,Nov,Echo
2023-07-02,2023,7,Jul,Delta,Consumer,USA,13,254.41,111.01,3307.38,0.0,3307.38,1443.19,1864.19,0.5636,868.21,821.54,1042.65,189.52,6707.91,2886.58,3821.34,1.17,0.63,0.76,0.1554,0-5%,1443.19,3307.38,3307.38,1864.19,13,254.41,111.01,0-5%,0.0,Jul,Delta
2023-08-07,2023,8,Aug,Echo,Consumer,Germany,13,226.99,89.0,2950.83,88.52,2862.31,1156.96,1705.35,0.5958,785.78,777.85,927.5,169.29,5000.0,2750.6,2249.4,2.24,1.77,1.22,0.1855,0-5%,1156.96,2950.83,2862.31,1705.35,13,226.99,89.0,0-5%,88.52,Aug,Echo
2025-10-27,2025,10,Oct,Alpha,Consumer,USA,15,146.33,79.49,2194.94,0.0,2194.94,1192.31,1002.63,0.4568,339.47,350.98,651.65,245.96,5000.0,2963.32,2036.68,1.32,1.07,1.45,0.1303,0-5%,1192.31,2194.94,2194.94,1002.63,15,146.33,79.49,0-5%,0.0,Oct,Alpha
2025-03-24,2025,3,Mar,Alpha,Consumer,Canada,7,164.3,88.68,1150.09,34.5,1115.59,620.75,494.84,0.4436,223.78,238.61,256.23,117.11,5000.0,2795.49,2204.51,1.69,1.37,1.27,0.0512,0-5%,620.75,1150.09,1115.59,494.84,7,164.3,88.68,0-5%,34.5,Mar,Alpha
2025-10-12,2025,10,Oct,Echo,SMB,India,5,343.42,149.75,1717.1,429.27,1287.82,748.75,539.07,0.4186,253.65,247.79,291.29,156.18,5000.0,2354.77,2645.23,2.35,1.99,0.89,0.0583,20%+,748.75,1717.1,1287.82,539.07,5,343.42,149.75,20%+,429.27,Oct,Echo
2024-02-16,2024,2,Feb,Alpha,Consumer,India,4,163.43,75.96,653.72,0.0,653.72,303.83,349.89,0.5352,157.09,161.77,188.12,50.0,5000.0,3176.99,1823.01,1.61,1.25,1.74,0.0376,0-5%,303.83,653.72,653.72,349.89,4,163.43,75.96,0-5%,0.0,Feb,Alpha
2024-05-11,2024,5,May,Alpha,Enterprise,Germany,12,255.01,95.32,3060.15,91.8,2968.35,1143.82,1824.53,0.6147,586.03,600.7,1223.84,147.29,5000.0,2894.17,2105.83,1.64,1.12,1.37,0.2448,0-5%,1143.82,3060.15,2968.35,1824.53,12,255.01,95.32,0-5%,91.8,May,Alpha
2023-02-10,2023,2,Feb,Flux,Enterprise,Canada,8,314.84,117.07,2518.71,0.0,2518.71,936.54,1582.17,0.6282,378.83,383.83,1198.34,185.49,5000.0,2956.51,2043.49,2.08,1.72,1.45,0.2397,0-5%,936.54,2518.71,2518.71,1582.17,8,314.84,117.07,0-5%,0.0,Feb,Flux
2024-01-07,2024,1,Jan,Delta,Consumer,India,12,205.56,91.15,2466.67,172.67,2294.0,1093.81,1200.2,0.5232,404.94,384.35,815.85,233.21,5000.0,2780.94,2219.06,1.0,0.5,1.25,0.1632,5-10%,1093.81,2466.67,2294.0,1200.2,12,205.56,91.15,5-10%,172.67,Jan,Delta
2024-10-08,2024,10,Oct,Alpha,Enterprise,Canada,14,203.14,102.33,2844.02,199.08,2644.94,1432.55,1212.39,0.4584,368.72,376.2,836.19,288.92,5000.0,2254.41,2745.59,2.81,2.34,0.82,0.1672,5-10%,1432.55,2844.02,2644.94,1212.39,14,203.14,102.33,5-10%,199.08,Oct,Alpha
2023-07-02,2023,7,Jul,Delta,Enterprise,UK,8,147.59,74.4,1180.72,35.42,1145.3,595.16,550.14,0.4803,195.7,198.56,351.58,80.39,5000.0,2918.4,2081.6,1.68,1.42,1.4,0.0703,0-5%,595.16,1180.72,1145.3,550.14,8,147.59,74.4,0-5%,35.42,Jul,Delta
2023-12-20,2023,12,Dec,Delta,Enterprise,UK,5,255.39,128.05,1276.95,0.0,1276.95,640.27,636.68,0.4986,153.75,149.58,487.11,117.66,5000.0,2244.48,2755.52,2.07,1.52,0.81,0.0974,0-5%,640.27,1276.95,1276.95,636.68,5,255.39,128.05,0-5%,0.0,Dec,Delta
2024-05-30,2024,5,May,Cobalt,Consumer,USA,5,275.4,103.11,1377.02,0.0,1377.02,515.55,861.47,0.6256,194.42,203.63,657.84,83.44,5000.0,3194.62,1805.38,1.38,0.81,1.77,0.1316,0-5%,515.55,1377.02,1377.02,861.47,5,275.4,103.11,0-5%,0.0,May,Cobalt
2023-11-22,2023,11,Nov,Flux,Consumer,USA,10,219.02,96.53,2190.25,0.0,2190.25,965.33,1224.92,0.5593,525.79,505.75,719.17,143.44,5000.0,2209.46,2790.54,1.64,1.22,0.79,0.1438,0-5%,965.33,2190.25,2190.25,1224.92,10,219.02,96.53,0-5%,0.0,Nov,Flux
2024-07-09,2024,7,Jul,Echo,Enterprise,Canada,10,123.89,65.68,1238.86,37.17,1201.69,656.79,544.9,0.4534,324.25,334.94,209.95,78.94,5000.0,1779.58,3220.42,1.24,0.72,0.55,0.042,0-5%,656.79,1238.86,1201.69,544.9,10,123.89,65.68,0-5%,37.17,Jul,Echo
2024-04-11,2024,4,Apr,Cobalt,Consumer,Germany,7,131.72,71.74,922.02,64.54,857.48,502.21,355.27,0.4143,117.34,112.58,242.69,95.48,5000.0,3058.81,1941.19,2.31,1.99,1.58,0.0485,5-10%,502.21,922.02,857.48,355.27,7,131.72,71.74,5-10%,64.54,Apr,Cobalt
2024-11-13,2024,11,Nov,Delta,SMB,USA,11,268.32,102.51,2951.52,354.18,2597.33,1127.62,1469.71,0.5659,547.22,526.1,943.61,162.9,5000.0,3013.82,1986.18,1.49,1.24,1.52,0.1887,10-20%,1127.62,2951.52,2597.33,1469.71,11,268.32,102.51,10-20%,354.18,Nov,Delta
2025-04-05,2025,4,Apr,Flux,Consumer,USA,10,282.15,145.29,2821.45,0.0,2821.45,1452.89,1368.56,0.4851,740.92,768.47,600.09,215.38,5527.85,2246.59,3281.26,1.22,0.92,0.68,0.1086,0-5%,1452.89,2821.45,2821.45,1368.56,10,282.15,145.29,0-5%,0.0,Apr,Flux
2024-03-18,2024,3,Mar,Flux,SMB,UK,8,264.12,141.14,2112.93,63.39,2049.54,1129.16,920.38,0.4491,288.42,272.33,648.05,199.76,5000.0,2830.92,2169.08,1.86,1.44,1.31,0.1296,0-5%,1129.16,2112.93,2049.54,920.38,8,264.12,141.14,0-5%,63.39,Mar,Flux
2024-05-27,2024,5,May,Alpha,Enterprise,India,11,165.15,73.4,1816.63,0.0,1816.63,807.4,1009.22,0.5555,303.73,316.39,692.83,142.22,5000.0,2165.43,2834.57,1.38,1.0,0.76,0.1386,0-5%,807.4,1816.63,1816.63,1009.22,11,165.15,73.4,0-5%,0.0,May,Alpha
2023-04-15,2023,4,Apr,Delta,Enterprise,USA,7,186.01,69.61,1302.07,156.25,1145.82,487.29,658.53,0.5747,137.59,148.59,509.94,57.87,5000.0,2304.35,2695.65,2.26,2.0,0.85,0.102,10-20%,487.29,1302.07,1145.82,658.53,7,186.01,69.61,10-20%,156.25,Apr,Delta
2025-03-12,2025,3,Mar,Flux,Enterprise,India,8,183.3,79.94,1466.43,43.99,1422.44,639.5,782.93,0.5504,185.79,186.71,596.23,121.6,5000.0,2704.63,2295.37,1.59,1.08,1.18,0.1192,0-5%,639.5,1466.43,1422.44,782.93,8,183.3,79.94,0-5%,43.99,Mar,Flux
2023-01-10,2023,1,Jan,Delta,Consumer,Canada,7,272.11,126.04,1904.75,133.33,1771.41,882.31,889.1,0.5019,430.62,433.76,455.34,144.34,5000.0,2652.17,2347.83,2.34,1.83,1.13,0.0911,5-10%,882.31,1904.75,1771.41,889.1,7,272.11,126.04,5-10%,133.33,Jan,Delta
2025-09-01,2025,9,Sep,Delta,Consumer,India,13,123.66,66.89,1607.64,0.0,1607.64,869.54,738.09,0.4591,330.4,321.46,416.63,175.0,5000.0,2007.11,2992.89,2.09,1.56,0.67,0.0833,0-5%,869.54,1607.64,1607.64,738.09,13,123.66,66.89,0-5%,0.0,Sep,Delta
2024-07-30,2024,7,Jul,Echo,SMB,USA,10,235.98,93.42,2359.77,70.79,2288.98,934.16,1354.82,0.5919,450.86,449.27,905.54,96.38,5000.0,3152.27,1847.73,1.59,1.01,1.71,0.1811,0-5%,934.16,2359.77,2288.98,1354.82,10,235.98,93.42,0-5%,70.79,Jul,Echo
2023-12-05,2023,12,Dec,Echo,Consumer,USA,11,218.62,96.48,2404.83,0.0,2404.83,1061.23,1343.6,0.5587,358.4,386.16,957.45,158.15,5000.0,2689.32,2310.68,1.35,0.76,1.16,0.1915,0-5%,1061.23,2404.83,2404.83,1343.6,11,218.62,96.48,0-5%,0.0,Dec,Echo
2025-10-17,2025,10,Oct,Cobalt,Consumer,USA,7,288.93,135.36,2022.51,141.58,1880.94,947.54,933.39,0.4962,405.88,393.46,539.94,193.14,5000.0,2111.16,2888.84,1.45,0.95,0.73,0.108,5-10%,947.54,2022.51,1880.94,933.39,7,288.93,135.36,5-10%,141.58,Oct,Cobalt
2023-09-20,2023,9,Sep,Delta,Enterprise,USA,5,255.94,94.87,1279.7,153.56,1126.14,474.36,651.78,0.5788,208.11,200.93,450.85,52.52,5000.0,2855.72,2144.28,1.94,1.37,1.33,0.0902,10-20%,474.36,1279.7,1126.14,651.78,5,255.94,94.87,10-20%,153.56,Sep,Delta
2023-06-16,2023,6,Jun,Delta,Consumer,USA,7,180.82,89.27,1265.76,0.0,1265.76,624.92,640.83,0.5063,342.47,323.38,317.46,120.33,5000.0,3083.71,1916.29,2.15,1.67,1.61,0.0635,0-5%,624.92,1265.76,1265.76,640.83,7,180.82,89.27,0-5%,0.0,Jun,Delta
2025-08-13,2025,8,Aug,Bravo,Consumer,Germany,7,217.28,80.73,1520.93,182.51,1338.42,565.09,773.32,0.5778,361.76,369.77,403.56,67.75,5000.0,2267.07,2732.93,1.56,1.1,0.83,0.0807,10-20%,565.09,1520.93,1338.42,773.32,7,217.28,80.73,10-20%,182.51,Aug,Bravo
2024-12-07,2024,12,Dec,Delta,SMB,Germany,5,237.93,111.27,1189.67,142.76,1046.91,556.33,490.58,0.4686,148.18,158.26,332.32,58.38,5000.0,2376.65,2623.35,1.68,1.42,0.91,0.0665,10-20%,556.33,1189.67,1046.91,490.58,5,237.93,111.27,10-20%,142.76,Dec,Delta
2023-08-05,2023,8,Aug,Bravo,Consumer,USA,13,186.83,72.94,2428.82,72.86,2355.96,948.19,1407.77,0.5975,549.79,560.98,846.79,182.88,5000.0,2379.59,2620.41,1.84,1.63,0.91,0.1694,0-5%,948.19,2428.82,2355.96,1407.77,13,186.83,72.94,0-5%,72.86,Aug,Bravo
2023-11-12,2023,11,Nov,Cobalt,SMB,UK,8,131.26,47.58,1050.07,31.5,1018.57,380.62,637.95,0.6263,168.91,165.51,472.44,71.49,5000.0,1807.68,3192.32,1.38,1.14,0.57,0.0945,0-5%,380.62,1050.07,1018.57,637.95,8,131.26,47.58,0-5%,31.5,Nov,Cobalt
2023-07-26,2023,7,Jul,Cobalt,SMB,UK,6,257.6,138.12,1545.62,108.19,1437.43,828.74,608.69,0.4235,240.84,224.85,383.84,149.16,5000.0,2381.66,2618.34,2.19,1.61,0.91,0.0768,5-10%,828.74,1545.62,1437.43,608.69,6,257.6,138.12,5-10%,108.19,Jul,Cobalt
2025-08-27,2025,8,Aug,Echo,SMB,USA,8,257.35,96.86,2058.83,0.0,2058.83,774.91,1283.92,0.6236,362.66,354.36,929.57,93.62,5000.0,2456.05,2543.95,1.57,0.99,0.97,0.1859,0-5%,774.91,2058.83,2058.83,1283.92,8,257.35,96.86,0-5%,0.0,Aug,Echo
2025-02-12,2025,2,Feb,Alpha,SMB,USA,5,228.75,104.6,1143.76,0.0,1143.76,522.99,620.77,0.5427,172.76,162.69,458.08,107.45,5000.0,2728.4,2271.6,1.7,1.5,1.2,0.0916,0-5%,522.99,1143.76,1143.76,620.77,5,228.75,104.6,0-5%,0.0,Feb,Alpha
2023-09-09,2023,9,Sep,Delta,SMB,USA,12,273.48,105.68,3281.8,820.45,2461.35,1268.18,1193.17,0.4848,360.24,380.64,812.54,212.78,5000.0,2403.93,2596.07,1.5,0.9,0.93,0.1625,20%+,1268.18,3281.8,2461.35,1193.17,12,273.48,105.68,20%+,820.45,Sep,Delta
2023-09-10,2023,9,Sep,Delta,Consumer,India,11,190.35,79.28,2093.82,62.81,2031.0,872.05,1158.95,0.5706,562.23,575.5,583.45,144.71,5000.0,2451.95,2548.05,1.9,1.53,0.96,0.1167,0-5%,872.05,2093.82,2031.0,1158.95,11,190.35,79.28,0-5%,62.81,Sep,Delta
2024-04-09,2024,4,Apr,Delta,SMB,UK,13,236.35,119.19,3072.54,92.18,2980.36,1549.52,1430.84,0.4801,803.79,814.9,615.94,309.71,5000.0,3234.42,1765.58,2.17,1.77,1.83,0.1232,0-5%,1549.52,3072.54,2980.36,1430.84,13,236.35,119.19,0-5%,92.18,Apr,Delta
2023-01-30,2023,1,Jan,Delta,SMB,USA,14,228.12,110.05,3193.73,223.56,2970.17,1540.69,1429.48,0.4813,776.39,730.72,698.76,318.31,5440.07,2541.12,2898.95,1.98,1.49,0.88,0.1284,5-10%,1540.69,3193.73,2970.17,1429.48,14,228.12,110.05,5-10%,223.56,Jan,Delta
2023-01-05,2023,1,Jan,Alpha,SMB,USA,8,90.2,46.56,721.6,21.65,699.95,372.52,327.43,0.4678,175.07,177.47,149.96,50.0,5000.0,2059.75,2940.25,1.87,1.67,0.7,0.03,0-5%,372.52,721.6,699.95,327.43,8,90.2,46.56,0-5%,21.65,Jan,Alpha
2025-08-03,2025,8,Aug,Echo,Enterprise,USA,4,243.19,108.09,972.77,116.73,856.03,432.36,423.68,0.4949,111.99,108.74,314.94,50.76,5000.0,1848.78,3151.22,2.05,1.59,0.59,0.063,10-20%,432.36,972.77,856.03,423.68,4,243.19,108.09,10-20%,116.73,Aug,Echo
2023-12-05,2023,12,Dec,Bravo,Consumer,USA,10,231.64,121.04,2316.41,0.0,2316.41,1210.38,1106.04,0.4775,598.38,611.2,494.83,160.74,5000.0,3008.16,1991.84,2.15,1.84,1.51,0.099,0-5%,1210.38,2316.41,2316.41,1106.04,10,231.64,121.04,0-5%,0.0,Dec,Bravo
2024-09-10,2024,9,Sep,Cobalt,SMB,USA,10,210.89,75.56,2108.9,147.62,1961.27,755.55,1205.72,0.6148,420.09,393.3,812.42,96.38,5000.0,2401.83,2598.17,1.5,1.2,0.92,0.1625,5-10%,755.55,2108.9,1961.27,1205.72,10,210.89,75.56,5-10%,147.62,Sep,Cobalt
2024-05-19,2024,5,May,Cobalt,Consumer,USA,11,250.86,103.97,2759.5,193.17,2566.34,1143.7,1422.64,0.5543,604.94,564.86,857.78,118.11,5000.0,2149.28,2850.72,1.89,1.47,0.75,0.1716,5-10%,1143.7,2759.5,2566.34,1422.64,11,250.86,103.97,5-10%,193.17,May,Cobalt
2024-03-09,2024,3,Mar,Alpha,SMB,USA,8,158.72,55.82,1269.73,38.09,1231.63,446.55,785.09,0.6374,318.56,330.56,454.52,50.0,5000.0,2874.81,2125.19,2.51,2.18,1.35,0.0909,0-5%,446.55,1269.73,1231.63,785.09,8,158.72,55.82,0-5%,38.09,Mar,Alpha
2025-12-14,2025,12,Dec,Delta,Consumer,USA,7,309.05,156.07,2163.33,151.43,2011.9,1092.47,919.43,0.457,490.51,462.8,456.63,140.93,5000.0,2026.85,2973.15,1.61,1.17,0.68,0.0913,5-10%,1092.47,2163.33,2011.9,919.43,7,309.05,156.07,5-10%,151.43,Dec,Delta
2024-09-22,2024,9,Sep,Bravo,Consumer,USA,8,273.55,104.76,2188.42,0.0,2188.42,838.04,1350.37,0.6171,603.73,560.93,789.44,88.29,5000.0,3193.5,1806.5,1.68,1.18,1.77,0.1579,0-5%,838.04,2188.42,2188.42,1350.37,8,273.55,104.76,0-5%,0.0,Sep,Bravo
2025-09-19,2025,9,Sep,Cobalt,Consumer,India,11,213.19,79.91,2345.11,0.0,2345.11,879.02,1466.09,0.6252,537.86,547.5,918.59,94.46,5000.0,1920.0,3080.0,1.03,0.61,0.62,0.1837,0-5%,879.02,2345.11,2345.11,1466.09,11,213.19,79.91,0-5%,0.0,Sep,Cobalt
2024-02-23,2024,2,Feb,Alpha,Consumer,USA,5,83.3,41.05,416.5,0.0,416.5,205.25,211.25,0.5072,100.31,100.95,110.3,50.0,5000.0,2677.62,2322.38,1.72,1.44,1.15,0.0221,0-5%,205.25,416.5,416.5,211.25,5,83.3,41.05,0-5%,0.0,Feb,Alpha
2023-03-27,2023,3,Mar,Flux,Consumer,India,14,222.93,102.44,3120.98,780.24,2340.73,1434.1,906.63,0.3873,571.4,551.01,355.62,171.07,5000.0,2411.09,2588.91,1.68,1.33,0.93,0.0711,20%+,1434.1,3120.98,2340.73,906.63,14,222.93,102.44,20%+,780.24,Mar,Flux
2024-12-12,2024,12,Dec,Alpha,SMB,USA,7,276.11,143.08,1932.79,231.94,1700.86,1001.57,699.29,0.4111,325.96,306.83,392.45,216.41,5000.0,2093.68,2906.32,2.31,1.8,0.72,0.0785,10-20%,1001.57,1932.79,1700.86,699.29,7,276.11,143.08,10-20%,231.94,Dec,Alpha
2025-06-22,2025,6,Jun,Bravo,Consumer,Germany,10,174.13,73.3,1741.25,121.89,1619.36,733.05,886.31,0.5473,303.07,304.99,581.33,155.9,5000.0,2055.08,2944.92,1.86,1.34,0.7,0.1163,5-10%,733.05,1741.25,1619.36,886.31,10,174.13,73.3,5-10%,121.89,Jun,Bravo
2023-06-27,2023,6,Jun,Delta,Consumer,UK,6,205.91,112.51,1235.46,86.48,1148.98,675.05,473.92,0.4125,198.73,199.7,274.22,126.92,5000.0,2354.01,2645.99,2.29,1.95,0.89,0.0548,5-10%,675.05,1235.46,1148.98,473.92,6,205.91,112.51,5-10%,86.48,Jun,Delta
2023-01-01,2023,1,Jan,Echo,Enterprise,USA,9,185.37,72.87,1668.29,50.05,1618.24,655.83,962.41,0.5947,395.51,370.24,592.17,104.46,5000.0,1888.21,3111.79,2.52,2.06,0.61,0.1184,0-5%,655.83,1668.29,1618.24,962.41,9,185.37,72.87,0-5%,50.05,Jan,Echo
2023-08-16,2023,8,Aug,Echo,SMB,USA,14,268.77,122.49,3762.76,451.53,3311.23,1714.84,1596.4,0.4821,706.14,755.73,840.67,373.08,5933.42,3073.04,2860.38,1.91,1.67,1.07,0.1417,10-20%,1714.84,3762.76,3311.23,1596.4,14,268.77,122.49,10-20%,451.53,Aug,Echo
2023-10-12,2023,10,Oct,Bravo,Consumer,India,13,153.84,59.35,1999.98,140.0,1859.98,771.51,1088.47,0.5852,488.64,504.74,583.73,168.51,5000.0,2639.43,2360.57,2.26,2.01,1.12,0.1167,5-10%,771.51,1999.98,1859.98,1088.47,13,153.84,59.35,5-10%,140.0,Oct,Bravo
2024-07-28,2024,7,Jul,Flux,Consumer,Canada,8,201.68,87.3,1613.41,48.4,1565.01,698.37,866.64,0.5538,255.85,268.87,597.78,94.12,5000.0,2518.11,2481.89,2.1,1.66,1.01,0.1196,0-5%,698.37,1613.41,1565.01,866.64,8,201.68,87.3,0-5%,48.4,Jul,Flux
2024-07-03,2024,7,Jul,Cobalt,Enterprise,India,5,165.6,89.18,827.98,0.0,827.98,445.9,382.08,0.4615,217.18,223.11,158.97,75.32,5000.0,2116.49,2883.51,2.0,1.78,0.73,0.0318,0-5%,445.9,827.98,827.98,382.08,5,165.6,89.18,0-5%,0.0,Jul,Cobalt
2025-09-26,2025,9,Sep,Delta,Enterprise,Canada,9,227.37,90.56,2046.35,0.0,2046.35,815.03,1231.32,0.6017,334.83,326.6,904.72,112.82,5000.0,2675.61,2324.39,2.01,1.54,1.15,0.1809,0-5%,815.03,2046.35,2046.35,1231.32,9,227.37,90.56,0-5%,0.0,Sep,Delta
2025-10-12,2025,10,Oct,Bravo,SMB,Germany,8,258.8,128.24,2070.37,0.0,2070.37,1025.94,1044.44,0.5045,557.69,599.36,445.07,110.82,5000.0,2511.27,2488.73,1.92,1.62,1.01,0.089,0-5%,1025.94,2070.37,2070.37,1044.44,8,258.8,128.24,0-5%,0.0,Oct,Bravo
2024-06-19,2024,6,Jun,Delta,Enterprise,India,4,274.9,96.72,1099.6,0.0,1099.6,386.87,712.73,0.6482,198.73,208.0,504.73,50.0,5000.0,1754.84,3245.16,1.47,1.19,0.54,0.1009,0-5%,386.87,1099.6,1099.6,712.73,4,274.9,96.72,0-5%,0.0,Jun,Delta
2024-05-08,2024,5,May,Delta,Consumer,USA,9,164.31,77.61,1478.82,177.46,1301.36,698.49,602.87,0.4633,163.51,176.05,426.82,88.01,5000.0,2432.9,2567.1,1.39,0.97,0.95,0.0854,10-20%,698.49,1478.82,1301.36,602.87,9,164.31,77.61,10-20%,177.46,May,Delta
2024-12-17,2024,12,Dec,Cobalt,Enterprise,USA,14,252.47,130.84,3534.59,424.15,3110.44,1831.76,1278.68,0.4111,811.46,845.15,433.54,384.64,5000.0,3067.08,1932.92,1.91,1.54,1.59,0.0867,10-20%,1831.76,3534.59,3110.44,1278.68,14,252.47,130.84,10-20%,424.15,Dec,Cobalt
2023-05-28,2023,5,May,Flux,Consumer,USA,5,329.43,152.14,1647.17,0.0,1647.17,760.7,886.48,0.5382,269.79,260.71,625.77,103.89,5000.0,2547.66,2452.34,2.38,1.93,1.04,0.1252,0-5%,760.7,1647.17,1647.17,886.48,5,329.43,152.14,0-5%,0.0,May,Flux
2025-04-25,2025,4,Apr,Echo,Consumer,India,6,214.72,103.86,1288.32,0.0,1288.32,623.15,665.17,0.5163,225.62,235.95,429.22,85.36,5000.0,2914.09,2085.91,2.03,1.67,1.4,0.0858,0-5%,623.15,1288.32,1288.32,665.17,6,214.72,103.86,0-5%,0.0,Apr,Echo
2024-12-01,2024,12,Dec,Flux,SMB,USA,11,159.49,59.71,1754.36,122.81,1631.56,656.79,974.76,0.5974,299.4,284.6,690.16,85.86,5000.0,2123.53,2876.47,1.4,0.98,0.74,0.138,5-10%,656.79,1754.36,1631.56,974.76,11,159.49,59.71,5-10%,122.81,Dec,Flux
2023-11-12,2023,11,Nov,Bravo,Consumer,Germany,8,262.42,134.39,2099.39,251.93,1847.46,1075.11,772.35,0.4181,321.19,319.95,452.4,218.43,5000.0,3054.11,1945.89,1.61,1.41,1.57,0.0905,10-20%,1075.11,2099.39,1847.46,772.35,8,262.42,134.39,10-20%,251.93,Nov,Bravo
2025-10-07,2025,10,Oct,Alpha,Consumer,USA,10,190.95,86.63,1909.49,57.28,1852.21,866.31,985.89,0.5323,313.46,317.7,668.19,155.24,5000.0,2582.37,2417.63,1.57,1.04,1.07,0.1336,0-5%,866.31,1909.49,1852.21,985.89,10,190.95,86.63,0-5%,57.28,Oct,Alpha
2024-08-06,2024,8,Aug,Alpha,Enterprise,USA,5,187.52,73.16,937.59,234.4,703.2,365.79,337.41,0.4798,134.32,134.6,202.81,54.76,5000.0,2320.67,2679.33,2.35,2.05,0.87,0.0406,20%+,365.79,937.59,703.2,337.41,5,187.52,73.16,20%+,234.4,Aug,Alpha
2023-03-09,2023,3,Mar,Cobalt,SMB,USA,6,180.49,68.64,1082.92,32.49,1050.44,411.83,638.61,0.6079,196.22,181.09,457.52,66.58,5000.0,2432.86,2567.14,2.03,1.56,0.95,0.0915,0-5%,411.83,1082.92,1050.44,638.61,6,180.49,68.64,0-5%,32.49,Mar,Cobalt
2025-08-18,2025,8,Aug,Delta,Enterprise,USA,8,188.82,94.58,1510.6,0.0,1510.6,756.66,753.94,0.4991,421.01,391.34,362.6,145.2,5000.0,2526.6,2473.4,1.78,1.46,1.02,0.0725,0-5%,756.66,1510.6,1510.6,753.94,8,188.82,94.58,0-5%,0.0,Aug,Delta
2024-12-11,2024,12,Dec,Cobalt,Consumer,USA,8,245.25,98.55,1962.03,137.34,1824.68,788.4,1036.29,0.5679,366.91,384.45,651.84,98.66,5000.0,2135.64,2864.36,1.69,1.12,0.75,0.1304,5-10%,788.4,1962.03,1824.68,1036.29,8,245.25,98.55,5-10%,137.34,Dec,Cobalt
2023-10-21,2023,10,Oct,Flux,Consumer,Canada,13,322.81,122.45,4196.5,293.76,3902.75,1591.85,2310.89,0.5921,821.0,822.62,1488.27,319.8,5713.0,2049.59,3663.41,1.33,0.85,0.56,0.2605,5-10%,1591.85,4196.5,3902.75,2310.89,13,322.81,122.45,5-10%,293.76,Oct,Flux
2025-05-20,2025,5,May,Bravo,Consumer,India,9,156.05,59.46,1404.48,0.0,1404.48,535.12,869.37,0.619,177.01,170.67,698.7,104.01,5000.0,2673.23,2326.77,2.11,1.71,1.15,0.1397,0-5%,535.12,1404.48,1404.48,869.37,9,156.05,59.46,0-5%,0.0,May,Bravo
2024-12-17,2024,12,Dec,Bravo,Consumer,USA,12,112.91,48.28,1354.89,0.0,1354.89,579.41,775.48,0.5724,165.46,156.72,618.76,76.29,5000.0,2732.86,2267.14,1.81,1.26,1.21,0.1238,0-5%,579.41,1354.89,1354.89,775.48,12,112.91,48.28,0-5%,0.0,Dec,Bravo
2024-09-24,2024,9,Sep,Bravo,Consumer,USA,10,255.09,89.33,2550.91,178.56,2372.35,893.31,1479.04,0.6234,406.25,398.65,1080.38,172.44,5000.0,3015.45,1984.55,1.4,1.02,1.52,0.2161,5-10%,893.31,2550.91,2372.35,1479.04,10,255.09,89.33,5-10%,178.56,Sep,Bravo
2025-08-07,2025,8,Aug,Alpha,Enterprise,USA,7,251.8,92.76,1762.6,52.88,1709.72,649.3,1060.42,0.6202,454.9,474.3,586.13,105.53,5000.0,2300.21,2699.79,1.73,1.34,0.85,0.1172,0-5%,649.3,1762.6,1709.72,1060.42,7,251.8,92.76,0-5%,52.88,Aug,Alpha
2023-08-08,2023,8,Aug,Flux,Consumer,USA,10,173.01,60.6,1730.05,0.0,1730.05,605.96,1124.1,0.6497,255.4,247.21,876.89,76.67,5000.0,1897.47,3102.53,1.36,0.9,0.61,0.1754,0-5%,605.96,1730.05,1730.05,1124.1,10,173.01,60.6,0-5%,0.0,Aug,Flux
2023-07-04,2023,7,Jul,Bravo,Consumer,USA,8,212.31,114.7,1698.44,0.0,1698.44,917.61,780.83,0.4597,449.63,428.22,352.61,92.1,5000.0,2408.35,2591.65,2.16,1.66,0.93,0.0705,0-5%,917.61,1698.44,1698.44,780.83,8,212.31,114.7,0-5%,0.0,Jul,Bravo
2024-05-13,2024,5,May,Delta,SMB,Canada,8,319.88,140.34,2559.06,0.0,2559.06,1122.74,1436.32,0.5613,673.16,687.15,749.17,143.62,5000.0,2092.19,2907.81,2.11,1.55,0.72,0.1498,0-5%,1122.74,2559.06,2559.06,1436.32,8,319.88,140.34,0-5%,0.0,May,Delta
2025-10-07,2025,10,Oct,Delta,Consumer,USA,11,212.9,108.82,2341.94,70.26,2271.68,1197.01,1074.68,0.4731,379.77,353.78,720.89,228.99,5000.0,2014.54,2985.46,1.69,1.22,0.67,0.1442,0-5%,1197.01,2341.94,2271.68,1074.68,11,212.9,108.82,0-5%,70.26,Oct,Delta
2024-07-29,2024,7,Jul,Alpha,SMB,USA,11,194.72,106.85,2141.95,64.26,2077.7,1175.4,902.3,0.4343,263.02,280.29,622.0,194.27,5000.0,1854.31,3145.69,2.58,2.2,0.59,0.1244,0-5%,1175.4,2141.95,2077.7,902.3,11,194.72,106.85,0-5%,64.26,Jul,Alpha
2023-12-14,2023,12,Dec,Echo,Consumer,UK,10,237.58,115.57,2375.85,0.0,2375.85,1155.66,1220.19,0.5136,395.94,425.36,794.83,195.61,5000.0,1898.92,3101.08,1.35,0.99,0.61,0.159,0-5%,1155.66,2375.85,2375.85,1220.19,10,237.58,115.57,0-5%,0.0,Dec,Echo
2023-09-07,2023,9,Sep,Echo,Consumer,USA,11,250.4,105.81,2754.38,0.0,2754.38,1163.96,1590.42,0.5774,552.73,594.48,995.94,244.29,5000.0,2734.78,2265.22,2.12,1.89,1.21,0.1992,0-5%,1163.96,2754.38,2754.38,1590.42,11,250.4,105.81,0-5%,0.0,Sep,Echo
2023-09-18,2023,9,Sep,Alpha,Consumer,USA,7,197.31,102.81,1381.18,41.44,1339.75,719.67,620.08,0.4628,174.48,184.64,435.44,150.39,5000.0,2465.55,2534.45,2.07,1.72,0.97,0.0871,0-5%,719.67,1381.18,1339.75,620.08,7,197.31,102.81,0-5%,41.44,Sep,Alpha
2025-10-30,2025,10,Oct,Bravo,SMB,UK,6,228.83,97.68,1372.95,164.75,1208.2,586.1,622.1,0.5149,211.61,213.86,408.24,121.48,5000.0,1896.54,3103.46,1.8,1.52,0.61,0.0816,10-20%,586.1,1372.95,1208.2,622.1,6,228.83,97.68,10-20%,164.75,Oct,Bravo
2023-03-27,2023,3,Mar,Bravo,Consumer,USA,7,182.03,66.3,1274.23,152.91,1121.32,464.11,657.21,0.5861,307.6,296.62,360.6,63.1,5000.0,2713.27,2286.73,2.05,1.6,1.19,0.0721,10-20%,464.11,1274.23,1121.32,657.21,7,182.03,66.3,10-20%,152.91,Mar,Bravo
2023-04-08,2023,4,Apr,Flux,SMB,Germany,5,133.48,56.63,667.41,46.72,620.69,283.17,337.53,0.5438,100.59,96.54,240.99,50.0,5000.0,2278.19,2721.81,1.47,1.25,0.84,0.0482,5-10%,283.17,667.41,620.69,337.53,5,133.48,56.63,5-10%,46.72,Apr,Flux
2023-07-27,2023,7,Jul,Delta,Consumer,USA,11,244.79,85.75,2692.67,323.12,2369.55,943.3,1426.25,0.6019,395.47,400.57,1025.68,172.42,5000.0,3056.56,1943.44,1.78,1.3,1.57,0.2051,10-20%,943.3,2692.67,2369.55,1426.25,11,244.79,85.75,10-20%,323.12,Jul,Delta
2023-05-22,2023,5,May,Delta,SMB,USA,8,219.14,93.69,1753.14,0.0,1753.14,749.5,1003.63,0.5725,288.34,278.38,725.25,83.04,5000.0,2676.13,2323.87,1.78,1.24,1.15,0.1451,0-5%,749.5,1753.14,1753.14,1003.63,8,219.14,93.69,0-5%,0.0,May,Delta
2024-11-21,2024,11,Nov,Flux,Consumer,USA,13,223.76,80.29,2908.88,203.62,2705.26,1043.73,1661.53,0.6142,445.19,443.72,1217.81,197.3,5000.0,3195.32,1804.68,1.96,1.76,1.77,0.2436,5-10%,1043.73,2908.88,2705.26,1661.53,13,223.76,80.29,5-10%,203.62,Nov,Flux
2023-03-09,2023,3,Mar,Alpha,SMB,USA,11,286.2,123.97,3148.18,220.37,2927.81,1363.65,1564.16,0.5342,780.91,742.99,821.17,298.77,5000.0,2947.38,2052.62,1.87,1.5,1.44,0.1642,5-10%,1363.65,3148.18,2927.81,1564.16,11,286.2,123.97,5-10%,220.37,Mar,Alpha
2023-05-31,2023,5,May,Alpha,Consumer,Germany,9,223.86,94.5,2014.7,241.76,1772.93,850.54,922.39,0.5203,427.58,427.52,494.87,183.81,5000.0,2453.66,2546.34,2.22,1.66,0.96,0.099,10-20%,850.54,2014.7,1772.93,922.39,9,223.86,94.5,10-20%,241.76,May,Alpha
2025-05-13,2025,5,May,Flux,SMB,USA,5,240.7,110.24,1203.49,84.24,1119.25,551.22,568.02,0.5075,246.56,259.89,308.13,101.82,5000.0,2752.13,2247.87,1.05,0.5,1.22,0.0616,5-10%,551.22,1203.49,1119.25,568.02,5,240.7,110.24,5-10%,84.24,May,Flux
2025-09-15,2025,9,Sep,Delta,Consumer,USA,10,176.04,87.88,1760.38,440.09,1320.28,878.77,441.52,0.3344,175.96,173.15,268.37,142.78,5000.0,2497.69,2502.31,1.82,1.27,1.0,0.0537,20%+,878.77,1760.38,1320.28,441.52,10,176.04,87.88,20%+,440.09,Sep,Delta
2025-03-29,2025,3,Mar,Delta,SMB,Germany,13,244.87,132.89,3183.28,222.83,2960.45,1727.56,1232.89,0.4165,406.03,431.5,801.39,325.74,6071.59,2468.96,3602.63,1.41,1.04,0.69,0.132,5-10%,1727.56,3183.28,2960.45,1232.89,13,244.87,132.89,5-10%,222.83,Mar,Delta
2023-08-23,2023,8,Aug,Bravo,SMB,USA,10,107.85,45.14,1078.48,0.0,1078.48,451.4,627.08,0.5814,250.04,265.09,361.98,83.8,5000.0,2862.33,2137.67,2.63,2.15,1.34,0.0724,0-5%,451.4,1078.48,1078.48,627.08,10,107.85,45.14,0-5%,0.0,Aug,Bravo
2023-03-18,2023,3,Mar,Alpha,Consumer,USA,6,212.22,96.58,1273.29,0.0,1273.29,579.48,693.81,0.5449,298.96,283.25,410.56,111.12,5000.0,1876.04,3123.96,2.11,1.55,0.6,0.0821,0-5%,579.48,1273.29,1273.29,693.81,6,212.22,96.58,0-5%,0.0,Mar,Alpha
2025-09-18,2025,9,Sep,Bravo,SMB,UK,9,295.49,124.88,2659.38,0.0,2659.38,1123.91,1535.47,0.5774,549.54,548.64,986.83,232.83,5000.0,3118.07,1881.93,2.01,1.8,1.66,0.1974,0-5%,1123.91,2659.38,2659.38,1535.47,9,295.49,124.88,0-5%,0.0,Sep,Bravo
2024-04-15,2024,4,Apr,Flux,SMB,Canada,10,165.12,59.23,1651.15,49.53,1601.62,592.27,1009.34,0.6302,407.93,425.26,584.09,119.91,5000.0,1865.25,3134.75,1.45,1.04,0.6,0.1168,0-5%,592.27,1651.15,1601.62,1009.34,10,165.12,59.23,0-5%,49.53,Apr,Flux
2025-07-27,2025,7,Jul,Echo,Consumer,USA,3,261.23,133.93,783.7,54.86,728.84,401.79,327.05,0.4487,174.97,166.83,160.22,77.45,5000.0,2051.04,2948.96,2.21,1.96,0.7,0.032,5-10%,401.79,783.7,728.84,327.05,3,261.23,133.93,5-10%,54.86,Jul,Echo
2023-12-11,2023,12,Dec,Cobalt,SMB,USA,7,239.78,92.83,1678.49,0.0,1678.49,649.82,1028.66,0.6129,348.6,368.38,660.28,77.43,5000.0,3028.67,1971.33,1.86,1.46,1.54,0.1321,0-5%,649.82,1678.49,1678.49,1028.66,7,239.78,92.83,0-5%,0.0,Dec,Cobalt
2024-10-31,2024,10,Oct,Delta,SMB,UK,5,293.17,124.59,1465.83,102.61,1363.22,622.97,740.25,0.543,280.36,295.23,445.02,72.61,5000.0,2149.89,2850.11,1.42,1.07,0.75,0.089,5-10%,622.97,1465.83,1363.22,740.25,5,293.17,124.59,5-10%,102.61,Oct,Delta
2024-04-02,2024,4,Apr,Bravo,Enterprise,Canada,10,160.75,63.41,1607.51,0.0,1607.51,634.13,973.38,0.6055,376.71,377.75,595.63,76.11,5000.0,1770.79,3229.21,1.89,1.64,0.55,0.1191,0-5%,634.13,1607.51,1607.51,973.38,10,160.75,63.41,0-5%,0.0,Apr,Bravo
2023-01-24,2023,1,Jan,Delta,SMB,USA,10,158.12,73.18,1581.17,110.68,1470.49,731.82,738.66,0.5023,318.57,331.67,406.99,144.22,5000.0,2390.23,2609.77,1.74,1.27,0.92,0.0814,5-10%,731.82,1581.17,1470.49,738.66,10,158.12,73.18,5-10%,110.68,Jan,Delta
2024-08-20,2024,8,Aug,Flux,Enterprise,Germany,8,181.56,65.58,1452.51,43.58,1408.93,524.64,884.29,0.6276,219.71,235.95,648.34,89.7,5000.0,3091.63,1908.37,2.07,1.51,1.62,0.1297,0-5%,524.64,1452.51,1408.93,884.29,8,181.56,65.58,0-5%,43.58,Aug,Flux
2023-05-04,2023,5,May,Delta,Consumer,USA,15,141.44,55.37,2121.6,254.59,1867.0,830.51,1036.49,0.5552,477.06,478.83,557.66,160.64,5000.0,2463.48,2536.52,1.71,1.42,0.97,0.1115,10-20%,830.51,2121.6,1867.0,1036.49,15,141.44,55.37,10-20%,254.59,May,Delta
2025-07-05,2025,7,Jul,Delta,Enterprise,USA,7,196.88,89.27,1378.15,165.38,1212.77,624.88,587.89,0.4847,279.37,296.55,291.34,135.64,5000.0,2877.52,2122.48,1.79,1.55,1.36,0.0583,10-20%,624.88,1378.15,1212.77,587.89,7,196.88,89.27,10-20%,165.38,Jul,Delta
2023-12-02,2023,12,Dec,Alpha,Enterprise,USA,6,224.39,88.71,1346.33,94.24,1252.08,532.25,719.84,0.5749,273.15,266.96,452.88,53.63,5000.0,3222.57,1777.43,1.99,1.58,1.81,0.0906,5-10%,532.25,1346.33,1252.08,719.84,6,224.39,88.71,5-10%,94.24,Dec,Alpha
2024-03-01,2024,3,Mar,Bravo,Consumer,Germany,9,208.1,93.63,1872.92,131.1,1741.82,842.71,899.1,0.5162,440.08,464.37,434.74,124.07,5000.0,1991.9,3008.1,1.84,1.52,0.66,0.0869,5-10%,842.71,1872.92,1741.82,899.1,9,208.1,93.63,5-10%,131.1,Mar,Bravo
2023-09-26,2023,9,Sep,Alpha,Consumer,Germany,10,288.27,114.07,2882.74,86.48,2796.26,1140.71,1655.55,0.5921,534.08,540.82,1114.73,115.8,5112.32,2343.56,2768.76,1.83,1.25,0.85,0.218,0-5%,1140.71,2882.74,2796.26,1655.55,10,288.27,114.07,0-5%,86.48,Sep,Alpha
2025-09-16,2025,9,Sep,Bravo,Consumer,India,14,285.26,141.08,3993.68,479.24,3514.44,1975.14,1539.3,0.438,705.76,720.13,819.17,231.1,6714.93,4045.86,2669.08,1.92,1.42,1.52,0.122,10-20%,1975.14,3993.68,3514.44,1539.3,14,285.26,141.08,10-20%,479.24,Sep,Bravo
2025-09-21,2025,9,Sep,Delta,Enterprise,USA,6,243.89,90.1,1463.35,0.0,1463.35,540.61,922.74,0.6306,318.45,295.26,627.48,57.43,5000.0,1759.46,3240.54,1.9,1.68,0.54,0.1255,0-5%,540.61,1463.35,1463.35,922.74,6,243.89,90.1,0-5%,0.0,Sep,Delta
2024-09-24,2024,9,Sep,Echo,SMB,USA,12,211.33,81.58,2535.99,76.08,2459.91,978.98,1480.92,0.602,626.99,588.53,892.39,124.77,5000.0,3049.0,1951.0,1.69,1.48,1.56,0.1785,0-5%,978.98,2535.99,2459.91,1480.92,12,211.33,81.58,0-5%,76.08,Sep,Echo
2025-06-01,2025,6,Jun,Flux,Consumer,Germany,8,197.82,88.76,1582.59,189.91,1392.68,710.05,682.63,0.4902,388.2,386.36,296.27,127.79,5000.0,2320.98,2679.02,0.8,0.54,0.87,0.0593,10-20%,710.05,1582.59,1392.68,682.63,8,197.82,88.76,10-20%,189.91,Jun,Flux
2024-03-13,2024,3,Mar,Delta,Consumer,Germany,13,270.41,124.55,3515.34,105.46,3409.88,1619.09,1790.79,0.5252,763.31,739.51,1051.28,169.06,6422.9,4089.76,2333.14,1.9,1.56,1.75,0.1637,0-5%,1619.09,3515.34,3409.88,1790.79,13,270.41,124.55,0-5%,105.46,Mar,Delta
2024-06-26,2024,6,Jun,Bravo,SMB,Canada,7,169.15,76.77,1184.06,296.02,888.05,537.38,350.66,0.3949,204.02,210.32,140.35,58.66,5000.0,2596.6,2403.4,1.57,1.17,1.08,0.0281,20%+,537.38,1184.06,888.05,350.66,7,169.15,76.77,20%+,296.02,Jun,Bravo
2024-11-14,2024,11,Nov,Alpha,Consumer,USA,13,121.28,48.86,1576.64,0.0,1576.64,635.16,941.48,0.5971,255.09,250.16,691.32,102.71,5000.0,1935.14,3064.86,1.3,1.09,0.63,0.1383,0-5%,635.16,1576.64,1576.64,941.48,13,121.28,48.86,0-5%,0.0,Nov,Alpha
2024-08-24,2024,8,Aug,Alpha,SMB,USA,6,215.53,116.59,1293.19,90.52,1202.66,699.52,503.15,0.4184,223.32,214.43,288.72,138.51,5000.0,3034.72,1965.28,1.41,1.18,1.54,0.0577,5-10%,699.52,1293.19,1202.66,503.15,6,215.53,116.59,5-10%,90.52,Aug,Alpha
2023-01-30,2023,1,Jan,Bravo,SMB,Canada,7,180.3,72.16,1262.07,37.86,1224.21,505.11,719.1,0.5874,155.43,143.13,575.98,64.91,5000.0,2368.92,2631.08,1.78,1.47,0.9,0.1152,0-5%,505.11,1262.07,1224.21,719.1,7,180.3,72.16,0-5%,37.86,Jan,Bravo
2025-09-17,2025,9,Sep,Delta,Consumer,USA,9,272.09,129.26,2448.82,0.0,2448.82,1163.32,1285.51,0.5249,576.03,585.98,699.52,247.08,5000.0,2601.69,2398.31,1.35,1.04,1.08,0.1399,0-5%,1163.32,2448.82,2448.82,1285.51,9,272.09,129.26,0-5%,0.0,Sep,Delta
2024-05-03,2024,5,May,Flux,Consumer,USA,12,258.15,113.44,3097.8,92.93,3004.87,1361.32,1643.55,0.547,595.67,634.38,1009.17,236.53,5810.6,2968.05,2842.54,1.99,1.63,1.04,0.1737,0-5%,1361.32,3097.8,3004.87,1643.55,12,258.15,113.44,0-5%,92.93,May,Flux
2023-04-20,2023,4,Apr,Cobalt,SMB,USA,10,202.37,84.75,2023.67,60.71,1962.96,847.54,1115.42,0.5682,272.11,263.37,852.05,134.54,5000.0,2813.14,2186.86,1.94,1.52,1.29,0.1704,0-5%,847.54,2023.67,1962.96,1115.42,10,202.37,84.75,0-5%,60.71,Apr,Cobalt
2023-09-27,2023,9,Sep,Alpha,Consumer,USA,8,245.29,132.34,1962.36,58.87,1903.49,1058.71,844.78,0.4438,313.43,332.94,511.84,188.05,5000.0,2669.36,2330.64,1.44,0.91,1.15,0.1024,0-5%,1058.71,1962.36,1903.49,844.78,8,245.29,132.34,0-5%,58.87,Sep,Alpha
2023-03-31,2023,3,Mar,Flux,Consumer,UK,10,218.37,79.36,2183.7,0.0,2183.7,793.56,1390.14,0.6366,408.22,410.96,979.17,132.93,5000.0,3061.04,1938.96,1.62,1.1,1.58,0.1958,0-5%,793.56,2183.7,2183.7,1390.14,10,218.37,79.36,0-5%,0.0,Mar,Flux
2023-11-08,2023,11,Nov,Flux,Consumer,India,8,185.25,65.1,1482.03,370.51,1111.52,520.8,590.72,0.5315,278.06,288.33,302.38,63.09,5000.0,2804.69,2195.31,1.51,1.07,1.28,0.0605,20%+,520.8,1482.03,1111.52,590.72,8,185.25,65.1,20%+,370.51,Nov,Flux
2023-04-06,2023,4,Apr,Bravo,SMB,UK,10,240.92,126.89,2409.2,168.64,2240.55,1268.94,971.62,0.4337,326.42,312.78,658.84,184.81,5000.0,2904.3,2095.7,2.06,1.61,1.39,0.1318,5-10%,1268.94,2409.2,2240.55,971.62,10,240.92,126.89,5-10%,168.64,Apr,Bravo
2025-03-08,2025,3,Mar,Flux,SMB,Germany,8,227.68,115.47,1821.48,127.5,1693.97,923.74,770.24,0.4547,413.72,417.36,352.88,161.69,5000.0,3125.97,1874.03,1.26,0.95,1.67,0.0706,5-10%,923.74,1821.48,1693.97,770.24,8,227.68,115.47,5-10%,127.5,Mar,Flux
2023-09-17,2023,9,Sep,Echo,Consumer,USA,5,165.04,69.16,825.18,99.02,726.16,345.82,380.34,0.5238,198.94,184.77,195.57,50.0,5000.0,2344.52,2655.48,2.6,2.36,0.88,0.0391,10-20%,345.82,825.18,726.16,380.34,5,165.04,69.16,10-20%,99.02,Sep,Echo
2025-01-01,2025,1,Jan,Alpha,Consumer,USA,10,178.99,62.78,1789.85,0.0,1789.85,627.79,1162.07,0.6493,238.17,251.56,910.51,111.64,5000.0,2821.55,2178.45,1.28,1.08,1.3,0.1821,0-5%,627.79,1789.85,1789.85,1162.07,10,178.99,62.78,0-5%,0.0,Jan,Alpha
2024-06-19,2024,6,Jun,Bravo,Consumer,USA,7,111.3,48.54,779.07,93.49,685.58,339.81,345.77,0.5043,106.22,98.84,246.93,50.79,5000.0,2561.31,2438.69,2.0,1.44,1.05,0.0494,10-20%,339.81,779.07,685.58,345.77,7,111.3,48.54,10-20%,93.49,Jun,Bravo
2025-11-11,2025,11,Nov,Echo,SMB,Germany,12,131.87,71.24,1582.39,189.89,1392.5,854.84,537.66,0.3861,264.09,253.77,283.89,148.18,5000.0,2520.97,2479.03,1.92,1.55,1.02,0.0568,10-20%,854.84,1582.39,1392.5,537.66,12,131.87,71.24,10-20%,189.89,Nov,Echo
2024-01-08,2024,1,Jan,Bravo,SMB,UK,7,235.34,101.93,1647.35,197.68,1449.67,713.52,736.15,0.5078,186.37,188.95,547.2,74.63,5000.0,2994.49,2005.51,2.08,1.6,1.49,0.1094,10-20%,713.52,1647.35,1449.67,736.15,7,235.34,101.93,10-20%,197.68,Jan,Bravo
2024-08-10,2024,8,Aug,Alpha,SMB,Canada,6,260.78,116.01,1564.7,109.53,1455.17,696.05,759.12,0.5217,238.31,228.47,530.66,129.68,5000.0,2990.2,2009.8,1.66,1.32,1.49,0.1061,5-10%,696.05,1564.7,1455.17,759.12,6,260.78,116.01,5-10%,109.53,Aug,Alpha
2024-12-25,2024,12,Dec,Echo,Consumer,Canada,13,217.73,114.66,2830.46,84.91,2745.55,1490.55,1255.0,0.4571,623.62,613.86,641.14,206.7,5188.96,1985.6,3203.36,1.89,1.39,0.62,0.1236,0-5%,1490.55,2830.46,2745.55,1255.0,13,217.73,114.66,0-5%,84.91,Dec,Echo
2023-11-25,2023,11,Nov,Cobalt,SMB,India,8,241.44,95.64,1931.48,135.2,1796.28,765.09,1031.19,0.5741,478.07,498.59,532.6,90.42,5000.0,1880.16,3119.84,1.62,1.02,0.6,0.1065,5-10%,765.09,1931.48,1796.28,1031.19,8,241.44,95.64,5-10%,135.2,Nov,Cobalt
2025-01-27,2025,1,Jan,Alpha,Consumer,USA,9,239.78,88.2,2157.98,151.06,2006.92,793.79,1213.13,0.6045,477.74,443.73,769.4,127.99,5000.0,2591.62,2408.38,2.23,2.02,1.08,0.1539,5-10%,793.79,2157.98,2006.92,1213.13,9,239.78,88.2,5-10%,151.06,Jan,Alpha
2024-09-24,2024,9,Sep,Bravo,Enterprise,UK,5,244.41,98.6,1222.03,36.66,1185.37,493.02,692.36,0.5841,253.73,254.61,437.75,52.88,5000.0,3095.91,1904.09,1.29,0.97,1.63,0.0875,0-5%,493.02,1222.03,1185.37,692.36,5,244.41,98.6,0-5%,36.66,Sep,Bravo
2024-06-24,2024,6,Jun,Delta,SMB,India,10,200.88,91.66,2008.79,502.2,1506.59,916.56,590.03,0.3916,358.03,344.6,245.43,150.83,5000.0,2702.66,2297.34,1.67,1.37,1.18,0.0491,20%+,916.56,2008.79,1506.59,590.03,10,200.88,91.66,20%+,502.2,Jun,Delta
2025-11-24,2025,11,Nov,Alpha,SMB,India,10,255.75,92.06,2557.5,0.0,2557.5,920.57,1636.93,0.6401,472.86,473.61,1163.32,142.43,5000.0,2746.66,2253.34,1.3,1.1,1.22,0.2327,0-5%,920.57,2557.5,2557.5,1636.93,10,255.75,92.06,0-5%,0.0,Nov,Alpha
2023-01-30,2023,1,Jan,Flux,Consumer,Canada,8,240.3,120.11,1922.42,0.0,1922.42,960.87,961.55,0.5002,247.61,249.3,712.25,158.36,5000.0,2534.67,2465.33,1.28,0.93,1.03,0.1424,0-5%,960.87,1922.42,1922.42,961.55,8,240.3,120.11,0-5%,0.0,Jan,Flux
2023-03-30,2023,3,Mar,Delta,SMB,Canada,5,193.64,100.92,968.19,29.05,939.14,504.62,434.52,0.4627,207.93,210.69,223.82,77.79,5000.0,1898.23,3101.77,2.19,1.87,0.61,0.0448,0-5%,504.62,968.19,939.14,434.52,5,193.64,100.92,0-5%,29.05,Mar,Delta
2024-12-15,2024,12,Dec,Cobalt,Consumer,USA,9,293.13,149.02,2638.18,184.67,2453.5,1341.22,1112.28,0.4533,580.9,547.7,564.58,239.33,5000.0,2723.04,2276.96,2.01,1.72,1.2,0.1129,5-10%,1341.22,2638.18,2453.5,1112.28,9,293.13,149.02,5-10%,184.67,Dec,Cobalt
2024-07-29,2024,7,Jul,Bravo,Consumer,Germany,7,208.51,87.71,1459.57,102.17,1357.4,613.94,743.46,0.5477,224.15,234.46,509.0,107.06,5000.0,2597.07,2402.93,2.0,1.72,1.08,0.1018,5-10%,613.94,1459.57,1357.4,743.46,7,208.51,87.71,5-10%,102.17,Jul,Bravo
2025-11-08,2025,11,Nov,Bravo,Consumer,Canada,13,235.16,109.87,3057.14,91.71,2965.43,1428.27,1537.16,0.5184,725.49,667.53,869.63,224.36,5160.5,2281.64,2878.86,1.3,1.06,0.79,0.1685,0-5%,1428.27,3057.14,2965.43,1537.16,13,235.16,109.87,0-5%,91.71,Nov,Bravo
2024-04-15,2024,4,Apr,Flux,Consumer,Germany,15,160.56,86.64,2408.45,168.59,2239.86,1299.53,940.33,0.4198,580.97,602.67,337.66,133.01,5000.0,3140.82,1859.18,1.87,1.6,1.69,0.0675,5-10%,1299.53,2408.45,2239.86,940.33,15,160.56,86.64,5-10%,168.59,Apr,Flux
2024-05-31,2024,5,May,Cobalt,Enterprise,Canada,10,322.08,148.1,3220.8,96.62,3124.18,1480.97,1643.21,0.526,475.91,438.88,1204.33,297.1,5000.0,2263.45,2736.55,2.11,1.79,0.83,0.2409,0-5%,1480.97,3220.8,3124.18,1643.21,10,322.08,148.1,0-5%,96.62,May,Cobalt
2024-03-26,2024,3,Mar,Echo,SMB,Canada,8,234.39,127.99,1875.14,0.0,1875.14,1023.89,851.25,0.454,319.37,342.0,509.25,127.52,5000.0,2523.34,2476.66,1.35,1.08,1.02,0.1018,0-5%,1023.89,1875.14,1875.14,851.25,8,234.39,127.99,0-5%,0.0,Mar,Echo
2025-06-04,2025,6,Jun,Alpha,Consumer,USA,12,187.97,73.97,2255.62,270.67,1984.94,887.64,1097.3,0.5528,245.96,256.12,841.18,140.68,5000.0,3210.52,1789.48,0.88,0.52,1.79,0.1682,10-20%,887.64,2255.62,1984.94,1097.3,12,187.97,73.97,10-20%,270.67,Jun,Alpha
2025-02-03,2025,2,Feb,Echo,SMB,USA,10,159.02,64.31,1590.23,111.32,1478.91,643.15,835.77,0.5651,355.5,335.63,500.13,86.16,5000.0,2201.69,2798.31,1.14,0.57,0.79,0.1,5-10%,643.15,1590.23,1478.91,835.77,10,159.02,64.31,5-10%,111.32,Feb,Echo
2025-12-13,2025,12,Dec,Delta,SMB,USA,12,181.06,92.74,2172.72,152.09,2020.63,1112.84,907.79,0.4493,314.87,313.8,593.99,211.08,5000.0,3104.53,1895.47,1.83,1.49,1.64,0.1188,5-10%,1112.84,2172.72,2020.63,907.79,12,181.06,92.74,5-10%,152.09,Dec,Delta
2024-01-28,2024,1,Jan,Echo,Consumer,Germany,9,245.74,127.79,2211.7,0.0,2211.7,1150.07,1061.62,0.48,575.86,609.26,452.37,122.85,5000.0,2558.2,2441.8,1.17,0.89,1.05,0.0905,0-5%,1150.07,2211.7,2211.7,1061.62,9,245.74,127.79,0-5%,0.0,Jan,Echo
2025-12-01,2025,12,Dec,Flux,SMB,USA,10,305.54,164.66,3055.44,0.0,3055.44,1646.65,1408.8,0.4611,517.19,555.45,853.35,327.91,5000.0,2926.19,2073.81,1.95,1.36,1.41,0.1707,0-5%,1646.65,3055.44,3055.44,1408.8,10,305.54,164.66,0-5%,0.0,Dec,Flux
2025-11-30,2025,11,Nov,Alpha,Consumer,USA,9,322.97,149.74,2906.7,203.47,2703.23,1347.65,1355.58,0.5015,705.35,749.41,606.17,152.02,5000.0,3128.47,1871.53,1.49,1.17,1.67,0.1212,5-10%,1347.65,2906.7,2703.23,1355.58,9,322.97,149.74,5-10%,203.47,Nov,Alpha
2024-02-08,2024,2,Feb,Cobalt,Consumer,USA,6,162.52,81.73,975.12,29.25,945.86,490.4,455.46,0.4815,179.72,178.28,277.18,86.58,5000.0,2973.56,2026.44,1.76,1.37,1.47,0.0554,0-5%,490.4,975.12,945.86,455.46,6,162.52,81.73,0-5%,29.25,Feb,Cobalt
2025-12-07,2025,12,Dec,Alpha,Consumer,USA,13,247.71,112.65,3220.27,805.07,2415.2,1464.4,950.8,0.3937,424.4,436.7,514.1,230.2,5000.0,1788.87,3211.13,1.55,1.29,0.56,0.1028,20%+,1464.4,3220.27,2415.2,950.8,13,247.71,112.65,20%+,805.07,Dec,Alpha
2024-12-14,2024,12,Dec,Flux,SMB,USA,9,299.24,144.13,2693.2,673.3,2019.9,1297.19,722.71,0.3578,340.01,335.31,387.4,177.31,5000.0,1838.51,3161.49,2.45,2.17,0.58,0.0775,20%+,1297.19,2693.2,2019.9,722.71,9,299.24,144.13,20%+,673.3,Dec,Flux
2025-01-24,2025,1,Jan,Cobalt,Consumer,USA,13,170.36,88.06,2214.74,66.44,2148.3,1144.84,1003.46,0.4671,510.03,535.94,467.51,201.03,5000.0,2175.49,2824.51,1.43,1.14,0.77,0.0935,0-5%,1144.84,2214.74,2148.3,1003.46,13,170.36,88.06,0-5%,66.44,Jan,Cobalt
2023-04-13,2023,4,Apr,Echo,Enterprise,USA,9,155.23,59.65,1397.04,41.91,1355.13,536.81,818.32,0.6039,255.2,270.23,548.09,55.52,5000.0,1858.36,3141.64,1.97,1.73,0.59,0.1096,0-5%,536.81,1397.04,1355.13,818.32,9,155.23,59.65,0-5%,41.91,Apr,Echo
2024-11-19,2024,11,Nov,Flux,Consumer,India,8,206.92,80.03,1655.34,198.64,1456.7,640.26,816.44,0.5605,402.12,424.29,392.14,124.81,5000.0,2898.51,2101.49,1.48,1.01,1.38,0.0784,10-20%,640.26,1655.34,1456.7,816.44,8,206.92,80.03,10-20%,198.64,Nov,Flux
2023-08-19,2023,8,Aug,Bravo,Consumer,UK,3,172.24,86.84,516.72,15.5,501.22,260.51,240.71,0.4803,126.88,125.48,115.23,50.0,5000.0,2616.23,2383.77,1.71,1.14,1.1,0.023,0-5%,260.51,516.72,501.22,240.71,3,172.24,86.84,0-5%,15.5,Aug,Bravo
2024-01-20,2024,1,Jan,Delta,Consumer,USA,9,151.92,77.24,1367.25,0.0,1367.25,695.17,672.09,0.4916,309.03,330.67,341.41,89.9,5000.0,2526.08,2473.92,1.81,1.34,1.02,0.0683,0-5%,695.17,1367.25,1367.25,672.09,9,151.92,77.24,0-5%,0.0,Jan,Delta
2024-06-27,2024,6,Jun,Cobalt,Enterprise,USA,9,235.04,103.11,2115.39,0.0,2115.39,927.97,1187.42,0.5613,559.72,545.99,641.43,179.39,5000.0,2282.89,2717.11,1.86,1.42,0.84,0.1283,0-5%,927.97,2115.39,2115.39,1187.42,9,235.04,103.11,0-5%,0.0,Jun,Cobalt
2024-06-14,2024,6,Jun,Bravo,Consumer,India,6,274.15,105.14,1644.87,115.14,1529.73,630.83,898.9,0.5876,219.83,226.89,672.01,102.29,5000.0,2721.97,2278.03,1.92,1.67,1.19,0.1344,5-10%,630.83,1644.87,1529.73,898.9,6,274.15,105.14,5-10%,115.14,Jun,Bravo
2023-01-27,2023,1,Jan,Flux,SMB,USA,12,238.25,117.46,2859.04,0.0,2859.04,1409.55,1449.49,0.507,586.54,568.18,881.31,165.1,5000.0,2064.25,2935.75,2.23,1.9,0.7,0.1763,0-5%,1409.55,2859.04,2859.04,1449.49,12,238.25,117.46,0-5%,0.0,Jan,Flux
2025-06-01,2025,6,Jun,Delta,Consumer,India,7,185.14,89.42,1295.99,0.0,1295.99,625.93,670.06,0.517,203.15,217.11,452.95,111.38,5000.0,3245.34,1754.66,1.55,1.1,1.85,0.0906,0-5%,625.93,1295.99,1295.99,670.06,7,185.14,89.42,0-5%,0.0,Jun,Delta
2025-06-25,2025,6,Jun,Delta,Consumer,Canada,10,223.37,97.42,2233.74,0.0,2233.74,974.17,1259.57,0.5639,412.32,444.28,815.29,189.13,5000.0,2186.28,2813.72,1.68,1.23,0.78,0.1631,0-5%,974.17,2233.74,2233.74,1259.57,10,223.37,97.42,0-5%,0.0,Jun,Delta
2023-03-03,2023,3,Mar,Echo,Enterprise,USA,11,231.57,110.26,2547.22,178.31,2368.91,1212.87,1156.04,0.488,491.46,503.07,652.97,177.85,5000.0,2800.44,2199.56,1.45,1.02,1.27,0.1306,5-10%,1212.87,2547.22,2368.91,1156.04,11,231.57,110.26,5-10%,178.31,Mar,Echo
2023-09-02,2023,9,Sep,Echo,Consumer,Canada,11,174.9,65.43,1923.88,57.72,1866.16,719.78,1146.38,0.6143,346.36,347.98,798.39,143.11,5000.0,2098.68,2901.32,1.96,1.48,0.72,0.1597,0-5%,719.78,1923.88,1866.16,1146.38,11,174.9,65.43,0-5%,57.72,Sep,Echo
2025-02-02,2025,2,Feb,Echo,SMB,Canada,9,237.85,119.83,2140.67,0.0,2140.67,1078.49,1062.19,0.4962,398.44,376.53,685.65,200.46,5000.0,1819.53,3180.47,2.13,1.56,0.57,0.1371,0-5%,1078.49,2140.67,2140.67,1062.19,9,237.85,119.83,0-5%,0.0,Feb,Echo
2024-01-13,2024,1,Jan,Flux,Consumer,USA,12,254.77,111.96,3057.24,214.01,2843.24,1343.49,1499.75,0.5275,368.65,377.82,1121.92,201.16,5655.75,3034.15,2621.59,1.66,1.29,1.16,0.1984,5-10%,1343.49,3057.24,2843.24,1499.75,12,254.77,111.96,5-10%,214.01,Jan,Flux
2024-07-11,2024,7,Jul,Echo,SMB,UK,7,190.82,72.96,1335.75,40.07,1295.68,510.74,784.94,0.6058,200.78,205.75,579.19,72.95,5000.0,2795.9,2204.1,1.85,1.55,1.27,0.1158,0-5%,510.74,1335.75,1295.68,784.94,7,190.82,72.96,0-5%,40.07,Jul,Echo
2023-07-30,2023,7,Jul,Delta,Consumer,India,11,107.27,54.11,1179.94,0.0,1179.94,595.25,584.7,0.4955,195.2,203.59,381.11,92.74,5000.0,2033.73,2966.27,2.16,1.71,0.69,0.0762,0-5%,595.25,1179.94,1179.94,584.7,11,107.27,54.11,0-5%,0.0,Jul,Delta
2023-08-15,2023,8,Aug,Echo,Consumer,USA,10,239.38,88.36,2393.8,287.26,2106.54,883.63,1222.91,0.5805,301.56,316.44,906.47,92.9,5000.0,2654.29,2345.71,2.16,1.91,1.13,0.1813,10-20%,883.63,2393.8,2106.54,1222.91,10,239.38,88.36,10-20%,287.26,Aug,Echo
2023-04-22,2023,4,Apr,Echo,Consumer,USA,11,190.78,93.91,2098.56,62.96,2035.6,1032.98,1002.62,0.4925,393.64,408.0,594.62,122.11,5000.0,2566.07,2433.93,1.67,1.46,1.05,0.1189,0-5%,1032.98,2098.56,2035.6,1002.62,11,190.78,93.91,0-5%,62.96,Apr,Echo
2024-01-07,2024,1,Jan,Alpha,SMB,USA,5,166.37,88.66,831.87,0.0,831.87,443.32,388.56,0.4671,115.8,109.17,279.39,54.58,5000.0,1762.5,3237.5,1.94,1.51,0.54,0.0559,0-5%,443.32,831.87,831.87,388.56,5,166.37,88.66,0-5%,0.0,Jan,Alpha
2025-09-26,2025,9,Sep,Alpha,Consumer,Canada,7,211.52,115.84,1480.66,103.65,1377.01,810.9,566.11,0.4111,362.25,348.18,217.93,161.95,5000.0,2930.97,2069.03,1.54,1.06,1.42,0.0436,5-10%,810.9,1480.66,1377.01,566.11,7,211.52,115.84,5-10%,103.65,Sep,Alpha
2024-02-14,2024,2,Feb,Echo,SMB,USA,11,293.01,134.46,3223.12,0.0,3223.12,1479.05,1744.07,0.5411,409.32,439.61,1304.46,277.18,6148.44,3422.39,2726.05,2.03,1.53,1.26,0.2122,0-5%,1479.05,3223.12,3223.12,1744.07,11,293.01,134.46,0-5%,0.0,Feb,Echo
2023-12-09,2023,12,Dec,Cobalt,Consumer,USA,5,199.64,107.2,998.18,119.78,878.4,536.0,342.4,0.3898,107.71,115.15,227.25,105.46,5000.0,2472.79,2527.21,2.09,1.65,0.98,0.0455,10-20%,536.0,998.18,878.4,342.4,5,199.64,107.2,10-20%,119.78,Dec,Cobalt
2023-08-26,2023,8,Aug,Delta,Consumer,USA,7,178.78,92.35,1251.48,37.54,1213.94,646.45,567.49,0.4675,168.2,166.66,400.83,73.51,5000.0,2601.5,2398.5,2.07,1.59,1.08,0.0802,0-5%,646.45,1251.48,1213.94,567.49,7,178.78,92.35,0-5%,37.54,Aug,Delta
2024-07-10,2024,7,Jul,Bravo,Enterprise,USA,7,189.01,89.83,1323.04,158.76,1164.27,628.8,535.47,0.4599,166.36,160.16,375.31,94.08,5000.0,3154.69,1845.31,1.45,0.92,1.71,0.0751,10-20%,628.8,1323.04,1164.27,535.47,7,189.01,89.83,10-20%,158.76,Jul,Bravo
2024-06-01,2024,6,Jun,Flux,Consumer,USA,16,171.77,61.86,2748.31,0.0,2748.31,989.77,1758.54,0.6399,631.15,642.93,1115.61,167.31,5000.0,2645.1,2354.9,1.69,1.25,1.12,0.2231,0-5%,989.77,2748.31,2748.31,1758.54,16,171.77,61.86,0-5%,0.0,Jun,Flux
2023-03-08,2023,3,Mar,Cobalt,Consumer,USA,9,208.38,108.79,1875.39,0.0,1875.39,979.12,896.27,0.4779,246.86,242.05,654.22,114.89,5000.0,2550.25,2449.75,1.89,1.35,1.04,0.1308,0-5%,979.12,1875.39,1875.39,896.27,9,208.38,108.79,0-5%,0.0,Mar,Cobalt
2025-04-20,2025,4,Apr,Bravo,Consumer,UK,8,205.81,92.56,1646.45,0.0,1646.45,740.47,905.98,0.5503,440.59,410.95,495.03,75.86,5000.0,2385.3,2614.7,1.87,1.29,0.91,0.099,0-5%,740.47,1646.45,1646.45,905.98,8,205.81,92.56,0-5%,0.0,Apr,Bravo
2025-11-20,2025,11,Nov,Echo,Consumer,USA,10,209.93,98.45,2099.35,0.0,2099.35,984.51,1114.84,0.531,444.2,413.65,701.19,133.69,5000.0,2738.68,2261.32,1.85,1.62,1.21,0.1402,0-5%,984.51,2099.35,2099.35,1114.84,10,209.93,98.45,0-5%,0.0,Nov,Echo
2024-06-28,2024,6,Jun,Flux,Enterprise,Canada,10,238.73,102.91,2387.27,596.82,1790.45,1029.15,761.3,0.4252,321.53,300.07,461.23,134.1,5000.0,2693.39,2306.61,2.5,2.24,1.17,0.0922,20%+,1029.15,2387.27,1790.45,761.3,10,238.73,102.91,20%+,596.82,Jun,Flux
2023-06-27,2023,6,Jun,Bravo,SMB,India,8,263.03,129.85,2104.22,147.3,1956.92,1038.79,918.13,0.4692,315.92,304.53,613.61,198.67,5000.0,2231.04,2768.96,1.63,1.35,0.81,0.1227,5-10%,1038.79,2104.22,1956.92,918.13,8,263.03,129.85,5-10%,147.3,Jun,Bravo
2025-08-15,2025,8,Aug,Echo,Consumer,USA,15,188.29,67.25,2824.42,84.73,2739.69,1008.72,1730.97,0.6318,736.23,728.62,1002.35,221.06,5092.45,2684.5,2407.95,1.92,1.34,1.11,0.1968,0-5%,1008.72,2824.42,2739.69,1730.97,15,188.29,67.25,0-5%,84.73,Aug,Echo
2025-06-16,2025,6,Jun,Cobalt,Enterprise,USA,10,105.86,53.07,1058.56,31.76,1026.8,530.73,496.07,0.4831,163.13,169.14,326.93,55.18,5000.0,2674.71,2325.29,1.88,1.31,1.15,0.0654,0-5%,530.73,1058.56,1026.8,496.07,10,105.86,53.07,0-5%,31.76,Jun,Cobalt
2024-10-03,2024,10,Oct,Echo,Enterprise,USA,5,180.02,91.39,900.12,63.01,837.11,456.96,380.15,0.4541,180.05,187.0,193.15,56.43,5000.0,3022.96,1977.04,2.47,2.2,1.53,0.0386,5-10%,456.96,900.12,837.11,380.15,5,180.02,91.39,5-10%,63.01,Oct,Echo
2023-12-04,2023,12,Dec,Flux,Enterprise,Germany,12,199.25,80.24,2390.96,286.92,2104.04,962.93,1141.11,0.5423,427.41,398.7,742.42,188.49,5000.0,3029.13,1970.87,2.08,1.69,1.54,0.1485,10-20%,962.93,2390.96,2104.04,1141.11,12,199.25,80.24,10-20%,286.92,Dec,Flux
2023-12-20,2023,12,Dec,Delta,Enterprise,India,9,174.46,87.0,1570.15,0.0,1570.15,783.0,787.16,0.5013,392.12,385.47,401.68,109.68,5000.0,2008.54,2991.46,1.53,1.11,0.67,0.0803,0-5%,783.0,1570.15,1570.15,787.16,9,174.46,87.0,0-5%,0.0,Dec,Delta
2025-02-09,2025,2,Feb,Bravo,SMB,UK,8,193.07,93.38,1544.59,108.12,1436.47,747.03,689.44,0.48,278.13,286.06,403.38,81.48,5000.0,2707.42,2292.58,2.04,1.47,1.18,0.0807,5-10%,747.03,1544.59,1436.47,689.44,8,193.07,93.38,5-10%,108.12,Feb,Bravo
2023-11-24,2023,11,Nov,Flux,Consumer,India,4,267.88,95.3,1071.5,75.01,996.5,381.21,615.29,0.6174,235.41,229.62,385.67,81.0,5000.0,2323.95,2676.05,1.93,1.66,0.87,0.0771,5-10%,381.21,1071.5,996.5,615.29,4,267.88,95.3,5-10%,75.01,Nov,Flux
2023-11-25,2023,11,Nov,Delta,Consumer,USA,12,112.56,54.56,1350.76,40.52,1310.24,654.67,655.56,0.5003,215.72,231.73,423.83,86.85,5000.0,1938.01,3061.99,1.71,1.5,0.63,0.0848,0-5%,654.67,1350.76,1310.24,655.56,12,112.56,54.56,0-5%,40.52,Nov,Delta
2025-10-20,2025,10,Oct,Echo,SMB,USA,9,238.41,94.37,2145.68,0.0,2145.68,849.37,1296.31,0.6041,263.98,270.93,1025.38,158.87,5000.0,2489.07,2510.93,1.81,1.37,0.99,0.2051,0-5%,849.37,2145.68,2145.68,1296.31,9,238.41,94.37,0-5%,0.0,Oct,Echo
2024-11-02,2024,11,Nov,Echo,SMB,Canada,8,203.08,94.36,1624.63,113.72,1510.9,754.85,756.05,0.5004,356.47,372.94,383.11,84.56,5000.0,3137.35,1862.65,1.69,1.48,1.68,0.0766,5-10%,754.85,1624.63,1510.9,756.05,8,203.08,94.36,5-10%,113.72,Nov,Echo
2025-07-28,2025,7,Jul,Delta,Enterprise,UK,6,137.8,64.76,826.79,57.88,768.91,388.58,380.33,0.4946,204.37,194.12,186.21,50.0,5000.0,2301.24,2698.76,1.82,1.61,0.85,0.0372,5-10%,388.58,826.79,768.91,380.33,6,137.8,64.76,5-10%,57.88,Jul,Delta
2025-02-03,2025,2,Feb,Delta,SMB,USA,10,193.83,98.29,1938.29,58.15,1880.14,982.91,897.24,0.4772,497.27,480.47,416.77,172.72,5000.0,2963.59,2036.41,1.7,1.28,1.46,0.0834,0-5%,982.91,1938.29,1880.14,897.24,10,193.83,98.29,0-5%,58.15,Feb,Delta
2024-01-27,2024,1,Jan,Echo,Consumer,USA,5,262.34,131.53,1311.68,327.92,983.76,657.66,326.1,0.3315,126.76,120.5,205.6,75.15,5000.0,2779.2,2220.8,2.64,2.34,1.25,0.0411,20%+,657.66,1311.68,983.76,326.1,5,262.34,131.53,20%+,327.92,Jan,Echo
2024-10-05,2024,10,Oct,Cobalt,Enterprise,USA,15,254.68,122.12,3820.22,114.61,3705.61,1831.73,1873.88,0.5057,1032.29,1093.24,780.64,363.54,6069.82,2652.14,3417.68,1.81,1.33,0.78,0.1286,0-5%,1831.73,3820.22,3705.61,1873.88,15,254.68,122.12,0-5%,114.61,Oct,Cobalt
2023-03-04,2023,3,Mar,Alpha,Consumer,USA,13,352.02,164.93,4576.21,137.29,4438.92,2144.11,2294.81,0.517,1187.39,1151.32,1143.49,462.77,8704.08,3707.75,4996.32,1.09,0.5,0.74,0.1314,0-5%,2144.11,4576.21,4438.92,2294.81,13,352.02,164.93,0-5%,137.29,Mar,Alpha
2025-07-30,2025,7,Jul,Echo,SMB,USA,5,170.5,91.98,852.5,0.0,852.5,459.92,392.58,0.4605,185.86,172.97,219.61,89.57,5000.0,1918.06,3081.94,2.72,2.18,0.62,0.0439,0-5%,459.92,852.5,852.5,392.58,5,170.5,91.98,0-5%,0.0,Jul,Echo
2024-11-07,2024,11,Nov,Flux,Consumer,USA,10,262.48,124.91,2624.82,656.21,1968.62,1249.09,719.53,0.3655,386.18,404.85,314.68,236.53,5000.0,1916.25,3083.75,1.86,1.31,0.62,0.0629,20%+,1249.09,2624.82,1968.62,719.53,10,262.48,124.91,20%+,656.21,Nov,Flux
2025-05-31,2025,5,May,Flux,Consumer,USA,5,208.37,105.51,1041.87,0.0,1041.87,527.54,514.33,0.4937,244.39,254.29,260.05,80.02,5000.0,2264.79,2735.21,2.28,1.72,0.83,0.052,0-5%,527.54,1041.87,1041.87,514.33,5,208.37,105.51,0-5%,0.0,May,Flux
2024-02-04,2024,2,Feb,Delta,Consumer,USA,6,259.85,133.27,1559.07,46.77,1512.3,799.62,712.67,0.4713,207.55,208.36,504.31,95.91,5000.0,2112.53,2887.47,1.97,1.7,0.73,0.1009,0-5%,799.62,1559.07,1512.3,712.67,6,259.85,133.27,0-5%,46.77,Feb,Delta
2025-01-13,2025,1,Jan,Delta,SMB,USA,6,257.32,96.51,1543.95,108.08,1435.87,579.07,856.81,0.5967,191.91,188.6,668.21,117.36,5000.0,3022.99,1977.01,1.52,1.08,1.53,0.1336,5-10%,579.07,1543.95,1435.87,856.81,6,257.32,96.51,5-10%,108.08,Jan,Delta
2025-01-10,2025,1,Jan,Echo,Enterprise,USA,4,206.11,112.45,824.43,0.0,824.43,449.8,374.63,0.4544,210.98,221.23,153.4,96.33,5000.0,2418.19,2581.81,1.78,1.58,0.94,0.0307,0-5%,449.8,824.43,824.43,374.63,4,206.11,112.45,0-5%,0.0,Jan,Echo
2023-07-14,2023,7,Jul,Echo,Consumer,USA,9,215.34,108.1,1938.1,232.57,1705.53,972.91,732.62,0.4296,444.8,478.42,254.2,124.2,5000.0,2713.69,2286.31,1.71,1.41,1.19,0.0508,10-20%,972.91,1938.1,1705.53,732.62,9,215.34,108.1,10-20%,232.57,Jul,Echo
2024-10-31,2024,10,Oct,Echo,Enterprise,UK,4,207.5,98.09,830.02,99.6,730.42,392.35,338.07,0.4628,191.12,197.11,140.96,72.29,5000.0,2495.52,2504.48,1.89,1.54,1.0,0.0282,10-20%,392.35,830.02,730.42,338.07,4,207.5,98.09,10-20%,99.6,Oct,Echo
2024-11-20,2024,11,Nov,Flux,Consumer,Germany,13,230.68,88.35,2998.88,89.97,2908.91,1148.57,1760.34,0.6052,639.87,649.68,1110.66,140.14,5213.99,2743.88,2470.11,1.83,1.5,1.11,0.213,0-5%,1148.57,2998.88,2908.91,1760.34,13,230.68,88.35,0-5%,89.97,Nov,Flux
2024-07-15,2024,7,Jul,Alpha,Consumer,USA,12,274.31,112.04,3291.67,98.75,3192.92,1344.47,1848.45,0.5789,736.35,704.37,1144.09,278.31,5185.46,2972.09,2213.37,1.89,1.49,1.34,0.2206,0-5%,1344.47,3291.67,3192.92,1848.45,12,274.31,112.04,0-5%,98.75,Jul,Alpha
2023-02-05,2023,2,Feb,Bravo,SMB,USA,11,294.69,121.35,3241.63,0.0,3241.63,1334.89,1906.74,0.5882,875.82,888.41,1018.33,253.18,5000.0,2153.51,2846.49,1.82,1.29,0.76,0.2037,0-5%,1334.89,3241.63,3241.63,1906.74,11,294.69,121.35,0-5%,0.0,Feb,Bravo
2025-02-21,2025,2,Feb,Bravo,Consumer,USA,9,159.31,62.18,1433.79,172.05,1261.74,559.58,702.15,0.5565,337.41,331.41,370.74,113.48,5000.0,2297.74,2702.26,1.92,1.65,0.85,0.0741,10-20%,559.58,1433.79,1261.74,702.15,9,159.31,62.18,10-20%,172.05,Feb,Bravo
2023-03-27,2023,3,Mar,Delta,Consumer,USA,8,227.82,103.32,1822.54,127.58,1694.96,826.59,868.37,0.5123,302.1,284.31,584.06,155.86,5000.0,3093.55,1906.45,2.17,1.96,1.62,0.1168,5-10%,826.59,1822.54,1694.96,868.37,8,227.82,103.32,5-10%,127.58,Mar,Delta
2024-07-05,2024,7,Jul,Delta,SMB,USA,8,186.41,82.71,1491.29,372.82,1118.47,661.72,456.75,0.4084,241.42,234.45,222.3,92.02,5000.0,2674.89,2325.11,1.16,0.6,1.15,0.0445,20%+,661.72,1491.29,1118.47,456.75,8,186.41,82.71,20%+,372.82,Jul,Delta
2024-10-17,2024,10,Oct,Flux,Enterprise,USA,10,163.0,64.55,1630.02,48.9,1581.12,645.54,935.58,0.5917,238.79,235.07,700.51,68.21,5000.0,2190.1,2809.9,1.95,1.48,0.78,0.1401,0-5%,645.54,1630.02,1581.12,935.58,10,163.0,64.55,0-5%,48.9,Oct,Flux
2023-04-26,2023,4,Apr,Cobalt,SMB,USA,5,231.9,91.86,1159.51,139.14,1020.37,459.29,561.08,0.5499,145.66,154.85,406.22,54.74,5000.0,1754.19,3245.81,1.41,1.03,0.54,0.0812,10-20%,459.29,1159.51,1020.37,561.08,5,231.9,91.86,10-20%,139.14,Apr,Cobalt
2025-06-30,2025,6,Jun,Flux,Consumer,USA,8,251.67,111.03,2013.34,140.93,1872.41,888.25,984.16,0.5256,350.76,323.96,660.2,118.78,5000.0,3232.8,1767.2,2.39,2.09,1.83,0.132,5-10%,888.25,2013.34,1872.41,984.16,8,251.67,111.03,5-10%,140.93,Jun,Flux
2024-09-02,2024,9,Sep,Delta,SMB,India,9,247.22,103.21,2225.02,0.0,2225.02,928.91,1296.1,0.5825,517.94,534.41,761.69,173.28,5000.0,2490.18,2509.82,1.93,1.52,0.99,0.1523,0-5%,928.91,2225.02,2225.02,1296.1,9,247.22,103.21,0-5%,0.0,Sep,Delta
2024-03-04,2024,3,Mar,Flux,SMB,Canada,9,252.8,108.71,2275.22,159.27,2115.95,978.37,1137.58,0.5376,554.04,590.71,546.87,123.04,5000.0,2748.84,2251.16,1.88,1.35,1.22,0.1094,5-10%,978.37,2275.22,2115.95,1137.58,9,252.8,108.71,5-10%,159.27,Mar,Flux
2023-10-17,2023,10,Oct,Delta,SMB,USA,10,257.63,127.11,2576.31,0.0,2576.31,1271.12,1305.19,0.5066,600.43,567.4,737.79,217.93,5000.0,3138.78,1861.22,1.58,1.1,1.69,0.1476,0-5%,1271.12,2576.31,2576.31,1305.19,10,257.63,127.11,0-5%,0.0,Oct,Delta
2025-05-16,2025,5,May,Flux,SMB,USA,9,177.43,83.76,1596.87,0.0,1596.87,753.85,843.02,0.5279,294.66,311.95,531.06,86.11,5000.0,2427.13,2572.87,2.03,1.78,0.94,0.1062,0-5%,753.85,1596.87,1596.87,843.02,9,177.43,83.76,0-5%,0.0,May,Flux
2023-03-18,2023,3,Mar,Cobalt,Consumer,USA,10,193.09,81.37,1930.9,57.93,1872.97,813.68,1059.29,0.5656,346.99,324.12,735.17,114.18,5000.0,2279.29,2720.71,1.88,1.52,0.84,0.147,0-5%,813.68,1930.9,1872.97,1059.29,10,193.09,81.37,0-5%,57.93,Mar,Cobalt
2024-11-20,2024,11,Nov,Delta,SMB,USA,5,195.75,92.29,978.77,29.36,949.41,461.43,487.98,0.514,216.22,204.66,283.33,93.14,5000.0,2424.68,2575.32,1.91,1.44,0.94,0.0567,0-5%,461.43,978.77,949.41,487.98,5,195.75,92.29,0-5%,29.36,Nov,Delta
2024-07-27,2024,7,Jul,Alpha,SMB,Germany,8,254.65,122.05,2037.22,61.12,1976.1,976.36,999.74,0.5059,348.51,350.25,649.49,212.52,5000.0,1818.93,3181.07,2.56,2.21,0.57,0.1299,0-5%,976.36,2037.22,1976.1,999.74,8,254.65,122.05,0-5%,61.12,Jul,Alpha
2025-12-12,2025,12,Dec,Bravo,SMB,India,5,264.94,108.36,1324.72,39.74,1284.98,541.81,743.17,0.5784,171.04,169.2,573.97,95.56,5000.0,2565.16,2434.84,1.63,1.22,1.05,0.1148,0-5%,541.81,1324.72,1284.98,743.17,5,264.94,108.36,0-5%,39.74,Dec,Bravo
2025-03-19,2025,3,Mar,Delta,SMB,USA,8,275.25,108.85,2202.03,550.51,1651.52,870.76,780.76,0.4727,258.79,242.98,537.78,104.87,5000.0,3142.27,1857.73,2.52,2.28,1.69,0.1076,20%+,870.76,2202.03,1651.52,780.76,8,275.25,108.85,20%+,550.51,Mar,Delta
2025-07-07,2025,7,Jul,Bravo,Consumer,USA,5,188.88,102.16,944.41,113.33,831.08,510.78,320.3,0.3854,201.27,212.91,107.39,85.99,5000.0,2255.66,2744.34,1.88,1.37,0.82,0.0215,10-20%,510.78,944.41,831.08,320.3,5,188.88,102.16,10-20%,113.33,Jul,Bravo
2024-10-05,2024,10,Oct,Bravo,SMB,USA,12,215.96,109.17,2591.55,0.0,2591.55,1310.06,1281.49,0.4945,682.47,664.92,616.57,224.71,5000.0,2881.99,2118.01,1.77,1.18,1.36,0.1233,0-5%,1310.06,2591.55,2591.55,1281.49,12,215.96,109.17,0-5%,0.0,Oct,Bravo
2023-07-29,2023,7,Jul,Delta,SMB,UK,13,211.19,77.92,2745.41,82.36,2663.05,1012.97,1650.08,0.6196,468.28,444.15,1205.93,130.77,5000.0,2530.29,2469.71,1.7,1.23,1.02,0.2412,0-5%,1012.97,2745.41,2663.05,1650.08,13,211.19,77.92,0-5%,82.36,Jul,Delta
2024-10-27,2024,10,Oct,Echo,Consumer,Canada,10,312.92,130.84,3129.25,0.0,3129.25,1308.37,1820.88,0.5819,856.84,799.25,1021.63,185.63,6120.45,3667.18,2453.26,2.28,1.83,1.49,0.1669,0-5%,1308.37,3129.25,3129.25,1820.88,10,312.92,130.84,0-5%,0.0,Oct,Echo
2025-12-01,2025,12,Dec,Flux,Consumer,USA,5,210.27,79.97,1051.36,73.6,977.76,399.86,577.9,0.591,154.9,153.24,424.66,51.12,5000.0,2559.95,2440.05,1.93,1.52,1.05,0.0849,5-10%,399.86,1051.36,977.76,577.9,5,210.27,79.97,5-10%,73.6,Dec,Flux
2024-07-15,2024,7,Jul,Delta,Enterprise,USA,7,179.36,94.37,1255.55,150.67,1104.89,660.59,444.3,0.4021,148.47,142.57,301.73,109.72,5000.0,2632.58,2367.42,1.31,1.0,1.11,0.0603,10-20%,660.59,1255.55,1104.89,444.3,7,179.36,94.37,10-20%,150.67,Jul,Delta
2024-08-26,2024,8,Aug,Delta,Enterprise,USA,9,231.08,88.82,2079.76,145.58,1934.18,799.41,1134.77,0.5867,308.35,325.98,808.78,83.81,5000.0,2025.89,2974.11,1.49,1.19,0.68,0.1618,5-10%,799.41,2079.76,1934.18,1134.77,9,231.08,88.82,5-10%,145.58,Aug,Delta
2024-01-14,2024,1,Jan,Echo,SMB,USA,9,232.15,101.28,2089.37,0.0,2089.37,911.55,1177.82,0.5637,445.87,426.43,751.4,91.79,5000.0,2076.93,2923.07,1.53,1.26,0.71,0.1503,0-5%,911.55,2089.37,2089.37,1177.82,9,232.15,101.28,0-5%,0.0,Jan,Echo
2025-12-18,2025,12,Dec,Delta,Enterprise,Canada,8,178.27,64.41,1426.14,0.0,1426.14,515.31,910.83,0.6387,340.03,326.79,584.05,54.87,5000.0,2115.19,2884.81,2.02,1.74,0.73,0.1168,0-5%,515.31,1426.14,1426.14,910.83,8,178.27,64.41,0-5%,0.0,Dec,Delta
2025-06-03,2025,6,Jun,Flux,Consumer,Germany,5,255.95,113.02,1279.73,0.0,1279.73,565.11,714.62,0.5584,335.63,339.46,375.16,63.9,5000.0,1920.86,3079.14,1.87,1.45,0.62,0.075,0-5%,565.11,1279.73,1279.73,714.62,5,255.95,113.02,0-5%,0.0,Jun,Flux
2025-07-24,2025,7,Jul,Echo,Consumer,USA,8,213.43,103.35,1707.42,51.22,1656.2,826.8,829.39,0.5008,254.81,244.85,584.54,88.1,5000.0,2739.97,2260.03,2.06,1.57,1.21,0.1169,0-5%,826.8,1707.42,1656.2,829.39,8,213.43,103.35,0-5%,51.22,Jul,Echo
2024-04-01,2024,4,Apr,Echo,Consumer,Canada,8,108.58,38.39,868.67,217.17,651.51,307.12,344.39,0.5286,117.0,116.92,227.47,54.67,5000.0,2596.03,2403.97,1.77,1.41,1.08,0.0455,20%+,307.12,868.67,651.51,344.39,8,108.58,38.39,20%+,217.17,Apr,Echo
2023-02-15,2023,2,Feb,Flux,Consumer,USA,7,324.94,158.86,2274.59,159.22,2115.37,1112.02,1003.35,0.4743,301.93,281.69,721.66,182.28,5000.0,2400.13,2599.87,2.58,2.35,0.92,0.1443,5-10%,1112.02,2274.59,2115.37,1003.35,7,324.94,158.86,5-10%,159.22,Feb,Flux
2025-02-16,2025,2,Feb,Bravo,Consumer,USA,5,247.58,107.32,1237.9,148.55,1089.35,536.59,552.76,0.5074,181.1,183.1,369.66,63.0,5000.0,2637.97,2362.03,2.05,1.51,1.12,0.0739,10-20%,536.59,1237.9,1089.35,552.76,5,247.58,107.32,10-20%,148.55,Feb,Bravo
2023-10-28,2023,10,Oct,Cobalt,Consumer,USA,10,247.38,126.44,2473.8,173.17,2300.63,1264.43,1036.2,0.4504,497.27,501.41,534.79,152.02,5000.0,1860.42,3139.58,1.87,1.55,0.59,0.107,5-10%,1264.43,2473.8,2300.63,1036.2,10,247.38,126.44,5-10%,173.17,Oct,Cobalt
2025-08-17,2025,8,Aug,Cobalt,Consumer,USA,10,202.09,98.54,2020.89,0.0,2020.89,985.38,1035.51,0.5124,458.5,423.02,612.5,170.68,5000.0,1782.05,3217.95,2.25,2.01,0.55,0.1225,0-5%,985.38,2020.89,2020.89,1035.51,10,202.09,98.54,0-5%,0.0,Aug,Cobalt
2024-01-31,2024,1,Jan,Alpha,Consumer,USA,8,160.92,76.12,1287.33,38.62,1248.71,608.99,639.72,0.5123,183.78,173.02,466.7,112.4,5000.0,2847.69,2152.31,2.28,1.9,1.32,0.0933,0-5%,608.99,1287.33,1248.71,639.72,8,160.92,76.12,0-5%,38.62,Jan,Alpha
2023-11-28,2023,11,Nov,Flux,Consumer,USA,13,388.37,147.92,5048.82,151.46,4897.36,1922.94,2974.42,0.6074,1010.51,1074.27,1900.14,358.7,8525.32,3105.02,5420.29,2.18,1.73,0.57,0.2229,0-5%,1922.94,5048.82,4897.36,2974.42,13,388.37,147.92,0-5%,151.46,Nov,Flux
2023-04-07,2023,4,Apr,Echo,Consumer,USA,14,300.21,137.22,4202.94,126.09,4076.85,1921.12,2155.73,0.5288,650.02,669.02,1486.71,325.16,7110.05,3258.37,3851.68,1.18,0.8,0.85,0.2091,0-5%,1921.12,4202.94,4076.85,2155.73,14,300.21,137.22,0-5%,126.09,Apr,Echo
2024-02-06,2024,2,Feb,Flux,Consumer,India,9,185.62,73.47,1670.56,50.12,1620.45,661.26,959.19,0.5919,383.88,398.37,560.81,78.56,5000.0,3065.47,1934.53,1.94,1.46,1.58,0.1122,0-5%,661.26,1670.56,1620.45,959.19,9,185.62,73.47,0-5%,50.12,Feb,Flux
2024-03-27,2024,3,Mar,Echo,Consumer,Germany,9,235.21,90.13,2116.91,529.23,1587.69,811.13,776.55,0.4891,253.59,242.2,534.35,129.4,5000.0,2477.72,2522.28,0.8,0.5,0.98,0.1069,20%+,811.13,2116.91,1587.69,776.55,9,235.21,90.13,20%+,529.23,Mar,Echo
2024-07-30,2024,7,Jul,Echo,Consumer,USA,10,221.33,77.74,2213.31,0.0,2213.31,777.37,1435.94,0.6488,344.06,327.33,1108.62,100.88,5000.0,2269.73,2730.27,2.04,1.68,0.83,0.2217,0-5%,777.37,2213.31,2213.31,1435.94,10,221.33,77.74,0-5%,0.0,Jul,Echo
2024-03-30,2024,3,Mar,Cobalt,Consumer,Germany,16,201.5,99.04,3223.92,386.87,2837.05,1584.72,1252.34,0.4414,467.78,486.05,766.29,218.71,5000.0,2896.49,2103.51,1.86,1.52,1.38,0.1533,10-20%,1584.72,3223.92,2837.05,1252.34,16,201.5,99.04,10-20%,386.87,Mar,Cobalt
2025-09-23,2025,9,Sep,Flux,Consumer,USA,10,230.43,87.23,2304.28,69.13,2235.15,872.32,1362.83,0.6097,547.56,559.18,803.65,90.4,5000.0,2356.57,2643.43,1.94,1.5,0.89,0.1607,0-5%,872.32,2304.28,2235.15,1362.83,10,230.43,87.23,0-5%,69.13,Sep,Flux
2023-11-01,2023,11,Nov,Delta,SMB,USA,8,229.61,101.96,1836.91,55.11,1781.81,815.67,966.13,0.5422,343.19,323.45,642.68,152.04,5000.0,3063.45,1936.55,1.6,1.2,1.58,0.1285,0-5%,815.67,1836.91,1781.81,966.13,8,229.61,101.96,0-5%,55.11,Nov,Delta
2024-04-16,2024,4,Apr,Delta,Enterprise,India,7,269.28,145.57,1884.99,131.95,1753.04,1019.01,734.03,0.4187,375.61,394.44,339.59,221.64,5000.0,2247.83,2752.17,1.37,1.06,0.82,0.0679,5-10%,1019.01,1884.99,1753.04,734.03,7,269.28,145.57,5-10%,131.95,Apr,Delta
2023-08-14,2023,8,Aug,Flux,Consumer,UK,3,165.73,72.3,497.18,14.92,482.26,216.89,265.37,0.5503,134.4,135.47,129.91,50.0,5000.0,2854.2,2145.8,1.95,1.48,1.33,0.026,0-5%,216.89,497.18,482.26,265.37,3,165.73,72.3,0-5%,14.92,Aug,Flux
2025-02-22,2025,2,Feb,Flux,SMB,India,7,205.57,76.95,1438.96,0.0,1438.96,538.63,900.33,0.6257,245.45,239.16,661.17,113.01,5000.0,2357.32,2642.68,2.42,1.94,0.89,0.1322,0-5%,538.63,1438.96,1438.96,900.33,7,205.57,76.95,0-5%,0.0,Feb,Flux
2023-03-25,2023,3,Mar,Cobalt,Consumer,India,11,317.84,159.6,3496.25,419.55,3076.7,1755.63,1321.07,0.4294,826.85,775.06,546.01,293.3,5000.0,2058.64,2941.36,2.0,1.54,0.7,0.1092,10-20%,1755.63,3496.25,3076.7,1321.07,11,317.84,159.6,10-20%,419.55,Mar,Cobalt
2025-04-23,2025,4,Apr,Alpha,Consumer,USA,15,178.97,79.75,2684.62,187.92,2496.7,1196.27,1300.43,0.5209,643.03,628.12,672.32,253.03,5000.0,2582.03,2417.97,1.98,1.74,1.07,0.1345,5-10%,1196.27,2684.62,2496.7,1300.43,15,178.97,79.75,5-10%,187.92,Apr,Alpha
2025-04-14,2025,4,Apr,Delta,Consumer,India,10,147.44,70.79,1474.38,44.23,1430.15,707.88,722.27,0.505,277.73,282.67,439.59,96.42,5000.0,2889.96,2110.04,2.29,2.01,1.37,0.0879,0-5%,707.88,1474.38,1430.15,722.27,10,147.44,70.79,0-5%,44.23,Apr,Delta
2024-04-14,2024,4,Apr,Bravo,Consumer,UK,10,314.55,159.39,3145.51,220.19,2925.32,1593.86,1331.46,0.4552,488.51,465.02,866.44,311.06,5000.0,3017.26,1982.74,1.28,0.88,1.52,0.1733,5-10%,1593.86,3145.51,2925.32,1331.46,10,314.55,159.39,5-10%,220.19,Apr,Bravo
2023-09-10,2023,9,Sep,Flux,Consumer,USA,9,151.43,79.16,1362.9,0.0,1362.9,712.48,650.42,0.4772,327.22,321.83,328.58,103.28,5000.0,2302.24,2697.76,1.33,0.73,0.85,0.0657,0-5%,712.48,1362.9,1362.9,650.42,9,151.43,79.16,0-5%,0.0,Sep,Flux
2025-01-16,2025,1,Jan,Flux,Consumer,India,8,219.55,88.19,1756.41,0.0,1756.41,705.54,1050.87,0.5983,258.38,264.55,786.32,138.97,5000.0,2712.0,2288.0,1.73,1.3,1.19,0.1573,0-5%,705.54,1756.41,1756.41,1050.87,8,219.55,88.19,0-5%,0.0,Jan,Flux
2023-05-02,2023,5,May,Flux,Consumer,UK,11,194.6,73.64,2140.59,256.87,1883.72,810.04,1073.68,0.57,444.25,457.59,616.08,171.23,5000.0,1889.19,3110.81,1.35,0.86,0.61,0.1232,10-20%,810.04,2140.59,1883.72,1073.68,11,194.6,73.64,10-20%,256.87,May,Flux
2024-08-30,2024,8,Aug,Flux,Consumer,India,8,185.52,70.81,1484.19,103.89,1380.29,566.52,813.78,0.5896,215.1,221.97,591.8,78.71,5000.0,2376.05,2623.95,2.46,2.0,0.91,0.1184,5-10%,566.52,1484.19,1380.29,813.78,8,185.52,70.81,5-10%,103.89,Aug,Flux
2023-12-20,2023,12,Dec,Flux,SMB,USA,8,270.77,131.68,2166.13,259.94,1906.2,1053.47,852.72,0.4473,484.95,487.94,364.78,216.85,5000.0,2314.3,2685.7,2.36,2.01,0.86,0.073,10-20%,1053.47,2166.13,1906.2,852.72,8,270.77,131.68,10-20%,259.94,Dec,Flux
2025-08-29,2025,8,Aug,Cobalt,Consumer,USA,12,232.62,124.9,2791.43,83.74,2707.68,1498.74,1208.94,0.4465,599.82,568.43,640.51,303.82,5000.0,2059.39,2940.61,1.46,0.93,0.7,0.1281,0-5%,1498.74,2791.43,2707.68,1208.94,12,232.62,124.9,0-5%,83.74,Aug,Cobalt
2024-06-11,2024,6,Jun,Alpha,SMB,Canada,10,156.01,74.49,1560.14,46.8,1513.33,744.93,768.4,0.5078,380.01,375.32,393.08,101.7,5000.0,2734.48,2265.52,1.97,1.44,1.21,0.0786,0-5%,744.93,1560.14,1513.33,768.4,10,156.01,74.49,0-5%,46.8,Jun,Alpha
2025-12-22,2025,12,Dec,Alpha,Consumer,UK,4,256.49,121.52,1025.95,123.11,902.83,486.08,416.75,0.4616,170.51,178.58,238.17,92.18,5000.0,3090.66,1909.34,1.77,1.23,1.62,0.0476,10-20%,486.08,1025.95,902.83,416.75,4,256.49,121.52,10-20%,123.11,Dec,Alpha
2025-08-28,2025,8,Aug,Bravo,Consumer,USA,9,192.89,81.7,1736.01,0.0,1736.01,735.27,1000.74,0.5765,448.28,447.94,552.8,126.11,5000.0,2080.35,2919.65,1.98,1.77,0.71,0.1106,0-5%,735.27,1736.01,1736.01,1000.74,9,192.89,81.7,0-5%,0.0,Aug,Bravo
2025-10-19,2025,10,Oct,Echo,Consumer,Germany,9,175.97,91.78,1583.77,47.51,1536.26,826.05,710.21,0.4623,266.74,285.74,424.47,89.11,5000.0,3127.75,1872.25,1.51,1.08,1.67,0.0849,0-5%,826.05,1583.77,1536.26,710.21,9,175.97,91.78,0-5%,47.51,Oct,Echo
2023-09-16,2023,9,Sep,Flux,Enterprise,USA,11,259.24,101.68,2851.63,85.55,2766.08,1118.47,1647.62,0.5956,616.59,641.71,1005.91,223.18,5249.44,1952.69,3296.75,2.12,1.7,0.59,0.1916,0-5%,1118.47,2851.63,2766.08,1647.62,11,259.24,101.68,0-5%,85.55,Sep,Flux
2024-06-06,2024,6,Jun,Alpha,Consumer,USA,12,165.01,70.03,1980.12,237.61,1742.51,840.37,902.14,0.5177,358.46,377.28,524.86,94.71,5000.0,2312.68,2687.32,1.94,1.71,0.86,0.105,10-20%,840.37,1980.12,1742.51,902.14,12,165.01,70.03,10-20%,237.61,Jun,Alpha
2024-09-05,2024,9,Sep,Flux,Consumer,USA,9,266.63,129.46,2399.66,167.98,2231.68,1165.17,1066.51,0.4779,520.84,531.25,535.27,249.03,5000.0,3094.86,1905.14,1.89,1.59,1.62,0.1071,5-10%,1165.17,2399.66,2231.68,1066.51,9,266.63,129.46,5-10%,167.98,Sep,Flux
2023-02-26,2023,2,Feb,Cobalt,Consumer,Germany,9,295.39,145.97,2658.54,319.02,2339.51,1313.76,1025.75,0.4384,321.75,340.2,685.55,201.19,5000.0,2473.82,2526.18,1.65,1.33,0.98,0.1371,10-20%,1313.76,2658.54,2339.51,1025.75,9,295.39,145.97,10-20%,319.02,Feb,Cobalt
2024-04-27,2024,4,Apr,Bravo,Enterprise,USA,8,184.72,80.21,1477.79,44.33,1433.45,641.69,791.77,0.5523,394.66,374.04,417.73,78.28,5000.0,2516.04,2483.96,2.27,1.94,1.01,0.0835,0-5%,641.69,1477.79,1433.45,791.77,8,184.72,80.21,0-5%,44.33,Apr,Bravo
2025-11-03,2025,11,Nov,Cobalt,Consumer,Canada,6,350.06,166.25,2100.37,0.0,2100.37,997.48,1102.89,0.5251,374.17,394.99,707.9,180.45,5000.0,2695.37,2304.63,2.14,1.65,1.17,0.1416,0-5%,997.48,2100.37,2100.37,1102.89,6,350.06,166.25,0-5%,0.0,Nov,Cobalt
2023-03-07,2023,3,Mar,Flux,Consumer,USA,8,255.33,136.62,2042.64,61.28,1981.36,1093.0,888.37,0.4484,240.69,250.97,637.4,167.75,5000.0,2827.65,2172.35,2.12,1.89,1.3,0.1275,0-5%,1093.0,2042.64,1981.36,888.37,8,255.33,136.62,0-5%,61.28,Mar,Flux
2025-03-05,2025,3,Mar,Bravo,Consumer,USA,7,196.79,92.74,1377.53,0.0,1377.53,649.16,728.37,0.5288,347.01,335.58,392.79,100.27,5000.0,2267.29,2732.71,1.68,1.34,0.83,0.0786,0-5%,649.16,1377.53,1377.53,728.37,7,196.79,92.74,0-5%,0.0,Mar,Bravo
2025-02-15,2025,2,Feb,Cobalt,Consumer,USA,7,150.28,61.89,1051.95,31.56,1020.4,433.26,587.13,0.5754,160.46,148.94,438.19,53.88,5000.0,2305.85,2694.15,1.06,0.5,0.86,0.0876,0-5%,433.26,1051.95,1020.4,587.13,7,150.28,61.89,0-5%,31.56,Feb,Cobalt
2025-07-09,2025,7,Jul,Delta,SMB,USA,8,245.01,125.57,1960.04,58.8,1901.24,1004.59,896.65,0.4716,377.44,350.77,545.88,116.65,5000.0,2130.04,2869.96,2.0,1.54,0.74,0.1092,0-5%,1004.59,1960.04,1901.24,896.65,8,245.01,125.57,0-5%,58.8,Jul,Delta
2024-09-01,2024,9,Sep,Bravo,SMB,Canada,13,168.35,62.69,2188.61,153.2,2035.41,814.93,1220.48,0.5996,535.81,516.08,704.39,86.5,5000.0,1767.24,3232.76,2.31,1.96,0.55,0.1409,5-10%,814.93,2188.61,2035.41,1220.48,13,168.35,62.69,5-10%,153.2,Sep,Bravo
2025-06-25,2025,6,Jun,Delta,Enterprise,USA,11,272.31,119.86,2995.39,209.68,2785.72,1318.41,1467.31,0.5267,442.97,425.29,1042.02,149.83,5000.0,2930.63,2069.37,1.81,1.26,1.42,0.2084,5-10%,1318.41,2995.39,2785.72,1467.31,11,272.31,119.86,5-10%,209.68,Jun,Delta
2023-11-16,2023,11,Nov,Flux,SMB,India,6,196.6,85.75,1179.6,82.57,1097.03,514.52,582.52,0.531,275.08,295.57,286.94,112.31,5000.0,1972.26,3027.74,1.34,0.85,0.65,0.0574,5-10%,514.52,1179.6,1097.03,582.52,6,196.6,85.75,5-10%,82.57,Nov,Flux
2025-06-20,2025,6,Jun,Cobalt,Consumer,Canada,7,226.48,80.81,1585.37,110.98,1474.4,565.68,908.71,0.6163,186.62,196.65,712.06,85.99,5000.0,2780.05,2219.95,1.19,0.68,1.25,0.1424,5-10%,565.68,1585.37,1474.4,908.71,7,226.48,80.81,5-10%,110.98,Jun,Cobalt
2025-08-12,2025,8,Aug,Flux,Consumer,USA,10,104.56,55.25,1045.6,73.19,972.41,552.51,419.9,0.4318,129.51,126.09,293.81,64.21,5000.0,2863.89,2136.11,2.19,1.78,1.34,0.0588,5-10%,552.51,1045.6,972.41,419.9,10,104.56,55.25,5-10%,73.19,Aug,Flux
2024-02-19,2024,2,Feb,Delta,Consumer,Germany,12,180.26,96.78,2163.08,151.42,2011.67,1161.35,850.32,0.4227,538.8,553.65,296.67,186.6,5000.0,1947.46,3052.54,2.2,2.0,0.64,0.0593,5-10%,1161.35,2163.08,2011.67,850.32,12,180.26,96.78,5-10%,151.42,Feb,Delta
2025-11-15,2025,11,Nov,Bravo,SMB,UK,6,250.2,123.2,1501.22,105.09,1396.13,739.2,656.94,0.4705,362.34,351.17,305.77,90.68,5000.0,2299.03,2700.97,1.48,1.14,0.85,0.0612,5-10%,739.2,1501.22,1396.13,656.94,6,250.2,123.2,5-10%,105.09,Nov,Bravo
2024-11-04,2024,11,Nov,Echo,Consumer,USA,17,127.78,69.23,2172.24,152.06,2020.18,1176.97,843.21,0.4174,512.65,516.79,326.41,225.86,5000.0,1781.63,3218.37,2.29,1.92,0.55,0.0653,5-10%,1176.97,2172.24,2020.18,843.21,17,127.78,69.23,5-10%,152.06,Nov,Echo
2024-04-18,2024,4,Apr,Flux,SMB,Canada,8,184.32,85.01,1474.54,0.0,1474.54,680.09,794.45,0.5388,394.22,417.51,376.94,115.99,5000.0,1783.03,3216.97,1.89,1.47,0.55,0.0754,0-5%,680.09,1474.54,1474.54,794.45,8,184.32,85.01,0-5%,0.0,Apr,Flux
2025-02-27,2025,2,Feb,Delta,Consumer,India,8,153.88,72.38,1231.03,0.0,1231.03,579.06,651.98,0.5296,234.16,231.4,420.57,69.43,5000.0,1989.05,3010.95,2.33,1.99,0.66,0.0841,0-5%,579.06,1231.03,1231.03,651.98,8,153.88,72.38,0-5%,0.0,Feb,Delta
2023-03-31,2023,3,Mar,Cobalt,Consumer,Canada,10,264.32,124.1,2643.19,185.02,2458.17,1240.99,1217.18,0.4952,378.86,408.55,808.63,236.52,5000.0,2790.26,2209.74,2.0,1.61,1.26,0.1617,5-10%,1240.99,2643.19,2458.17,1217.18,10,264.32,124.1,5-10%,185.02,Mar,Cobalt
2023-02-10,2023,2,Feb,Delta,Consumer,USA,11,308.26,111.85,3390.91,101.73,3289.18,1230.32,2058.86,0.6259,478.9,459.48,1599.38,149.45,5000.0,3087.21,1912.79,1.66,1.11,1.61,0.3199,0-5%,1230.32,3390.91,3289.18,2058.86,11,308.26,111.85,0-5%,101.73,Feb,Delta
2025-08-10,2025,8,Aug,Cobalt,Consumer,India,6,196.16,80.15,1176.97,35.31,1141.67,480.87,660.79,0.5788,183.23,184.46,476.34,73.26,5000.0,1762.34,3237.66,1.55,1.22,0.54,0.0953,0-5%,480.87,1176.97,1141.67,660.79,6,196.16,80.15,0-5%,35.31,Aug,Cobalt
2023-09-28,2023,9,Sep,Alpha,SMB,USA,8,334.42,147.32,2675.33,321.04,2354.29,1178.6,1175.69,0.4994,287.35,296.35,879.35,170.36,5000.0,2654.65,2345.35,1.93,1.58,1.13,0.1759,10-20%,1178.6,2675.33,2354.29,1175.69,8,334.42,147.32,10-20%,321.04,Sep,Alpha
2023-09-24,2023,9,Sep,Delta,Consumer,Canada,5,192.16,81.93,960.78,0.0,960.78,409.66,551.12,0.5736,137.5,137.55,413.57,76.54,5000.0,2502.91,2497.09,1.2,0.9,1.0,0.0827,0-5%,409.66,960.78,960.78,551.12,5,192.16,81.93,0-5%,0.0,Sep,Delta
2025-03-31,2025,3,Mar,Echo,Enterprise,USA,9,199.54,72.31,1795.83,0.0,1795.83,650.79,1145.04,0.6376,287.99,307.59,837.45,74.0,5000.0,3243.25,1756.75,1.33,1.08,1.85,0.1675,0-5%,650.79,1795.83,1795.83,1145.04,9,199.54,72.31,0-5%,0.0,Mar,Echo
2025-01-22,2025,1,Jan,Cobalt,SMB,UK,11,168.22,65.04,1850.47,55.51,1794.95,715.47,1079.48,0.6014,247.28,228.13,851.35,123.06,5000.0,2640.23,2359.77,1.37,1.0,1.12,0.1703,0-5%,715.47,1850.47,1794.95,1079.48,11,168.22,65.04,0-5%,55.51,Jan,Cobalt
2025-09-21,2025,9,Sep,Echo,Consumer,USA,6,271.33,108.69,1627.96,113.96,1514.0,652.11,861.89,0.5693,243.28,231.74,630.15,122.11,5000.0,1912.06,3087.94,2.57,2.0,0.62,0.126,5-10%,652.11,1627.96,1514.0,861.89,6,271.33,108.69,5-10%,113.96,Sep,Echo
2024-12-11,2024,12,Dec,Cobalt,SMB,India,6,316.43,173.23,1898.61,132.9,1765.71,1039.36,726.35,0.4114,475.19,439.14,287.21,219.02,5000.0,2311.27,2688.73,1.55,0.99,0.86,0.0574,5-10%,1039.36,1898.61,1765.71,726.35,6,316.43,173.23,5-10%,132.9,Dec,Cobalt
2024-02-20,2024,2,Feb,Alpha,Consumer,Canada,8,273.76,131.09,2190.05,65.7,2124.35,1048.75,1075.6,0.5063,366.71,384.04,691.56,164.8,5000.0,2819.99,2180.01,2.3,2.0,1.29,0.1383,0-5%,1048.75,2190.05,2124.35,1075.6,8,273.76,131.09,0-5%,65.7,Feb,Alpha
2025-02-01,2025,2,Feb,Cobalt,SMB,USA,11,179.64,68.46,1976.0,0.0,1976.0,753.06,1222.94,0.6189,298.32,318.49,904.45,86.18,5000.0,3045.8,1954.2,2.17,1.61,1.56,0.1809,0-5%,753.06,1976.0,1976.0,1222.94,11,179.64,68.46,0-5%,0.0,Feb,Cobalt
2023-07-16,2023,7,Jul,Bravo,SMB,USA,9,220.25,97.7,1982.24,237.87,1744.38,879.26,865.11,0.4959,456.11,454.9,410.21,184.2,5000.0,2657.1,2342.9,1.59,1.09,1.13,0.082,10-20%,879.26,1982.24,1744.38,865.11,9,220.25,97.7,10-20%,237.87,Jul,Bravo
2023-05-23,2023,5,May,Cobalt,Consumer,Canada,9,157.93,57.14,1421.36,99.5,1321.87,514.29,807.58,0.6109,313.75,327.02,480.56,89.8,5000.0,2529.83,2470.17,2.31,1.91,1.02,0.0961,5-10%,514.29,1421.36,1321.87,807.58,9,157.93,57.14,5-10%,99.5,May,Cobalt
2024-02-28,2024,2,Feb,Echo,Consumer,USA,9,255.27,106.84,2297.44,275.69,2021.75,961.6,1060.15,0.5244,345.07,328.23,731.92,126.78,5000.0,2059.22,2940.78,1.63,1.21,0.7,0.1464,10-20%,961.6,2297.44,2021.75,1060.15,9,255.27,106.84,10-20%,275.69,Feb,Echo
2025-01-31,2025,1,Jan,Cobalt,Enterprise,USA,8,265.73,128.78,2125.81,0.0,2125.81,1030.25,1095.56,0.5154,300.29,304.43,791.14,161.85,5000.0,2945.38,2054.62,1.68,1.32,1.43,0.1582,0-5%,1030.25,2125.81,2125.81,1095.56,8,265.73,128.78,0-5%,0.0,Jan,Cobalt
2023-10-26,2023,10,Oct,Bravo,SMB,USA,8,176.92,68.81,1415.37,0.0,1415.37,550.48,864.89,0.6111,311.79,289.92,574.97,83.93,5000.0,2517.2,2482.8,1.92,1.45,1.01,0.115,0-5%,550.48,1415.37,1415.37,864.89,8,176.92,68.81,0-5%,0.0,Oct,Bravo
2025-11-07,2025,11,Nov,Echo,Consumer,USA,10,174.33,88.26,1743.34,209.2,1534.14,882.59,651.55,0.4247,422.29,390.71,260.84,112.31,5000.0,2435.91,2564.09,1.41,0.87,0.95,0.0522,10-20%,882.59,1743.34,1534.14,651.55,10,174.33,88.26,10-20%,209.2,Nov,Echo
2025-07-13,2025,7,Jul,Bravo,Consumer,Canada,5,300.64,135.47,1503.21,0.0,1503.21,677.33,825.88,0.5494,189.94,204.4,621.48,96.2,5000.0,2045.03,2954.97,2.33,1.78,0.69,0.1243,0-5%,677.33,1503.21,1503.21,825.88,5,300.64,135.47,0-5%,0.0,Jul,Bravo
2025-07-26,2025,7,Jul,Alpha,SMB,USA,8,100.52,47.39,804.16,24.12,780.04,379.15,400.89,0.5139,133.97,132.28,268.61,66.62,5000.0,2406.76,2593.24,1.59,1.2,0.93,0.0537,0-5%,379.15,804.16,780.04,400.89,8,100.52,47.39,0-5%,24.12,Jul,Alpha
2023-02-05,2023,2,Feb,Delta,Enterprise,USA,8,143.66,74.04,1149.27,34.48,1114.79,592.3,522.49,0.4687,277.1,259.63,262.86,121.73,5000.0,2467.37,2532.63,2.25,1.88,0.97,0.0526,0-5%,592.3,1149.27,1114.79,522.49,8,143.66,74.04,0-5%,34.48,Feb,Delta
2025-03-04,2025,3,Mar,Flux,SMB,India,6,197.52,93.95,1185.1,0.0,1185.1,563.68,621.43,0.5244,157.8,159.58,461.84,102.49,5000.0,2757.52,2242.48,1.99,1.57,1.23,0.0924,0-5%,563.68,1185.1,1185.1,621.43,6,197.52,93.95,0-5%,0.0,Mar,Flux
2025-01-21,2025,1,Jan,Cobalt,Consumer,USA,10,227.83,119.33,2278.25,159.48,2118.77,1193.3,925.47,0.4368,565.16,527.14,398.33,187.16,5000.0,2400.08,2599.92,1.11,0.72,0.92,0.0797,5-10%,1193.3,2278.25,2118.77,925.47,10,227.83,119.33,5-10%,159.48,Jan,Cobalt
2025-11-21,2025,11,Nov,Alpha,SMB,USA,9,186.89,70.72,1682.0,0.0,1682.0,636.5,1045.5,0.6216,368.54,358.46,687.05,113.91,5000.0,2200.07,2799.93,2.18,1.86,0.79,0.1374,0-5%,636.5,1682.0,1682.0,1045.5,9,186.89,70.72,0-5%,0.0,Nov,Alpha
2025-03-01,2025,3,Mar,Bravo,SMB,USA,11,214.94,107.7,2364.39,0.0,2364.39,1184.67,1179.71,0.499,604.75,609.25,570.47,152.08,5000.0,2701.62,2298.38,1.09,0.62,1.18,0.1141,0-5%,1184.67,2364.39,2364.39,1179.71,11,214.94,107.7,0-5%,0.0,Mar,Bravo
2024-07-30,2024,7,Jul,Delta,Consumer,Canada,11,240.25,107.08,2642.8,0.0,2642.8,1177.83,1464.97,0.5543,423.23,399.65,1065.32,152.49,5000.0,1800.05,3199.95,1.34,0.81,0.56,0.2131,0-5%,1177.83,2642.8,2642.8,1464.97,11,240.25,107.08,0-5%,0.0,Jul,Delta
2024-12-28,2024,12,Dec,Bravo,Consumer,Canada,8,159.47,87.51,1275.77,0.0,1275.77,700.06,575.71,0.4513,269.74,289.29,286.43,116.01,5000.0,1983.53,3016.47,1.49,1.2,0.66,0.0573,0-5%,700.06,1275.77,1275.77,575.71,8,159.47,87.51,0-5%,0.0,Dec,Bravo
2025-02-16,2025,2,Feb,Alpha,Consumer,India,6,278.47,128.64,1670.85,0.0,1670.85,771.85,899.0,0.5381,303.0,291.31,607.69,133.21,5000.0,3166.59,1833.41,1.69,1.24,1.73,0.1215,0-5%,771.85,1670.85,1670.85,899.0,6,278.47,128.64,0-5%,0.0,Feb,Alpha
2025-09-19,2025,9,Sep,Bravo,Consumer,USA,4,234.23,87.26,936.92,0.0,936.92,349.02,587.9,0.6275,130.84,136.51,451.39,63.8,5000.0,2902.51,2097.49,1.85,1.32,1.38,0.0903,0-5%,349.02,936.92,936.92,587.9,4,234.23,87.26,0-5%,0.0,Sep,Bravo
2025-10-09,2025,10,Oct,Echo,Enterprise,India,9,185.42,80.88,1668.76,50.06,1618.7,727.88,890.82,0.5503,260.33,261.28,629.54,98.87,5000.0,2334.73,2665.27,2.04,1.54,0.88,0.1259,0-5%,727.88,1668.76,1618.7,890.82,9,185.42,80.88,0-5%,50.06,Oct,Echo
2024-11-11,2024,11,Nov,Bravo,SMB,USA,12,169.28,80.88,2031.38,60.94,1970.43,970.58,999.85,0.5074,341.08,331.24,668.61,158.89,5000.0,3005.03,1994.97,2.0,1.45,1.51,0.1337,0-5%,970.58,2031.38,1970.43,999.85,12,169.28,80.88,0-5%,60.94,Nov,Bravo
2023-09-16,2023,9,Sep,Echo,Enterprise,USA,6,177.62,76.02,1065.69,74.6,991.09,456.1,534.99,0.5398,225.06,225.7,309.28,68.08,5000.0,3204.83,1795.17,1.59,1.09,1.79,0.0619,5-10%,456.1,1065.69,991.09,534.99,6,177.62,76.02,5-10%,74.6,Sep,Echo
2025-01-30,2025,1,Jan,Cobalt,Consumer,USA,10,183.14,79.96,1831.45,128.2,1703.24,799.64,903.6,0.5305,273.17,260.52,643.08,87.3,5000.0,3105.24,1894.76,1.44,1.15,1.64,0.1286,5-10%,799.64,1831.45,1703.24,903.6,10,183.14,79.96,5-10%,128.2,Jan,Cobalt
2024-04-12,2024,4,Apr,Echo,SMB,UK,10,222.05,87.66,2220.51,555.13,1665.38,876.63,788.75,0.4736,378.41,375.38,413.38,124.65,5000.0,2850.04,2149.96,1.65,1.27,1.33,0.0827,20%+,876.63,2220.51,1665.38,788.75,10,222.05,87.66,20%+,555.13,Apr,Echo
2025-11-05,2025,11,Nov,Bravo,Consumer,USA,5,203.55,79.36,1017.77,71.24,946.53,396.8,549.73,0.5808,212.09,222.5,327.24,50.0,5000.0,2400.14,2599.86,1.16,0.8,0.92,0.0654,5-10%,396.8,1017.77,946.53,549.73,5,203.55,79.36,5-10%,71.24,Nov,Bravo
2024-09-13,2024,9,Sep,Bravo,Consumer,Germany,8,150.69,57.42,1205.51,0.0,1205.51,459.34,746.17,0.619,336.15,319.9,426.26,62.28,5000.0,1844.48,3155.52,1.75,1.16,0.58,0.0853,0-5%,459.34,1205.51,1205.51,746.17,8,150.69,57.42,0-5%,0.0,Sep,Bravo
2024-07-19,2024,7,Jul,Delta,Consumer,USA,10,192.89,87.28,1928.94,57.87,1871.07,872.8,998.28,0.5335,274.91,296.78,701.5,97.79,5000.0,1851.38,3148.62,1.87,1.34,0.59,0.1403,0-5%,872.8,1928.94,1871.07,998.28,10,192.89,87.28,0-5%,57.87,Jul,Delta
2023-10-05,2023,10,Oct,Cobalt,Enterprise,USA,8,271.75,98.91,2174.03,152.18,2021.85,791.29,1230.56,0.6086,441.42,434.29,796.28,91.19,5000.0,3125.28,1874.72,1.56,0.97,1.67,0.1593,5-10%,791.29,2174.03,2021.85,1230.56,8,271.75,98.91,5-10%,152.18,Oct,Cobalt
2023-06-06,2023,6,Jun,Cobalt,Consumer,India,14,161.42,63.74,2259.88,0.0,2259.88,892.33,1367.55,0.6051,577.17,549.89,817.66,154.86,5000.0,2839.5,2160.5,1.74,1.23,1.31,0.1635,0-5%,892.33,2259.88,2259.88,1367.55,14,161.42,63.74,0-5%,0.0,Jun,Cobalt
2023-11-27,2023,11,Nov,Echo,Enterprise,USA,5,247.2,126.44,1235.98,37.08,1198.9,632.2,566.7,0.4727,253.84,258.27,308.43,74.75,5000.0,2427.17,2572.83,1.46,0.87,0.94,0.0617,0-5%,632.2,1235.98,1198.9,566.7,5,247.2,126.44,0-5%,37.08,Nov,Echo
2025-04-04,2025,4,Apr,Cobalt,Consumer,USA,8,246.66,103.59,1973.31,138.13,1835.18,828.71,1006.47,0.5484,276.07,289.92,716.55,119.88,5000.0,2267.1,2732.9,2.72,2.15,0.83,0.1433,5-10%,828.71,1973.31,1835.18,1006.47,8,246.66,103.59,5-10%,138.13,Apr,Cobalt
2023-01-19,2023,1,Jan,Alpha,Consumer,UK,12,139.05,69.9,1668.61,0.0,1668.61,838.74,829.87,0.4973,454.34,459.04,370.83,86.3,5000.0,3100.42,1899.58,1.83,1.49,1.63,0.0742,0-5%,838.74,1668.61,1668.61,829.87,12,139.05,69.9,0-5%,0.0,Jan,Alpha
2023-12-10,2023,12,Dec,Bravo,Enterprise,USA,10,145.07,74.82,1450.7,174.08,1276.62,748.21,528.41,0.4139,294.61,284.65,243.76,102.85,5000.0,2295.48,2704.52,1.18,0.61,0.85,0.0488,10-20%,748.21,1450.7,1276.62,528.41,10,145.07,74.82,10-20%,174.08,Dec,Bravo
2023-09-29,2023,9,Sep,Flux,Consumer,USA,5,201.28,90.2,1006.4,0.0,1006.4,450.98,555.41,0.5519,213.06,198.76,356.66,52.23,5000.0,3001.68,1998.32,1.87,1.31,1.5,0.0713,0-5%,450.98,1006.4,1006.4,555.41,5,201.28,90.2,0-5%,0.0,Sep,Flux
2024-03-27,2024,3,Mar,Bravo,Consumer,USA,11,136.72,72.15,1503.96,0.0,1503.96,793.7,710.27,0.4723,344.44,321.56,388.7,103.96,5000.0,1858.33,3141.67,1.89,1.52,0.59,0.0777,0-5%,793.7,1503.96,1503.96,710.27,11,136.72,72.15,0-5%,0.0,Mar,Bravo
2023-11-27,2023,11,Nov,Echo,SMB,Germany,9,315.08,147.36,2835.69,0.0,2835.69,1326.23,1509.45,0.5323,575.04,544.05,965.4,272.35,5000.0,2533.81,2466.19,1.8,1.21,1.03,0.1931,0-5%,1326.23,2835.69,2835.69,1509.45,9,315.08,147.36,0-5%,0.0,Nov,Echo
2024-01-07,2024,1,Jan,Alpha,SMB,USA,9,222.54,83.36,2002.88,0.0,2002.88,750.22,1252.66,0.6254,361.19,368.6,884.06,160.2,5000.0,2521.94,2478.06,1.8,1.5,1.02,0.1768,0-5%,750.22,2002.88,2002.88,1252.66,9,222.54,83.36,0-5%,0.0,Jan,Alpha
2025-02-04,2025,2,Feb,Cobalt,Consumer,UK,12,232.04,126.72,2784.52,83.54,2700.98,1520.64,1180.34,0.437,494.1,487.74,692.6,215.49,5000.0,2867.02,2132.98,1.82,1.34,1.34,0.1385,0-5%,1520.64,2784.52,2700.98,1180.34,12,232.04,126.72,0-5%,83.54,Feb,Cobalt
2025-12-01,2025,12,Dec,Bravo,Enterprise,USA,12,183.16,78.97,2197.96,263.76,1934.21,947.69,986.51,0.51,512.45,510.99,475.53,179.14,5000.0,2474.46,2525.54,1.31,0.81,0.98,0.0951,10-20%,947.69,2197.96,1934.21,986.51,12,183.16,78.97,10-20%,263.76,Dec,Bravo
2025-08-26,2025,8,Aug,Echo,SMB,Germany,11,248.53,94.43,2733.87,0.0,2733.87,1038.71,1695.15,0.6201,695.22,668.1,1027.05,131.78,5000.0,2510.07,2489.93,1.52,1.3,1.01,0.2054,0-5%,1038.71,2733.87,2733.87,1695.15,11,248.53,94.43,0-5%,0.0,Aug,Echo
2024-01-12,2024,1,Jan,Delta,Consumer,India,12,319.89,151.03,3838.63,460.64,3378.0,1812.36,1565.63,0.4635,812.31,808.09,757.55,359.33,5646.2,2984.15,2662.05,1.61,1.16,1.12,0.1342,10-20%,1812.36,3838.63,3378.0,1565.63,12,319.89,151.03,10-20%,460.64,Jan,Delta
2024-02-02,2024,2,Feb,Bravo,SMB,India,13,251.83,90.72,3273.85,229.17,3044.68,1179.39,1865.28,0.6126,730.33,758.23,1107.05,231.02,5397.68,3073.03,2324.65,1.59,1.0,1.32,0.2051,5-10%,1179.39,3273.85,3044.68,1865.28,13,251.83,90.72,5-10%,229.17,Feb,Bravo
2025-04-15,2025,4,Apr,Alpha,Consumer,USA,8,241.68,91.62,1933.42,232.01,1701.41,732.93,968.49,0.5692,298.74,296.73,671.76,100.14,5000.0,2936.28,2063.72,2.08,1.64,1.42,0.1344,10-20%,732.93,1933.42,1701.41,968.49,8,241.68,91.62,10-20%,232.01,Apr,Alpha
2023-10-31,2023,10,Oct,Bravo,SMB,USA,16,243.51,120.84,3896.12,272.73,3623.39,1933.38,1690.02,0.4664,565.99,568.28,1121.74,312.02,6996.26,3544.4,3451.87,1.82,1.52,1.03,0.1603,5-10%,1933.38,3896.12,3623.39,1690.02,16,243.51,120.84,5-10%,272.73,Oct,Bravo
2024-07-23,2024,7,Jul,Alpha,Consumer,USA,7,283.47,119.87,1984.28,59.53,1924.75,839.09,1085.66,0.5641,373.85,390.09,695.57,129.78,5000.0,3006.3,1993.7,1.8,1.44,1.51,0.1391,0-5%,839.09,1984.28,1924.75,1085.66,7,283.47,119.87,0-5%,59.53,Jul,Alpha
2025-09-04,2025,9,Sep,Flux,SMB,India,6,133.64,69.71,801.83,0.0,801.83,418.26,383.57,0.4784,189.99,201.07,182.5,71.88,5000.0,2089.02,2910.98,2.09,1.66,0.72,0.0365,0-5%,418.26,801.83,801.83,383.57,6,133.64,69.71,0-5%,0.0,Sep,Flux
2025-03-23,2025,3,Mar,Flux,Consumer,Germany,6,194.13,82.13,1164.78,81.53,1083.25,492.77,590.47,0.5451,197.87,187.78,402.7,53.08,5000.0,1819.8,3180.2,2.09,1.5,0.57,0.0805,5-10%,492.77,1164.78,1083.25,590.47,6,194.13,82.13,5-10%,81.53,Mar,Flux
2023-12-11,2023,12,Dec,Delta,Consumer,USA,11,290.25,111.71,3192.8,223.5,2969.31,1228.85,1740.46,0.5862,636.72,615.99,1124.46,251.19,5100.91,2125.83,2975.07,1.72,1.24,0.71,0.2204,5-10%,1228.85,3192.8,2969.31,1740.46,11,290.25,111.71,5-10%,223.5,Dec,Delta
2025-05-11,2025,5,May,Delta,Enterprise,USA,3,255.78,93.24,767.34,92.08,675.26,279.73,395.53,0.5857,186.83,191.87,203.66,50.54,5000.0,2112.07,2887.93,1.7,1.44,0.73,0.0407,10-20%,279.73,767.34,675.26,395.53,3,255.78,93.24,10-20%,92.08,May,Delta
2025-06-13,2025,6,Jun,Alpha,Enterprise,India,9,218.93,82.6,1970.4,59.11,1911.28,743.37,1167.92,0.6111,369.25,349.66,818.26,112.94,5000.0,2358.28,2641.72,1.98,1.5,0.89,0.1637,0-5%,743.37,1970.4,1911.28,1167.92,9,218.93,82.6,0-5%,59.11,Jun,Alpha
2025-05-26,2025,5,May,Delta,Enterprise,USA,13,100.39,41.81,1305.07,39.15,1265.92,543.48,722.43,0.5707,226.47,243.11,479.33,98.92,5000.0,2463.75,2536.25,1.98,1.63,0.97,0.0959,0-5%,543.48,1305.07,1265.92,722.43,13,100.39,41.81,0-5%,39.15,May,Delta
2024-07-16,2024,7,Jul,Bravo,Consumer,Canada,11,198.5,104.03,2183.52,65.51,2118.01,1144.38,973.63,0.4597,344.7,364.45,609.18,137.12,5000.0,2313.28,2686.72,2.59,2.32,0.86,0.1218,0-5%,1144.38,2183.52,2118.01,973.63,11,198.5,104.03,0-5%,65.51,Jul,Bravo
2024-10-06,2024,10,Oct,Delta,Consumer,Germany,6,137.82,53.94,826.9,0.0,826.9,323.67,503.24,0.6086,211.93,220.63,282.6,50.0,5000.0,2385.88,2614.12,2.21,1.93,0.91,0.0565,0-5%,323.67,826.9,826.9,503.24,6,137.82,53.94,0-5%,0.0,Oct,Delta
2025-06-22,2025,6,Jun,Alpha,SMB,USA,7,155.38,70.99,1087.66,0.0,1087.66,496.94,590.73,0.5431,160.86,152.55,438.18,82.38,5000.0,2685.59,2314.41,2.41,2.11,1.16,0.0876,0-5%,496.94,1087.66,1087.66,590.73,7,155.38,70.99,0-5%,0.0,Jun,Alpha
2024-03-03,2024,3,Mar,Cobalt,Enterprise,Germany,12,257.33,91.49,3087.9,92.64,2995.27,1097.84,1897.43,0.6335,585.09,540.68,1356.75,203.04,5982.52,3335.8,2646.72,1.65,1.06,1.26,0.2268,0-5%,1097.84,3087.9,2995.27,1897.43,12,257.33,91.49,0-5%,92.64,Mar,Cobalt
2023-04-20,2023,4,Apr,Cobalt,Consumer,USA,12,241.54,85.48,2898.44,86.95,2811.49,1025.82,1785.67,0.6351,530.11,490.0,1295.68,148.19,5294.08,2631.47,2662.6,1.46,0.9,0.99,0.2447,0-5%,1025.82,2898.44,2811.49,1785.67,12,241.54,85.48,0-5%,86.95,Apr,Cobalt
2024-05-14,2024,5,May,Bravo,Consumer,USA,10,252.97,126.79,2529.67,75.89,2453.78,1267.87,1185.91,0.4833,408.51,391.41,794.5,273.2,5000.0,2069.4,2930.6,0.85,0.5,0.71,0.1589,0-5%,1267.87,2529.67,2453.78,1185.91,10,252.97,126.79,0-5%,75.89,May,Bravo
2024-04-19,2024,4,Apr,Flux,SMB,USA,9,371.56,166.85,3344.02,0.0,3344.02,1501.64,1842.38,0.5509,782.74,818.29,1024.09,288.67,5441.07,3326.25,2114.82,1.99,1.66,1.57,0.1882,0-5%,1501.64,3344.02,3344.02,1842.38,9,371.56,166.85,0-5%,0.0,Apr,Flux
2023-11-19,2023,11,Nov,Delta,SMB,India,8,253.54,128.07,2028.33,141.98,1886.35,1024.54,861.81,0.4569,453.83,457.17,404.64,129.82,5000.0,2165.5,2834.5,2.45,2.18,0.76,0.0809,5-10%,1024.54,2028.33,1886.35,861.81,8,253.54,128.07,5-10%,141.98,Nov,Delta
2024-08-30,2024,8,Aug,Bravo,SMB,USA,6,154.77,82.96,928.61,65.0,863.61,497.75,365.85,0.4236,156.74,164.25,201.6,84.02,5000.0,2276.84,2723.16,1.86,1.27,0.84,0.0403,5-10%,497.75,928.61,863.61,365.85,6,154.77,82.96,5-10%,65.0,Aug,Bravo
2023-09-19,2023,9,Sep,Delta,Enterprise,USA,9,112.56,49.6,1013.03,70.91,942.12,446.37,495.75,0.5262,210.8,221.75,274.0,50.0,5000.0,2805.76,2194.24,1.71,1.25,1.28,0.0548,5-10%,446.37,1013.03,942.12,495.75,9,112.56,49.6,5-10%,70.91,Sep,Delta
2025-05-05,2025,5,May,Cobalt,Consumer,USA,6,212.88,108.29,1277.25,89.41,1187.85,649.71,538.14,0.453,159.08,149.73,388.41,81.46,5000.0,3154.93,1845.07,1.5,1.19,1.71,0.0777,5-10%,649.71,1277.25,1187.85,538.14,6,212.88,108.29,5-10%,89.41,May,Cobalt
2025-08-20,2025,8,Aug,Alpha,SMB,India,9,171.91,72.96,1547.2,0.0,1547.2,656.61,890.59,0.5756,276.56,294.48,596.12,68.08,5000.0,1912.34,3087.66,1.45,1.18,0.62,0.1192,0-5%,656.61,1547.2,1547.2,890.59,9,171.91,72.96,0-5%,0.0,Aug,Alpha
2024-04-12,2024,4,Apr,Echo,Consumer,USA,14,249.98,106.4,3499.7,0.0,3499.7,1489.65,2010.05,0.5743,966.22,1028.77,981.28,224.65,6512.64,3226.89,3285.75,1.85,1.4,0.98,0.1507,0-5%,1489.65,3499.7,3499.7,2010.05,14,249.98,106.4,0-5%,0.0,Apr,Echo
2024-08-31,2024,8,Aug,Echo,Consumer,USA,7,309.96,144.4,2169.69,151.88,2017.81,1010.79,1007.02,0.4991,448.23,483.98,523.04,208.12,5000.0,2941.87,2058.13,1.78,1.56,1.43,0.1046,5-10%,1010.79,2169.69,2017.81,1007.02,7,309.96,144.4,5-10%,151.88,Aug,Echo
2025-06-23,2025,6,Jun,Flux,Consumer,Canada,9,250.1,94.15,2250.86,562.72,1688.15,847.37,840.78,0.498,446.57,417.6,423.18,95.65,5000.0,3176.92,1823.08,1.33,1.11,1.74,0.0846,20%+,847.37,2250.86,1688.15,840.78,9,250.1,94.15,20%+,562.72,Jun,Flux
2023-08-04,2023,8,Aug,Flux,SMB,USA,12,149.29,68.82,1791.5,0.0,1791.5,825.79,965.71,0.5391,454.77,436.77,528.94,134.98,5000.0,2220.57,2779.43,2.33,1.92,0.8,0.1058,0-5%,825.79,1791.5,1791.5,965.71,12,149.29,68.82,0-5%,0.0,Aug,Flux
2025-05-07,2025,5,May,Cobalt,SMB,USA,8,218.14,108.72,1745.12,52.35,1692.77,869.8,822.97,0.4862,432.46,419.4,403.57,140.65,5000.0,2719.85,2280.15,1.49,1.04,1.19,0.0807,0-5%,869.8,1745.12,1692.77,822.97,8,218.14,108.72,0-5%,52.35,May,Cobalt
2025-02-26,2025,2,Feb,Echo,Consumer,Canada,11,230.07,98.76,2530.73,177.15,2353.58,1086.34,1267.24,0.5384,484.6,446.58,820.66,235.36,5000.0,2606.61,2393.39,2.36,1.87,1.09,0.1641,5-10%,1086.34,2530.73,2353.58,1267.24,11,230.07,98.76,5-10%,177.15,Feb,Echo
2023-09-19,2023,9,Sep,Alpha,Consumer,USA,12,165.71,74.92,1988.55,59.66,1928.89,898.99,1029.91,0.5339,437.73,462.02,567.89,192.49,5000.0,2691.23,2308.77,2.01,1.72,1.17,0.1136,0-5%,898.99,1988.55,1928.89,1029.91,12,165.71,74.92,0-5%,59.66,Sep,Alpha
2023-09-21,2023,9,Sep,Echo,Consumer,USA,13,313.89,120.19,4080.61,0.0,4080.61,1562.47,2518.14,0.6171,1054.84,1139.18,1378.96,237.32,7916.42,4309.66,3606.76,1.79,1.51,1.19,0.1742,0-5%,1562.47,4080.61,4080.61,2518.14,13,313.89,120.19,0-5%,0.0,Sep,Echo
2023-01-07,2023,1,Jan,Delta,Consumer,USA,13,143.5,66.35,1865.52,55.97,1809.56,862.51,947.05,0.5234,219.87,217.39,729.66,139.84,5000.0,2184.59,2815.41,1.65,1.06,0.78,0.1459,0-5%,862.51,1865.52,1809.56,947.05,13,143.5,66.35,0-5%,55.97,Jan,Delta
2025-02-18,2025,2,Feb,Delta,Consumer,USA,12,272.94,105.72,3275.24,98.26,3176.98,1268.64,1908.34,0.6007,845.58,898.65,1009.7,209.28,6341.03,3537.5,2803.53,1.11,0.76,1.26,0.1592,0-5%,1268.64,3275.24,3176.98,1908.34,12,272.94,105.72,0-5%,98.26,Feb,Delta
2023-09-14,2023,9,Sep,Cobalt,Consumer,USA,7,241.8,91.07,1692.63,50.78,1641.85,637.51,1004.34,0.6117,330.76,308.81,695.53,64.88,5000.0,2648.05,2351.95,1.33,0.94,1.13,0.1391,0-5%,637.51,1692.63,1641.85,1004.34,7,241.8,91.07,0-5%,50.78,Sep,Cobalt
2023-07-11,2023,7,Jul,Delta,Consumer,USA,10,353.49,172.34,3534.94,106.05,3428.89,1723.35,1705.54,0.4974,649.43,619.29,1086.26,196.07,5760.01,2170.22,3589.8,0.98,0.56,0.6,0.1886,0-5%,1723.35,3534.94,3428.89,1705.54,10,353.49,172.34,0-5%,106.05,Jul,Delta
2025-01-27,2025,1,Jan,Cobalt,Enterprise,USA,6,320.89,129.07,1925.34,0.0,1925.34,774.42,1150.92,0.5978,393.22,391.07,759.85,127.78,5000.0,1826.93,3173.07,1.66,1.36,0.58,0.152,0-5%,774.42,1925.34,1925.34,1150.92,6,320.89,129.07,0-5%,0.0,Jan,Cobalt
2025-07-20,2025,7,Jul,Alpha,Consumer,Canada,7,177.61,74.22,1243.29,149.19,1094.09,519.52,574.58,0.5252,267.07,276.29,298.28,60.12,5000.0,2509.45,2490.55,1.53,1.06,1.01,0.0597,10-20%,519.52,1243.29,1094.09,574.58,7,177.61,74.22,10-20%,149.19,Jul,Alpha
2025-10-24,2025,10,Oct,Echo,SMB,USA,8,277.61,104.14,2220.85,266.5,1954.35,833.12,1121.22,0.5737,313.28,312.94,808.28,171.56,5000.0,2568.62,2431.38,1.6,1.13,1.06,0.1617,10-20%,833.12,2220.85,1954.35,1121.22,8,277.61,104.14,10-20%,266.5,Oct,Echo
2024-07-06,2024,7,Jul,Flux,Consumer,USA,13,243.84,113.3,3169.92,792.48,2377.44,1472.86,904.57,0.3805,663.62,653.71,250.86,229.75,5000.0,3228.05,1771.95,2.01,1.46,1.82,0.0502,20%+,1472.86,3169.92,2377.44,904.57,13,243.84,113.3,20%+,792.48,Jul,Flux
2025-11-05,2025,11,Nov,Flux,Consumer,USA,6,232.62,117.97,1395.75,348.94,1046.81,707.81,339.0,0.3238,155.07,165.88,173.13,119.63,5000.0,2738.33,2261.67,1.99,1.71,1.21,0.0346,20%+,707.81,1395.75,1046.81,339.0,6,232.62,117.97,20%+,348.94,Nov,Flux
2023-01-08,2023,1,Jan,Echo,Consumer,USA,6,237.36,92.11,1424.14,356.03,1068.1,552.64,515.46,0.4826,149.09,150.8,364.66,68.77,5000.0,2133.4,2866.6,2.3,1.86,0.74,0.0729,20%+,552.64,1424.14,1068.1,515.46,6,237.36,92.11,20%+,356.03,Jan,Echo
2025-07-06,2025,7,Jul,Bravo,Consumer,India,8,179.61,96.39,1436.86,43.11,1393.76,771.09,622.67,0.4468,358.08,355.15,267.51,143.36,5000.0,1943.74,3056.26,1.49,1.18,0.64,0.0535,0-5%,771.09,1436.86,1393.76,622.67,8,179.61,96.39,0-5%,43.11,Jul,Bravo
2024-08-21,2024,8,Aug,Delta,Consumer,India,6,300.07,114.05,1800.41,54.01,1746.4,684.31,1062.09,0.6082,345.54,356.08,706.01,136.27,5000.0,2868.1,2131.9,2.13,1.84,1.35,0.1412,0-5%,684.31,1800.41,1746.4,1062.09,6,300.07,114.05,0-5%,54.01,Aug,Delta
2025-06-08,2025,6,Jun,Flux,SMB,USA,7,270.03,132.98,1890.21,132.31,1757.89,930.84,827.05,0.4705,279.4,266.14,560.92,196.18,5000.0,2007.23,2992.77,1.93,1.39,0.67,0.1122,5-10%,930.84,1890.21,1757.89,827.05,7,270.03,132.98,5-10%,132.31,Jun,Flux
2025-06-16,2025,6,Jun,Echo,Consumer,USA,7,261.67,121.0,1831.67,0.0,1831.67,846.99,984.67,0.5376,394.11,394.8,589.87,148.62,5000.0,2584.19,2415.81,1.11,0.73,1.07,0.118,0-5%,846.99,1831.67,1831.67,984.67,7,261.67,121.0,0-5%,0.0,Jun,Echo
2023-04-16,2023,4,Apr,Bravo,Consumer,Germany,11,254.53,125.43,2799.8,83.99,2715.8,1379.77,1336.04,0.4919,709.42,656.32,679.72,186.33,5000.0,3024.21,1975.79,1.74,1.45,1.53,0.1359,0-5%,1379.77,2799.8,2715.8,1336.04,11,254.53,125.43,0-5%,83.99,Apr,Bravo
2024-02-09,2024,2,Feb,Cobalt,Consumer,USA,11,240.05,98.5,2640.58,0.0,2640.58,1083.52,1557.06,0.5897,716.48,716.04,841.02,112.41,5141.39,3202.46,1938.93,1.81,1.41,1.65,0.1636,0-5%,1083.52,2640.58,2640.58,1557.06,11,240.05,98.5,0-5%,0.0,Feb,Cobalt
2024-08-15,2024,8,Aug,Flux,Consumer,USA,9,303.56,134.87,2732.07,0.0,2732.07,1213.87,1518.2,0.5557,541.49,580.45,937.75,204.33,5197.18,1951.71,3245.46,1.51,1.03,0.6,0.1804,0-5%,1213.87,2732.07,2732.07,1518.2,9,303.56,134.87,0-5%,0.0,Aug,Flux
2025-11-11,2025,11,Nov,Flux,Consumer,USA,6,211.73,77.54,1270.36,152.44,1117.91,465.24,652.68,0.5838,257.2,266.57,386.11,88.01,5000.0,3016.35,1983.65,1.92,1.56,1.52,0.0772,10-20%,465.24,1270.36,1117.91,652.68,6,211.73,77.54,10-20%,152.44,Nov,Flux
2024-08-09,2024,8,Aug,Flux,SMB,USA,9,272.95,105.76,2456.59,294.79,2161.8,951.82,1209.98,0.5597,484.43,451.1,758.88,101.21,5000.0,2315.05,2684.95,0.8,0.5,0.86,0.1518,10-20%,951.82,2456.59,2161.8,1209.98,9,272.95,105.76,10-20%,294.79,Aug,Flux
2025-03-10,2025,3,Mar,Flux,SMB,USA,9,252.78,104.04,2274.98,0.0,2274.98,936.4,1338.58,0.5884,486.53,470.23,868.36,204.22,5000.0,2725.81,2274.19,2.01,1.54,1.2,0.1737,0-5%,936.4,2274.98,2274.98,1338.58,9,252.78,104.04,0-5%,0.0,Mar,Flux
2024-04-07,2024,4,Apr,Alpha,SMB,USA,9,289.48,142.78,2605.34,0.0,2605.34,1285.04,1320.3,0.5068,671.18,656.99,663.31,195.67,5000.0,1957.84,3042.16,1.41,1.05,0.64,0.1327,0-5%,1285.04,2605.34,2605.34,1320.3,9,289.48,142.78,0-5%,0.0,Apr,Alpha
2024-08-30,2024,8,Aug,Alpha,Enterprise,UK,6,187.74,72.09,1126.43,0.0,1126.43,432.56,693.86,0.616,258.53,252.77,441.09,69.0,5000.0,2281.18,2718.82,1.57,1.18,0.84,0.0882,0-5%,432.56,1126.43,1126.43,693.86,6,187.74,72.09,0-5%,0.0,Aug,Alpha
2023-05-03,2023,5,May,Flux,Consumer,USA,9,265.38,133.44,2388.39,286.61,2101.78,1200.98,900.8,0.4286,413.48,388.34,512.47,125.96,5000.0,2573.12,2426.88,2.04,1.74,1.06,0.1025,10-20%,1200.98,2388.39,2101.78,900.8,9,265.38,133.44,10-20%,286.61,May,Flux
2023-11-13,2023,11,Nov,Delta,Consumer,USA,10,337.67,137.92,3376.74,0.0,3376.74,1379.18,1997.56,0.5916,703.24,651.11,1346.45,150.01,6795.23,3450.75,3344.47,1.62,1.11,1.03,0.1981,0-5%,1379.18,3376.74,3376.74,1997.56,10,337.67,137.92,0-5%,0.0,Nov,Delta
2025-02-20,2025,2,Feb,Cobalt,SMB,UK,5,142.77,50.08,713.87,49.97,663.9,250.39,413.5,0.6228,106.45,105.21,308.29,50.63,5000.0,1992.27,3007.73,1.56,1.04,0.66,0.0617,5-10%,250.39,713.87,663.9,413.5,5,142.77,50.08,5-10%,49.97,Feb,Cobalt
2023-06-23,2023,6,Jun,Alpha,SMB,Germany,12,246.78,124.06,2961.41,0.0,2961.41,1488.68,1472.73,0.4973,425.29,397.05,1075.68,318.07,5150.61,1985.15,3165.45,1.7,1.3,0.63,0.2088,0-5%,1488.68,2961.41,2961.41,1472.73,12,246.78,124.06,0-5%,0.0,Jun,Alpha
2023-07-09,2023,7,Jul,Alpha,Consumer,Germany,10,189.06,101.27,1890.58,56.72,1833.86,1012.74,821.12,0.4478,243.3,248.7,572.42,114.45,5000.0,2829.71,2170.29,2.09,1.61,1.3,0.1145,0-5%,1012.74,1890.58,1833.86,821.12,10,189.06,101.27,0-5%,56.72,Jul,Alpha
2024-03-15,2024,3,Mar,Delta,SMB,USA,6,265.1,96.91,1590.57,111.34,1479.23,581.46,897.77,0.6069,276.9,291.8,605.97,126.27,5000.0,2448.31,2551.69,2.07,1.5,0.96,0.1212,5-10%,581.46,1590.57,1479.23,897.77,6,265.1,96.91,5-10%,111.34,Mar,Delta
2025-09-19,2025,9,Sep,Flux,SMB,Germany,11,187.6,79.7,2063.64,0.0,2063.64,876.67,1186.97,0.5752,521.42,535.98,650.99,182.85,5000.0,2112.92,2887.08,1.82,1.61,0.73,0.1302,0-5%,876.67,2063.64,2063.64,1186.97,11,187.6,79.7,0-5%,0.0,Sep,Flux
2025-04-26,2025,4,Apr,Echo,Enterprise,India,9,238.85,110.58,2149.61,64.49,2085.13,995.24,1089.89,0.5227,395.31,363.84,726.05,181.97,5000.0,2023.05,2976.95,1.59,1.16,0.68,0.1452,0-5%,995.24,2149.61,2085.13,1089.89,9,238.85,110.58,0-5%,64.49,Apr,Echo
2025-12-04,2025,12,Dec,Echo,SMB,USA,4,123.62,57.83,494.46,0.0,494.46,231.32,263.14,0.5322,64.75,65.53,197.61,50.0,5000.0,1812.51,3187.49,2.22,1.96,0.57,0.0395,0-5%,231.32,494.46,494.46,263.14,4,123.62,57.83,0-5%,0.0,Dec,Echo
2024-08-04,2024,8,Aug,Delta,Enterprise,USA,5,281.44,132.85,1407.22,0.0,1407.22,664.25,742.97,0.528,227.19,210.62,532.35,101.43,5000.0,2806.51,2193.49,2.51,1.94,1.28,0.1065,0-5%,664.25,1407.22,1407.22,742.97,5,281.44,132.85,0-5%,0.0,Aug,Delta
2023-06-27,2023,6,Jun,Delta,SMB,UK,7,315.27,111.7,2206.86,154.48,2052.38,781.89,1270.49,0.619,562.88,535.72,734.77,113.75,5000.0,2123.56,2876.44,2.12,1.82,0.74,0.147,5-10%,781.89,2206.86,2052.38,1270.49,7,315.27,111.7,5-10%,154.48,Jun,Delta
2024-01-20,2024,1,Jan,Cobalt,Consumer,USA,6,185.34,82.07,1112.05,0.0,1112.05,492.41,619.64,0.5572,148.08,137.63,482.0,93.94,5000.0,3241.39,1758.61,1.99,1.52,1.84,0.0964,0-5%,492.41,1112.05,1112.05,619.64,6,185.34,82.07,0-5%,0.0,Jan,Cobalt
2023-05-11,2023,5,May,Bravo,SMB,USA,8,78.25,27.94,625.98,18.78,607.2,223.55,383.66,0.6318,109.96,105.71,277.95,50.0,5000.0,2573.2,2426.8,1.84,1.47,1.06,0.0556,0-5%,223.55,625.98,607.2,383.66,8,78.25,27.94,0-5%,18.78,May,Bravo
2025-10-05,2025,10,Oct,Flux,Consumer,USA,7,230.11,88.48,1610.77,0.0,1610.77,619.37,991.4,0.6155,271.97,265.18,726.22,128.14,5000.0,1899.45,3100.55,1.91,1.48,0.61,0.1452,0-5%,619.37,1610.77,1610.77,991.4,7,230.11,88.48,0-5%,0.0,Oct,Flux
2023-08-16,2023,8,Aug,Echo,Consumer,USA,6,194.79,90.88,1168.77,35.06,1133.71,545.3,588.41,0.519,179.37,179.39,409.02,118.87,5000.0,2283.86,2716.14,1.48,0.92,0.84,0.0818,0-5%,545.3,1168.77,1133.71,588.41,6,194.79,90.88,0-5%,35.06,Aug,Echo
2023-01-23,2023,1,Jan,Flux,Consumer,USA,12,199.67,84.52,2396.08,287.53,2108.55,1014.29,1094.26,0.519,443.06,435.0,659.26,209.6,5000.0,2107.78,2892.22,1.07,0.65,0.73,0.1319,10-20%,1014.29,2396.08,2108.55,1094.26,12,199.67,84.52,10-20%,287.53,Jan,Flux
2025-01-19,2025,1,Jan,Delta,SMB,Germany,10,205.96,89.22,2059.64,247.16,1812.48,892.16,920.32,0.5078,346.41,362.77,557.55,139.14,5000.0,2742.15,2257.85,2.11,1.88,1.21,0.1115,10-20%,892.16,2059.64,1812.48,920.32,10,205.96,89.22,10-20%,247.16,Jan,Delta
2025-02-13,2025,2,Feb,Alpha,SMB,USA,7,266.95,113.91,1868.65,56.06,1812.59,797.38,1015.2,0.5601,286.86,292.25,722.95,160.87,5000.0,2128.52,2871.48,2.13,1.65,0.74,0.1446,0-5%,797.38,1868.65,1812.59,1015.2,7,266.95,113.91,0-5%,56.06,Feb,Alpha
2023-11-11,2023,11,Nov,Cobalt,SMB,USA,10,102.28,51.46,1022.78,71.59,951.19,514.59,436.6,0.459,233.36,243.9,192.69,52.42,5000.0,2023.79,2976.21,2.06,1.61,0.68,0.0385,5-10%,514.59,1022.78,951.19,436.6,10,102.28,51.46,5-10%,71.59,Nov,Cobalt
2023-12-09,2023,12,Dec,Bravo,SMB,Germany,7,166.06,88.62,1162.42,81.37,1081.05,620.34,460.72,0.4262,246.87,231.33,229.38,120.65,5000.0,2519.75,2480.25,1.43,0.91,1.02,0.0459,5-10%,620.34,1162.42,1081.05,460.72,7,166.06,88.62,5-10%,81.37,Dec,Bravo
2025-10-01,2025,10,Oct,Bravo,Enterprise,UK,6,228.85,89.94,1373.13,343.28,1029.84,539.63,490.22,0.476,200.17,189.99,300.23,54.12,5000.0,3120.92,1879.08,1.63,1.26,1.66,0.06,20%+,539.63,1373.13,1029.84,490.22,6,228.85,89.94,20%+,343.28,Oct,Bravo
2023-04-10,2023,4,Apr,Flux,SMB,USA,11,159.39,61.63,1753.31,0.0,1753.31,677.97,1075.35,0.6133,265.94,277.15,798.19,90.16,5000.0,1855.19,3144.81,1.36,0.87,0.59,0.1596,0-5%,677.97,1753.31,1753.31,1075.35,11,159.39,61.63,0-5%,0.0,Apr,Flux
2025-02-03,2025,2,Feb,Bravo,Consumer,India,12,161.63,64.74,1939.57,58.19,1881.39,776.85,1104.54,0.5871,335.88,325.04,779.5,126.5,5000.0,2574.88,2425.12,2.16,1.63,1.06,0.1559,0-5%,776.85,1939.57,1881.39,1104.54,12,161.63,64.74,0-5%,58.19,Feb,Bravo
2024-06-27,2024,6,Jun,Alpha,SMB,USA,11,282.67,136.11,3109.37,93.28,3016.09,1497.21,1518.88,0.5036,446.84,430.48,1088.4,311.44,5000.0,2373.38,2626.62,2.08,1.52,0.9,0.2177,0-5%,1497.21,3109.37,3016.09,1518.88,11,282.67,136.11,0-5%,93.28,Jun,Alpha
2023-08-25,2023,8,Aug,Cobalt,SMB,Canada,9,272.37,148.17,2451.29,612.82,1838.47,1333.5,504.97,0.2747,403.14,389.32,115.65,220.74,5000.0,2180.98,2819.02,2.48,2.18,0.77,0.0231,20%+,1333.5,2451.29,1838.47,504.97,9,272.37,148.17,20%+,612.82,Aug,Cobalt
2024-11-28,2024,11,Nov,Bravo,Consumer,Germany,8,224.26,113.07,1794.07,125.59,1668.49,904.57,763.92,0.4578,453.05,420.96,342.96,171.19,5000.0,2090.13,2909.87,2.1,1.55,0.72,0.0686,5-10%,904.57,1794.07,1668.49,763.92,8,224.26,113.07,5-10%,125.59,Nov,Bravo
2024-06-07,2024,6,Jun,Alpha,Enterprise,USA,7,350.36,158.07,2452.53,73.58,2378.96,1106.48,1272.48,0.5349,342.06,340.93,931.55,238.71,5000.0,3045.85,1954.15,2.09,1.51,1.56,0.1863,0-5%,1106.48,2452.53,2378.96,1272.48,7,350.36,158.07,0-5%,73.58,Jun,Alpha
2024-03-23,2024,3,Mar,Flux,Consumer,Canada,7,188.82,67.27,1321.75,39.65,1282.09,470.91,811.18,0.6327,170.59,178.56,632.62,70.86,5000.0,2383.8,2616.2,1.92,1.5,0.91,0.1265,0-5%,470.91,1321.75,1282.09,811.18,7,188.82,67.27,0-5%,39.65,Mar,Flux
2023-01-13,2023,1,Jan,Delta,SMB,Canada,11,246.37,135.19,2710.08,0.0,2710.08,1487.11,1222.97,0.4513,382.16,388.7,834.27,246.62,5000.0,1986.33,3013.67,1.45,1.18,0.66,0.1669,0-5%,1487.11,2710.08,2710.08,1222.97,11,246.37,135.19,0-5%,0.0,Jan,Delta
2023-04-11,2023,4,Apr,Bravo,Consumer,USA,10,164.11,70.48,1641.11,0.0,1641.11,704.81,936.3,0.5705,282.98,269.03,667.27,85.79,5000.0,3101.63,1898.37,2.26,2.05,1.63,0.1335,0-5%,704.81,1641.11,1641.11,936.3,10,164.11,70.48,0-5%,0.0,Apr,Bravo
2024-01-23,2024,1,Jan,Alpha,Enterprise,India,4,195.66,72.62,782.65,54.79,727.87,290.47,437.4,0.6009,126.55,121.3,316.1,50.0,5000.0,2565.04,2434.96,2.35,1.92,1.05,0.0632,5-10%,290.47,782.65,727.87,437.4,4,195.66,72.62,5-10%,54.79,Jan,Alpha
2023-05-08,2023,5,May,Echo,SMB,USA,13,235.5,110.22,3061.46,0.0,3061.46,1432.85,1628.61,0.532,677.19,729.64,898.97,162.38,5486.76,3247.61,2239.16,2.16,1.57,1.45,0.1638,0-5%,1432.85,3061.46,3061.46,1628.61,13,235.5,110.22,0-5%,0.0,May,Echo
2024-02-11,2024,2,Feb,Delta,SMB,USA,8,208.86,98.3,1670.92,0.0,1670.92,786.36,884.56,0.5294,446.43,448.72,435.84,142.39,5000.0,1880.45,3119.55,2.27,1.78,0.6,0.0872,0-5%,786.36,1670.92,1670.92,884.56,8,208.86,98.3,0-5%,0.0,Feb,Delta
2023-07-26,2023,7,Jul,Bravo,Consumer,Germany,4,359.08,162.46,1436.32,100.54,1335.78,649.84,685.94,0.5135,256.34,252.46,433.47,129.3,5000.0,2854.66,2145.34,1.29,0.74,1.33,0.0867,5-10%,649.84,1436.32,1335.78,685.94,4,359.08,162.46,5-10%,100.54,Jul,Bravo
2024-08-12,2024,8,Aug,Bravo,Enterprise,USA,12,198.32,91.51,2379.81,285.58,2094.23,1098.13,996.1,0.4756,570.67,547.94,448.16,174.68,5000.0,2528.96,2471.04,1.82,1.3,1.02,0.0896,10-20%,1098.13,2379.81,2094.23,996.1,12,198.32,91.51,10-20%,285.58,Aug,Bravo
2023-11-27,2023,11,Nov,Bravo,SMB,Canada,5,166.92,75.38,834.59,0.0,834.59,376.9,457.68,0.5484,117.87,113.41,344.27,74.31,5000.0,3044.6,1955.4,1.26,0.72,1.56,0.0689,0-5%,376.9,834.59,834.59,457.68,5,166.92,75.38,0-5%,0.0,Nov,Bravo
2024-01-09,2024,1,Jan,Cobalt,SMB,UK,8,190.14,86.59,1521.12,45.63,1475.49,692.7,782.78,0.5305,349.42,335.66,447.12,87.15,5000.0,2068.88,2931.12,1.47,0.91,0.71,0.0894,0-5%,692.7,1521.12,1475.49,782.78,8,190.14,86.59,0-5%,45.63,Jan,Cobalt
2024-04-08,2024,4,Apr,Alpha,Consumer,USA,11,201.18,110.1,2213.01,553.25,1659.76,1211.12,448.64,0.2703,290.12,271.82,176.82,228.42,5000.0,2793.12,2206.88,1.52,1.16,1.27,0.0354,20%+,1211.12,2213.01,1659.76,448.64,11,201.18,110.1,20%+,553.25,Apr,Alpha
2023-02-09,2023,2,Feb,Bravo,SMB,UK,11,184.4,75.19,2028.44,60.85,1967.59,827.07,1140.52,0.5797,418.49,393.81,746.71,164.86,5000.0,2824.45,2175.55,2.07,1.68,1.3,0.1493,0-5%,827.07,2028.44,1967.59,1140.52,11,184.4,75.19,0-5%,60.85,Feb,Bravo
2024-09-27,2024,9,Sep,Flux,Consumer,UK,7,221.36,77.99,1549.55,46.49,1503.06,545.91,957.15,0.6368,240.85,239.12,718.04,61.96,5000.0,2339.19,2660.81,2.35,2.04,0.88,0.1436,0-5%,545.91,1549.55,1503.06,957.15,7,221.36,77.99,0-5%,46.49,Sep,Flux
2023-01-20,2023,1,Jan,Delta,SMB,USA,12,211.91,75.66,2542.91,0.0,2542.91,907.93,1634.99,0.643,670.7,617.48,1017.5,158.15,5000.0,2780.56,2219.44,2.24,1.9,1.25,0.2035,0-5%,907.93,2542.91,2542.91,1634.99,12,211.91,75.66,0-5%,0.0,Jan,Delta
2024-01-03,2024,1,Jan,Bravo,SMB,USA,9,240.17,98.09,2161.52,64.85,2096.67,882.85,1213.82,0.5789,537.27,528.56,685.27,173.71,5000.0,3060.64,1939.36,2.01,1.66,1.58,0.1371,0-5%,882.85,2161.52,2096.67,1213.82,9,240.17,98.09,0-5%,64.85,Jan,Bravo
2024-01-23,2024,1,Jan,Cobalt,Enterprise,USA,10,251.77,104.49,2517.7,0.0,2517.7,1044.94,1472.76,0.585,697.36,689.78,782.98,152.76,5000.0,2869.05,2130.95,1.68,1.11,1.35,0.1566,0-5%,1044.94,2517.7,2517.7,1472.76,10,251.77,104.49,0-5%,0.0,Jan,Cobalt
2023-04-05,2023,4,Apr,Echo,SMB,India,6,269.0,133.58,1614.02,193.68,1420.34,801.5,618.84,0.4357,362.8,340.5,278.34,159.43,5000.0,2752.25,2247.75,1.74,1.34,1.22,0.0557,10-20%,801.5,1614.02,1420.34,618.84,6,269.0,133.58,10-20%,193.68,Apr,Echo
2025-11-21,2025,11,Nov,Bravo,Consumer,USA,10,192.74,73.49,1927.41,231.29,1696.12,734.92,961.2,0.5667,419.9,394.84,566.36,85.22,5000.0,2203.2,2796.8,1.26,0.96,0.79,0.1133,10-20%,734.92,1927.41,1696.12,961.2,10,192.74,73.49,10-20%,231.29,Nov,Bravo
2023-06-06,2023,6,Jun,Delta,Enterprise,USA,5,171.13,75.76,855.67,0.0,855.67,378.78,476.89,0.5573,163.55,165.55,311.34,67.78,5000.0,3056.5,1943.5,2.08,1.68,1.57,0.0623,0-5%,378.78,855.67,855.67,476.89,5,171.13,75.76,0-5%,0.0,Jun,Delta
2024-06-05,2024,6,Jun,Bravo,Consumer,India,7,207.05,106.64,1449.33,43.48,1405.85,746.51,659.34,0.469,313.38,300.74,358.6,146.65,5000.0,1878.76,3121.24,1.99,1.58,0.6,0.0717,0-5%,746.51,1449.33,1405.85,659.34,7,207.05,106.64,0-5%,43.48,Jun,Bravo
2024-09-27,2024,9,Sep,Cobalt,SMB,USA,9,122.56,66.11,1103.06,77.21,1025.84,595.01,430.83,0.42,287.22,288.12,142.71,96.72,5000.0,2099.06,2900.94,1.65,1.19,0.72,0.0285,5-10%,595.01,1103.06,1025.84,430.83,9,122.56,66.11,5-10%,77.21,Sep,Cobalt
2025-10-01,2025,10,Oct,Alpha,SMB,USA,9,133.46,66.37,1201.11,144.13,1056.97,597.36,459.61,0.4348,233.03,224.59,235.02,126.14,5000.0,2525.89,2474.11,1.71,1.31,1.02,0.047,10-20%,597.36,1201.11,1056.97,459.61,9,133.46,66.37,10-20%,144.13,Oct,Alpha
2025-05-12,2025,5,May,Cobalt,SMB,USA,14,138.07,56.68,1933.01,57.99,1875.02,793.51,1081.51,0.5768,313.31,329.36,752.15,87.79,5000.0,2193.45,2806.55,1.85,1.28,0.78,0.1504,0-5%,793.51,1933.01,1875.02,1081.51,14,138.07,56.68,0-5%,57.99,May,Cobalt
2024-04-15,2024,4,Apr,Echo,SMB,Germany,8,162.08,70.46,1296.65,38.9,1257.75,563.69,694.07,0.5518,302.6,318.15,375.92,58.78,5000.0,1908.83,3091.17,1.76,1.33,0.62,0.0752,0-5%,563.69,1296.65,1257.75,694.07,8,162.08,70.46,0-5%,38.9,Apr,Echo
2025-03-25,2025,3,Mar,Delta,SMB,India,5,251.12,88.05,1255.6,313.9,941.7,440.24,501.46,0.5325,216.9,212.45,289.01,71.97,5000.0,3062.38,1937.62,1.51,1.09,1.58,0.0578,20%+,440.24,1255.6,941.7,501.46,5,251.12,88.05,20%+,313.9,Mar,Delta
2024-05-02,2024,5,May,Echo,Consumer,USA,8,194.04,94.26,1552.31,46.57,1505.74,754.09,751.65,0.4992,266.09,277.11,474.54,147.2,5000.0,2512.08,2487.92,1.25,0.78,1.01,0.0949,0-5%,754.09,1552.31,1505.74,751.65,8,194.04,94.26,0-5%,46.57,May,Echo
2023-11-20,2023,11,Nov,Cobalt,SMB,USA,12,233.88,82.8,2806.58,196.46,2610.12,993.55,1616.58,0.6193,459.32,452.89,1163.68,143.12,5000.0,3152.76,1847.24,1.67,1.43,1.71,0.2327,5-10%,993.55,2806.58,2610.12,1616.58,12,233.88,82.8,5-10%,196.46,Nov,Cobalt
2024-09-21,2024,9,Sep,Echo,Enterprise,USA,11,227.05,95.92,2497.56,74.93,2422.63,1055.16,1367.48,0.5645,523.7,510.16,857.32,218.93,5000.0,2742.53,2257.47,1.87,1.48,1.21,0.1715,0-5%,1055.16,2497.56,2422.63,1367.48,11,227.05,95.92,0-5%,74.93,Sep,Echo
2024-09-26,2024,9,Sep,Bravo,Consumer,USA,9,329.92,159.5,2969.29,0.0,2969.29,1435.49,1533.8,0.5166,480.28,452.12,1081.68,159.9,5000.0,2212.32,2787.68,1.71,1.34,0.79,0.2163,0-5%,1435.49,2969.29,2969.29,1533.8,9,329.92,159.5,0-5%,0.0,Sep,Bravo
2025-08-25,2025,8,Aug,Bravo,SMB,USA,9,279.85,124.02,2518.62,75.56,2443.06,1116.14,1326.92,0.5431,646.63,677.45,649.47,203.48,5050.57,3244.1,1806.47,1.37,1.13,1.8,0.1286,0-5%,1116.14,2518.62,2443.06,1326.92,9,279.85,124.02,0-5%,75.56,Aug,Bravo
2023-11-18,2023,11,Nov,Delta,Consumer,Canada,7,253.44,126.82,1774.1,53.22,1720.87,887.71,833.17,0.4842,233.02,217.39,615.78,97.06,5000.0,2861.01,2138.99,1.6,1.2,1.34,0.1232,0-5%,887.71,1774.1,1720.87,833.17,7,253.44,126.82,0-5%,53.22,Nov,Delta
2023-01-13,2023,1,Jan,Delta,Consumer,UK,11,179.32,96.55,1972.54,59.18,1913.37,1062.09,851.28,0.4449,435.0,424.3,426.98,124.6,5000.0,2345.6,2654.4,0.98,0.5,0.88,0.0854,0-5%,1062.09,1972.54,1913.37,851.28,11,179.32,96.55,0-5%,59.18,Jan,Delta
2025-07-25,2025,7,Jul,Flux,SMB,USA,12,328.07,173.18,3936.89,118.11,3818.78,2078.12,1740.66,0.4558,955.33,969.88,770.78,300.78,5000.0,2592.79,2407.21,2.19,1.73,1.08,0.1542,0-5%,2078.12,3936.89,3818.78,1740.66,12,328.07,173.18,0-5%,118.11,Jul,Flux
2023-10-14,2023,10,Oct,Bravo,Consumer,Canada,6,198.0,102.71,1188.01,0.0,1188.01,616.28,571.73,0.4813,185.26,189.88,381.86,134.02,5000.0,2201.73,2798.27,1.86,1.39,0.79,0.0764,0-5%,616.28,1188.01,1188.01,571.73,6,198.0,102.71,0-5%,0.0,Oct,Bravo
2023-10-26,2023,10,Oct,Flux,Consumer,Canada,11,131.7,46.56,1448.73,43.46,1405.27,512.14,893.13,0.6356,245.05,257.49,635.64,105.05,5000.0,2964.09,2035.91,2.27,2.04,1.46,0.1271,0-5%,512.14,1448.73,1405.27,893.13,11,131.7,46.56,0-5%,43.46,Oct,Flux
2023-04-18,2023,4,Apr,Flux,Enterprise,UK,6,155.59,60.95,933.54,28.01,905.53,365.71,539.82,0.5961,127.33,135.58,404.23,50.0,5000.0,2808.63,2191.37,2.27,1.77,1.28,0.0808,0-5%,365.71,933.54,905.53,539.82,6,155.59,60.95,0-5%,28.01,Apr,Flux
2025-02-27,2025,2,Feb,Alpha,Consumer,Germany,10,247.14,87.0,2471.39,0.0,2471.39,869.99,1601.39,0.648,427.48,442.56,1158.83,143.03,5000.0,3184.86,1815.14,1.54,1.14,1.75,0.2318,0-5%,869.99,2471.39,2471.39,1601.39,10,247.14,87.0,0-5%,0.0,Feb,Alpha
2025-03-20,2025,3,Mar,Echo,Consumer,USA,10,305.52,148.18,3055.16,91.65,2963.5,1481.82,1481.69,0.5,657.56,665.72,815.97,227.68,5000.0,1926.96,3073.04,1.77,1.3,0.63,0.1632,0-5%,1481.82,3055.16,2963.5,1481.69,10,305.52,148.18,0-5%,91.65,Mar,Echo
2024-04-02,2024,4,Apr,Echo,SMB,USA,9,315.72,150.55,2841.49,340.98,2500.51,1354.92,1145.59,0.4581,418.34,418.83,726.76,182.64,5000.0,2035.04,2964.96,2.2,1.6,0.69,0.1454,10-20%,1354.92,2841.49,2500.51,1145.59,9,315.72,150.55,10-20%,340.98,Apr,Echo
2023-05-28,2023,5,May,Bravo,Enterprise,USA,7,195.34,71.94,1367.39,164.09,1203.3,503.56,699.74,0.5815,246.2,242.14,457.61,109.59,5000.0,2707.44,2292.56,2.08,1.88,1.18,0.0915,10-20%,503.56,1367.39,1203.3,699.74,7,195.34,71.94,10-20%,164.09,May,Bravo
2024-04-29,2024,4,Apr,Bravo,Enterprise,India,3,299.39,133.08,898.17,107.78,790.39,399.24,391.15,0.4949,193.79,179.2,211.95,50.73,5000.0,2321.77,2678.23,1.46,0.95,0.87,0.0424,10-20%,399.24,898.17,790.39,391.15,3,299.39,133.08,10-20%,107.78,Apr,Bravo
2024-07-20,2024,7,Jul,Delta,Consumer,India,8,227.22,79.85,1817.77,54.53,1763.24,638.78,1124.45,0.6377,388.68,366.49,757.96,113.42,5000.0,1918.42,3081.58,1.22,0.63,0.62,0.1516,0-5%,638.78,1817.77,1763.24,1124.45,8,227.22,79.85,0-5%,54.53,Jul,Delta
2025-01-11,2025,1,Jan,Echo,Consumer,USA,6,154.76,69.17,928.59,65.0,863.59,415.0,448.59,0.5195,176.22,185.08,263.52,59.25,5000.0,3064.59,1935.41,1.58,1.2,1.58,0.0527,5-10%,415.0,928.59,863.59,448.59,6,154.76,69.17,5-10%,65.0,Jan,Echo
2023-11-05,2023,11,Nov,Flux,Consumer,USA,8,148.67,81.2,1189.33,35.68,1153.65,649.59,504.05,0.4369,223.9,239.15,264.9,88.88,5000.0,2939.76,2060.24,2.12,1.8,1.43,0.053,0-5%,649.59,1189.33,1153.65,504.05,8,148.67,81.2,0-5%,35.68,Nov,Flux
2023-11-14,2023,11,Nov,Cobalt,SMB,Canada,7,234.15,109.14,1639.07,196.69,1442.38,763.97,678.41,0.4703,235.34,249.88,428.54,119.75,5000.0,2243.8,2756.2,1.57,1.3,0.81,0.0857,10-20%,763.97,1639.07,1442.38,678.41,7,234.15,109.14,10-20%,196.69,Nov,Cobalt
2024-05-20,2024,5,May,Alpha,SMB,USA,12,152.43,76.31,1829.17,219.5,1609.67,915.74,693.93,0.4311,384.55,390.73,303.2,200.36,5000.0,2579.71,2420.29,1.62,1.37,1.07,0.0606,10-20%,915.74,1829.17,1609.67,693.93,12,152.43,76.31,10-20%,219.5,May,Alpha
2025-09-04,2025,9,Sep,Cobalt,Consumer,Canada,8,292.32,143.44,2338.55,163.7,2174.85,1147.55,1027.31,0.4724,383.25,407.27,620.03,246.57,5000.0,2975.71,2024.29,2.0,1.64,1.47,0.124,5-10%,1147.55,2338.55,2174.85,1027.31,8,292.32,143.44,5-10%,163.7,Sep,Cobalt
2024-12-18,2024,12,Dec,Flux,Enterprise,Canada,5,272.15,114.12,1360.75,95.25,1265.5,570.62,694.88,0.5491,336.74,333.4,361.48,84.07,5000.0,3247.75,1752.25,1.4,0.83,1.85,0.0723,5-10%,570.62,1360.75,1265.5,694.88,5,272.15,114.12,5-10%,95.25,Dec,Flux
2024-02-18,2024,2,Feb,Cobalt,Consumer,USA,7,163.57,70.55,1145.0,0.0,1145.0,493.85,651.16,0.5687,203.97,195.22,455.93,66.91,5000.0,2574.93,2425.07,1.53,1.24,1.06,0.0912,0-5%,493.85,1145.0,1145.0,651.16,7,163.57,70.55,0-5%,0.0,Feb,Cobalt
2024-08-12,2024,8,Aug,Bravo,Consumer,India,10,257.83,128.31,2578.35,309.4,2268.94,1283.12,985.83,0.4345,584.23,568.11,417.72,233.79,5000.0,3171.49,1828.51,2.09,1.58,1.73,0.0835,10-20%,1283.12,2578.35,2268.94,985.83,10,257.83,128.31,10-20%,309.4,Aug,Bravo
2024-09-23,2024,9,Sep,Bravo,SMB,USA,5,144.59,74.58,722.94,21.69,701.25,372.89,328.36,0.4683,100.02,107.83,220.53,75.66,5000.0,2024.23,2975.77,1.77,1.28,0.68,0.0441,0-5%,372.89,722.94,701.25,328.36,5,144.59,74.58,0-5%,21.69,Sep,Bravo
2023-09-19,2023,9,Sep,Delta,Consumer,Germany,11,206.15,100.59,2267.67,158.74,2108.94,1106.51,1002.43,0.4753,448.32,423.15,579.28,115.33,5000.0,2435.28,2564.72,1.71,1.34,0.95,0.1159,5-10%,1106.51,2267.67,2108.94,1002.43,11,206.15,100.59,5-10%,158.74,Sep,Delta
2023-01-29,2023,1,Jan,Echo,Consumer,Canada,12,269.69,116.01,3236.29,388.35,2847.93,1392.16,1455.77,0.5112,617.06,634.04,821.73,214.97,5000.0,2091.05,2908.95,2.15,1.9,0.72,0.1643,10-20%,1392.16,3236.29,2847.93,1455.77,12,269.69,116.01,10-20%,388.35,Jan,Echo
2025-10-27,2025,10,Oct,Cobalt,Enterprise,USA,7,198.18,96.11,1387.23,41.62,1345.61,672.78,672.84,0.5,207.86,219.96,452.88,113.58,5000.0,2503.56,2496.44,1.95,1.71,1.0,0.0906,0-5%,672.78,1387.23,1345.61,672.84,7,198.18,96.11,0-5%,41.62,Oct,Cobalt
2023-10-24,2023,10,Oct,Echo,Consumer,USA,4,268.13,147.02,1072.53,0.0,1072.53,588.08,484.45,0.4517,280.58,265.96,218.49,120.94,5000.0,2924.38,2075.62,1.16,0.67,1.41,0.0437,0-5%,588.08,1072.53,1072.53,484.45,4,268.13,147.02,0-5%,0.0,Oct,Echo
2025-05-09,2025,5,May,Delta,SMB,Canada,6,184.38,89.92,1106.29,33.19,1073.1,539.51,533.59,0.4972,193.58,204.63,328.96,115.43,5000.0,2913.4,2086.6,1.93,1.53,1.4,0.0658,0-5%,539.51,1106.29,1073.1,533.59,6,184.38,89.92,0-5%,33.19,May,Delta
2023-12-26,2023,12,Dec,Cobalt,SMB,India,11,127.34,59.66,1400.74,42.02,1358.71,656.24,702.47,0.517,291.35,301.52,400.96,129.49,5000.0,2384.22,2615.78,1.41,1.04,0.91,0.0802,0-5%,656.24,1400.74,1358.71,702.47,11,127.34,59.66,0-5%,42.02,Dec,Cobalt
2023-09-12,2023,9,Sep,Alpha,Enterprise,USA,9,139.58,65.82,1256.25,0.0,1256.25,592.37,663.88,0.5285,171.58,183.89,480.0,66.61,5000.0,3135.89,1864.11,1.53,1.13,1.68,0.096,0-5%,592.37,1256.25,1256.25,663.88,9,139.58,65.82,0-5%,0.0,Sep,Alpha
2023-10-22,2023,10,Oct,Alpha,Consumer,USA,14,217.74,116.82,3048.35,0.0,3048.35,1635.53,1412.82,0.4635,676.67,639.18,773.64,267.96,5000.0,1861.88,3138.12,1.71,1.41,0.59,0.1547,0-5%,1635.53,3048.35,3048.35,1412.82,14,217.74,116.82,0-5%,0.0,Oct,Alpha
2023-08-19,2023,8,Aug,Cobalt,SMB,UK,6,253.58,92.89,1521.48,182.58,1338.9,557.32,781.59,0.5838,303.95,302.81,478.78,58.11,5000.0,2091.99,2908.01,1.74,1.45,0.72,0.0958,10-20%,557.32,1521.48,1338.9,781.59,6,253.58,92.89,10-20%,182.58,Aug,Cobalt
2023-09-02,2023,9,Sep,Alpha,Consumer,Canada,11,142.39,67.8,1566.29,391.57,1174.72,745.82,428.9,0.3651,222.85,215.15,213.75,120.35,5000.0,2622.3,2377.7,1.8,1.2,1.1,0.0428,20%+,745.82,1566.29,1174.72,428.9,11,142.39,67.8,20%+,391.57,Sep,Alpha
2025-08-31,2025,8,Aug,Bravo,SMB,Canada,7,175.24,79.06,1226.66,147.2,1079.47,553.41,526.06,0.4873,254.05,247.09,278.97,106.33,5000.0,2979.55,2020.45,1.96,1.72,1.47,0.0558,10-20%,553.41,1226.66,1079.47,526.06,7,175.24,79.06,10-20%,147.2,Aug,Bravo
2023-09-23,2023,9,Sep,Delta,Consumer,Germany,9,125.8,57.91,1132.22,0.0,1132.22,521.21,611.02,0.5397,304.18,305.81,305.2,57.5,5000.0,3016.41,1983.59,1.94,1.69,1.52,0.061,0-5%,521.21,1132.22,1132.22,611.02,9,125.8,57.91,0-5%,0.0,Sep,Delta
2025-10-22,2025,10,Oct,Flux,Consumer,India,11,156.79,69.86,1724.72,120.73,1603.99,768.5,835.48,0.5209,428.23,431.47,404.01,149.77,5000.0,2597.61,2402.39,2.34,2.13,1.08,0.0808,5-10%,768.5,1724.72,1603.99,835.48,11,156.79,69.86,5-10%,120.73,Oct,Flux
2024-02-15,2024,2,Feb,Alpha,Consumer,USA,10,298.43,150.19,2984.32,89.53,2894.79,1501.92,1392.87,0.4812,630.75,617.08,775.79,297.66,5118.56,2870.76,2247.8,1.77,1.18,1.28,0.1516,0-5%,1501.92,2984.32,2894.79,1392.87,10,298.43,150.19,0-5%,89.53,Feb,Alpha
2024-10-19,2024,10,Oct,Bravo,Consumer,India,9,238.53,100.67,2146.79,0.0,2146.79,905.99,1240.8,0.578,457.45,429.86,810.94,132.18,5000.0,2432.62,2567.38,2.02,1.8,0.95,0.1622,0-5%,905.99,2146.79,2146.79,1240.8,9,238.53,100.67,0-5%,0.0,Oct,Bravo
2025-09-08,2025,9,Sep,Flux,Consumer,USA,13,185.05,86.71,2405.62,0.0,2405.62,1127.18,1278.44,0.5314,406.42,382.39,896.05,215.37,5000.0,1860.43,3139.57,2.04,1.51,0.59,0.1792,0-5%,1127.18,2405.62,2405.62,1278.44,13,185.05,86.71,0-5%,0.0,Sep,Flux
2024-07-29,2024,7,Jul,Alpha,Consumer,Canada,10,244.43,112.1,2444.33,73.33,2371.0,1121.04,1249.96,0.5272,532.47,492.43,757.54,190.73,5000.0,1783.45,3216.55,1.51,0.92,0.55,0.1515,0-5%,1121.04,2444.33,2371.0,1249.96,10,244.43,112.1,0-5%,73.33,Jul,Alpha
2024-04-19,2024,4,Apr,Echo,Consumer,India,9,275.03,149.26,2475.24,173.27,2301.97,1343.37,958.6,0.4164,592.78,596.36,362.24,249.77,5000.0,2657.01,2342.99,1.97,1.42,1.13,0.0724,5-10%,1343.37,2475.24,2301.97,958.6,9,275.03,149.26,5-10%,173.27,Apr,Echo
2024-08-17,2024,8,Aug,Flux,Consumer,USA,8,245.31,115.87,1962.5,58.87,1903.62,926.93,976.69,0.5131,514.2,506.62,470.07,116.72,5000.0,2830.53,2169.47,1.9,1.38,1.3,0.094,0-5%,926.93,1962.5,1903.62,976.69,8,245.31,115.87,0-5%,58.87,Aug,Flux
2025-10-25,2025,10,Oct,Delta,Consumer,USA,7,186.36,93.36,1304.55,0.0,1304.55,653.53,651.02,0.499,273.06,284.77,366.25,71.56,5000.0,2865.81,2134.19,1.33,0.98,1.34,0.0732,0-5%,653.53,1304.55,1304.55,651.02,7,186.36,93.36,0-5%,0.0,Oct,Delta
2025-04-08,2025,4,Apr,Alpha,Consumer,India,8,185.09,95.06,1480.7,0.0,1480.7,760.47,720.23,0.4864,197.75,211.84,508.39,114.62,5000.0,1814.78,3185.22,1.83,1.43,0.57,0.1017,0-5%,760.47,1480.7,1480.7,720.23,8,185.09,95.06,0-5%,0.0,Apr,Alpha
2025-02-16,2025,2,Feb,Flux,SMB,UK,11,191.77,89.05,2109.44,0.0,2109.44,979.55,1129.89,0.5356,533.3,548.64,581.25,161.01,5000.0,3054.97,1945.03,2.31,2.1,1.57,0.1162,0-5%,979.55,2109.44,2109.44,1129.89,11,191.77,89.05,0-5%,0.0,Feb,Flux
2024-08-12,2024,8,Aug,Flux,Consumer,USA,9,133.36,69.19,1200.2,0.0,1200.2,622.71,577.49,0.4812,215.66,217.45,360.04,79.95,5000.0,2326.95,2673.05,1.75,1.15,0.87,0.072,0-5%,622.71,1200.2,1200.2,577.49,9,133.36,69.19,0-5%,0.0,Aug,Flux
2024-04-24,2024,4,Apr,Flux,SMB,Canada,11,220.19,86.71,2422.11,72.66,2349.45,953.86,1395.59,0.594,579.5,545.64,849.95,111.43,5000.0,2520.77,2479.23,2.33,2.0,1.02,0.17,0-5%,953.86,2422.11,2349.45,1395.59,11,220.19,86.71,0-5%,72.66,Apr,Flux
2023-11-13,2023,11,Nov,Delta,Consumer,Germany,8,189.06,93.15,1512.52,45.38,1467.14,745.2,721.94,0.4921,192.81,202.26,519.68,147.91,5000.0,2520.47,2479.53,1.81,1.4,1.02,0.1039,0-5%,745.2,1512.52,1467.14,721.94,8,189.06,93.15,0-5%,45.38,Nov,Delta
2023-12-29,2023,12,Dec,Flux,Consumer,USA,8,208.72,86.55,1669.79,0.0,1669.79,692.44,977.35,0.5853,227.81,234.27,743.09,81.8,5000.0,3017.87,1982.13,1.9,1.67,1.52,0.1486,0-5%,692.44,1669.79,1669.79,977.35,8,208.72,86.55,0-5%,0.0,Dec,Flux
2024-07-29,2024,7,Jul,Bravo,SMB,USA,13,331.16,152.42,4305.1,0.0,4305.1,1981.49,2323.61,0.5397,1029.59,1050.22,1273.39,360.8,7064.19,4008.56,3055.64,1.57,1.1,1.31,0.1803,0-5%,1981.49,4305.1,4305.1,2323.61,13,331.16,152.42,0-5%,0.0,Jul,Bravo
2024-05-23,2024,5,May,Alpha,SMB,UK,4,180.62,72.77,722.46,86.7,635.77,291.1,344.67,0.5421,148.78,143.34,201.34,50.0,5000.0,2540.96,2459.04,1.93,1.66,1.03,0.0403,10-20%,291.1,722.46,635.77,344.67,4,180.62,72.77,10-20%,86.7,May,Alpha
2025-07-16,2025,7,Jul,Flux,Enterprise,Germany,9,178.11,66.36,1603.01,48.09,1554.92,597.22,957.69,0.6159,392.02,406.05,551.64,70.3,5000.0,1911.99,3088.01,1.54,1.03,0.62,0.1103,0-5%,597.22,1603.01,1554.92,957.69,9,178.11,66.36,0-5%,48.09,Jul,Flux
2025-07-31,2025,7,Jul,Alpha,SMB,USA,6,302.05,126.22,1812.29,126.86,1685.43,757.33,928.1,0.5507,393.21,367.07,561.02,153.17,5000.0,2055.98,2944.02,1.54,1.25,0.7,0.1122,5-10%,757.33,1812.29,1685.43,928.1,6,302.05,126.22,5-10%,126.86,Jul,Alpha
2025-12-07,2025,12,Dec,Delta,SMB,UK,16,256.06,105.0,4096.9,286.78,3810.12,1679.95,2130.17,0.5591,769.79,826.72,1303.45,255.47,5000.0,1994.46,3005.54,1.37,1.06,0.66,0.2607,5-10%,1679.95,4096.9,3810.12,2130.17,16,256.06,105.0,5-10%,286.78,Dec,Delta
2025-05-02,2025,5,May,Flux,SMB,Canada,9,98.84,36.29,889.57,222.39,667.17,326.6,340.57,0.5105,99.43,105.94,234.64,50.0,5000.0,2869.75,2130.25,2.34,2.04,1.35,0.0469,20%+,326.6,889.57,667.17,340.57,9,98.84,36.29,20%+,222.39,May,Flux
2024-03-15,2024,3,Mar,Delta,SMB,USA,6,259.2,123.31,1555.18,186.62,1368.56,739.85,628.71,0.4594,242.67,231.2,397.51,161.06,5000.0,2779.02,2220.98,1.93,1.64,1.25,0.0795,10-20%,739.85,1555.18,1368.56,628.71,6,259.2,123.31,10-20%,186.62,Mar,Delta
2025-01-06,2025,1,Jan,Cobalt,Consumer,Canada,10,242.04,126.65,2420.44,0.0,2420.44,1266.5,1153.94,0.4767,613.58,634.53,519.41,212.53,5000.0,2826.71,2173.29,1.79,1.55,1.3,0.1039,0-5%,1266.5,2420.44,2420.44,1153.94,10,242.04,126.65,0-5%,0.0,Jan,Cobalt
2025-09-09,2025,9,Sep,Cobalt,Consumer,UK,12,150.25,55.71,1803.06,54.09,1748.96,668.56,1080.41,0.6177,303.65,304.3,776.11,144.88,5000.0,2296.25,2703.75,2.34,2.1,0.85,0.1552,0-5%,668.56,1803.06,1748.96,1080.41,12,150.25,55.71,0-5%,54.09,Sep,Cobalt
2025-10-28,2025,10,Oct,Flux,Consumer,USA,9,227.22,106.54,2044.96,61.35,1983.61,958.82,1024.8,0.5166,477.59,442.86,581.93,192.38,5000.0,2555.08,2444.92,2.23,1.84,1.05,0.1164,0-5%,958.82,2044.96,1983.61,1024.8,9,227.22,106.54,0-5%,61.35,Oct,Flux
2023-03-29,2023,3,Mar,Alpha,SMB,Canada,9,167.25,86.7,1505.25,0.0,1505.25,780.26,724.99,0.4816,218.08,231.78,493.21,122.51,5000.0,2677.34,2322.66,1.56,1.26,1.15,0.0986,0-5%,780.26,1505.25,1505.25,724.99,9,167.25,86.7,0-5%,0.0,Mar,Alpha
2023-10-06,2023,10,Oct,Echo,Consumer,India,8,232.98,93.22,1863.8,223.66,1640.15,745.75,894.4,0.5453,221.27,220.19,674.21,82.44,5000.0,1976.13,3023.87,1.39,0.84,0.65,0.1348,10-20%,745.75,1863.8,1640.15,894.4,8,232.98,93.22,10-20%,223.66,Oct,Echo
2025-09-04,2025,9,Sep,Delta,SMB,USA,4,248.18,127.48,992.7,69.49,923.21,509.92,413.3,0.4477,152.03,157.11,256.19,91.41,5000.0,2932.02,2067.98,1.3,0.97,1.42,0.0512,5-10%,509.92,992.7,923.21,413.3,4,248.18,127.48,5-10%,69.49,Sep,Delta
2025-04-24,2025,4,Apr,Echo,Consumer,USA,12,182.11,80.18,2185.33,0.0,2185.33,962.19,1223.14,0.5597,351.13,359.25,863.89,102.67,5000.0,2324.75,2675.25,2.05,1.56,0.87,0.1728,0-5%,962.19,2185.33,2185.33,1223.14,12,182.11,80.18,0-5%,0.0,Apr,Echo
2024-10-01,2024,10,Oct,Flux,SMB,USA,9,304.12,129.1,2737.05,191.59,2545.46,1161.89,1383.57,0.5435,388.7,416.0,967.58,254.87,5241.99,2531.58,2710.41,2.05,1.51,0.93,0.1846,5-10%,1161.89,2737.05,2545.46,1383.57,9,304.12,129.1,5-10%,191.59,Oct,Flux
2025-08-27,2025,8,Aug,Echo,Consumer,India,10,279.57,121.31,2795.74,83.87,2711.87,1213.14,1498.73,0.5527,695.54,749.27,749.46,257.01,5000.0,3192.77,1807.23,1.52,1.19,1.77,0.1499,0-5%,1213.14,2795.74,2711.87,1498.73,10,279.57,121.31,0-5%,83.87,Aug,Echo
2025-07-30,2025,7,Jul,Flux,Consumer,USA,12,267.49,99.49,3209.82,96.29,3113.53,1193.83,1919.7,0.6166,658.2,609.93,1309.77,124.11,5887.9,3511.44,2376.46,2.5,2.0,1.48,0.2225,0-5%,1193.83,3209.82,3113.53,1919.7,12,267.49,99.49,0-5%,96.29,Jul,Flux
2024-01-19,2024,1,Jan,Cobalt,SMB,UK,9,194.59,105.46,1751.28,122.59,1628.69,949.16,679.53,0.4172,342.45,368.61,310.92,109.96,5000.0,3162.95,1837.05,1.59,1.3,1.72,0.0622,5-10%,949.16,1751.28,1628.69,679.53,9,194.59,105.46,5-10%,122.59,Jan,Cobalt
2023-10-02,2023,10,Oct,Bravo,Consumer,Canada,8,248.44,99.81,1987.52,59.63,1927.89,798.48,1129.41,0.5858,283.61,279.86,849.54,165.8,5000.0,1771.99,3228.01,2.18,1.92,0.55,0.1699,0-5%,798.48,1987.52,1927.89,1129.41,8,248.44,99.81,0-5%,59.63,Oct,Bravo
2025-08-12,2025,8,Aug,Alpha,Consumer,India,11,141.85,56.05,1560.39,46.81,1513.58,616.56,897.02,0.5926,305.76,311.01,586.0,88.8,5000.0,2247.6,2752.4,2.04,1.59,0.82,0.1172,0-5%,616.56,1560.39,1513.58,897.02,11,141.85,56.05,0-5%,46.81,Aug,Alpha
2024-08-26,2024,8,Aug,Cobalt,Consumer,USA,8,197.83,103.5,1582.61,110.78,1471.82,828.03,643.79,0.4374,304.47,327.39,316.4,87.5,5000.0,2072.55,2927.45,1.44,1.07,0.71,0.0633,5-10%,828.03,1582.61,1471.82,643.79,8,197.83,103.5,5-10%,110.78,Aug,Cobalt
2024-01-23,2024,1,Jan,Bravo,Enterprise,USA,7,242.94,104.91,1700.59,119.04,1581.55,734.38,847.17,0.5357,323.0,304.22,542.95,145.48,5000.0,2669.27,2330.73,1.87,1.38,1.15,0.1086,5-10%,734.38,1700.59,1581.55,847.17,7,242.94,104.91,5-10%,119.04,Jan,Bravo
2024-10-07,2024,10,Oct,Cobalt,SMB,Canada,8,316.67,151.12,2533.36,0.0,2533.36,1208.99,1324.37,0.5228,378.75,390.88,933.49,179.16,5000.0,1852.68,3147.32,2.11,1.7,0.59,0.1867,0-5%,1208.99,2533.36,2533.36,1324.37,8,316.67,151.12,0-5%,0.0,Oct,Cobalt
2024-07-10,2024,7,Jul,Flux,Consumer,UK,7,280.58,106.88,1964.05,235.69,1728.37,748.18,980.18,0.5671,255.72,255.83,724.35,101.16,5000.0,1920.92,3079.08,2.19,1.63,0.62,0.1449,10-20%,748.18,1964.05,1728.37,980.18,7,280.58,106.88,10-20%,235.69,Jul,Flux
2023-10-03,2023,10,Oct,Cobalt,Consumer,UK,5,266.15,134.17,1330.73,159.69,1171.04,670.85,500.19,0.4271,146.1,151.86,348.33,95.75,5000.0,2865.25,2134.75,1.8,1.24,1.34,0.0697,10-20%,670.85,1330.73,1171.04,500.19,5,266.15,134.17,10-20%,159.69,Oct,Cobalt
2024-12-03,2024,12,Dec,Bravo,Enterprise,UK,9,234.58,113.57,2111.22,253.35,1857.87,1022.11,835.76,0.4498,271.6,283.85,551.91,182.13,5000.0,2982.61,2017.39,1.7,1.45,1.48,0.1104,10-20%,1022.11,2111.22,1857.87,835.76,9,234.58,113.57,10-20%,253.35,Dec,Bravo
2025-12-02,2025,12,Dec,Delta,SMB,USA,10,73.88,36.36,738.83,0.0,738.83,363.64,375.19,0.5078,89.58,87.27,287.91,51.08,5000.0,2095.03,2904.97,1.64,1.31,0.72,0.0576,0-5%,363.64,738.83,738.83,375.19,10,73.88,36.36,0-5%,0.0,Dec,Delta
2025-02-07,2025,2,Feb,Echo,Consumer,UK,5,246.61,123.31,1233.07,0.0,1233.07,616.53,616.54,0.5,309.29,308.09,308.45,115.91,5000.0,2090.68,2909.32,2.6,2.2,0.72,0.0617,0-5%,616.53,1233.07,1233.07,616.54,5,246.61,123.31,0-5%,0.0,Feb,Echo
2024-11-04,2024,11,Nov,Cobalt,Enterprise,USA,9,146.17,72.93,1315.53,92.09,1223.45,656.41,567.04,0.4635,183.46,198.06,368.98,83.26,5000.0,3074.21,1925.79,1.75,1.53,1.6,0.0738,5-10%,656.41,1315.53,1223.45,567.04,9,146.17,72.93,5-10%,92.09,Nov,Cobalt
2025-05-09,2025,5,May,Echo,Consumer,USA,16,212.44,77.37,3399.06,101.97,3297.09,1237.89,2059.2,0.6246,890.78,900.17,1159.03,229.47,5243.9,2381.95,2861.95,1.71,1.47,0.83,0.221,0-5%,1237.89,3399.06,3297.09,2059.2,16,212.44,77.37,0-5%,101.97,May,Echo
2023-11-24,2023,11,Nov,Bravo,Consumer,India,6,130.02,51.7,780.13,93.62,686.52,310.2,376.32,0.5482,125.8,121.46,254.86,50.0,5000.0,2443.35,2556.65,2.03,1.76,0.96,0.051,10-20%,310.2,780.13,686.52,376.32,6,130.02,51.7,10-20%,93.62,Nov,Bravo
2025-02-27,2025,2,Feb,Flux,Enterprise,USA,8,261.68,137.35,2093.42,146.54,1946.88,1098.77,848.11,0.4356,433.06,455.85,392.26,225.76,5000.0,2553.98,2446.02,2.28,1.86,1.04,0.0785,5-10%,1098.77,2093.42,1946.88,848.11,8,261.68,137.35,5-10%,146.54,Feb,Flux
2024-11-10,2024,11,Nov,Cobalt,Consumer,Germany,5,227.76,94.09,1138.78,34.16,1104.62,470.44,634.18,0.5741,278.55,300.46,333.72,53.83,5000.0,2310.78,2689.22,2.44,1.89,0.86,0.0667,0-5%,470.44,1138.78,1104.62,634.18,5,227.76,94.09,0-5%,34.16,Nov,Cobalt
2023-05-12,2023,5,May,Flux,Enterprise,Canada,9,178.19,89.72,1603.72,48.11,1555.61,807.45,748.17,0.4809,329.73,348.42,399.74,132.68,5000.0,2300.06,2699.94,1.78,1.23,0.85,0.0799,0-5%,807.45,1603.72,1555.61,748.17,9,178.19,89.72,0-5%,48.11,May,Flux
2023-08-26,2023,8,Aug,Delta,Consumer,Germany,5,169.32,74.14,846.6,59.26,787.34,370.7,416.63,0.5292,156.36,159.52,257.12,59.97,5000.0,1981.88,3018.12,1.25,1.02,0.66,0.0514,5-10%,370.7,846.6,787.34,416.63,5,169.32,74.14,5-10%,59.26,Aug,Delta
2023-11-13,2023,11,Nov,Alpha,Consumer,USA,11,241.3,90.31,2654.27,79.63,2574.64,993.42,1581.22,0.6142,354.72,369.9,1211.31,105.31,5000.0,2065.66,2934.34,1.54,0.97,0.7,0.2423,0-5%,993.42,2654.27,2574.64,1581.22,11,241.3,90.31,0-5%,79.63,Nov,Alpha
2025-06-24,2025,6,Jun,Bravo,Consumer,USA,10,126.41,69.47,1264.12,316.03,948.09,694.68,253.41,0.2673,263.13,245.06,8.35,117.43,5000.0,1967.64,3032.36,1.34,0.86,0.65,0.0017,20%+,694.68,1264.12,948.09,253.41,10,126.41,69.47,20%+,316.03,Jun,Bravo
2024-08-07,2024,8,Aug,Cobalt,Consumer,USA,10,230.71,109.45,2307.11,161.5,2145.61,1094.51,1051.1,0.4899,570.8,555.04,496.06,147.87,5000.0,2142.76,2857.24,1.87,1.63,0.75,0.0992,5-10%,1094.51,2307.11,2145.61,1051.1,10,230.71,109.45,5-10%,161.5,Aug,Cobalt
2024-06-07,2024,6,Jun,Cobalt,SMB,Canada,6,263.17,139.48,1579.0,47.37,1531.63,836.89,694.73,0.4536,337.46,361.92,332.81,87.25,5000.0,2325.93,2674.07,2.07,1.57,0.87,0.0666,0-5%,836.89,1579.0,1531.63,694.73,6,263.17,139.48,0-5%,47.37,Jun,Cobalt
2023-07-04,2023,7,Jul,Delta,SMB,India,14,243.68,99.25,3411.45,102.34,3309.11,1389.55,1919.56,0.5801,652.23,688.41,1231.15,295.39,6421.31,3747.17,2674.14,2.35,2.08,1.4,0.1917,0-5%,1389.55,3411.45,3309.11,1919.56,14,243.68,99.25,0-5%,102.34,Jul,Delta
2024-12-04,2024,12,Dec,Echo,Consumer,USA,5,220.78,81.81,1103.92,33.12,1070.8,409.06,661.74,0.618,226.84,214.63,447.11,81.51,5000.0,2294.49,2705.51,2.06,1.81,0.85,0.0894,0-5%,409.06,1103.92,1070.8,661.74,5,220.78,81.81,0-5%,33.12,Dec,Echo
2023-11-10,2023,11,Nov,Bravo,Enterprise,USA,6,145.76,75.13,874.56,0.0,874.56,450.78,423.79,0.4846,219.79,207.41,216.38,69.27,5000.0,2104.98,2895.02,1.76,1.29,0.73,0.0433,0-5%,450.78,874.56,874.56,423.79,6,145.76,75.13,0-5%,0.0,Nov,Bravo
2025-11-30,2025,11,Nov,Cobalt,Consumer,USA,13,224.73,97.78,2921.54,350.58,2570.95,1271.2,1299.75,0.5056,539.79,526.38,773.37,137.25,5000.0,2601.71,2398.29,1.61,1.16,1.08,0.1547,10-20%,1271.2,2921.54,2570.95,1299.75,13,224.73,97.78,10-20%,350.58,Nov,Cobalt
2025-03-01,2025,3,Mar,Bravo,Enterprise,Canada,7,132.53,46.97,927.72,0.0,927.72,328.79,598.93,0.6456,154.23,161.99,436.94,50.0,5000.0,1776.34,3223.66,1.68,1.48,0.55,0.0874,0-5%,328.79,927.72,927.72,598.93,7,132.53,46.97,0-5%,0.0,Mar,Bravo
2025-11-20,2025,11,Nov,Alpha,Enterprise,India,2,189.8,76.83,379.6,0.0,379.6,153.67,225.93,0.5952,69.12,66.96,158.97,50.0,5000.0,3198.99,1801.01,1.47,1.01,1.78,0.0318,0-5%,153.67,379.6,379.6,225.93,2,189.8,76.83,0-5%,0.0,Nov,Alpha
2024-06-06,2024,6,Jun,Cobalt,Consumer,USA,7,283.9,102.25,1987.31,0.0,1987.31,715.73,1271.59,0.6399,428.7,439.86,831.72,147.49,5000.0,3131.31,1868.69,1.58,0.98,1.68,0.1663,0-5%,715.73,1987.31,1987.31,1271.59,7,283.9,102.25,0-5%,0.0,Jun,Cobalt
2025-09-06,2025,9,Sep,Delta,Consumer,USA,10,259.69,130.7,2596.86,0.0,2596.86,1307.03,1289.83,0.4967,340.97,341.17,948.65,256.07,5000.0,2209.68,2790.32,2.15,1.76,0.79,0.1897,0-5%,1307.03,2596.86,2596.86,1289.83,10,259.69,130.7,0-5%,0.0,Sep,Delta
2023-02-09,2023,2,Feb,Bravo,Consumer,India,5,222.14,105.02,1110.71,133.29,977.42,525.12,452.31,0.4628,260.13,268.91,183.39,77.18,5000.0,3236.34,1763.66,0.87,0.5,1.84,0.0367,10-20%,525.12,1110.71,977.42,452.31,5,222.14,105.02,10-20%,133.29,Feb,Bravo
2024-03-08,2024,3,Mar,Bravo,Consumer,USA,11,199.22,74.65,2191.37,0.0,2191.37,821.14,1370.23,0.6253,332.53,343.21,1027.02,178.86,5000.0,2997.22,2002.78,1.76,1.55,1.5,0.2054,0-5%,821.14,2191.37,2191.37,1370.23,11,199.22,74.65,0-5%,0.0,Mar,Bravo
2023-08-05,2023,8,Aug,Flux,Consumer,USA,6,189.32,102.96,1135.9,0.0,1135.9,617.75,518.15,0.4562,161.62,167.96,350.19,79.94,5000.0,2728.77,2271.23,2.13,1.9,1.2,0.07,0-5%,617.75,1135.9,1135.9,518.15,6,189.32,102.96,0-5%,0.0,Aug,Flux
2023-12-31,2023,12,Dec,Delta,SMB,India,7,211.19,101.98,1478.31,0.0,1478.31,713.89,764.42,0.5171,378.45,392.95,371.47,143.25,5000.0,3117.86,1882.14,2.08,1.67,1.66,0.0743,0-5%,713.89,1478.31,1478.31,764.42,7,211.19,101.98,0-5%,0.0,Dec,Delta
2025-11-27,2025,11,Nov,Bravo,Consumer,UK,11,221.39,97.5,2435.24,73.06,2362.19,1072.47,1289.72,0.546,387.6,416.17,873.55,207.82,5000.0,3084.95,1915.05,1.78,1.22,1.61,0.1747,0-5%,1072.47,2435.24,2362.19,1289.72,11,221.39,97.5,0-5%,73.06,Nov,Bravo
2023-12-31,2023,12,Dec,Echo,Consumer,USA,9,257.45,93.01,2317.07,0.0,2317.07,837.07,1480.0,0.6387,632.63,665.89,814.11,181.92,5000.0,3207.7,1792.3,1.82,1.35,1.79,0.1628,0-5%,837.07,2317.07,2317.07,1480.0,9,257.45,93.01,0-5%,0.0,Dec,Echo
2025-04-20,2025,4,Apr,Echo,Consumer,USA,10,217.16,90.38,2171.55,0.0,2171.55,903.84,1267.71,0.5838,351.3,337.2,930.51,184.19,5000.0,2676.49,2323.51,1.54,1.07,1.15,0.1861,0-5%,903.84,2171.55,2171.55,1267.71,10,217.16,90.38,0-5%,0.0,Apr,Echo
2023-01-24,2023,1,Jan,Bravo,Enterprise,India,5,187.62,73.76,938.1,112.57,825.53,368.82,456.71,0.5532,160.24,150.46,306.25,50.0,5000.0,3163.46,1836.54,1.45,1.03,1.72,0.0612,10-20%,368.82,938.1,825.53,456.71,5,187.62,73.76,10-20%,112.57,Jan,Bravo
2025-03-04,2025,3,Mar,Flux,SMB,USA,11,183.89,86.52,2022.81,0.0,2022.81,951.68,1071.13,0.5295,352.78,331.17,739.96,104.3,5000.0,2520.93,2479.07,1.9,1.3,1.02,0.148,0-5%,951.68,2022.81,2022.81,1071.13,11,183.89,86.52,0-5%,0.0,Mar,Flux
2023-10-10,2023,10,Oct,Bravo,Consumer,UK,7,180.11,75.79,1260.78,88.25,1172.52,530.53,641.99,0.5475,172.39,164.11,477.88,114.15,5000.0,2651.47,2348.53,1.85,1.64,1.13,0.0956,5-10%,530.53,1260.78,1172.52,641.99,7,180.11,75.79,5-10%,88.25,Oct,Bravo
2025-06-26,2025,6,Jun,Alpha,Consumer,USA,9,201.98,99.47,1817.8,54.53,1763.27,895.22,868.05,0.4923,247.26,248.54,619.51,151.63,5000.0,1988.09,3011.91,1.41,1.02,0.66,0.1239,0-5%,895.22,1817.8,1763.27,868.05,9,201.98,99.47,0-5%,54.53,Jun,Alpha
2025-01-23,2025,1,Jan,Delta,SMB,India,9,163.31,57.4,1469.75,0.0,1469.75,516.63,953.12,0.6485,394.11,397.78,555.34,109.42,5000.0,1952.88,3047.12,1.42,1.11,0.64,0.1111,0-5%,516.63,1469.75,1469.75,953.12,9,163.31,57.4,0-5%,0.0,Jan,Delta
2023-08-15,2023,8,Aug,Echo,Consumer,USA,7,176.64,97.05,1236.46,148.37,1088.08,679.32,408.76,0.3757,170.66,181.64,227.12,87.52,5000.0,2749.46,2250.54,1.05,0.76,1.22,0.0454,10-20%,679.32,1236.46,1088.08,408.76,7,176.64,97.05,10-20%,148.37,Aug,Echo
2023-03-05,2023,3,Mar,Flux,Enterprise,Canada,9,276.5,127.45,2488.49,174.19,2314.29,1147.06,1167.23,0.5044,457.37,426.19,741.04,131.13,5000.0,1754.14,3245.86,1.31,0.8,0.54,0.1482,5-10%,1147.06,2488.49,2314.29,1167.23,9,276.5,127.45,5-10%,174.19,Mar,Flux
2025-09-26,2025,9,Sep,Echo,SMB,Canada,9,146.67,55.89,1320.02,0.0,1320.02,503.03,816.99,0.6189,311.88,295.79,521.2,103.25,5000.0,2390.94,2609.06,1.77,1.29,0.92,0.1042,0-5%,503.03,1320.02,1320.02,816.99,9,146.67,55.89,0-5%,0.0,Sep,Echo
2024-04-27,2024,4,Apr,Echo,Consumer,India,5,209.98,81.88,1049.91,31.5,1018.41,409.41,609.0,0.598,141.22,146.9,462.1,52.57,5000.0,2310.1,2689.9,1.85,1.5,0.86,0.0924,0-5%,409.41,1049.91,1018.41,609.0,5,209.98,81.88,0-5%,31.5,Apr,Echo
2023-09-23,2023,9,Sep,Delta,SMB,UK,12,213.96,84.89,2567.55,308.11,2259.44,1018.63,1240.82,0.5492,366.18,390.18,850.64,124.69,5000.0,1941.37,3058.63,1.28,0.86,0.63,0.1701,10-20%,1018.63,2567.55,2259.44,1240.82,12,213.96,84.89,10-20%,308.11,Sep,Delta
2023-04-22,2023,4,Apr,Delta,Consumer,UK,11,148.22,63.64,1630.41,48.91,1581.5,700.09,881.42,0.5573,379.88,404.94,476.47,131.53,5000.0,2684.63,2315.37,1.97,1.41,1.16,0.0953,0-5%,700.09,1630.41,1581.5,881.42,11,148.22,63.64,0-5%,48.91,Apr,Delta
2024-01-19,2024,1,Jan,Alpha,Consumer,USA,8,193.54,86.74,1548.33,108.38,1439.94,693.89,746.05,0.5181,176.13,169.27,576.78,97.12,5000.0,2667.78,2332.22,1.04,0.56,1.14,0.1154,5-10%,693.89,1548.33,1439.94,746.05,8,193.54,86.74,5-10%,108.38,Jan,Alpha
2025-03-27,2025,3,Mar,Alpha,Consumer,USA,10,192.67,91.9,1926.69,231.2,1695.49,919.0,776.48,0.458,232.77,249.56,526.93,92.0,5000.0,3001.74,1998.26,1.81,1.31,1.5,0.1054,10-20%,919.0,1926.69,1695.49,776.48,10,192.67,91.9,10-20%,231.2,Mar,Alpha
2024-10-31,2024,10,Oct,Flux,SMB,Canada,10,158.34,63.53,1583.35,47.5,1535.85,635.35,900.5,0.5863,293.69,306.58,593.92,111.56,5000.0,2763.16,2236.84,1.73,1.45,1.24,0.1188,0-5%,635.35,1583.35,1535.85,900.5,10,158.34,63.53,0-5%,47.5,Oct,Flux
2023-09-11,2023,9,Sep,Echo,Consumer,USA,7,176.31,93.24,1234.15,0.0,1234.15,652.69,581.46,0.4711,253.25,234.88,346.58,69.77,5000.0,2143.93,2856.07,1.7,1.5,0.75,0.0693,0-5%,652.69,1234.15,1234.15,581.46,7,176.31,93.24,0-5%,0.0,Sep,Echo
2024-05-30,2024,5,May,Cobalt,Enterprise,USA,7,205.39,90.34,1437.7,100.64,1337.06,632.36,704.69,0.527,266.07,245.5,459.19,116.73,5000.0,1901.33,3098.67,1.25,0.89,0.61,0.0918,5-10%,632.36,1437.7,1337.06,704.69,7,205.39,90.34,5-10%,100.64,May,Cobalt
2024-10-17,2024,10,Oct,Cobalt,Consumer,USA,4,222.11,81.39,888.45,106.61,781.83,325.54,456.29,0.5836,176.99,190.74,265.55,54.65,5000.0,1990.79,3009.21,2.12,1.53,0.66,0.0531,10-20%,325.54,888.45,781.83,456.29,4,222.11,81.39,10-20%,106.61,Oct,Cobalt
2025-06-22,2025,6,Jun,Cobalt,SMB,USA,13,195.57,69.37,2542.38,0.0,2542.38,901.82,1640.56,0.6453,536.63,508.75,1131.81,144.25,5000.0,2965.31,2034.69,1.28,1.08,1.46,0.2264,0-5%,901.82,2542.38,2542.38,1640.56,13,195.57,69.37,0-5%,0.0,Jun,Cobalt
2023-02-15,2023,2,Feb,Delta,Consumer,USA,8,192.54,100.65,1540.31,107.82,1432.49,805.2,627.29,0.4379,351.26,348.0,279.29,174.4,5000.0,2111.8,2888.2,1.91,1.43,0.73,0.0559,5-10%,805.2,1540.31,1432.49,627.29,8,192.54,100.65,5-10%,107.82,Feb,Delta
2025-06-23,2025,6,Jun,Delta,SMB,USA,10,229.52,115.51,2295.22,160.67,2134.55,1155.11,979.44,0.4589,590.02,550.63,428.81,236.88,5000.0,2430.58,2569.42,2.06,1.57,0.95,0.0858,5-10%,1155.11,2295.22,2134.55,979.44,10,229.52,115.51,5-10%,160.67,Jun,Delta
2024-12-27,2024,12,Dec,Bravo,Consumer,Germany,11,275.97,111.7,3035.72,212.5,2823.22,1228.69,1594.53,0.5648,619.05,587.02,1007.51,235.16,5506.59,3110.55,2396.04,1.36,1.09,1.3,0.183,5-10%,1228.69,3035.72,2823.22,1594.53,11,275.97,111.7,5-10%,212.5,Dec,Bravo
2023-05-17,2023,5,May,Alpha,Consumer,USA,10,239.55,106.42,2395.49,167.68,2227.8,1064.23,1163.57,0.5223,515.86,540.9,622.68,149.26,5000.0,3175.28,1824.72,2.0,1.44,1.74,0.1245,5-10%,1064.23,2395.49,2227.8,1163.57,10,239.55,106.42,5-10%,167.68,May,Alpha
2025-10-01,2025,10,Oct,Flux,Consumer,USA,7,195.31,104.15,1367.15,164.06,1203.09,729.03,474.07,0.394,237.68,246.3,227.77,121.14,5000.0,2907.93,2092.07,1.61,1.23,1.39,0.0456,10-20%,729.03,1367.15,1203.09,474.07,7,195.31,104.15,10-20%,164.06,Oct,Flux
2025-07-13,2025,7,Jul,Echo,Consumer,USA,6,177.79,75.67,1066.74,74.67,992.07,454.03,538.04,0.5423,120.01,127.96,410.08,86.64,5000.0,3211.93,1788.07,1.76,1.31,1.8,0.082,5-10%,454.03,1066.74,992.07,538.04,6,177.79,75.67,5-10%,74.67,Jul,Echo
2025-12-17,2025,12,Dec,Cobalt,Consumer,USA,6,268.68,109.86,1612.07,193.45,1418.62,659.17,759.45,0.5353,185.81,180.55,578.9,66.51,5000.0,2514.75,2485.25,2.24,1.77,1.01,0.1158,10-20%,659.17,1612.07,1418.62,759.45,6,268.68,109.86,10-20%,193.45,Dec,Cobalt
2025-12-22,2025,12,Dec,Alpha,SMB,Canada,11,206.25,78.09,2268.79,158.82,2109.97,859.03,1250.94,0.5929,443.87,460.69,790.25,173.87,5000.0,2530.5,2469.5,2.21,1.67,1.02,0.1581,5-10%,859.03,2268.79,2109.97,1250.94,11,206.25,78.09,5-10%,158.82,Dec,Alpha
2023-12-11,2023,12,Dec,Echo,Enterprise,India,11,209.28,74.24,2302.11,69.06,2233.04,816.65,1416.4,0.6343,347.06,364.27,1052.13,145.91,5000.0,2255.79,2744.21,1.62,1.08,0.82,0.2104,0-5%,816.65,2302.11,2233.04,1416.4,11,209.28,74.24,0-5%,69.06,Dec,Echo
2023-05-08,2023,5,May,Cobalt,Enterprise,Germany,11,176.43,84.57,1940.75,0.0,1940.75,930.32,1010.43,0.5206,492.3,509.28,501.14,172.18,5000.0,2472.93,2527.07,1.49,1.25,0.98,0.1002,0-5%,930.32,1940.75,1940.75,1010.43,11,176.43,84.57,0-5%,0.0,May,Cobalt
2024-05-03,2024,5,May,Flux,SMB,Germany,11,270.89,107.19,2979.77,89.39,2890.38,1179.04,1711.34,0.5921,441.73,415.54,1295.8,173.93,5459.32,2938.83,2520.49,2.43,1.85,1.17,0.2374,0-5%,1179.04,2979.77,2890.38,1711.34,11,270.89,107.19,0-5%,89.39,May,Flux
2023-10-29,2023,10,Oct,Flux,Enterprise,USA,12,153.37,63.23,1840.43,460.11,1380.32,758.7,621.62,0.4503,218.64,214.03,407.59,84.2,5000.0,2052.73,2947.27,0.8,0.56,0.7,0.0815,20%+,758.7,1840.43,1380.32,621.62,12,153.37,63.23,20%+,460.11,Oct,Flux
2023-09-18,2023,9,Sep,Cobalt,Enterprise,USA,8,230.42,126.65,1843.34,460.83,1382.5,1013.23,369.28,0.2671,283.74,263.73,105.55,213.87,5000.0,3136.86,1863.14,1.88,1.63,1.68,0.0211,20%+,1013.23,1843.34,1382.5,369.28,8,230.42,126.65,20%+,460.83,Sep,Cobalt
2023-01-14,2023,1,Jan,Delta,SMB,USA,6,129.38,66.48,776.3,93.16,683.15,398.86,284.29,0.4161,185.12,177.19,107.1,63.55,5000.0,1824.83,3175.17,1.4,1.05,0.57,0.0214,10-20%,398.86,776.3,683.15,284.29,6,129.38,66.48,10-20%,93.16,Jan,Delta
2025-04-29,2025,4,Apr,Flux,Enterprise,UK,12,236.22,104.04,2834.59,0.0,2834.59,1248.46,1586.13,0.5596,452.15,427.24,1158.88,263.08,5000.0,2519.87,2480.13,1.44,1.15,1.02,0.2318,0-5%,1248.46,2834.59,2834.59,1586.13,12,236.22,104.04,0-5%,0.0,Apr,Flux
2024-09-06,2024,9,Sep,Echo,Consumer,USA,10,143.85,71.2,1438.46,0.0,1438.46,712.01,726.44,0.505,214.56,229.17,497.28,138.68,5000.0,2378.07,2621.93,1.82,1.54,0.91,0.0995,0-5%,712.01,1438.46,1438.46,726.44,10,143.85,71.2,0-5%,0.0,Sep,Echo
2023-04-22,2023,4,Apr,Delta,Consumer,USA,9,200.38,104.43,1803.39,54.1,1749.29,939.87,809.42,0.4627,333.91,324.91,484.51,116.31,5000.0,2769.21,2230.79,1.23,0.85,1.24,0.0969,0-5%,939.87,1803.39,1749.29,809.42,9,200.38,104.43,0-5%,54.1,Apr,Delta
2023-12-16,2023,12,Dec,Bravo,Consumer,UK,14,225.87,112.8,3162.12,221.35,2940.77,1579.19,1361.58,0.463,575.8,555.48,806.1,307.28,5000.0,2590.39,2409.61,1.19,0.98,1.08,0.1612,5-10%,1579.19,3162.12,2940.77,1361.58,14,225.87,112.8,5-10%,221.35,Dec,Bravo
2023-09-04,2023,9,Sep,Echo,Enterprise,USA,11,233.57,89.17,2569.22,0.0,2569.22,980.85,1588.38,0.6182,635.06,648.14,940.24,200.72,5291.46,3158.61,2132.85,1.97,1.63,1.48,0.1777,0-5%,980.85,2569.22,2569.22,1588.38,11,233.57,89.17,0-5%,0.0,Sep,Echo
2024-12-08,2024,12,Dec,Cobalt,Consumer,UK,12,173.59,64.98,2083.12,145.82,1937.3,779.75,1157.56,0.5975,520.71,493.1,664.45,84.3,5000.0,2587.3,2412.7,1.67,1.11,1.07,0.1329,5-10%,779.75,2083.12,1937.3,1157.56,12,173.59,64.98,5-10%,145.82,Dec,Cobalt
2023-08-08,2023,8,Aug,Flux,Consumer,India,10,268.36,105.03,2683.55,187.85,2495.7,1050.3,1445.4,0.5792,571.84,527.0,918.41,198.51,5000.0,2870.84,2129.16,1.76,1.52,1.35,0.1837,5-10%,1050.3,2683.55,2495.7,1445.4,10,268.36,105.03,5-10%,187.85,Aug,Flux
2025-10-27,2025,10,Oct,Echo,Consumer,UK,13,207.17,89.49,2693.24,80.8,2612.45,1163.43,1449.01,0.5547,489.84,528.95,920.06,198.1,5000.0,2441.52,2558.48,2.44,1.98,0.95,0.184,0-5%,1163.43,2693.24,2612.45,1449.01,13,207.17,89.49,0-5%,80.8,Oct,Echo
2023-01-09,2023,1,Jan,Delta,Consumer,UK,8,255.71,118.7,2045.66,0.0,2045.66,949.62,1096.05,0.5358,490.07,459.4,636.65,154.26,5000.0,2864.52,2135.48,1.55,1.09,1.34,0.1273,0-5%,949.62,2045.66,2045.66,1096.05,8,255.71,118.7,0-5%,0.0,Jan,Delta
2024-11-29,2024,11,Nov,Bravo,Consumer,India,9,202.04,81.58,1818.35,0.0,1818.35,734.25,1084.09,0.5962,303.97,283.94,800.15,93.71,5000.0,2054.04,2945.96,2.02,1.51,0.7,0.16,0-5%,734.25,1818.35,1818.35,1084.09,9,202.04,81.58,0-5%,0.0,Nov,Bravo
2024-01-04,2024,1,Jan,Delta,Consumer,India,11,189.21,77.35,2081.34,145.69,1935.65,850.88,1084.76,0.5604,495.67,502.23,582.54,140.92,5000.0,1899.81,3100.19,1.21,0.71,0.61,0.1165,5-10%,850.88,2081.34,1935.65,1084.76,11,189.21,77.35,5-10%,145.69,Jan,Delta
2024-01-27,2024,1,Jan,Delta,SMB,India,8,233.22,85.78,1865.79,0.0,1865.79,686.25,1179.54,0.6322,298.09,314.34,865.2,125.62,5000.0,1951.41,3048.59,2.09,1.8,0.64,0.173,0-5%,686.25,1865.79,1865.79,1179.54,8,233.22,85.78,0-5%,0.0,Jan,Delta
2025-08-04,2025,8,Aug,Cobalt,SMB,USA,11,212.86,96.45,2341.51,70.25,2271.26,1060.96,1210.3,0.5329,543.61,507.06,703.24,113.33,5000.0,2545.37,2454.63,1.63,1.35,1.04,0.1406,0-5%,1060.96,2341.51,2271.26,1210.3,11,212.86,96.45,0-5%,70.25,Aug,Cobalt
2023-09-24,2023,9,Sep,Echo,Enterprise,USA,9,201.88,73.69,1816.89,0.0,1816.89,663.2,1153.69,0.635,415.69,419.89,733.8,110.29,5000.0,3200.57,1799.43,2.37,1.93,1.78,0.1468,0-5%,663.2,1816.89,1816.89,1153.69,9,201.88,73.69,0-5%,0.0,Sep,Echo
2023-02-22,2023,2,Feb,Cobalt,SMB,India,8,246.12,114.69,1968.97,236.28,1732.69,917.52,815.18,0.4705,288.69,280.22,534.96,145.43,5000.0,3208.57,1791.43,2.23,1.82,1.79,0.107,10-20%,917.52,1968.97,1732.69,815.18,8,246.12,114.69,10-20%,236.28,Feb,Cobalt
2025-11-09,2025,11,Nov,Cobalt,Consumer,USA,7,79.69,41.88,557.83,0.0,557.83,293.17,264.65,0.4744,118.22,113.16,151.49,50.0,5000.0,3177.8,1822.2,1.55,1.06,1.74,0.0303,0-5%,293.17,557.83,557.83,264.65,7,79.69,41.88,0-5%,0.0,Nov,Cobalt
2023-09-12,2023,9,Sep,Delta,Consumer,USA,8,239.01,129.12,1912.11,57.36,1854.75,1032.98,821.77,0.4431,273.19,274.64,547.13,165.99,5000.0,2940.97,2059.03,2.19,1.67,1.43,0.1094,0-5%,1032.98,1912.11,1854.75,821.77,8,239.01,129.12,0-5%,57.36,Sep,Delta
2025-09-28,2025,9,Sep,Delta,Consumer,UK,13,247.53,110.86,3217.88,386.15,2831.73,1441.15,1390.58,0.4911,566.89,606.13,784.45,201.16,5000.0,2615.04,2384.96,1.88,1.51,1.1,0.1569,10-20%,1441.15,3217.88,2831.73,1390.58,13,247.53,110.86,10-20%,386.15,Sep,Delta
2025-01-15,2025,1,Jan,Flux,Enterprise,USA,10,307.4,144.71,3074.04,215.18,2858.85,1447.14,1411.72,0.4938,791.07,732.64,679.08,250.87,5000.0,2213.85,2786.15,1.72,1.48,0.79,0.1358,5-10%,1447.14,3074.04,2858.85,1411.72,10,307.4,144.71,5-10%,215.18,Jan,Flux
2023-05-04,2023,5,May,Bravo,SMB,USA,9,274.74,148.01,2472.64,74.18,2398.46,1332.05,1066.41,0.4446,463.47,496.25,570.16,186.56,5000.0,2314.82,2685.18,1.27,1.01,0.86,0.114,0-5%,1332.05,2472.64,2398.46,1066.41,9,274.74,148.01,0-5%,74.18,May,Bravo
2025-07-01,2025,7,Jul,Bravo,Consumer,USA,5,176.88,66.62,884.41,61.91,822.5,333.08,489.42,0.595,185.58,173.12,316.29,53.01,5000.0,2514.35,2485.65,1.55,1.27,1.01,0.0633,5-10%,333.08,884.41,822.5,489.42,5,176.88,66.62,5-10%,61.91,Jul,Bravo
2025-02-07,2025,2,Feb,Delta,Consumer,India,4,237.38,117.09,949.52,0.0,949.52,468.36,481.16,0.5067,132.71,128.8,352.36,60.03,5000.0,2225.33,2774.67,1.4,0.87,0.8,0.0705,0-5%,468.36,949.52,949.52,481.16,4,237.38,117.09,0-5%,0.0,Feb,Delta
2023-01-04,2023,1,Jan,Delta,SMB,USA,5,227.49,83.68,1137.44,79.62,1057.81,418.4,639.41,0.6045,288.79,270.0,369.42,89.17,5000.0,2613.69,2386.31,1.56,1.35,1.1,0.0739,5-10%,418.4,1137.44,1057.81,639.41,5,227.49,83.68,5-10%,79.62,Jan,Delta
2023-12-24,2023,12,Dec,Echo,SMB,India,7,211.66,112.11,1481.6,0.0,1481.6,784.75,696.85,0.4703,203.46,209.02,487.83,169.97,5000.0,2030.31,2969.69,1.99,1.43,0.68,0.0976,0-5%,784.75,1481.6,1481.6,696.85,7,211.66,112.11,0-5%,0.0,Dec,Echo
2023-03-01,2023,3,Mar,Bravo,Consumer,USA,15,167.68,73.42,2515.13,75.45,2439.68,1101.35,1338.33,0.5486,511.84,548.13,790.2,214.81,5000.0,2878.24,2121.76,1.87,1.28,1.36,0.158,0-5%,1101.35,2515.13,2439.68,1338.33,15,167.68,73.42,0-5%,75.45,Mar,Bravo
2025-02-08,2025,2,Feb,Alpha,Consumer,India,6,238.72,106.86,1432.3,42.97,1389.33,641.15,748.19,0.5385,216.33,224.94,523.25,95.36,5000.0,1800.25,3199.75,2.13,1.92,0.56,0.1046,0-5%,641.15,1432.3,1389.33,748.19,6,238.72,106.86,0-5%,42.97,Feb,Alpha
2023-12-09,2023,12,Dec,Echo,Enterprise,Canada,7,249.95,109.4,1749.64,52.49,1697.15,765.82,931.33,0.5488,362.55,358.62,572.71,145.39,5000.0,3033.89,1966.11,1.84,1.56,1.54,0.1145,0-5%,765.82,1749.64,1697.15,931.33,7,249.95,109.4,0-5%,52.49,Dec,Echo
2023-12-05,2023,12,Dec,Cobalt,SMB,USA,6,216.89,96.78,1301.35,0.0,1301.35,580.71,720.65,0.5538,273.24,253.77,466.88,70.88,5000.0,1980.9,3019.1,1.91,1.67,0.66,0.0934,0-5%,580.71,1301.35,1301.35,720.65,6,216.89,96.78,0-5%,0.0,Dec,Cobalt
2023-01-23,2023,1,Jan,Alpha,Consumer,USA,7,106.22,40.83,743.52,22.31,721.21,285.81,435.4,0.6037,131.04,134.85,300.55,50.0,5000.0,2954.0,2046.0,1.87,1.3,1.44,0.0601,0-5%,285.81,743.52,721.21,435.4,7,106.22,40.83,0-5%,22.31,Jan,Alpha
2023-11-14,2023,11,Nov,Cobalt,Consumer,USA,6,145.34,78.94,872.06,61.04,811.01,473.63,337.38,0.416,148.17,151.85,185.54,50.32,5000.0,2320.16,2679.84,1.66,1.42,0.87,0.0371,5-10%,473.63,872.06,811.01,337.38,6,145.34,78.94,5-10%,61.04,Nov,Cobalt
2024-10-22,2024,10,Oct,Flux,Consumer,USA,8,205.1,72.32,1640.78,0.0,1640.78,578.58,1062.19,0.6474,353.45,337.07,725.13,83.2,5000.0,2973.87,2026.13,1.69,1.3,1.47,0.145,0-5%,578.58,1640.78,1640.78,1062.19,8,205.1,72.32,0-5%,0.0,Oct,Flux
2025-06-19,2025,6,Jun,Flux,Consumer,USA,10,197.01,70.91,1970.07,59.1,1910.97,709.1,1201.87,0.6289,362.73,367.38,834.49,130.2,5000.0,2536.23,2463.77,1.21,0.93,1.03,0.1669,0-5%,709.1,1970.07,1910.97,1201.87,10,197.01,70.91,0-5%,59.1,Jun,Flux
2025-06-05,2025,6,Jun,Alpha,SMB,USA,7,239.9,120.2,1679.31,0.0,1679.31,841.43,837.88,0.4989,362.92,340.03,497.85,179.41,5000.0,2115.64,2884.36,1.74,1.39,0.73,0.0996,0-5%,841.43,1679.31,1679.31,837.88,7,239.9,120.2,0-5%,0.0,Jun,Alpha
2025-11-22,2025,11,Nov,Bravo,Consumer,USA,8,295.48,153.81,2363.81,70.91,2292.9,1230.5,1062.4,0.4633,533.22,491.81,570.59,171.1,5000.0,2274.2,2725.8,0.95,0.7,0.83,0.1141,0-5%,1230.5,2363.81,2292.9,1062.4,8,295.48,153.81,0-5%,70.91,Nov,Bravo
2023-02-13,2023,2,Feb,Cobalt,Consumer,Canada,3,308.16,167.54,924.48,27.73,896.74,502.63,394.11,0.4395,202.38,198.88,195.23,89.28,5000.0,2450.39,2549.61,2.2,1.92,0.96,0.039,0-5%,502.63,924.48,896.74,394.11,3,308.16,167.54,0-5%,27.73,Feb,Cobalt
2025-02-04,2025,2,Feb,Flux,SMB,UK,9,280.95,117.17,2528.54,75.86,2452.68,1054.55,1398.14,0.57,459.35,429.41,968.72,139.86,5000.0,1896.93,3103.07,2.15,1.73,0.61,0.1937,0-5%,1054.55,2528.54,2452.68,1398.14,9,280.95,117.17,0-5%,75.86,Feb,Flux
2024-10-25,2024,10,Oct,Delta,Consumer,UK,7,183.3,89.56,1283.07,38.49,1244.58,626.92,617.66,0.4963,224.02,238.45,379.21,77.9,5000.0,2922.81,2077.19,1.68,1.21,1.41,0.0758,0-5%,626.92,1283.07,1244.58,617.66,7,183.3,89.56,0-5%,38.49,Oct,Delta
2025-07-11,2025,7,Jul,Cobalt,Consumer,USA,11,203.47,94.73,2238.13,0.0,2238.13,1042.07,1196.06,0.5344,354.66,342.79,853.27,184.32,5000.0,2293.08,2706.92,2.04,1.45,0.85,0.1707,0-5%,1042.07,2238.13,2238.13,1196.06,11,203.47,94.73,0-5%,0.0,Jul,Cobalt
2024-12-23,2024,12,Dec,Bravo,Consumer,USA,15,269.9,112.84,4048.47,0.0,4048.47,1692.65,2355.82,0.5819,1044.89,988.05,1367.78,241.83,7618.19,3214.3,4403.89,0.83,0.5,0.73,0.1795,0-5%,1692.65,4048.47,4048.47,2355.82,15,269.9,112.84,0-5%,0.0,Dec,Bravo
2023-04-05,2023,4,Apr,Flux,Consumer,USA,14,126.35,49.21,1768.9,123.82,1645.08,688.96,956.12,0.5812,304.79,313.39,642.73,142.05,5000.0,2258.0,2742.0,1.88,1.41,0.82,0.1285,5-10%,688.96,1768.9,1645.08,956.12,14,126.35,49.21,5-10%,123.82,Apr,Flux
2024-09-13,2024,9,Sep,Cobalt,Enterprise,USA,9,235.59,84.82,2120.28,0.0,2120.28,763.39,1356.89,0.64,403.47,390.98,965.91,149.09,5000.0,2256.47,2743.53,2.19,1.69,0.82,0.1932,0-5%,763.39,2120.28,2120.28,1356.89,9,235.59,84.82,0-5%,0.0,Sep,Cobalt
2024-11-02,2024,11,Nov,Alpha,Consumer,USA,5,248.7,108.66,1243.5,87.04,1156.45,543.29,613.16,0.5302,291.17,301.96,311.2,104.5,5000.0,2979.83,2020.17,1.53,1.03,1.48,0.0622,5-10%,543.29,1243.5,1156.45,613.16,5,248.7,108.66,5-10%,87.04,Nov,Alpha
2023-11-04,2023,11,Nov,Cobalt,Enterprise,Canada,11,252.24,120.43,2774.67,194.23,2580.44,1324.75,1255.69,0.4866,684.97,636.13,619.56,151.03,5095.91,2888.1,2207.81,1.86,1.49,1.31,0.1216,5-10%,1324.75,2774.67,2580.44,1255.69,11,252.24,120.43,5-10%,194.23,Nov,Cobalt
2025-11-05,2025,11,Nov,Echo,Consumer,USA,11,205.01,91.48,2255.11,0.0,2255.11,1006.23,1248.88,0.5538,332.1,344.25,904.63,149.74,5000.0,2419.28,2580.72,1.99,1.77,0.94,0.1809,0-5%,1006.23,2255.11,2255.11,1248.88,11,205.01,91.48,0-5%,0.0,Nov,Echo
2025-07-06,2025,7,Jul,Flux,Consumer,Germany,8,280.94,153.29,2247.54,67.43,2180.11,1226.29,953.82,0.4375,316.03,309.12,644.71,182.44,5000.0,2087.67,2912.33,2.49,2.16,0.72,0.1289,0-5%,1226.29,2247.54,2180.11,953.82,8,280.94,153.29,0-5%,67.43,Jul,Flux
2024-07-29,2024,7,Jul,Bravo,SMB,India,9,133.77,54.51,1203.91,84.27,1119.64,490.58,629.06,0.5618,300.24,296.74,332.32,98.16,5000.0,3067.06,1932.94,1.75,1.52,1.59,0.0665,5-10%,490.58,1203.91,1119.64,629.06,9,133.77,54.51,5-10%,84.27,Jul,Bravo
2024-08-16,2024,8,Aug,Alpha,Consumer,USA,16,143.46,52.06,2295.37,275.44,2019.93,832.97,1186.96,0.5876,405.88,420.16,766.8,163.64,5000.0,2015.6,2984.4,1.47,1.2,0.68,0.1534,10-20%,832.97,2295.37,2019.93,1186.96,16,143.46,52.06,10-20%,275.44,Aug,Alpha
2025-09-19,2025,9,Sep,Flux,SMB,India,4,333.16,166.19,1332.64,39.98,1292.67,664.77,627.9,0.4857,276.5,255.75,372.15,92.02,5000.0,2229.67,2770.33,1.66,1.08,0.8,0.0744,0-5%,664.77,1332.64,1292.67,627.9,4,333.16,166.19,0-5%,39.98,Sep,Flux
2025-08-27,2025,8,Aug,Delta,Consumer,UK,9,313.91,124.39,2825.17,0.0,2825.17,1119.51,1705.66,0.6037,631.47,678.54,1027.12,125.37,5165.68,2005.51,3160.16,1.66,1.13,0.63,0.1988,0-5%,1119.51,2825.17,2825.17,1705.66,9,313.91,124.39,0-5%,0.0,Aug,Delta
2024-08-01,2024,8,Aug,Echo,SMB,Canada,6,286.66,119.06,1719.96,0.0,1719.96,714.34,1005.62,0.5847,358.79,338.66,666.96,126.2,5000.0,1961.01,3038.99,1.44,1.03,0.65,0.1334,0-5%,714.34,1719.96,1719.96,1005.62,6,286.66,119.06,0-5%,0.0,Aug,Echo
2025-04-24,2025,4,Apr,Bravo,SMB,USA,8,287.94,138.44,2303.49,161.24,2142.24,1107.54,1034.71,0.483,355.26,369.43,665.28,208.24,5000.0,3162.81,1837.19,1.95,1.6,1.72,0.1331,5-10%,1107.54,2303.49,2142.24,1034.71,8,287.94,138.44,5-10%,161.24,Apr,Bravo
2025-04-30,2025,4,Apr,Cobalt,Enterprise,USA,5,166.76,67.42,833.82,100.06,733.76,337.08,396.67,0.5406,135.12,127.44,269.23,50.0,5000.0,1789.95,3210.05,1.76,1.28,0.56,0.0538,10-20%,337.08,833.82,733.76,396.67,5,166.76,67.42,10-20%,100.06,Apr,Cobalt
2025-02-07,2025,2,Feb,Echo,Consumer,USA,9,289.77,109.24,2607.95,182.56,2425.39,983.2,1442.19,0.5946,395.95,380.15,1062.04,182.12,5000.0,3106.33,1893.67,1.56,1.23,1.64,0.2124,5-10%,983.2,2607.95,2425.39,1442.19,9,289.77,109.24,5-10%,182.56,Feb,Echo
2025-05-10,2025,5,May,Echo,Consumer,Canada,8,201.37,89.56,1610.93,402.73,1208.19,716.45,491.74,0.407,293.64,295.35,196.39,114.97,5000.0,2143.65,2856.35,1.69,1.39,0.75,0.0393,20%+,716.45,1610.93,1208.19,491.74,8,201.37,89.56,20%+,402.73,May,Echo
2024-09-30,2024,9,Sep,Cobalt,Consumer,India,7,161.48,76.13,1130.39,79.13,1051.26,532.93,518.33,0.4931,193.88,180.07,338.25,63.2,5000.0,2553.13,2446.87,2.15,1.59,1.04,0.0677,5-10%,532.93,1130.39,1051.26,518.33,7,161.48,76.13,5-10%,79.13,Sep,Cobalt
2025-04-08,2025,4,Apr,Delta,Consumer,USA,10,158.92,78.71,1589.22,111.25,1477.98,787.06,690.92,0.4675,327.96,332.17,358.75,146.87,5000.0,3049.14,1950.86,1.2,0.64,1.56,0.0717,5-10%,787.06,1589.22,1477.98,690.92,10,158.92,78.71,5-10%,111.25,Apr,Delta
2025-02-05,2025,2,Feb,Cobalt,SMB,Canada,15,253.12,99.39,3796.8,949.2,2847.6,1490.83,1356.77,0.4765,649.12,693.11,663.66,167.95,5076.92,2863.98,2212.94,1.29,0.82,1.29,0.1307,20%+,1490.83,3796.8,2847.6,1356.77,15,253.12,99.39,20%+,949.2,Feb,Cobalt
2023-01-29,2023,1,Jan,Bravo,Consumer,Germany,4,180.63,65.21,722.52,0.0,722.52,260.84,461.68,0.639,137.6,128.18,333.51,50.0,5000.0,2404.74,2595.26,1.64,1.21,0.93,0.0667,0-5%,260.84,722.52,722.52,461.68,4,180.63,65.21,0-5%,0.0,Jan,Bravo
2024-01-29,2024,1,Jan,Echo,Consumer,USA,7,329.48,173.76,2306.34,69.19,2237.15,1216.32,1020.83,0.4563,510.83,472.23,548.6,244.96,5000.0,3023.81,1976.19,1.61,1.38,1.53,0.1097,0-5%,1216.32,2306.34,2237.15,1020.83,7,329.48,173.76,0-5%,69.19,Jan,Echo
2023-04-02,2023,4,Apr,Echo,Consumer,USA,6,232.85,93.31,1397.12,41.91,1355.2,559.86,795.34,0.5869,235.02,224.14,571.2,70.88,5000.0,3115.94,1884.06,1.44,0.84,1.65,0.1142,0-5%,559.86,1397.12,1355.2,795.34,6,232.85,93.31,0-5%,41.91,Apr,Echo
2025-08-24,2025,8,Aug,Alpha,Consumer,USA,7,284.45,125.42,1991.16,0.0,1991.16,877.94,1113.22,0.5591,305.31,328.46,784.76,173.89,5000.0,2626.43,2373.57,1.91,1.55,1.11,0.157,0-5%,877.94,1991.16,1991.16,1113.22,7,284.45,125.42,0-5%,0.0,Aug,Alpha
2023-07-24,2023,7,Jul,Flux,Consumer,Germany,5,237.55,115.85,1187.74,296.94,890.81,579.25,311.56,0.3498,114.75,117.83,193.73,76.29,5000.0,2441.21,2558.79,1.23,0.79,0.95,0.0387,20%+,579.25,1187.74,890.81,311.56,5,237.55,115.85,20%+,296.94,Jul,Flux
2023-12-24,2023,12,Dec,Delta,Consumer,USA,6,242.87,101.06,1457.21,43.72,1413.49,606.36,807.14,0.571,394.94,422.19,384.95,100.32,5000.0,2497.66,2502.34,1.91,1.42,1.0,0.077,0-5%,606.36,1457.21,1413.49,807.14,6,242.87,101.06,0-5%,43.72,Dec,Delta
2024-04-28,2024,4,Apr,Cobalt,Enterprise,USA,7,306.69,126.0,2146.86,150.28,1996.58,881.99,1114.59,0.5583,537.17,556.2,558.39,177.24,5000.0,2701.93,2298.07,1.25,0.82,1.18,0.1117,5-10%,881.99,2146.86,1996.58,1114.59,7,306.69,126.0,5-10%,150.28,Apr,Cobalt
2025-11-15,2025,11,Nov,Cobalt,SMB,India,10,253.09,90.94,2530.86,75.93,2454.94,909.35,1545.59,0.6296,580.83,624.85,920.74,134.44,5000.0,2004.71,2995.29,1.98,1.45,0.67,0.1841,0-5%,909.35,2530.86,2454.94,1545.59,10,253.09,90.94,0-5%,75.93,Nov,Cobalt
2024-06-17,2024,6,Jun,Alpha,Consumer,USA,7,223.0,110.78,1561.02,0.0,1561.02,775.48,785.54,0.5032,347.57,342.15,443.4,118.44,5000.0,2156.21,2843.79,2.33,1.77,0.76,0.0887,0-5%,775.48,1561.02,1561.02,785.54,7,223.0,110.78,0-5%,0.0,Jun,Alpha
2024-09-25,2024,9,Sep,Cobalt,Consumer,UK,8,238.94,125.81,1911.48,57.34,1854.14,1006.51,847.63,0.4572,314.43,326.03,521.59,103.76,5000.0,2037.16,2962.84,1.76,1.53,0.69,0.1043,0-5%,1006.51,1911.48,1854.14,847.63,8,238.94,125.81,0-5%,57.34,Sep,Cobalt
2025-02-18,2025,2,Feb,Delta,Enterprise,UK,8,112.57,50.89,900.53,0.0,900.53,407.1,493.42,0.5479,129.15,136.75,356.67,50.0,5000.0,1769.05,3230.95,2.18,1.62,0.55,0.0713,0-5%,407.1,900.53,900.53,493.42,8,112.57,50.89,0-5%,0.0,Feb,Delta
2024-04-24,2024,4,Apr,Cobalt,Consumer,India,12,175.05,90.2,2100.65,0.0,2100.65,1082.38,1018.27,0.4847,430.4,414.88,603.39,211.35,5000.0,2813.03,2186.97,2.18,1.67,1.29,0.1207,0-5%,1082.38,2100.65,2100.65,1018.27,12,175.05,90.2,0-5%,0.0,Apr,Cobalt
2025-10-06,2025,10,Oct,Alpha,Enterprise,Canada,4,322.08,126.53,1288.3,38.65,1249.65,506.11,743.54,0.595,304.35,301.8,441.74,51.8,5000.0,2371.7,2628.3,1.72,1.27,0.9,0.0883,0-5%,506.11,1288.3,1249.65,743.54,4,322.08,126.53,0-5%,38.65,Oct,Alpha
2025-06-03,2025,6,Jun,Delta,Consumer,India,5,209.64,77.46,1048.22,0.0,1048.22,387.28,660.93,0.6305,183.98,175.96,484.97,64.98,5000.0,2122.11,2877.89,2.16,1.76,0.74,0.097,0-5%,387.28,1048.22,1048.22,660.93,5,209.64,77.46,0-5%,0.0,Jun,Delta
2023-09-02,2023,9,Sep,Alpha,Enterprise,UK,8,374.28,184.94,2994.27,209.6,2784.67,1479.55,1305.12,0.4687,568.01,569.41,735.71,218.25,5000.0,2836.76,2163.24,1.81,1.51,1.31,0.1471,5-10%,1479.55,2994.27,2784.67,1305.12,8,374.28,184.94,5-10%,209.6,Sep,Alpha
2025-03-23,2025,3,Mar,Flux,Consumer,UK,9,293.68,122.05,2643.1,0.0,2643.1,1098.47,1544.63,0.5844,713.08,715.11,829.52,215.48,5000.0,2497.61,2502.39,1.57,1.06,1.0,0.1659,0-5%,1098.47,2643.1,2643.1,1544.63,9,293.68,122.05,0-5%,0.0,Mar,Flux
2025-07-23,2025,7,Jul,Alpha,Consumer,UK,7,261.7,106.75,1831.89,54.96,1776.94,747.28,1029.65,0.5795,383.48,386.11,643.54,122.84,5000.0,2720.94,2279.06,1.89,1.29,1.19,0.1287,0-5%,747.28,1831.89,1776.94,1029.65,7,261.7,106.75,0-5%,54.96,Jul,Alpha
2023-07-26,2023,7,Jul,Cobalt,Consumer,UK,7,158.67,78.95,1110.69,0.0,1110.69,552.64,558.06,0.5024,255.19,250.68,307.38,92.7,5000.0,2089.6,2910.4,1.94,1.44,0.72,0.0615,0-5%,552.64,1110.69,1110.69,558.06,7,158.67,78.95,0-5%,0.0,Jul,Cobalt
2025-12-10,2025,12,Dec,Cobalt,Consumer,USA,7,195.33,81.83,1367.32,95.71,1271.61,572.82,698.79,0.5495,241.83,252.44,446.34,119.72,5000.0,2325.15,2674.85,1.64,1.28,0.87,0.0893,5-10%,572.82,1367.32,1271.61,698.79,7,195.33,81.83,5-10%,95.71,Dec,Cobalt
2023-03-09,2023,3,Mar,Flux,SMB,UK,17,238.08,125.45,4047.32,283.31,3764.0,2132.65,1631.35,0.4334,932.98,1005.05,626.3,323.57,6653.93,3218.18,3435.76,1.6,1.29,0.94,0.0941,5-10%,2132.65,4047.32,3764.0,1631.35,17,238.08,125.45,5-10%,283.31,Mar,Flux
2025-09-23,2025,9,Sep,Delta,Consumer,Canada,13,320.57,120.58,4167.38,0.0,4167.38,1567.6,2599.78,0.6238,811.48,871.79,1727.99,222.15,7146.26,2847.86,4298.4,1.66,1.12,0.66,0.2418,0-5%,1567.6,4167.38,4167.38,2599.78,13,320.57,120.58,0-5%,0.0,Sep,Delta
2024-06-02,2024,6,Jun,Alpha,Enterprise,Germany,10,257.7,95.55,2576.95,77.31,2499.64,955.45,1544.19,0.6178,365.96,348.35,1195.85,179.74,5000.0,2615.52,2384.48,1.02,0.68,1.1,0.2392,0-5%,955.45,2576.95,2499.64,1544.19,10,257.7,95.55,0-5%,77.31,Jun,Alpha
2024-06-02,2024,6,Jun,Flux,Enterprise,UK,7,157.07,75.99,1099.48,0.0,1099.48,531.96,567.52,0.5162,222.65,222.92,344.61,80.35,5000.0,2615.34,2384.66,1.72,1.41,1.1,0.0689,0-5%,531.96,1099.48,1099.48,567.52,7,157.07,75.99,0-5%,0.0,Jun,Flux
2024-01-26,2024,1,Jan,Cobalt,SMB,India,10,157.18,60.24,1571.76,47.15,1524.61,602.44,922.17,0.6049,267.66,288.02,634.15,111.56,5000.0,2164.9,2835.1,1.58,1.18,0.76,0.1268,0-5%,602.44,1571.76,1524.61,922.17,10,157.18,60.24,0-5%,47.15,Jan,Cobalt
2024-06-16,2024,6,Jun,Bravo,Enterprise,USA,9,150.12,65.84,1351.09,94.58,1256.51,592.52,663.99,0.5284,278.47,297.69,366.3,99.59,5000.0,2885.15,2114.85,2.11,1.84,1.36,0.0733,5-10%,592.52,1351.09,1256.51,663.99,9,150.12,65.84,5-10%,94.58,Jun,Bravo
2025-11-02,2025,11,Nov,Cobalt,SMB,Canada,9,245.41,102.01,2208.71,154.61,2054.1,918.07,1136.03,0.5531,431.21,428.25,707.78,110.68,5000.0,2443.66,2556.34,1.81,1.31,0.96,0.1416,5-10%,918.07,2208.71,2054.1,1136.03,9,245.41,102.01,5-10%,154.61,Nov,Cobalt
2023-10-23,2023,10,Oct,Alpha,SMB,USA,9,190.13,89.67,1711.15,51.33,1659.82,807.05,852.77,0.5138,360.29,372.55,480.22,105.98,5000.0,1782.12,3217.88,1.43,0.93,0.55,0.096,0-5%,807.05,1711.15,1659.82,852.77,9,190.13,89.67,0-5%,51.33,Oct,Alpha
2025-06-15,2025,6,Jun,Cobalt,SMB,India,6,212.23,97.14,1273.36,152.8,1120.56,582.84,537.72,0.4799,307.4,319.99,217.73,83.0,5000.0,3037.19,1962.81,2.2,1.92,1.55,0.0435,10-20%,582.84,1273.36,1120.56,537.72,6,212.23,97.14,10-20%,152.8,Jun,Cobalt
2024-07-19,2024,7,Jul,Delta,Consumer,Canada,9,208.78,95.33,1879.0,56.37,1822.63,857.93,964.7,0.5293,488.8,523.9,440.8,133.35,5000.0,2424.18,2575.82,2.37,2.16,0.94,0.0882,0-5%,857.93,1879.0,1822.63,964.7,9,208.78,95.33,0-5%,56.37,Jul,Delta
2023-10-15,2023,10,Oct,Delta,Consumer,USA,8,237.5,99.95,1899.97,228.0,1671.98,799.57,872.41,0.5218,346.0,322.13,550.28,162.91,5000.0,2668.13,2331.87,1.37,1.15,1.14,0.1101,10-20%,799.57,1899.97,1671.98,872.41,8,237.5,99.95,10-20%,228.0,Oct,Delta
2024-02-06,2024,2,Feb,Flux,SMB,Canada,11,250.85,123.02,2759.37,82.78,2676.58,1353.19,1323.4,0.4944,444.48,471.61,851.78,219.05,5000.0,3042.87,1957.13,1.25,0.78,1.55,0.1704,0-5%,1353.19,2759.37,2676.58,1323.4,11,250.85,123.02,0-5%,82.78,Feb,Flux
2025-12-20,2025,12,Dec,Echo,Consumer,USA,12,237.49,113.58,2849.91,85.5,2764.42,1362.92,1401.5,0.507,468.56,432.59,968.91,251.93,5067.68,3236.64,1831.04,2.39,1.83,1.77,0.1912,0-5%,1362.92,2849.91,2764.42,1401.5,12,237.49,113.58,0-5%,85.5,Dec,Echo
2024-10-10,2024,10,Oct,Echo,Enterprise,Germany,6,223.76,115.14,1342.55,161.11,1181.44,690.84,490.6,0.4153,281.1,300.26,190.34,83.72,5000.0,2123.28,2876.72,1.91,1.62,0.74,0.0381,10-20%,690.84,1342.55,1181.44,490.6,6,223.76,115.14,10-20%,161.11,Oct,Echo
2024-10-31,2024,10,Oct,Cobalt,Consumer,Canada,11,287.56,152.26,3163.14,94.89,3068.25,1674.86,1393.39,0.4541,695.83,696.78,696.61,168.17,5000.0,2185.81,2814.19,2.15,1.89,0.78,0.1393,0-5%,1674.86,3163.14,3068.25,1393.39,11,287.56,152.26,0-5%,94.89,Oct,Cobalt
2024-09-26,2024,9,Sep,Delta,SMB,Canada,13,224.99,110.95,2924.93,350.99,2573.94,1442.36,1131.58,0.4396,684.41,735.28,396.3,158.36,5000.0,1831.51,3168.49,1.61,1.15,0.58,0.0793,10-20%,1442.36,2924.93,2573.94,1131.58,13,224.99,110.95,10-20%,350.99,Sep,Delta
2025-12-01,2025,12,Dec,Echo,Enterprise,India,11,319.47,168.4,3514.13,105.42,3408.71,1852.39,1556.31,0.4566,490.35,495.61,1060.71,187.59,5000.0,2116.44,2883.56,2.35,2.03,0.73,0.2121,0-5%,1852.39,3514.13,3408.71,1556.31,11,319.47,168.4,0-5%,105.42,Dec,Echo
2025-03-22,2025,3,Mar,Cobalt,Consumer,USA,7,228.99,87.08,1602.9,0.0,1602.9,609.53,993.37,0.6197,239.45,239.15,754.22,110.18,5000.0,1935.33,3064.67,1.92,1.45,0.63,0.1508,0-5%,609.53,1602.9,1602.9,993.37,7,228.99,87.08,0-5%,0.0,Mar,Cobalt
2025-07-12,2025,7,Jul,Bravo,Consumer,UK,14,286.68,127.69,4013.48,0.0,4013.48,1787.65,2225.83,0.5546,1078.67,1148.35,1077.49,196.27,5625.78,2850.48,2775.31,1.6,1.38,1.03,0.1915,0-5%,1787.65,4013.48,4013.48,2225.83,14,286.68,127.69,0-5%,0.0,Jul,Bravo
2025-03-12,2025,3,Mar,Cobalt,Enterprise,USA,8,244.84,93.72,1958.69,58.76,1899.92,749.78,1150.14,0.6054,336.73,326.49,823.65,164.71,5000.0,2677.12,2322.88,1.43,1.1,1.15,0.1647,0-5%,749.78,1958.69,1899.92,1150.14,8,244.84,93.72,0-5%,58.76,Mar,Cobalt
2025-09-05,2025,9,Sep,Echo,Enterprise,UK,6,204.66,105.76,1227.95,0.0,1227.95,634.56,593.39,0.4832,228.5,212.17,381.21,83.91,5000.0,3185.15,1814.85,2.34,2.14,1.76,0.0762,0-5%,634.56,1227.95,1227.95,593.39,6,204.66,105.76,0-5%,0.0,Sep,Echo
2023-01-24,2023,1,Jan,Delta,Consumer,USA,9,174.9,76.33,1574.06,110.18,1463.88,686.93,776.94,0.5307,187.23,184.23,592.71,99.35,5000.0,1864.8,3135.2,1.88,1.39,0.59,0.1185,5-10%,686.93,1574.06,1463.88,776.94,9,174.9,76.33,5-10%,110.18,Jan,Delta
2024-04-17,2024,4,Apr,Bravo,Enterprise,India,12,222.84,120.58,2674.12,80.22,2593.9,1446.99,1146.91,0.4422,651.28,691.94,454.97,274.32,5000.0,2341.92,2658.08,1.5,1.26,0.88,0.091,0-5%,1446.99,2674.12,2593.9,1146.91,12,222.84,120.58,0-5%,80.22,Apr,Bravo
2024-07-19,2024,7,Jul,Cobalt,SMB,USA,7,170.45,63.77,1193.15,143.18,1049.97,446.37,603.6,0.5749,218.99,226.93,376.67,64.3,5000.0,2317.77,2682.23,1.69,1.2,0.86,0.0753,10-20%,446.37,1193.15,1049.97,603.6,7,170.45,63.77,10-20%,143.18,Jul,Cobalt
2025-11-01,2025,11,Nov,Delta,Consumer,USA,8,170.39,82.2,1363.1,40.89,1322.21,657.62,664.59,0.5026,331.63,345.92,318.68,86.96,5000.0,2296.34,2703.66,1.66,1.27,0.85,0.0637,0-5%,657.62,1363.1,1322.21,664.59,8,170.39,82.2,0-5%,40.89,Nov,Delta
2024-01-14,2024,1,Jan,Echo,Consumer,USA,9,244.75,122.69,2202.79,154.2,2048.59,1104.17,944.43,0.461,322.42,346.7,597.72,182.11,5000.0,2189.72,2810.28,1.8,1.27,0.78,0.1195,5-10%,1104.17,2202.79,2048.59,944.43,9,244.75,122.69,5-10%,154.2,Jan,Echo
2025-01-08,2025,1,Jan,Flux,Consumer,Canada,10,180.4,78.26,1803.99,0.0,1803.99,782.61,1021.38,0.5662,340.5,359.52,661.87,151.15,5000.0,2016.41,2983.59,1.56,1.27,0.68,0.1324,0-5%,782.61,1803.99,1803.99,1021.38,10,180.4,78.26,0-5%,0.0,Jan,Flux
2024-04-17,2024,4,Apr,Cobalt,Enterprise,Germany,7,106.27,44.45,743.92,22.32,721.6,311.14,410.46,0.5688,111.85,115.74,294.72,67.39,5000.0,2855.71,2144.29,1.57,1.06,1.33,0.0589,0-5%,311.14,743.92,721.6,410.46,7,106.27,44.45,0-5%,22.32,Apr,Cobalt
2023-11-04,2023,11,Nov,Cobalt,Consumer,USA,10,164.61,70.48,1646.06,197.53,1448.53,704.81,743.72,0.5134,318.79,338.27,405.45,113.76,5000.0,2510.91,2489.09,1.91,1.61,1.01,0.0811,10-20%,704.81,1646.06,1448.53,743.72,10,164.61,70.48,10-20%,197.53,Nov,Cobalt
2025-05-23,2025,5,May,Flux,Consumer,Germany,7,235.21,93.52,1646.46,0.0,1646.46,654.64,991.82,0.6024,352.1,347.88,643.93,98.57,5000.0,2840.51,2159.49,2.31,2.11,1.32,0.1288,0-5%,654.64,1646.46,1646.46,991.82,7,235.21,93.52,0-5%,0.0,May,Flux
2024-05-21,2024,5,May,Cobalt,Enterprise,USA,9,269.83,121.3,2428.47,0.0,2428.47,1091.66,1336.81,0.5505,567.34,541.75,795.06,110.38,5000.0,2879.08,2120.92,2.0,1.5,1.36,0.159,0-5%,1091.66,2428.47,2428.47,1336.81,9,269.83,121.3,0-5%,0.0,May,Cobalt
2023-07-29,2023,7,Jul,Bravo,SMB,Germany,8,167.94,65.0,1343.49,0.0,1343.49,520.0,823.49,0.613,300.68,281.15,542.34,58.6,5000.0,2240.82,2759.18,1.86,1.33,0.81,0.1085,0-5%,520.0,1343.49,1343.49,823.49,8,167.94,65.0,0-5%,0.0,Jul,Bravo
2025-12-24,2025,12,Dec,Bravo,Consumer,USA,9,312.81,166.42,2815.25,337.83,2477.42,1497.74,979.68,0.3954,392.35,413.34,566.34,248.39,5000.0,2378.21,2621.79,2.0,1.65,0.91,0.1133,10-20%,1497.74,2815.25,2477.42,979.68,9,312.81,166.42,10-20%,337.83,Dec,Bravo
2023-02-23,2023,2,Feb,Bravo,SMB,India,10,254.34,98.1,2543.38,305.21,2238.18,980.98,1257.19,0.5617,591.91,603.7,653.49,142.14,5000.0,1933.63,3066.37,1.74,1.3,0.63,0.1307,10-20%,980.98,2543.38,2238.18,1257.19,10,254.34,98.1,10-20%,305.21,Feb,Bravo
2023-10-18,2023,10,Oct,Alpha,SMB,USA,10,199.68,109.24,1996.84,0.0,1996.84,1092.44,904.4,0.4529,276.0,266.43,637.97,206.26,5000.0,2004.98,2995.02,1.86,1.58,0.67,0.1276,0-5%,1092.44,1996.84,1996.84,904.4,10,199.68,109.24,0-5%,0.0,Oct,Alpha
2024-09-02,2024,9,Sep,Flux,Enterprise,UK,8,170.09,85.63,1360.74,163.29,1197.45,685.07,512.39,0.4279,154.3,151.78,360.6,122.86,5000.0,2648.35,2351.65,2.33,1.91,1.13,0.0721,10-20%,685.07,1360.74,1197.45,512.39,8,170.09,85.63,10-20%,163.29,Sep,Flux
2024-12-05,2024,12,Dec,Alpha,Consumer,USA,10,215.52,85.13,2155.21,0.0,2155.21,851.3,1303.91,0.605,278.38,269.94,1033.97,85.88,5000.0,1782.29,3217.71,0.8,0.5,0.55,0.2068,0-5%,851.3,2155.21,2155.21,1303.91,10,215.52,85.13,0-5%,0.0,Dec,Alpha
2025-11-22,2025,11,Nov,Bravo,Consumer,USA,11,269.65,136.98,2966.19,355.94,2610.25,1506.81,1103.44,0.4227,717.21,737.69,365.75,242.51,5000.0,3118.63,1881.37,2.13,1.71,1.66,0.0731,10-20%,1506.81,2966.19,2610.25,1103.44,11,269.65,136.98,10-20%,355.94,Nov,Bravo
2025-08-22,2025,8,Aug,Alpha,Consumer,USA,10,202.41,104.09,2024.15,141.69,1882.46,1040.86,841.6,0.4471,326.62,338.24,503.36,220.63,5000.0,2275.36,2724.64,1.98,1.77,0.84,0.1007,5-10%,1040.86,2024.15,1882.46,841.6,10,202.41,104.09,5-10%,141.69,Aug,Alpha
2023-10-10,2023,10,Oct,Cobalt,Enterprise,UK,7,256.13,115.51,1792.91,53.79,1739.12,808.54,930.58,0.5351,221.72,210.66,719.92,151.21,5000.0,3061.06,1938.94,2.12,1.82,1.58,0.144,0-5%,808.54,1792.91,1739.12,930.58,7,256.13,115.51,0-5%,53.79,Oct,Cobalt
2023-11-25,2023,11,Nov,Cobalt,Enterprise,USA,14,261.99,123.92,3667.81,256.75,3411.06,1734.83,1676.23,0.4914,813.19,818.33,857.9,248.9,5000.0,2800.22,2199.78,1.62,1.24,1.27,0.1716,5-10%,1734.83,3667.81,3411.06,1676.23,14,261.99,123.92,5-10%,256.75,Nov,Cobalt
2024-07-01,2024,7,Jul,Alpha,Consumer,USA,12,184.86,65.7,2218.37,0.0,2218.37,788.45,1429.92,0.6446,529.85,560.78,869.14,166.29,5000.0,1843.85,3156.15,1.84,1.59,0.58,0.1738,0-5%,788.45,2218.37,2218.37,1429.92,12,184.86,65.7,0-5%,0.0,Jul,Alpha
2024-11-05,2024,11,Nov,Alpha,Consumer,USA,8,150.39,81.49,1203.16,0.0,1203.16,651.95,551.21,0.4581,304.9,291.01,260.21,105.03,5000.0,3231.79,1768.21,1.65,1.39,1.83,0.052,0-5%,651.95,1203.16,1203.16,551.21,8,150.39,81.49,0-5%,0.0,Nov,Alpha
2025-01-05,2025,1,Jan,Flux,Enterprise,Germany,8,273.45,126.61,2187.62,262.51,1925.11,1012.9,912.21,0.4738,513.64,554.65,357.55,145.56,5000.0,2445.34,2554.66,1.57,0.97,0.96,0.0715,10-20%,1012.9,2187.62,1925.11,912.21,8,273.45,126.61,10-20%,262.51,Jan,Flux
2024-05-20,2024,5,May,Cobalt,SMB,USA,13,231.03,95.54,3003.39,360.41,2642.98,1241.97,1401.01,0.5301,696.28,721.92,679.1,270.62,5000.0,2350.77,2649.23,1.42,0.84,0.89,0.1358,10-20%,1241.97,3003.39,2642.98,1401.01,13,231.03,95.54,10-20%,360.41,May,Cobalt
2025-09-23,2025,9,Sep,Alpha,Enterprise,India,6,311.09,118.46,1866.55,0.0,1866.55,710.74,1155.8,0.6192,415.44,445.89,709.91,102.94,5000.0,2302.46,2697.54,2.12,1.73,0.85,0.142,0-5%,710.74,1866.55,1866.55,1155.8,6,311.09,118.46,0-5%,0.0,Sep,Alpha
2023-08-28,2023,8,Aug,Alpha,Consumer,USA,14,160.3,64.35,2244.18,157.09,2087.09,900.86,1186.23,0.5684,501.72,495.23,691.01,94.87,5000.0,2160.3,2839.7,2.06,1.84,0.76,0.1382,5-10%,900.86,2244.18,2087.09,1186.23,14,160.3,64.35,5-10%,157.09,Aug,Alpha
2023-02-01,2023,2,Feb,Bravo,SMB,Germany,8,92.42,39.72,739.33,22.18,717.15,317.78,399.38,0.5569,157.08,148.95,250.42,67.69,5000.0,2593.2,2406.8,1.86,1.48,1.08,0.0501,0-5%,317.78,739.33,717.15,399.38,8,92.42,39.72,0-5%,22.18,Feb,Bravo
2024-02-04,2024,2,Feb,Flux,Enterprise,USA,7,218.24,81.39,1527.69,0.0,1527.69,569.73,957.96,0.6271,269.97,280.48,677.47,85.08,5000.0,2350.81,2649.19,1.46,1.15,0.89,0.1355,0-5%,569.73,1527.69,1527.69,957.96,7,218.24,81.39,0-5%,0.0,Feb,Flux
2025-11-25,2025,11,Nov,Bravo,Consumer,USA,14,245.25,88.37,3433.45,0.0,3433.45,1237.16,2196.28,0.6397,544.49,518.56,1677.72,252.47,6111.28,2813.86,3297.42,1.72,1.26,0.85,0.2745,0-5%,1237.16,3433.45,3433.45,2196.28,14,245.25,88.37,0-5%,0.0,Nov,Bravo
2025-08-15,2025,8,Aug,Flux,Consumer,Germany,11,233.1,109.31,2564.05,0.0,2564.05,1202.43,1361.62,0.531,529.46,551.09,810.53,165.31,5025.15,2710.8,2314.34,1.83,1.41,1.17,0.1613,0-5%,1202.43,2564.05,2564.05,1361.62,11,233.1,109.31,0-5%,0.0,Aug,Flux
2025-07-25,2025,7,Jul,Echo,Consumer,India,9,87.89,39.18,791.01,0.0,791.01,352.64,438.37,0.5542,122.31,122.34,316.03,50.0,5000.0,2638.97,2361.03,1.96,1.58,1.12,0.0632,0-5%,352.64,791.01,791.01,438.37,9,87.89,39.18,0-5%,0.0,Jul,Echo
2024-04-15,2024,4,Apr,Cobalt,Consumer,India,9,235.1,95.21,2115.89,0.0,2115.89,856.87,1259.02,0.595,324.53,341.51,917.51,185.76,5000.0,1962.04,3037.96,2.38,1.86,0.65,0.1835,0-5%,856.87,2115.89,2115.89,1259.02,9,235.1,95.21,0-5%,0.0,Apr,Cobalt
2024-04-05,2024,4,Apr,Bravo,Consumer,USA,12,237.74,99.99,2852.89,85.59,2767.31,1199.89,1567.42,0.5664,527.34,536.17,1031.25,167.87,5297.62,3097.48,2200.14,1.29,0.71,1.41,0.1947,0-5%,1199.89,2852.89,2767.31,1567.42,12,237.74,99.99,0-5%,85.59,Apr,Bravo
2024-11-01,2024,11,Nov,Echo,SMB,USA,14,218.37,107.2,3057.14,91.71,2965.42,1500.85,1464.58,0.4939,440.54,428.2,1036.38,319.44,5683.6,2824.25,2859.35,1.63,1.04,0.99,0.1823,0-5%,1500.85,3057.14,2965.42,1464.58,14,218.37,107.2,0-5%,91.71,Nov,Echo
2023-06-11,2023,6,Jun,Alpha,Enterprise,Germany,9,226.79,88.31,2041.12,142.88,1898.24,794.79,1103.45,0.5813,263.49,281.81,821.64,107.15,5000.0,2190.12,2809.88,1.51,1.05,0.78,0.1643,5-10%,794.79,2041.12,1898.24,1103.45,9,226.79,88.31,5-10%,142.88,Jun,Alpha
2025-04-26,2025,4,Apr,Alpha,Enterprise,USA,8,337.54,137.75,2700.3,189.02,2511.28,1101.98,1409.3,0.5612,502.83,540.14,869.16,204.54,5196.46,2607.15,2589.31,1.71,1.37,1.01,0.1673,5-10%,1101.98,2700.3,2511.28,1409.3,8,337.54,137.75,5-10%,189.02,Apr,Alpha
2025-11-29,2025,11,Nov,Flux,Consumer,India,8,159.18,72.31,1273.46,152.81,1120.64,578.5,542.14,0.4838,190.91,176.19,365.95,119.57,5000.0,2364.73,2635.27,2.0,1.5,0.9,0.0732,10-20%,578.5,1273.46,1120.64,542.14,8,159.18,72.31,10-20%,152.81,Nov,Flux
2025-09-27,2025,9,Sep,Flux,SMB,Canada,7,264.43,141.42,1851.04,55.53,1795.51,989.96,805.55,0.4486,470.02,435.7,369.85,164.98,5000.0,2042.61,2957.39,1.99,1.79,0.69,0.074,0-5%,989.96,1851.04,1795.51,805.55,7,264.43,141.42,0-5%,55.53,Sep,Flux
2024-12-13,2024,12,Dec,Echo,SMB,USA,7,184.28,67.76,1289.97,154.8,1135.17,474.29,660.88,0.5822,238.75,241.56,419.32,96.6,5000.0,3082.48,1917.52,1.97,1.67,1.61,0.0839,10-20%,474.29,1289.97,1135.17,660.88,7,184.28,67.76,10-20%,154.8,Dec,Echo
2024-05-23,2024,5,May,Echo,Consumer,Canada,6,374.85,179.13,2249.08,67.47,2181.61,1074.8,1106.81,0.5073,344.8,340.59,766.21,155.2,5000.0,3106.6,1893.4,1.87,1.49,1.64,0.1532,0-5%,1074.8,2249.08,2181.61,1106.81,6,374.85,179.13,0-5%,67.47,May,Echo
2025-09-15,2025,9,Sep,Bravo,SMB,USA,12,225.09,122.98,2701.03,189.07,2511.96,1475.79,1036.16,0.4125,649.9,637.65,398.51,301.3,5000.0,1892.27,3107.73,2.09,1.68,0.61,0.0797,5-10%,1475.79,2701.03,2511.96,1036.16,12,225.09,122.98,5-10%,189.07,Sep,Bravo
2023-12-12,2023,12,Dec,Alpha,Consumer,USA,8,191.55,99.72,1532.39,107.27,1425.12,797.73,627.39,0.4402,232.94,221.64,405.75,128.67,5000.0,2866.03,2133.97,1.91,1.43,1.34,0.0811,5-10%,797.73,1532.39,1425.12,627.39,8,191.55,99.72,5-10%,107.27,Dec,Alpha
2023-04-01,2023,4,Apr,Flux,Consumer,India,10,276.07,115.29,2760.65,0.0,2760.65,1152.87,1607.78,0.5824,689.98,720.43,887.35,129.5,5000.0,2467.75,2532.25,1.37,0.98,0.97,0.1775,0-5%,1152.87,2760.65,2760.65,1607.78,10,276.07,115.29,0-5%,0.0,Apr,Flux
2024-04-28,2024,4,Apr,Alpha,SMB,USA,11,139.81,73.92,1537.88,0.0,1537.88,813.08,724.8,0.4713,231.7,238.47,486.33,97.4,5000.0,1887.51,3112.49,2.09,1.83,0.61,0.0973,0-5%,813.08,1537.88,1537.88,724.8,11,139.81,73.92,0-5%,0.0,Apr,Alpha
2024-04-26,2024,4,Apr,Alpha,Consumer,UK,9,197.97,73.96,1781.7,53.45,1728.25,665.68,1062.57,0.6148,365.36,350.93,711.64,87.01,5000.0,2907.06,2092.94,2.22,2.01,1.39,0.1423,0-5%,665.68,1781.7,1728.25,1062.57,9,197.97,73.96,0-5%,53.45,Apr,Alpha
2024-11-30,2024,11,Nov,Bravo,Consumer,UK,13,120.85,49.34,1571.07,188.53,1382.54,641.39,741.15,0.5361,241.66,239.58,501.57,69.46,5000.0,3129.29,1870.71,1.94,1.36,1.67,0.1003,10-20%,641.39,1571.07,1382.54,741.15,13,120.85,49.34,10-20%,188.53,Nov,Bravo
2023-07-05,2023,7,Jul,Cobalt,Enterprise,USA,6,351.93,187.67,2111.61,0.0,2111.61,1126.05,985.56,0.4667,347.26,369.4,616.16,164.98,5000.0,2305.29,2694.71,1.57,1.26,0.86,0.1232,0-5%,1126.05,2111.61,2111.61,985.56,6,351.93,187.67,0-5%,0.0,Jul,Cobalt
2023-03-09,2023,3,Mar,Alpha,Enterprise,India,7,242.49,122.94,1697.4,118.82,1578.58,860.61,717.97,0.4548,245.36,250.64,467.33,174.7,5000.0,1825.03,3174.97,2.02,1.44,0.57,0.0935,5-10%,860.61,1697.4,1578.58,717.97,7,242.49,122.94,5-10%,118.82,Mar,Alpha
2023-12-14,2023,12,Dec,Delta,SMB,USA,13,259.78,142.19,3377.12,0.0,3377.12,1848.47,1528.65,0.4526,738.22,768.65,760.0,247.99,6869.63,4063.68,2805.95,1.9,1.55,1.45,0.1106,0-5%,1848.47,3377.12,3377.12,1528.65,13,259.78,142.19,0-5%,0.0,Dec,Delta
2023-09-11,2023,9,Sep,Alpha,Consumer,USA,10,181.84,91.87,1818.41,218.21,1600.2,918.7,681.5,0.4259,256.37,261.2,420.3,162.64,5000.0,2614.14,2385.86,1.76,1.31,1.1,0.0841,10-20%,918.7,1818.41,1600.2,681.5,10,181.84,91.87,10-20%,218.21,Sep,Alpha
2024-04-14,2024,4,Apr,Echo,Consumer,India,10,202.39,91.34,2023.86,242.86,1781.0,913.39,867.61,0.4871,289.12,286.83,580.78,186.42,5000.0,2048.94,2951.06,1.88,1.53,0.69,0.1162,10-20%,913.39,2023.86,1781.0,867.61,10,202.39,91.34,10-20%,242.86,Apr,Echo
2024-03-31,2024,3,Mar,Echo,Consumer,USA,9,165.31,70.49,1487.75,44.63,1443.12,634.44,808.68,0.5604,211.21,206.47,602.21,134.75,5000.0,2949.74,2050.26,1.72,1.3,1.44,0.1204,0-5%,634.44,1487.75,1443.12,808.68,9,165.31,70.49,0-5%,44.63,Mar,Echo
2023-04-12,2023,4,Apr,Echo,Enterprise,USA,8,233.13,88.87,1865.06,223.81,1641.26,710.99,930.26,0.5668,339.31,365.7,564.56,92.41,5000.0,1874.16,3125.84,2.02,1.73,0.6,0.1129,10-20%,710.99,1865.06,1641.26,930.26,8,233.13,88.87,10-20%,223.81,Apr,Echo
2023-12-07,2023,12,Dec,Bravo,Consumer,Canada,9,224.5,100.85,2020.48,141.43,1879.04,907.64,971.4,0.517,296.85,309.57,661.83,184.45,5000.0,1756.92,3243.08,2.09,1.71,0.54,0.1324,5-10%,907.64,2020.48,1879.04,971.4,9,224.5,100.85,5-10%,141.43,Dec,Bravo
2025-10-12,2025,10,Oct,Echo,Enterprise,USA,5,258.85,135.2,1294.23,90.6,1203.63,675.99,527.65,0.4384,302.08,287.75,239.89,127.48,5000.0,3187.96,1812.04,2.21,1.95,1.76,0.048,5-10%,675.99,1294.23,1203.63,527.65,5,258.85,135.2,5-10%,90.6,Oct,Echo
2025-02-26,2025,2,Feb,Flux,SMB,USA,9,96.53,48.33,868.73,0.0,868.73,434.97,433.76,0.4993,151.06,148.43,285.32,81.25,5000.0,2480.25,2519.75,1.86,1.65,0.98,0.0571,0-5%,434.97,868.73,868.73,433.76,9,96.53,48.33,0-5%,0.0,Feb,Flux
2023-10-06,2023,10,Oct,Echo,SMB,Germany,13,216.42,96.3,2813.5,196.94,2616.55,1251.88,1364.67,0.5216,601.0,574.37,790.31,200.72,5000.0,1835.26,3164.74,1.56,1.26,0.58,0.1581,5-10%,1251.88,2813.5,2616.55,1364.67,13,216.42,96.3,5-10%,196.94,Oct,Echo
2024-11-06,2024,11,Nov,Alpha,Consumer,India,4,193.04,88.14,772.18,54.05,718.12,352.55,365.57,0.5091,141.07,146.85,218.72,50.0,5000.0,2481.89,2518.11,1.6,1.39,0.99,0.0437,5-10%,352.55,772.18,718.12,365.57,4,193.04,88.14,5-10%,54.05,Nov,Alpha
2024-01-21,2024,1,Jan,Echo,Consumer,USA,7,224.74,96.13,1573.2,47.2,1526.0,672.93,853.07,0.559,395.48,391.06,462.0,94.93,5000.0,2667.45,2332.55,1.69,1.36,1.14,0.0924,0-5%,672.93,1573.2,1526.0,853.07,7,224.74,96.13,0-5%,47.2,Jan,Echo
2023-06-12,2023,6,Jun,Flux,Enterprise,India,9,169.18,64.46,1522.62,45.68,1476.94,580.1,896.84,0.6072,267.64,266.83,630.01,84.07,5000.0,1862.45,3137.55,1.41,1.09,0.59,0.126,0-5%,580.1,1522.62,1476.94,896.84,9,169.18,64.46,0-5%,45.68,Jun,Flux
2023-08-29,2023,8,Aug,Bravo,Consumer,India,10,138.92,75.87,1389.23,0.0,1389.23,758.69,630.54,0.4539,264.18,275.88,354.66,93.46,5000.0,2370.22,2629.78,1.58,1.26,0.9,0.0709,0-5%,758.69,1389.23,1389.23,630.54,10,138.92,75.87,0-5%,0.0,Aug,Bravo
2025-01-25,2025,1,Jan,Cobalt,SMB,UK,10,256.13,134.03,2561.35,76.84,2484.51,1340.26,1144.25,0.4606,499.07,489.9,654.35,240.01,5000.0,1978.38,3021.62,1.79,1.39,0.65,0.1309,0-5%,1340.26,2561.35,2484.51,1144.25,10,256.13,134.03,0-5%,76.84,Jan,Cobalt
2023-10-07,2023,10,Oct,Alpha,Consumer,USA,11,258.17,92.05,2839.9,198.79,2641.11,1012.52,1628.58,0.6166,601.37,635.4,993.18,158.76,5092.59,2801.83,2290.76,1.66,1.4,1.22,0.195,5-10%,1012.52,2839.9,2641.11,1628.58,11,258.17,92.05,5-10%,198.79,Oct,Alpha
2024-05-19,2024,5,May,Cobalt,Consumer,UK,12,248.07,128.27,2976.8,0.0,2976.8,1539.21,1437.59,0.4829,694.4,695.07,742.52,281.49,5000.0,3170.37,1829.63,1.95,1.46,1.73,0.1485,0-5%,1539.21,2976.8,2976.8,1437.59,12,248.07,128.27,0-5%,0.0,May,Cobalt
2023-11-21,2023,11,Nov,Flux,Enterprise,USA,9,288.51,125.51,2596.55,0.0,2596.55,1129.63,1466.91,0.5649,378.08,365.85,1101.07,154.3,5000.0,2850.24,2149.76,1.55,1.19,1.33,0.2202,0-5%,1129.63,2596.55,2596.55,1466.91,9,288.51,125.51,0-5%,0.0,Nov,Flux
2024-06-16,2024,6,Jun,Delta,Consumer,USA,9,201.48,75.62,1813.28,0.0,1813.28,680.57,1132.72,0.6247,460.82,442.57,690.15,137.67,5000.0,2174.13,2825.87,2.07,1.7,0.77,0.138,0-5%,680.57,1813.28,1813.28,1132.72,9,201.48,75.62,0-5%,0.0,Jun,Delta
2025-09-21,2025,9,Sep,Cobalt,Enterprise,USA,8,199.29,85.84,1594.34,0.0,1594.34,686.72,907.62,0.5693,440.86,445.55,462.07,133.74,5000.0,2923.68,2076.32,1.37,0.94,1.41,0.0924,0-5%,686.72,1594.34,1594.34,907.62,8,199.29,85.84,0-5%,0.0,Sep,Cobalt
2024-05-26,2024,5,May,Delta,Consumer,India,11,199.17,102.83,2190.89,262.91,1927.98,1131.16,796.82,0.4133,260.5,264.95,531.87,238.07,5000.0,2867.43,2132.57,1.72,1.47,1.34,0.1064,10-20%,1131.16,2190.89,1927.98,796.82,11,199.17,102.83,10-20%,262.91,May,Delta
2023-03-14,2023,3,Mar,Alpha,SMB,USA,3,269.45,148.15,808.35,56.58,751.77,444.46,307.31,0.4088,152.79,148.92,158.39,87.95,5000.0,1778.9,3221.1,1.62,1.16,0.55,0.0317,5-10%,444.46,808.35,751.77,307.31,3,269.45,148.15,5-10%,56.58,Mar,Alpha
2024-10-18,2024,10,Oct,Echo,Enterprise,India,3,259.53,131.47,778.6,0.0,778.6,394.4,384.19,0.4934,117.51,114.07,270.12,63.6,5000.0,3003.75,1996.25,1.55,1.21,1.5,0.054,0-5%,394.4,778.6,778.6,384.19,3,259.53,131.47,0-5%,0.0,Oct,Echo
2024-10-20,2024,10,Oct,Delta,Enterprise,Germany,8,157.25,65.67,1258.01,0.0,1258.01,525.37,732.65,0.5824,290.68,289.52,443.13,84.17,5000.0,1972.82,3027.18,2.06,1.58,0.65,0.0886,0-5%,525.37,1258.01,1258.01,732.65,8,157.25,65.67,0-5%,0.0,Oct,Delta
2023-09-12,2023,9,Sep,Flux,SMB,India,7,192.73,75.26,1349.09,0.0,1349.09,526.84,822.24,0.6095,361.81,380.09,442.15,70.33,5000.0,1950.59,3049.41,2.08,1.6,0.64,0.0884,0-5%,526.84,1349.09,1349.09,822.24,7,192.73,75.26,0-5%,0.0,Sep,Flux
2024-04-06,2024,4,Apr,Echo,SMB,Canada,11,130.68,68.69,1437.53,0.0,1437.53,755.62,681.91,0.4744,210.28,213.52,468.39,153.84,5000.0,2305.33,2694.67,1.95,1.49,0.86,0.0937,0-5%,755.62,1437.53,1437.53,681.91,11,130.68,68.69,0-5%,0.0,Apr,Echo
2025-06-07,2025,6,Jun,Cobalt,Consumer,India,5,152.44,70.23,762.18,22.87,739.32,351.16,388.16,0.525,182.68,187.87,200.29,75.11,5000.0,3088.92,1911.08,2.96,2.7,1.62,0.0401,0-5%,351.16,762.18,739.32,388.16,5,152.44,70.23,0-5%,22.87,Jun,Cobalt
2025-11-23,2025,11,Nov,Cobalt,Consumer,USA,11,147.13,52.78,1618.38,48.55,1569.83,580.63,989.2,0.6301,391.86,370.57,618.63,79.48,5000.0,3077.45,1922.55,1.52,0.97,1.6,0.1237,0-5%,580.63,1618.38,1569.83,989.2,11,147.13,52.78,0-5%,48.55,Nov,Cobalt
2025-09-10,2025,9,Sep,Bravo,SMB,India,6,263.31,105.98,1579.85,0.0,1579.85,635.89,943.96,0.5975,327.5,304.83,639.14,100.27,5000.0,3172.89,1827.11,1.47,1.15,1.74,0.1278,0-5%,635.89,1579.85,1579.85,943.96,6,263.31,105.98,0-5%,0.0,Sep,Bravo
2025-12-19,2025,12,Dec,Alpha,Consumer,USA,9,157.62,66.88,1418.59,170.23,1248.36,601.88,646.47,0.5179,324.22,336.33,310.14,119.29,5000.0,3137.18,1862.82,2.1,1.51,1.68,0.062,10-20%,601.88,1418.59,1248.36,646.47,9,157.62,66.88,10-20%,170.23,Dec,Alpha
2025-07-14,2025,7,Jul,Alpha,SMB,USA,5,146.41,62.15,732.07,51.25,680.83,310.75,370.07,0.5436,160.03,170.01,200.06,53.74,5000.0,3232.73,1767.27,2.08,1.68,1.83,0.04,5-10%,310.75,732.07,680.83,370.07,5,146.41,62.15,5-10%,51.25,Jul,Alpha
2024-01-11,2024,1,Jan,Flux,SMB,USA,10,128.0,57.42,1280.0,0.0,1280.0,574.17,705.82,0.5514,318.39,336.84,368.98,123.25,5000.0,3170.39,1829.61,1.92,1.7,1.73,0.0738,0-5%,574.17,1280.0,1280.0,705.82,10,128.0,57.42,0-5%,0.0,Jan,Flux
2025-11-21,2025,11,Nov,Delta,Enterprise,USA,8,293.23,140.17,2345.87,70.38,2275.49,1121.39,1154.1,0.5072,294.28,302.19,851.91,233.8,5000.0,2821.8,2178.2,1.61,1.18,1.3,0.1704,0-5%,1121.39,2345.87,2275.49,1154.1,8,293.23,140.17,0-5%,70.38,Nov,Delta
2024-08-19,2024,8,Aug,Flux,Consumer,USA,12,220.32,85.94,2643.8,79.31,2564.49,1031.31,1533.17,0.5978,620.84,573.06,960.12,182.13,5000.0,1956.65,3043.35,1.93,1.55,0.64,0.192,0-5%,1031.31,2643.8,2564.49,1533.17,12,220.32,85.94,0-5%,79.31,Aug,Flux
2023-10-12,2023,10,Oct,Delta,Consumer,USA,14,221.29,102.67,3098.1,92.94,3005.15,1437.34,1567.82,0.5217,421.19,439.03,1128.79,173.53,5567.27,3374.06,2193.21,2.46,2.25,1.54,0.2028,0-5%,1437.34,3098.1,3005.15,1567.82,14,221.29,102.67,0-5%,92.94,Oct,Delta
2025-09-16,2025,9,Sep,Flux,SMB,USA,9,240.19,95.9,2161.74,259.41,1902.34,863.1,1039.24,0.5463,482.74,490.4,548.84,184.75,5000.0,1940.46,3059.54,1.54,1.0,0.63,0.1098,10-20%,863.1,2161.74,1902.34,1039.24,9,240.19,95.9,10-20%,259.41,Sep,Flux
2023-10-17,2023,10,Oct,Flux,Consumer,UK,13,179.57,81.56,2334.47,0.0,2334.47,1060.23,1274.24,0.5458,309.43,332.72,941.52,125.52,5000.0,3245.84,1754.16,1.58,1.3,1.85,0.1883,0-5%,1060.23,2334.47,2334.47,1274.24,13,179.57,81.56,0-5%,0.0,Oct,Flux
2024-08-06,2024,8,Aug,Delta,SMB,USA,15,247.51,90.65,3712.69,111.38,3601.31,1359.8,2241.51,0.6224,587.92,571.58,1669.93,182.62,6105.48,3702.9,2402.58,2.16,1.73,1.54,0.2735,0-5%,1359.8,3712.69,3601.31,2241.51,15,247.51,90.65,0-5%,111.38,Aug,Delta
2025-03-24,2025,3,Mar,Alpha,SMB,USA,9,196.45,92.75,1768.05,53.04,1715.0,834.71,880.3,0.5133,308.89,321.53,558.77,141.29,5000.0,2773.89,2226.11,1.66,1.31,1.25,0.1118,0-5%,834.71,1768.05,1715.0,880.3,9,196.45,92.75,0-5%,53.04,Mar,Alpha
2024-10-22,2024,10,Oct,Echo,Consumer,USA,11,279.75,127.21,3077.3,92.32,2984.98,1399.31,1585.67,0.5312,418.85,425.86,1159.81,241.9,5000.0,3089.51,1910.49,2.13,1.54,1.62,0.232,0-5%,1399.31,3077.3,2984.98,1585.67,11,279.75,127.21,0-5%,92.32,Oct,Echo
2025-02-03,2025,2,Feb,Echo,SMB,USA,7,255.81,114.67,1790.69,0.0,1790.69,802.68,988.01,0.5517,342.34,343.03,644.98,105.96,5000.0,2400.56,2599.44,1.87,1.65,0.92,0.129,0-5%,802.68,1790.69,1790.69,988.01,7,255.81,114.67,0-5%,0.0,Feb,Echo
2025-05-29,2025,5,May,Delta,Consumer,UK,7,239.16,105.8,1674.14,117.19,1556.95,740.62,816.33,0.5243,384.49,402.16,414.17,88.52,5000.0,2672.4,2327.6,1.99,1.73,1.15,0.0828,5-10%,740.62,1674.14,1556.95,816.33,7,239.16,105.8,5-10%,117.19,May,Delta
2025-02-25,2025,2,Feb,Cobalt,SMB,Germany,9,158.12,76.84,1423.04,99.61,1323.43,691.53,631.91,0.4775,310.56,314.55,317.35,115.4,5000.0,2623.71,2376.29,1.89,1.5,1.1,0.0635,5-10%,691.53,1423.04,1323.43,631.91,9,158.12,76.84,5-10%,99.61,Feb,Cobalt
2023-10-02,2023,10,Oct,Echo,Enterprise,Canada,14,243.96,86.01,3415.47,409.86,3005.61,1204.08,1801.53,0.5994,429.85,410.4,1391.13,220.91,5109.38,2446.44,2662.94,1.78,1.36,0.92,0.2723,10-20%,1204.08,3415.47,3005.61,1801.53,14,243.96,86.01,10-20%,409.86,Oct,Echo
2023-10-12,2023,10,Oct,Cobalt,Consumer,USA,5,242.34,105.83,1211.7,302.93,908.78,529.14,379.63,0.4177,132.22,139.58,240.05,62.1,5000.0,2813.65,2186.35,1.98,1.42,1.29,0.048,20%+,529.14,1211.7,908.78,379.63,5,242.34,105.83,20%+,302.93,Oct,Cobalt
2024-11-02,2024,11,Nov,Alpha,Consumer,USA,8,299.76,148.29,2398.09,0.0,2398.09,1186.32,1211.77,0.5053,631.31,675.37,536.4,120.63,5000.0,2733.86,2266.14,1.61,1.41,1.21,0.1073,0-5%,1186.32,2398.09,2398.09,1211.77,8,299.76,148.29,0-5%,0.0,Nov,Alpha
2025-04-20,2025,4,Apr,Alpha,SMB,UK,14,227.68,122.82,3187.45,0.0,3187.45,1719.53,1467.93,0.4605,418.84,423.05,1044.88,352.73,5000.0,2229.68,2770.32,2.28,2.01,0.8,0.209,0-5%,1719.53,3187.45,3187.45,1467.93,14,227.68,122.82,0-5%,0.0,Apr,Alpha
2024-03-24,2024,3,Mar,Alpha,Consumer,India,8,281.04,128.0,2248.34,67.45,2180.89,1024.02,1156.87,0.5305,262.54,267.04,889.83,148.4,5000.0,2810.54,2189.46,1.23,0.81,1.28,0.178,0-5%,1024.02,2248.34,2180.89,1156.87,8,281.04,128.0,0-5%,67.45,Mar,Alpha
2023-12-14,2023,12,Dec,Cobalt,SMB,Germany,13,221.52,92.17,2879.77,86.39,2793.37,1198.18,1595.2,0.5711,539.57,498.76,1096.44,142.09,5000.0,2102.22,2897.78,2.09,1.78,0.73,0.2193,0-5%,1198.18,2879.77,2793.37,1595.2,13,221.52,92.17,0-5%,86.39,Dec,Cobalt
2025-07-29,2025,7,Jul,Bravo,Consumer,Germany,12,167.42,63.38,2009.06,0.0,2009.06,760.61,1248.46,0.6214,443.62,478.19,770.27,99.04,5000.0,2497.31,2502.69,1.92,1.55,1.0,0.1541,0-5%,760.61,2009.06,2009.06,1248.46,12,167.42,63.38,0-5%,0.0,Jul,Bravo
2023-12-20,2023,12,Dec,Alpha,Enterprise,UK,9,113.63,43.85,1022.67,0.0,1022.67,394.64,628.02,0.6141,178.66,185.95,442.07,74.15,5000.0,2603.68,2396.32,1.8,1.23,1.09,0.0884,0-5%,394.64,1022.67,1022.67,628.02,9,113.63,43.85,0-5%,0.0,Dec,Alpha
2025-03-27,2025,3,Mar,Alpha,Consumer,Canada,12,216.07,115.86,2592.85,181.5,2411.35,1390.35,1021.0,0.4234,391.67,376.18,644.82,255.36,5000.0,2538.72,2461.28,1.41,0.86,1.03,0.129,5-10%,1390.35,2592.85,2411.35,1021.0,12,216.07,115.86,5-10%,181.5,Mar,Alpha
2024-07-06,2024,7,Jul,Bravo,Consumer,USA,6,197.92,69.57,1187.5,142.5,1045.0,417.39,627.61,0.6006,203.0,186.93,440.68,59.77,5000.0,3199.39,1800.61,1.56,1.02,1.78,0.0881,10-20%,417.39,1187.5,1045.0,627.61,6,197.92,69.57,10-20%,142.5,Jul,Bravo
2025-04-16,2025,4,Apr,Echo,Enterprise,USA,12,268.89,139.94,3226.69,387.2,2839.49,1679.24,1160.25,0.4086,556.21,590.3,569.94,300.14,5000.0,2454.11,2545.89,1.53,1.23,0.96,0.114,10-20%,1679.24,3226.69,2839.49,1160.25,12,268.89,139.94,10-20%,387.2,Apr,Echo
2023-12-02,2023,12,Dec,Alpha,Consumer,Canada,5,193.17,83.87,965.85,28.98,936.88,419.36,517.52,0.5524,201.7,216.91,300.61,72.42,5000.0,3033.97,1966.03,1.24,0.87,1.54,0.0601,0-5%,419.36,965.85,936.88,517.52,5,193.17,83.87,0-5%,28.98,Dec,Alpha
2025-06-01,2025,6,Jun,Cobalt,Enterprise,USA,9,274.19,125.73,2467.69,74.03,2393.66,1131.58,1262.08,0.5273,534.48,571.51,690.56,131.5,5000.0,2754.28,2245.72,2.23,1.68,1.23,0.1381,0-5%,1131.58,2467.69,2393.66,1262.08,9,274.19,125.73,0-5%,74.03,Jun,Cobalt
2023-05-26,2023,5,May,Flux,SMB,Canada,12,190.16,71.74,2281.88,0.0,2281.88,860.94,1420.94,0.6227,447.27,463.41,957.53,135.93,5000.0,3147.46,1852.54,1.76,1.5,1.7,0.1915,0-5%,860.94,2281.88,2281.88,1420.94,12,190.16,71.74,0-5%,0.0,May,Flux
2023-01-14,2023,1,Jan,Cobalt,Enterprise,Germany,9,136.01,60.38,1224.1,0.0,1224.1,543.42,680.68,0.5561,197.62,212.31,468.37,84.91,5000.0,2706.69,2293.31,1.0,0.59,1.18,0.0937,0-5%,543.42,1224.1,1224.1,680.68,9,136.01,60.38,0-5%,0.0,Jan,Cobalt
2024-12-06,2024,12,Dec,Flux,SMB,UK,7,225.92,114.28,1581.42,0.0,1581.42,799.94,781.48,0.4942,373.75,357.59,423.89,153.01,5000.0,2547.22,2452.78,1.38,0.97,1.04,0.0848,0-5%,799.94,1581.42,1581.42,781.48,7,225.92,114.28,0-5%,0.0,Dec,Flux
2025-01-01,2025,1,Jan,Bravo,Consumer,Germany,6,158.28,56.99,949.69,28.49,921.2,341.93,579.26,0.6288,172.19,178.34,400.92,74.78,5000.0,2333.05,2666.95,1.96,1.74,0.87,0.0802,0-5%,341.93,949.69,921.2,579.26,6,158.28,56.99,0-5%,28.49,Jan,Bravo
2024-02-26,2024,2,Feb,Delta,Consumer,Canada,11,217.67,112.44,2394.4,287.33,2107.08,1236.89,870.19,0.413,438.95,414.05,456.13,209.13,5000.0,2697.36,2302.64,1.75,1.35,1.17,0.0912,10-20%,1236.89,2394.4,2107.08,870.19,11,217.67,112.44,10-20%,287.33,Feb,Delta
2025-11-30,2025,11,Nov,Bravo,SMB,USA,5,198.7,99.73,993.49,29.8,963.69,498.64,465.05,0.4826,217.4,212.54,252.51,102.87,5000.0,2903.95,2096.05,1.51,0.96,1.39,0.0505,0-5%,498.64,993.49,963.69,465.05,5,198.7,99.73,0-5%,29.8,Nov,Bravo
2025-05-21,2025,5,May,Flux,SMB,UK,11,178.57,83.92,1964.31,137.5,1826.81,923.11,903.69,0.4947,271.66,279.05,624.65,135.74,5000.0,2025.61,2974.39,1.1,0.77,0.68,0.1249,5-10%,923.11,1964.31,1826.81,903.69,11,178.57,83.92,5-10%,137.5,May,Flux
2023-10-19,2023,10,Oct,Bravo,Consumer,USA,10,232.93,106.64,2329.33,163.05,2166.28,1066.43,1099.84,0.5077,493.4,461.53,638.31,211.68,5000.0,1827.43,3172.57,2.3,1.72,0.58,0.1277,5-10%,1066.43,2329.33,2166.28,1099.84,10,232.93,106.64,5-10%,163.05,Oct,Bravo
2024-08-10,2024,8,Aug,Cobalt,Consumer,USA,7,208.31,113.36,1458.14,0.0,1458.14,793.55,664.59,0.4558,188.9,181.37,483.22,92.18,5000.0,1947.97,3052.03,1.42,0.88,0.64,0.0966,0-5%,793.55,1458.14,1458.14,664.59,7,208.31,113.36,0-5%,0.0,Aug,Cobalt
2024-09-27,2024,9,Sep,Bravo,SMB,USA,11,239.6,106.08,2635.63,184.49,2451.14,1166.89,1284.25,0.5239,364.63,335.76,948.49,204.37,5000.0,2390.29,2609.71,2.2,1.71,0.92,0.1897,5-10%,1166.89,2635.63,2451.14,1284.25,11,239.6,106.08,5-10%,184.49,Sep,Bravo
2023-05-08,2023,5,May,Delta,Enterprise,India,8,101.53,46.98,812.21,56.85,755.35,375.87,379.49,0.5024,170.88,183.43,196.05,50.0,5000.0,2789.58,2210.42,1.85,1.63,1.26,0.0392,5-10%,375.87,812.21,755.35,379.49,8,101.53,46.98,5-10%,56.85,May,Delta
2025-07-20,2025,7,Jul,Alpha,SMB,Germany,13,244.06,92.72,3172.83,222.1,2950.73,1205.33,1745.4,0.5915,404.87,387.21,1358.19,186.36,5000.0,1778.73,3221.27,1.4,1.17,0.55,0.2716,5-10%,1205.33,3172.83,2950.73,1745.4,13,244.06,92.72,5-10%,222.1,Jul,Alpha
2024-03-19,2024,3,Mar,Alpha,Consumer,USA,4,206.97,108.69,827.88,24.84,803.05,434.76,368.29,0.4586,223.31,216.24,152.05,63.26,5000.0,3131.59,1868.41,1.88,1.3,1.68,0.0304,0-5%,434.76,827.88,803.05,368.29,4,206.97,108.69,0-5%,24.84,Mar,Alpha
2023-05-01,2023,5,May,Delta,Consumer,India,10,170.03,87.37,1700.25,204.03,1496.22,873.74,622.48,0.416,381.1,374.91,247.57,183.65,5000.0,3023.52,1976.48,1.95,1.39,1.53,0.0495,10-20%,873.74,1700.25,1496.22,622.48,10,170.03,87.37,10-20%,204.03,May,Delta
2025-08-31,2025,8,Aug,Bravo,Consumer,USA,8,213.06,109.82,1704.49,51.13,1653.35,878.59,774.77,0.4686,224.51,228.33,546.44,147.36,5000.0,2118.35,2881.65,2.02,1.68,0.74,0.1093,0-5%,878.59,1704.49,1653.35,774.77,8,213.06,109.82,0-5%,51.13,Aug,Bravo
2025-07-07,2025,7,Jul,Echo,SMB,USA,13,121.06,65.23,1573.72,110.16,1463.56,847.94,615.62,0.4206,376.38,406.47,209.15,129.19,5000.0,2524.99,2475.01,2.17,1.73,1.02,0.0418,5-10%,847.94,1573.72,1463.56,615.62,13,121.06,65.23,5-10%,110.16,Jul,Echo
2024-11-30,2024,11,Nov,Alpha,Enterprise,Canada,10,239.54,109.72,2395.41,167.68,2227.73,1097.2,1130.53,0.5075,618.95,644.91,485.62,178.93,5000.0,3129.08,1870.92,2.26,1.85,1.67,0.0971,5-10%,1097.2,2395.41,2227.73,1130.53,10,239.54,109.72,5-10%,167.68,Nov,Alpha
2023-02-20,2023,2,Feb,Alpha,Consumer,Germany,12,204.42,75.42,2452.98,294.36,2158.63,904.99,1253.64,0.5808,454.48,427.24,826.4,179.8,5000.0,2562.21,2437.79,1.46,1.26,1.05,0.1653,10-20%,904.99,2452.98,2158.63,1253.64,12,204.42,75.42,10-20%,294.36,Feb,Alpha
2025-09-18,2025,9,Sep,Cobalt,Consumer,USA,10,203.34,90.36,2033.35,61.0,1972.35,903.58,1068.77,0.5419,316.35,334.12,734.65,126.63,5000.0,2726.38,2273.62,2.0,1.67,1.2,0.1469,0-5%,903.58,2033.35,1972.35,1068.77,10,203.34,90.36,0-5%,61.0,Sep,Cobalt
2025-01-29,2025,1,Jan,Delta,SMB,USA,9,284.93,146.44,2564.35,179.5,2384.85,1317.92,1066.93,0.4474,495.83,507.9,559.03,254.23,5000.0,2424.75,2575.25,1.75,1.19,0.94,0.1118,5-10%,1317.92,2564.35,2384.85,1066.93,9,284.93,146.44,5-10%,179.5,Jan,Delta
2024-05-06,2024,5,May,Alpha,Consumer,USA,12,278.3,128.52,3339.55,100.19,3239.36,1542.25,1697.11,0.5239,865.36,893.56,803.56,277.91,5024.9,2163.8,2861.1,1.81,1.23,0.76,0.1599,0-5%,1542.25,3339.55,3239.36,1697.11,12,278.3,128.52,0-5%,100.19,May,Alpha
2024-08-19,2024,8,Aug,Flux,Consumer,USA,12,168.02,72.83,2016.3,141.14,1875.16,873.98,1001.18,0.5339,248.77,231.61,769.57,114.11,5000.0,2827.44,2172.56,1.93,1.72,1.3,0.1539,5-10%,873.98,2016.3,1875.16,1001.18,12,168.02,72.83,5-10%,141.14,Aug,Flux
2023-11-12,2023,11,Nov,Cobalt,SMB,Canada,15,259.92,123.0,3898.76,0.0,3898.76,1844.95,2053.81,0.5268,824.77,784.96,1268.84,265.76,6515.3,3258.52,3256.78,1.97,1.4,1.0,0.1947,0-5%,1844.95,3898.76,3898.76,2053.81,15,259.92,123.0,0-5%,0.0,Nov,Cobalt
2025-12-16,2025,12,Dec,Delta,Enterprise,USA,8,134.98,74.08,1079.85,32.4,1047.45,592.61,454.84,0.4342,244.15,236.03,218.81,75.09,5000.0,3197.27,1802.73,1.15,0.7,1.77,0.0438,0-5%,592.61,1079.85,1047.45,454.84,8,134.98,74.08,0-5%,32.4,Dec,Delta
2025-03-11,2025,3,Mar,Delta,SMB,USA,10,245.54,99.76,2455.39,171.88,2283.51,997.61,1285.89,0.5631,370.05,385.53,900.36,213.3,5000.0,2481.83,2518.17,1.76,1.19,0.99,0.1801,5-10%,997.61,2455.39,2283.51,1285.89,10,245.54,99.76,5-10%,171.88,Mar,Delta
2025-01-18,2025,1,Jan,Alpha,SMB,India,13,126.39,44.39,1643.05,49.29,1593.76,577.11,1016.65,0.6379,393.6,385.13,631.51,67.56,5000.0,3077.22,1922.78,1.52,1.18,1.6,0.1263,0-5%,577.11,1643.05,1593.76,1016.65,13,126.39,44.39,0-5%,49.29,Jan,Alpha
2025-04-20,2025,4,Apr,Alpha,Consumer,USA,9,228.05,104.4,2052.44,0.0,2052.44,939.64,1112.8,0.5422,574.26,595.22,517.58,183.74,5000.0,2524.35,2475.65,1.56,1.2,1.02,0.1035,0-5%,939.64,2052.44,2052.44,1112.8,9,228.05,104.4,0-5%,0.0,Apr,Alpha
2025-02-10,2025,2,Feb,Delta,Consumer,USA,11,174.07,66.62,1914.73,0.0,1914.73,732.87,1181.86,0.6172,379.52,353.24,828.62,129.97,5000.0,2886.94,2113.06,1.47,1.22,1.37,0.1657,0-5%,732.87,1914.73,1914.73,1181.86,11,174.07,66.62,0-5%,0.0,Feb,Delta
2023-01-23,2023,1,Jan,Alpha,Consumer,USA,11,211.71,76.64,2328.77,69.86,2258.91,842.99,1415.92,0.6268,278.29,263.13,1152.79,98.29,5000.0,3027.76,1972.24,1.71,1.39,1.54,0.2306,0-5%,842.99,2328.77,2258.91,1415.92,11,211.71,76.64,0-5%,69.86,Jan,Alpha
2024-12-05,2024,12,Dec,Echo,Consumer,USA,5,187.72,71.31,938.61,28.16,910.45,356.55,553.9,0.6084,226.82,212.61,341.29,50.0,5000.0,2427.44,2572.56,2.02,1.43,0.94,0.0683,0-5%,356.55,938.61,910.45,553.9,5,187.72,71.31,0-5%,28.16,Dec,Echo
2025-09-01,2025,9,Sep,Delta,SMB,USA,9,281.81,126.73,2536.33,0.0,2536.33,1140.61,1395.72,0.5503,695.19,684.09,711.63,211.12,5000.0,2265.27,2734.73,1.41,0.93,0.83,0.1423,0-5%,1140.61,2536.33,2536.33,1395.72,9,281.81,126.73,0-5%,0.0,Sep,Delta
2025-07-28,2025,7,Jul,Bravo,Consumer,India,8,163.7,59.12,1309.56,39.29,1270.28,472.96,797.32,0.6277,189.26,200.04,597.28,73.36,5000.0,2979.59,2020.41,1.43,1.14,1.47,0.1195,0-5%,472.96,1309.56,1270.28,797.32,8,163.7,59.12,0-5%,39.29,Jul,Bravo
2023-10-02,2023,10,Oct,Echo,Enterprise,USA,10,225.36,113.64,2253.56,0.0,2253.56,1136.39,1117.17,0.4957,424.33,392.96,724.21,225.88,5000.0,2787.69,2212.31,1.72,1.31,1.26,0.1448,0-5%,1136.39,2253.56,2253.56,1117.17,10,225.36,113.64,0-5%,0.0,Oct,Echo
2025-09-12,2025,9,Sep,Bravo,Consumer,USA,11,217.48,93.55,2392.24,167.46,2224.79,1029.08,1195.7,0.5374,549.09,581.78,613.93,225.97,5000.0,3153.54,1846.46,1.22,0.93,1.71,0.1228,5-10%,1029.08,2392.24,2224.79,1195.7,11,217.48,93.55,5-10%,167.46,Sep,Bravo
2025-09-20,2025,9,Sep,Alpha,SMB,USA,7,192.13,93.03,1344.93,161.39,1183.54,651.22,532.32,0.4498,229.15,235.03,297.29,79.1,5000.0,2488.53,2511.47,2.32,2.11,0.99,0.0595,10-20%,651.22,1344.93,1183.54,532.32,7,192.13,93.03,10-20%,161.39,Sep,Alpha
2025-09-05,2025,9,Sep,Echo,Consumer,USA,13,215.67,108.77,2803.7,700.93,2102.78,1414.02,688.75,0.3275,540.37,507.97,180.78,305.24,5000.0,2404.41,2595.59,1.57,1.1,0.93,0.0362,20%+,1414.02,2803.7,2102.78,688.75,13,215.67,108.77,20%+,700.93,Sep,Echo
2024-09-10,2024,9,Sep,Echo,SMB,UK,11,317.27,127.61,3489.98,0.0,3489.98,1403.72,2086.27,0.5978,439.25,467.03,1619.24,292.78,5793.0,2882.74,2910.26,1.91,1.58,0.99,0.2795,0-5%,1403.72,3489.98,3489.98,2086.27,11,317.27,127.61,0-5%,0.0,Sep,Echo
2025-10-03,2025,10,Oct,Bravo,Consumer,USA,12,151.17,60.98,1814.09,126.99,1687.11,731.78,955.32,0.5663,264.43,277.05,678.28,126.9,5000.0,3038.1,1961.9,1.88,1.31,1.55,0.1357,5-10%,731.78,1814.09,1687.11,955.32,12,151.17,60.98,5-10%,126.99,Oct,Bravo
2025-04-27,2025,4,Apr,Delta,Enterprise,USA,13,202.13,96.67,2627.7,78.83,2548.87,1256.77,1292.11,0.5069,372.21,392.37,899.74,235.97,5000.0,2772.35,2227.65,2.34,2.05,1.24,0.1799,0-5%,1256.77,2627.7,2548.87,1292.11,13,202.13,96.67,0-5%,78.83,Apr,Delta
2025-01-12,2025,1,Jan,Cobalt,Consumer,USA,8,238.71,106.17,1909.7,0.0,1909.7,849.33,1060.37,0.5553,308.29,301.35,759.02,124.12,5000.0,2548.31,2451.69,1.82,1.51,1.04,0.1518,0-5%,849.33,1909.7,1909.7,1060.37,8,238.71,106.17,0-5%,0.0,Jan,Cobalt
2024-09-18,2024,9,Sep,Alpha,Consumer,India,8,307.64,108.28,2461.14,0.0,2461.14,866.2,1594.94,0.648,301.32,304.94,1290.0,126.26,5000.0,2914.42,2085.58,0.98,0.5,1.4,0.258,0-5%,866.2,2461.14,2461.14,1594.94,8,307.64,108.28,0-5%,0.0,Sep,Alpha
2025-03-28,2025,3,Mar,Delta,Consumer,USA,9,224.47,81.76,2020.27,60.61,1959.66,735.85,1223.81,0.6245,305.6,296.29,927.52,86.96,5000.0,2170.94,2829.06,1.23,0.69,0.77,0.1855,0-5%,735.85,2020.27,1959.66,1223.81,9,224.47,81.76,0-5%,60.61,Mar,Delta
2024-09-10,2024,9,Sep,Flux,Consumer,Canada,12,162.91,68.51,1954.87,136.84,1818.03,822.13,995.9,0.5478,373.05,400.84,595.06,141.79,5000.0,1982.06,3017.94,2.13,1.7,0.66,0.119,5-10%,822.13,1954.87,1818.03,995.9,12,162.91,68.51,5-10%,136.84,Sep,Flux
2024-03-28,2024,3,Mar,Cobalt,Enterprise,USA,10,249.93,116.63,2499.34,174.95,2324.39,1166.34,1158.05,0.4982,467.57,445.59,712.47,148.64,5000.0,2938.44,2061.56,1.57,1.23,1.43,0.1425,5-10%,1166.34,2499.34,2324.39,1158.05,10,249.93,116.63,5-10%,174.95,Mar,Cobalt
2025-09-14,2025,9,Sep,Bravo,Consumer,USA,12,305.36,156.25,3664.32,439.72,3224.6,1875.02,1349.59,0.4185,399.46,387.43,962.15,396.03,5931.89,3145.72,2786.17,1.78,1.44,1.13,0.1622,10-20%,1875.02,3664.32,3224.6,1349.59,12,305.36,156.25,10-20%,439.72,Sep,Bravo
2025-07-26,2025,7,Jul,Alpha,Consumer,USA,10,193.22,69.71,1932.23,57.97,1874.27,697.11,1177.16,0.6281,384.66,410.23,766.93,121.21,5000.0,2247.34,2752.66,1.65,1.19,0.82,0.1534,0-5%,697.11,1932.23,1874.27,1177.16,10,193.22,69.71,0-5%,57.97,Jul,Alpha
2024-02-09,2024,2,Feb,Delta,Consumer,USA,8,294.67,159.35,2357.35,589.34,1768.01,1274.79,493.22,0.279,244.45,255.42,237.8,261.99,5000.0,2685.02,2314.98,1.86,1.29,1.16,0.0476,20%+,1274.79,2357.35,1768.01,493.22,8,294.67,159.35,20%+,589.34,Feb,Delta
2025-09-23,2025,9,Sep,Bravo,SMB,UK,6,104.44,55.0,626.64,43.87,582.78,330.02,252.76,0.4337,122.55,126.28,126.47,61.89,5000.0,2296.89,2703.11,1.86,1.35,0.85,0.0253,5-10%,330.02,626.64,582.78,252.76,6,104.44,55.0,5-10%,43.87,Sep,Bravo
2024-03-31,2024,3,Mar,Delta,Consumer,USA,7,133.64,62.47,935.45,0.0,935.45,437.27,498.17,0.5326,237.01,254.35,243.82,61.3,5000.0,2579.81,2420.19,1.64,1.29,1.07,0.0488,0-5%,437.27,935.45,935.45,498.17,7,133.64,62.47,0-5%,0.0,Mar,Delta
2024-11-12,2024,11,Nov,Alpha,Consumer,UK,14,333.65,160.91,4671.16,0.0,4671.16,2252.71,2418.45,0.5177,1156.23,1224.86,1193.59,360.84,7549.74,3543.36,4006.38,1.82,1.61,0.88,0.1581,0-5%,2252.71,4671.16,4671.16,2418.45,14,333.65,160.91,0-5%,0.0,Nov,Alpha
2024-07-11,2024,7,Jul,Echo,Consumer,USA,4,270.89,135.27,1083.58,0.0,1083.58,541.08,542.5,0.5007,219.76,205.39,337.11,116.33,5000.0,3222.96,1777.04,1.83,1.46,1.81,0.0674,0-5%,541.08,1083.58,1083.58,542.5,4,270.89,135.27,0-5%,0.0,Jul,Echo
2025-12-13,2025,12,Dec,Delta,Consumer,India,8,198.68,104.64,1589.42,47.68,1541.73,837.16,704.58,0.457,224.1,231.19,473.38,165.08,5000.0,2307.26,2692.74,1.6,1.36,0.86,0.0947,0-5%,837.16,1589.42,1541.73,704.58,8,198.68,104.64,0-5%,47.68,Dec,Delta
2023-10-12,2023,10,Oct,Flux,Consumer,USA,13,165.33,71.04,2149.25,257.91,1891.34,923.58,967.77,0.5117,306.59,309.41,658.36,122.96,5000.0,2988.52,2011.48,1.74,1.47,1.49,0.1317,10-20%,923.58,2149.25,1891.34,967.77,13,165.33,71.04,10-20%,257.91,Oct,Flux
2024-11-13,2024,11,Nov,Alpha,Enterprise,India,9,185.87,85.02,1672.82,200.74,1472.08,765.21,706.87,0.4802,264.87,280.41,426.46,156.51,5000.0,1767.64,3232.36,1.96,1.72,0.55,0.0853,10-20%,765.21,1672.82,1472.08,706.87,9,185.87,85.02,10-20%,200.74,Nov,Alpha
2025-10-14,2025,10,Oct,Bravo,Consumer,USA,7,401.16,195.97,2808.1,0.0,2808.1,1371.8,1436.3,0.5115,677.96,698.1,738.2,293.37,5000.0,2347.39,2652.61,1.89,1.37,0.88,0.1476,0-5%,1371.8,2808.1,2808.1,1436.3,7,401.16,195.97,0-5%,0.0,Oct,Bravo
2024-09-19,2024,9,Sep,Bravo,Enterprise,USA,10,190.72,79.43,1907.22,133.51,1773.71,794.3,979.42,0.5522,214.21,201.57,777.85,119.75,5000.0,1863.91,3136.09,1.19,0.66,0.59,0.1556,5-10%,794.3,1907.22,1773.71,979.42,10,190.72,79.43,5-10%,133.51,Sep,Bravo
2024-03-19,2024,3,Mar,Alpha,Consumer,India,9,164.5,86.87,1480.48,177.66,1302.82,781.83,520.99,0.3999,261.68,254.04,266.95,84.41,5000.0,2966.78,2033.22,2.15,1.91,1.46,0.0534,10-20%,781.83,1480.48,1302.82,520.99,9,164.5,86.87,10-20%,177.66,Mar,Alpha
2025-04-26,2025,4,Apr,Flux,Consumer,India,4,223.44,93.2,893.75,26.81,866.94,372.79,494.14,0.57,158.29,166.03,328.11,50.0,5000.0,2644.54,2355.46,1.69,1.17,1.12,0.0656,0-5%,372.79,893.75,866.94,494.14,4,223.44,93.2,0-5%,26.81,Apr,Flux
2023-09-25,2023,9,Sep,Alpha,Consumer,USA,8,199.29,79.96,1594.3,0.0,1594.3,639.67,954.63,0.5988,288.84,301.55,653.08,131.86,5000.0,2801.49,2198.51,1.87,1.38,1.27,0.1306,0-5%,639.67,1594.3,1594.3,954.63,8,199.29,79.96,0-5%,0.0,Sep,Alpha
2025-07-04,2025,7,Jul,Flux,Enterprise,India,12,226.92,80.66,2723.09,190.62,2532.47,967.88,1564.59,0.6178,322.08,317.02,1247.57,153.85,5036.2,2725.21,2310.99,1.58,1.36,1.18,0.2477,5-10%,967.88,2723.09,2532.47,1564.59,12,226.92,80.66,5-10%,190.62,Jul,Flux
2023-05-04,2023,5,May,Delta,Enterprise,India,9,242.8,108.85,2185.24,0.0,2185.24,979.62,1205.62,0.5517,532.98,566.77,638.85,103.4,5000.0,2056.96,2943.04,1.74,1.52,0.7,0.1278,0-5%,979.62,2185.24,2185.24,1205.62,9,242.8,108.85,0-5%,0.0,May,Delta
2023-03-07,2023,3,Mar,Cobalt,Consumer,USA,9,308.94,118.95,2780.47,0.0,2780.47,1070.58,1709.89,0.615,708.0,671.2,1038.68,109.84,5495.79,3242.26,2253.54,1.78,1.31,1.44,0.189,0-5%,1070.58,2780.47,2780.47,1709.89,9,308.94,118.95,0-5%,0.0,Mar,Cobalt
2023-01-04,2023,1,Jan,Echo,Consumer,USA,5,138.91,60.28,694.57,173.64,520.93,301.38,219.55,0.4215,88.57,87.1,132.45,50.0,5000.0,1931.91,3068.09,2.04,1.46,0.63,0.0265,20%+,301.38,694.57,520.93,219.55,5,138.91,60.28,20%+,173.64,Jan,Echo
2025-09-12,2025,9,Sep,Echo,SMB,USA,8,214.84,103.13,1718.73,120.31,1598.42,825.06,773.36,0.4838,217.37,232.65,540.71,108.51,5000.0,2549.88,2450.12,2.06,1.63,1.04,0.1081,5-10%,825.06,1718.73,1598.42,773.36,8,214.84,103.13,5-10%,120.31,Sep,Echo
2024-01-15,2024,1,Jan,Bravo,Consumer,USA,7,173.28,76.27,1212.98,0.0,1212.98,533.89,679.09,0.5599,248.46,251.43,427.66,54.82,5000.0,2389.89,2610.11,2.18,1.9,0.92,0.0855,0-5%,533.89,1212.98,1212.98,679.09,7,173.28,76.27,0-5%,0.0,Jan,Bravo
2025-04-25,2025,4,Apr,Bravo,Consumer,India,4,221.61,117.99,886.42,106.37,780.05,471.96,308.09,0.395,201.62,200.22,107.88,84.87,5000.0,3096.19,1903.81,1.65,1.42,1.63,0.0216,10-20%,471.96,886.42,780.05,308.09,4,221.61,117.99,10-20%,106.37,Apr,Bravo
2024-10-19,2024,10,Oct,Bravo,Consumer,USA,10,215.51,90.64,2155.11,64.65,2090.45,906.36,1184.1,0.5664,301.26,279.27,904.83,164.53,5000.0,3067.73,1932.27,1.32,0.87,1.59,0.181,0-5%,906.36,2155.11,2090.45,1184.1,10,215.51,90.64,0-5%,64.65,Oct,Bravo
2025-01-27,2025,1,Jan,Bravo,Consumer,UK,5,214.38,75.66,1071.9,0.0,1071.9,378.32,693.58,0.6471,180.48,171.35,522.23,65.76,5000.0,3135.29,1864.71,1.81,1.45,1.68,0.1044,0-5%,378.32,1071.9,1071.9,693.58,5,214.38,75.66,0-5%,0.0,Jan,Bravo
2024-04-13,2024,4,Apr,Delta,SMB,USA,10,250.21,131.02,2502.09,0.0,2502.09,1310.2,1191.9,0.4764,475.31,445.44,746.46,248.5,5000.0,2478.31,2521.69,2.0,1.41,0.98,0.1493,0-5%,1310.2,2502.09,2502.09,1191.9,10,250.21,131.02,0-5%,0.0,Apr,Delta
2024-06-07,2024,6,Jun,Echo,SMB,USA,10,222.16,79.04,2221.63,0.0,2221.63,790.36,1431.26,0.6442,417.91,417.14,1014.13,94.34,5000.0,2526.14,2473.86,1.44,0.87,1.02,0.2028,0-5%,790.36,2221.63,2221.63,1431.26,10,222.16,79.04,0-5%,0.0,Jun,Echo
2023-01-28,2023,1,Jan,Bravo,Consumer,USA,7,304.74,166.97,2133.18,64.0,2069.19,1168.77,900.42,0.4352,379.45,384.93,515.49,244.96,5000.0,2159.82,2840.18,2.29,1.83,0.76,0.1031,0-5%,1168.77,2133.18,2069.19,900.42,7,304.74,166.97,0-5%,64.0,Jan,Bravo
2025-11-07,2025,11,Nov,Echo,Enterprise,USA,10,191.16,70.04,1911.57,477.89,1433.68,700.39,733.29,0.5115,357.31,367.97,365.31,104.11,5000.0,2211.39,2788.61,1.43,0.96,0.79,0.0731,20%+,700.39,1911.57,1433.68,733.29,10,191.16,70.04,20%+,477.89,Nov,Echo
2023-01-19,2023,1,Jan,Bravo,Consumer,UK,10,349.74,181.93,3497.37,244.82,3252.56,1819.25,1433.3,0.4407,689.27,661.95,771.35,358.81,5279.23,1885.4,3393.84,2.28,1.88,0.56,0.1461,5-10%,1819.25,3497.37,3252.56,1433.3,10,349.74,181.93,5-10%,244.82,Jan,Bravo
2025-11-25,2025,11,Nov,Echo,SMB,India,6,266.71,143.91,1600.28,192.03,1408.25,863.47,544.78,0.3868,206.63,195.12,349.66,110.49,5000.0,2229.88,2770.12,1.96,1.39,0.8,0.0699,10-20%,863.47,1600.28,1408.25,544.78,6,266.71,143.91,10-20%,192.03,Nov,Echo
2024-08-21,2024,8,Aug,Bravo,Consumer,Germany,8,253.02,116.9,2024.16,141.69,1882.47,935.23,947.23,0.5032,470.54,456.43,490.81,152.27,5000.0,2410.54,2589.46,1.67,1.42,0.93,0.0982,5-10%,935.23,2024.16,1882.47,947.23,8,253.02,116.9,5-10%,141.69,Aug,Bravo
2024-05-13,2024,5,May,Bravo,Enterprise,USA,10,115.51,45.83,1155.06,0.0,1155.06,458.29,696.77,0.6032,298.52,320.18,376.6,50.25,5000.0,3124.07,1875.93,2.11,1.74,1.67,0.0753,0-5%,458.29,1155.06,1155.06,696.77,10,115.51,45.83,0-5%,0.0,May,Bravo
2023-04-06,2023,4,Apr,Delta,SMB,India,6,225.06,118.43,1350.37,40.51,1309.86,710.55,599.3,0.4575,252.49,268.57,330.74,148.0,5000.0,3209.5,1790.5,1.39,0.81,1.79,0.0661,0-5%,710.55,1350.37,1309.86,599.3,6,225.06,118.43,0-5%,40.51,Apr,Delta
2023-02-05,2023,2,Feb,Cobalt,Consumer,USA,13,163.03,82.85,2119.35,0.0,2119.35,1077.03,1042.32,0.4918,562.16,549.16,493.16,164.7,5000.0,3207.44,1792.56,1.86,1.28,1.79,0.0986,0-5%,1077.03,2119.35,2119.35,1042.32,13,163.03,82.85,0-5%,0.0,Feb,Cobalt
2023-08-12,2023,8,Aug,Cobalt,Consumer,USA,4,126.09,61.03,504.38,60.53,443.85,244.13,199.72,0.45,107.11,110.02,89.7,50.0,5000.0,2049.4,2950.6,1.85,1.61,0.69,0.0179,10-20%,244.13,504.38,443.85,199.72,4,126.09,61.03,10-20%,60.53,Aug,Cobalt
2024-01-26,2024,1,Jan,Bravo,Enterprise,USA,8,231.84,115.35,1854.72,222.57,1632.15,922.83,709.32,0.4346,343.88,366.03,343.3,121.2,5000.0,2592.35,2407.65,1.35,0.82,1.08,0.0687,10-20%,922.83,1854.72,1632.15,709.32,8,231.84,115.35,10-20%,222.57,Jan,Bravo
2024-03-14,2024,3,Mar,Echo,SMB,USA,6,259.24,115.84,1555.46,46.66,1508.79,695.01,813.78,0.5394,407.87,382.73,431.05,124.36,5000.0,2337.62,2662.38,1.55,1.3,0.88,0.0862,0-5%,695.01,1555.46,1508.79,813.78,6,259.24,115.84,0-5%,46.66,Mar,Echo
2023-07-02,2023,7,Jul,Bravo,Enterprise,UK,8,264.92,108.43,2119.36,0.0,2119.36,867.43,1251.92,0.5907,536.13,528.35,723.57,104.55,5000.0,3237.11,1762.89,1.63,1.36,1.84,0.1447,0-5%,867.43,2119.36,2119.36,1251.92,8,264.92,108.43,0-5%,0.0,Jul,Bravo
2025-02-19,2025,2,Feb,Cobalt,Consumer,Canada,5,179.15,65.27,895.77,107.49,788.27,326.33,461.95,0.586,158.14,149.88,312.07,50.0,5000.0,2561.36,2438.64,1.73,1.32,1.05,0.0624,10-20%,326.33,895.77,788.27,461.95,5,179.15,65.27,10-20%,107.49,Feb,Cobalt
2024-05-31,2024,5,May,Echo,Consumer,USA,9,300.21,107.43,2701.89,324.23,2377.67,966.83,1410.84,0.5934,366.99,391.82,1019.02,174.16,5000.0,3120.18,1879.82,1.92,1.57,1.66,0.2038,10-20%,966.83,2701.89,2377.67,1410.84,9,300.21,107.43,10-20%,324.23,May,Echo
2024-03-19,2024,3,Mar,Delta,Consumer,USA,6,201.55,105.67,1209.28,84.65,1124.63,634.03,490.6,0.4362,217.51,213.33,277.27,106.07,5000.0,2406.8,2593.2,2.45,2.16,0.93,0.0555,5-10%,634.03,1209.28,1124.63,490.6,6,201.55,105.67,5-10%,84.65,Mar,Delta
2024-08-24,2024,8,Aug,Echo,Enterprise,India,14,217.15,117.16,3040.12,212.81,2827.31,1640.28,1187.03,0.4198,471.01,445.87,741.17,224.96,5000.0,2653.37,2346.63,2.0,1.65,1.13,0.1482,5-10%,1640.28,3040.12,2827.31,1187.03,14,217.15,117.16,5-10%,212.81,Aug,Echo
2023-12-28,2023,12,Dec,Alpha,Consumer,USA,8,224.15,88.33,1793.17,0.0,1793.17,706.63,1086.54,0.6059,302.02,280.92,805.62,121.81,5000.0,3159.75,1840.25,2.06,1.76,1.72,0.1611,0-5%,706.63,1793.17,1793.17,1086.54,8,224.15,88.33,0-5%,0.0,Dec,Alpha
2024-12-14,2024,12,Dec,Flux,Enterprise,India,10,317.0,160.2,3169.99,95.1,3074.89,1601.97,1472.92,0.479,446.57,444.15,1028.77,287.87,5000.0,2576.29,2423.71,0.88,0.6,1.06,0.2058,0-5%,1601.97,3169.99,3074.89,1472.92,10,317.0,160.2,0-5%,95.1,Dec,Flux
2024-01-10,2024,1,Jan,Delta,Consumer,UK,6,255.19,135.16,1531.11,183.73,1347.38,810.97,536.41,0.3981,344.61,359.27,177.14,171.89,5000.0,2656.9,2343.1,1.6,1.32,1.13,0.0354,10-20%,810.97,1531.11,1347.38,536.41,6,255.19,135.16,10-20%,183.73,Jan,Delta
2023-09-16,2023,9,Sep,Bravo,SMB,Germany,8,217.69,115.43,1741.5,208.98,1532.52,923.44,609.08,0.3974,375.84,359.13,249.95,110.6,5000.0,3237.1,1762.9,1.87,1.55,1.84,0.05,10-20%,923.44,1741.5,1532.52,609.08,8,217.69,115.43,10-20%,208.98,Sep,Bravo
2025-12-03,2025,12,Dec,Echo,Consumer,Germany,5,204.54,102.15,1022.69,71.59,951.1,510.75,440.35,0.463,120.69,122.68,317.68,54.69,5000.0,2906.55,2093.45,2.57,2.23,1.39,0.0635,5-10%,510.75,1022.69,951.1,440.35,5,204.54,102.15,5-10%,71.59,Dec,Echo
2025-01-28,2025,1,Jan,Flux,SMB,Germany,12,252.92,112.11,3035.07,91.05,2944.02,1345.36,1598.66,0.543,570.02,541.54,1057.12,264.83,6121.95,2454.86,3667.09,1.93,1.36,0.67,0.1727,0-5%,1345.36,3035.07,2944.02,1598.66,12,252.92,112.11,0-5%,91.05,Jan,Flux
2025-11-20,2025,11,Nov,Echo,Consumer,USA,12,253.13,109.17,3037.55,91.13,2946.43,1310.01,1636.41,0.5554,427.92,456.71,1179.7,211.79,5000.0,2930.53,2069.47,2.37,1.8,1.42,0.2359,0-5%,1310.01,3037.55,2946.43,1636.41,12,253.13,109.17,0-5%,91.13,Nov,Echo
2025-06-05,2025,6,Jun,Alpha,Consumer,USA,5,278.65,147.44,1393.25,41.8,1351.45,737.19,614.27,0.4545,338.43,343.61,270.66,106.64,5000.0,2291.45,2708.55,2.19,1.65,0.85,0.0541,0-5%,737.19,1393.25,1351.45,614.27,5,278.65,147.44,0-5%,41.8,Jun,Alpha
2025-08-11,2025,8,Aug,Bravo,SMB,India,12,258.1,136.12,3097.21,216.8,2880.41,1633.42,1246.98,0.4329,725.85,688.0,558.98,188.04,5000.0,1810.93,3189.07,1.42,0.91,0.57,0.1118,5-10%,1633.42,3097.21,2880.41,1246.98,12,258.1,136.12,5-10%,216.8,Aug,Bravo
2024-01-14,2024,1,Jan,Cobalt,SMB,UK,7,255.47,136.81,1788.28,0.0,1788.28,957.69,830.59,0.4645,365.8,373.75,456.85,115.72,5000.0,2110.71,2889.29,1.62,1.08,0.73,0.0914,0-5%,957.69,1788.28,1788.28,830.59,7,255.47,136.81,0-5%,0.0,Jan,Cobalt
2023-01-27,2023,1,Jan,Delta,Consumer,India,8,306.07,119.58,2448.57,171.4,2277.17,956.66,1320.51,0.5799,545.89,512.91,807.6,190.72,5000.0,1993.98,3006.02,1.95,1.75,0.66,0.1615,5-10%,956.66,2448.57,2277.17,1320.51,8,306.07,119.58,5-10%,171.4,Jan,Delta
2023-12-18,2023,12,Dec,Echo,Consumer,USA,9,219.42,79.42,1974.77,138.23,1836.54,714.82,1121.72,0.6108,459.55,490.43,631.29,106.56,5000.0,2971.06,2028.94,1.25,0.68,1.46,0.1263,5-10%,714.82,1974.77,1836.54,1121.72,9,219.42,79.42,5-10%,138.23,Dec,Echo
2025-06-20,2025,6,Jun,Alpha,SMB,USA,13,150.8,59.86,1960.38,137.23,1823.15,778.22,1044.93,0.5731,250.6,232.27,812.66,134.64,5000.0,1763.74,3236.26,1.77,1.41,0.54,0.1625,5-10%,778.22,1960.38,1823.15,1044.93,13,150.8,59.86,5-10%,137.23,Jun,Alpha
2024-04-09,2024,4,Apr,Bravo,Consumer,India,9,206.22,94.82,1855.94,129.92,1726.02,853.38,872.64,0.5056,397.82,418.04,454.6,137.64,5000.0,3115.18,1884.82,1.47,0.89,1.65,0.0909,5-10%,853.38,1855.94,1726.02,872.64,9,206.22,94.82,5-10%,129.92,Apr,Bravo
2025-01-13,2025,1,Jan,Cobalt,Consumer,USA,13,254.59,98.88,3309.71,0.0,3309.71,1285.39,2024.32,0.6116,747.77,707.66,1316.66,133.04,5000.0,2378.8,2621.2,2.16,1.73,0.91,0.2633,0-5%,1285.39,3309.71,3309.71,2024.32,13,254.59,98.88,0-5%,0.0,Jan,Cobalt
2024-04-27,2024,4,Apr,Alpha,SMB,USA,4,206.84,98.77,827.35,99.28,728.07,395.08,332.99,0.4574,178.28,180.24,152.75,72.09,5000.0,1898.88,3101.12,1.72,1.42,0.61,0.0305,10-20%,395.08,827.35,728.07,332.99,4,206.84,98.77,10-20%,99.28,Apr,Alpha
2023-05-14,2023,5,May,Flux,Consumer,USA,6,308.83,111.0,1852.98,129.71,1723.27,665.99,1057.28,0.6135,312.79,330.14,727.13,98.36,5000.0,2366.57,2633.43,2.14,1.63,0.9,0.1454,5-10%,665.99,1852.98,1723.27,1057.28,6,308.83,111.0,5-10%,129.71,May,Flux
2023-06-23,2023,6,Jun,Bravo,Consumer,USA,11,171.68,89.22,1888.45,0.0,1888.45,981.41,907.04,0.4803,356.06,331.59,575.45,173.26,5000.0,1939.94,3060.06,2.2,1.87,0.63,0.1151,0-5%,981.41,1888.45,1888.45,907.04,11,171.68,89.22,0-5%,0.0,Jun,Bravo
2023-11-06,2023,11,Nov,Flux,SMB,USA,9,279.69,106.26,2517.22,75.52,2441.7,956.36,1485.35,0.6083,355.05,380.07,1105.28,101.95,5000.0,3038.64,1961.36,2.37,1.9,1.55,0.2211,0-5%,956.36,2517.22,2441.7,1485.35,9,279.69,106.26,0-5%,75.52,Nov,Flux
2023-07-03,2023,7,Jul,Bravo,Enterprise,USA,10,234.93,86.82,2349.3,0.0,2349.3,868.17,1481.13,0.6305,396.53,428.04,1053.09,172.6,5000.0,2382.22,2617.78,0.82,0.55,0.91,0.2106,0-5%,868.17,2349.3,2349.3,1481.13,10,234.93,86.82,0-5%,0.0,Jul,Bravo
2025-12-28,2025,12,Dec,Cobalt,Consumer,USA,8,231.3,120.07,1850.43,222.05,1628.38,960.55,667.83,0.4101,196.22,203.53,464.3,202.84,5000.0,2099.04,2900.96,1.42,0.97,0.72,0.0929,10-20%,960.55,1850.43,1628.38,667.83,8,231.3,120.07,10-20%,222.05,Dec,Cobalt
2024-01-15,2024,1,Jan,Bravo,Consumer,USA,5,129.58,50.77,647.92,0.0,647.92,253.83,394.09,0.6082,133.03,124.8,269.29,50.0,5000.0,3012.67,1987.33,1.8,1.38,1.52,0.0539,0-5%,253.83,647.92,647.92,394.09,5,129.58,50.77,0-5%,0.0,Jan,Bravo
2024-09-02,2024,9,Sep,Flux,Enterprise,USA,5,148.96,79.82,744.81,22.34,722.47,399.11,323.36,0.4476,161.57,159.03,164.34,71.19,5000.0,1957.02,3042.98,2.45,2.25,0.64,0.0329,0-5%,399.11,744.81,722.47,323.36,5,148.96,79.82,0-5%,22.34,Sep,Flux
2024-08-10,2024,8,Aug,Alpha,SMB,USA,7,255.45,134.24,1788.14,214.58,1573.57,939.67,633.89,0.4028,299.68,318.87,315.03,94.15,5000.0,2093.87,2906.13,1.97,1.7,0.72,0.063,10-20%,939.67,1788.14,1573.57,633.89,7,255.45,134.24,10-20%,214.58,Aug,Alpha
2023-11-02,2023,11,Nov,Bravo,Consumer,India,8,260.56,125.74,2084.48,0.0,2084.48,1005.96,1078.53,0.5174,583.48,575.53,503.0,106.69,5000.0,3075.62,1924.38,1.69,1.11,1.6,0.1006,0-5%,1005.96,2084.48,2084.48,1078.53,8,260.56,125.74,0-5%,0.0,Nov,Bravo
2024-05-07,2024,5,May,Cobalt,Enterprise,India,8,293.44,158.06,2347.49,0.0,2347.49,1264.44,1083.05,0.4614,310.41,313.83,769.22,169.9,5000.0,2259.32,2740.68,1.83,1.33,0.82,0.1538,0-5%,1264.44,2347.49,2347.49,1083.05,8,293.44,158.06,0-5%,0.0,May,Cobalt
2024-02-25,2024,2,Feb,Alpha,Consumer,USA,8,237.22,88.6,1897.8,0.0,1897.8,708.76,1189.04,0.6265,337.44,321.45,867.58,130.57,5000.0,2933.55,2066.45,1.43,0.92,1.42,0.1735,0-5%,708.76,1897.8,1897.8,1189.04,8,237.22,88.6,0-5%,0.0,Feb,Alpha
2024-10-10,2024,10,Oct,Alpha,Enterprise,USA,11,279.59,127.28,3075.49,92.26,2983.22,1400.08,1583.14,0.5307,702.18,650.94,932.2,218.08,5458.56,2075.18,3383.38,1.32,1.09,0.61,0.1708,0-5%,1400.08,3075.49,2983.22,1583.14,11,279.59,127.28,0-5%,92.26,Oct,Alpha
2023-09-04,2023,9,Sep,Delta,Consumer,USA,7,199.67,91.63,1397.68,167.72,1229.96,641.39,588.56,0.4785,262.84,260.42,328.15,127.29,5000.0,3061.23,1938.77,1.97,1.47,1.58,0.0656,10-20%,641.39,1397.68,1229.96,588.56,7,199.67,91.63,10-20%,167.72,Sep,Delta
2025-10-16,2025,10,Oct,Cobalt,Enterprise,USA,9,246.18,97.59,2215.6,155.09,2060.51,878.29,1182.22,0.5737,568.99,535.8,646.42,97.08,5000.0,1790.13,3209.87,1.55,1.31,0.56,0.1293,5-10%,878.29,2215.6,2060.51,1182.22,9,246.18,97.59,5-10%,155.09,Oct,Cobalt
2024-06-23,2024,6,Jun,Bravo,Consumer,USA,14,184.84,69.38,2587.77,646.94,1940.82,971.29,969.54,0.4995,402.93,427.54,542.0,122.62,5000.0,3032.53,1967.47,1.78,1.21,1.54,0.1084,20%+,971.29,2587.77,1940.82,969.54,14,184.84,69.38,20%+,646.94,Jun,Bravo
2024-10-06,2024,10,Oct,Delta,Consumer,USA,9,247.88,95.77,2230.91,156.16,2074.75,861.91,1212.83,0.5846,564.59,532.89,679.94,171.35,5000.0,2541.5,2458.5,0.97,0.67,1.03,0.136,5-10%,861.91,2230.91,2074.75,1212.83,9,247.88,95.77,5-10%,156.16,Oct,Delta
2023-02-11,2023,2,Feb,Cobalt,Consumer,India,7,193.51,87.2,1354.55,40.64,1313.92,610.37,703.55,0.5355,214.31,228.61,474.94,63.03,5000.0,1891.75,3108.25,1.86,1.38,0.61,0.095,0-5%,610.37,1354.55,1313.92,703.55,7,193.51,87.2,0-5%,40.64,Feb,Cobalt
2024-02-27,2024,2,Feb,Alpha,Consumer,USA,12,216.74,83.79,2600.9,650.23,1950.68,1005.52,945.15,0.4845,544.51,548.8,396.36,159.72,5000.0,2903.74,2096.26,1.69,1.47,1.39,0.0793,20%+,1005.52,2600.9,1950.68,945.15,12,216.74,83.79,20%+,650.23,Feb,Alpha
2024-03-06,2024,3,Mar,Bravo,Consumer,USA,10,246.0,99.58,2460.01,295.2,2164.8,995.81,1168.99,0.54,312.59,295.02,873.97,180.9,5000.0,3060.79,1939.21,0.97,0.5,1.58,0.1748,10-20%,995.81,2460.01,2164.8,1168.99,10,246.0,99.58,10-20%,295.2,Mar,Bravo
2023-05-06,2023,5,May,Echo,SMB,USA,12,198.18,85.45,2378.11,166.47,2211.65,1025.35,1186.3,0.5364,358.04,383.46,802.84,139.71,5000.0,2513.71,2486.29,2.03,1.81,1.01,0.1606,5-10%,1025.35,2378.11,2211.65,1186.3,12,198.18,85.45,5-10%,166.47,May,Echo
2025-07-13,2025,7,Jul,Alpha,SMB,USA,20,216.52,88.19,4330.48,0.0,4330.48,1763.76,2566.72,0.5927,704.74,658.61,1908.11,359.43,5918.75,3029.94,2888.81,1.64,1.2,1.05,0.3224,0-5%,1763.76,4330.48,4330.48,2566.72,20,216.52,88.19,0-5%,0.0,Jul,Alpha
2023-01-05,2023,1,Jan,Delta,Consumer,USA,8,272.12,103.8,2176.99,152.39,2024.6,830.38,1194.22,0.5899,375.25,391.9,802.31,153.19,5000.0,2606.19,2393.81,1.77,1.37,1.09,0.1605,5-10%,830.38,2176.99,2024.6,1194.22,8,272.12,103.8,5-10%,152.39,Jan,Delta
2023-01-11,2023,1,Jan,Delta,Consumer,USA,10,254.97,93.17,2549.71,0.0,2549.71,931.65,1618.06,0.6346,522.36,527.59,1090.46,163.42,5000.0,2350.46,2649.54,2.0,1.72,0.89,0.2181,0-5%,931.65,2549.71,2549.71,1618.06,10,254.97,93.17,0-5%,0.0,Jan,Delta
2025-05-26,2025,5,May,Delta,Enterprise,USA,7,271.88,145.22,1903.18,133.22,1769.95,1016.51,753.44,0.4257,395.22,398.68,354.76,159.69,5000.0,2282.15,2717.85,1.43,0.85,0.84,0.071,5-10%,1016.51,1903.18,1769.95,753.44,7,271.88,145.22,5-10%,133.22,May,Delta
2024-04-20,2024,4,Apr,Cobalt,Consumer,USA,9,266.16,115.78,2395.45,0.0,2395.45,1041.98,1353.47,0.565,568.39,539.3,814.17,151.61,5000.0,3145.56,1854.44,2.2,1.88,1.7,0.1628,0-5%,1041.98,2395.45,2395.45,1353.47,9,266.16,115.78,0-5%,0.0,Apr,Cobalt
2025-01-28,2025,1,Jan,Bravo,Consumer,USA,15,200.15,90.92,3002.23,0.0,3002.23,1363.82,1638.41,0.5457,693.68,713.56,924.84,248.24,5000.0,2865.55,2134.45,1.41,1.03,1.34,0.185,0-5%,1363.82,3002.23,3002.23,1638.41,15,200.15,90.92,0-5%,0.0,Jan,Bravo
2023-07-13,2023,7,Jul,Cobalt,SMB,India,13,271.37,143.06,3527.75,0.0,3527.75,1859.84,1667.91,0.4728,613.38,616.28,1051.63,381.23,6774.58,4275.22,2499.35,2.4,1.87,1.71,0.1552,0-5%,1859.84,3527.75,3527.75,1667.91,13,271.37,143.06,0-5%,0.0,Jul,Cobalt
2024-09-24,2024,9,Sep,Flux,Consumer,India,3,278.25,127.96,834.75,100.17,734.58,383.88,350.7,0.4774,162.95,158.84,191.86,50.0,5000.0,2460.74,2539.26,1.62,1.05,0.97,0.0384,10-20%,383.88,834.75,734.58,350.7,3,278.25,127.96,10-20%,100.17,Sep,Flux
2024-04-13,2024,4,Apr,Flux,Consumer,Canada,6,252.92,124.6,1517.51,0.0,1517.51,747.63,769.88,0.5073,320.44,333.42,436.47,99.65,5000.0,2812.52,2187.48,2.02,1.52,1.29,0.0873,0-5%,747.63,1517.51,1517.51,769.88,6,252.92,124.6,0-5%,0.0,Apr,Flux
2025-02-05,2025,2,Feb,Cobalt,Enterprise,USA,8,212.81,106.82,1702.51,119.18,1583.33,854.57,728.77,0.4603,243.88,230.47,498.3,121.12,5000.0,2824.83,2175.17,1.78,1.27,1.3,0.0997,5-10%,854.57,1702.51,1583.33,728.77,8,212.81,106.82,5-10%,119.18,Feb,Cobalt
2023-09-16,2023,9,Sep,Delta,Enterprise,India,8,212.62,104.01,1701.0,0.0,1701.0,832.05,868.95,0.5108,395.8,371.4,497.55,101.86,5000.0,3244.0,1756.0,1.88,1.6,1.85,0.0995,0-5%,832.05,1701.0,1701.0,868.95,8,212.62,104.01,0-5%,0.0,Sep,Delta
2024-05-30,2024,5,May,Alpha,SMB,Canada,8,189.85,99.0,1518.81,182.26,1336.55,792.0,544.55,0.4074,236.1,250.42,294.12,162.8,5000.0,1866.03,3133.97,1.9,1.33,0.6,0.0588,10-20%,792.0,1518.81,1336.55,544.55,8,189.85,99.0,10-20%,182.26,May,Alpha
2024-02-10,2024,2,Feb,Alpha,SMB,India,12,173.83,81.77,2085.99,146.02,1939.97,981.24,958.73,0.4942,447.97,458.54,500.19,127.32,5000.0,2570.0,2430.0,2.3,1.97,1.06,0.1,5-10%,981.24,2085.99,1939.97,958.73,12,173.83,81.77,5-10%,146.02,Feb,Alpha
2024-07-14,2024,7,Jul,Alpha,Consumer,USA,11,127.49,67.87,1402.4,98.17,1304.23,746.59,557.64,0.4276,319.53,342.08,215.56,115.85,5000.0,2458.2,2541.8,1.61,1.11,0.97,0.0431,5-10%,746.59,1402.4,1304.23,557.64,11,127.49,67.87,5-10%,98.17,Jul,Alpha
2023-08-13,2023,8,Aug,Bravo,Consumer,India,7,232.09,110.0,1624.64,0.0,1624.64,770.0,854.64,0.526,208.97,203.53,651.11,168.47,5000.0,2949.62,2050.38,1.6,1.25,1.44,0.1302,0-5%,770.0,1624.64,1624.64,854.64,7,232.09,110.0,0-5%,0.0,Aug,Bravo
2024-08-08,2024,8,Aug,Bravo,Consumer,USA,12,165.73,72.62,1988.78,0.0,1988.78,871.42,1117.36,0.5618,542.14,537.93,579.43,190.06,5000.0,2910.19,2089.81,1.42,0.91,1.39,0.1159,0-5%,871.42,1988.78,1988.78,1117.36,12,165.73,72.62,0-5%,0.0,Aug,Bravo
2023-08-18,2023,8,Aug,Delta,SMB,USA,7,184.47,90.45,1291.26,154.95,1136.31,633.18,503.13,0.4428,160.2,153.14,349.99,81.82,5000.0,2266.6,2733.4,2.12,1.76,0.83,0.07,10-20%,633.18,1291.26,1136.31,503.13,7,184.47,90.45,10-20%,154.95,Aug,Delta
2025-06-24,2025,6,Jun,Alpha,SMB,USA,9,276.47,102.16,2488.21,0.0,2488.21,919.44,1568.77,0.6305,445.28,434.8,1133.97,152.12,5000.0,2723.51,2276.49,1.62,1.07,1.2,0.2268,0-5%,919.44,2488.21,2488.21,1568.77,9,276.47,102.16,0-5%,0.0,Jun,Alpha
2023-07-24,2023,7,Jul,Delta,SMB,USA,3,340.44,169.99,1021.32,0.0,1021.32,509.97,511.35,0.5007,279.91,301.13,210.22,89.39,5000.0,1866.68,3133.32,1.65,1.12,0.6,0.042,0-5%,509.97,1021.32,1021.32,511.35,3,340.44,169.99,0-5%,0.0,Jul,Delta
2024-09-01,2024,9,Sep,Bravo,SMB,India,9,236.53,101.35,2128.76,63.86,2064.9,912.16,1152.74,0.5583,409.16,434.01,718.73,199.53,5000.0,1844.87,3155.13,2.25,1.93,0.58,0.1437,0-5%,912.16,2128.76,2064.9,1152.74,9,236.53,101.35,0-5%,63.86,Sep,Bravo
2023-02-05,2023,2,Feb,Alpha,Consumer,UK,9,266.83,102.15,2401.49,0.0,2401.49,919.37,1482.12,0.6172,558.27,586.98,895.14,138.09,5000.0,2853.49,2146.51,2.25,2.02,1.33,0.179,0-5%,919.37,2401.49,2401.49,1482.12,9,266.83,102.15,0-5%,0.0,Feb,Alpha
2023-01-28,2023,1,Jan,Echo,Consumer,USA,8,211.95,89.3,1695.59,50.87,1644.72,714.41,930.32,0.5656,339.81,365.73,564.58,135.84,5000.0,2545.3,2454.7,2.47,2.07,1.04,0.1129,0-5%,714.41,1695.59,1644.72,930.32,8,211.95,89.3,0-5%,50.87,Jan,Echo
2024-08-01,2024,8,Aug,Cobalt,Consumer,USA,5,196.39,100.6,981.95,68.74,913.21,503.0,410.21,0.4492,154.63,157.85,252.36,90.8,5000.0,3248.39,1751.61,1.4,1.17,1.85,0.0505,5-10%,503.0,981.95,913.21,410.21,5,196.39,100.6,5-10%,68.74,Aug,Cobalt
2024-10-27,2024,10,Oct,Echo,Consumer,USA,12,237.99,118.3,2855.9,342.71,2513.19,1419.58,1093.61,0.4351,582.61,598.3,495.32,242.07,5000.0,3110.04,1889.96,1.45,1.13,1.65,0.0991,10-20%,1419.58,2855.9,2513.19,1093.61,12,237.99,118.3,10-20%,342.71,Oct,Echo
2025-07-18,2025,7,Jul,Bravo,SMB,USA,10,300.49,141.54,3004.89,90.15,2914.74,1415.41,1499.33,0.5144,705.14,685.37,813.95,243.87,5241.3,3124.31,2116.99,2.0,1.76,1.48,0.1553,0-5%,1415.41,3004.89,2914.74,1499.33,10,300.49,141.54,0-5%,90.15,Jul,Bravo
2024-12-09,2024,12,Dec,Cobalt,Consumer,Canada,8,202.74,95.01,1621.92,113.53,1508.38,760.09,748.29,0.4961,239.98,223.1,525.19,132.7,5000.0,2718.63,2281.37,1.86,1.61,1.19,0.105,5-10%,760.09,1621.92,1508.38,748.29,8,202.74,95.01,5-10%,113.53,Dec,Cobalt
2025-04-02,2025,4,Apr,Alpha,SMB,USA,14,318.14,154.34,4453.99,311.78,4142.21,2160.74,1981.48,0.4784,957.79,995.55,985.93,331.13,7260.89,3912.35,3348.55,2.15,1.63,1.17,0.1358,5-10%,2160.74,4453.99,4142.21,1981.48,14,318.14,154.34,5-10%,311.78,Apr,Alpha
2024-09-04,2024,9,Sep,Flux,Consumer,USA,8,167.05,58.73,1336.43,0.0,1336.43,469.87,866.56,0.6484,240.35,222.43,644.13,100.93,5000.0,3003.16,1996.84,1.44,1.03,1.5,0.1288,0-5%,469.87,1336.43,1336.43,866.56,8,167.05,58.73,0-5%,0.0,Sep,Flux
2024-02-27,2024,2,Feb,Cobalt,Consumer,USA,7,217.13,100.32,1519.92,379.98,1139.94,702.26,437.68,0.3839,221.09,213.78,223.9,146.0,5000.0,1950.43,3049.57,1.5,1.25,0.64,0.0448,20%+,702.26,1519.92,1139.94,437.68,7,217.13,100.32,20%+,379.98,Feb,Cobalt
2024-12-01,2024,12,Dec,Alpha,SMB,USA,8,255.72,116.65,2045.75,143.2,1902.54,933.22,969.33,0.5095,428.21,448.3,521.03,108.8,5000.0,2414.6,2585.4,2.15,1.88,0.93,0.1042,5-10%,933.22,2045.75,1902.54,969.33,8,255.72,116.65,5-10%,143.2,Dec,Alpha
2024-03-02,2024,3,Mar,Bravo,Consumer,USA,10,256.99,102.52,2569.95,308.39,2261.55,1025.18,1236.37,0.5467,385.25,377.63,858.74,182.44,5000.0,1978.18,3021.82,1.51,1.22,0.65,0.1717,10-20%,1025.18,2569.95,2261.55,1236.37,10,256.99,102.52,10-20%,308.39,Mar,Bravo
2025-01-11,2025,1,Jan,Flux,Consumer,UK,11,196.71,72.7,2163.78,0.0,2163.78,799.7,1364.09,0.6304,322.37,308.56,1055.52,100.54,5000.0,2121.59,2878.41,1.31,0.84,0.74,0.2111,0-5%,799.7,2163.78,2163.78,1364.09,11,196.71,72.7,0-5%,0.0,Jan,Flux
2025-05-02,2025,5,May,Cobalt,Enterprise,USA,9,226.64,107.35,2039.73,61.19,1978.54,966.16,1012.38,0.5117,270.01,289.36,723.02,141.3,5000.0,2187.32,2812.68,1.46,0.9,0.78,0.1446,0-5%,966.16,2039.73,1978.54,1012.38,9,226.64,107.35,0-5%,61.19,May,Cobalt
2023-12-23,2023,12,Dec,Bravo,SMB,USA,4,248.67,95.73,994.68,119.36,875.32,382.91,492.41,0.5625,126.6,123.65,368.76,73.11,5000.0,2556.43,2443.57,1.78,1.39,1.05,0.0738,10-20%,382.91,994.68,875.32,492.41,4,248.67,95.73,10-20%,119.36,Dec,Bravo
2024-03-14,2024,3,Mar,Alpha,Consumer,Canada,10,122.89,63.45,1228.85,36.87,1191.99,634.46,557.52,0.4677,327.33,322.36,235.17,131.56,5000.0,3129.83,1870.17,1.84,1.39,1.67,0.047,0-5%,634.46,1228.85,1191.99,557.52,10,122.89,63.45,0-5%,36.87,Mar,Alpha
2023-09-24,2023,9,Sep,Cobalt,Consumer,Germany,8,254.86,133.02,2038.92,61.17,1977.75,1064.19,913.56,0.4619,523.21,529.08,384.48,185.04,5000.0,1910.97,3089.03,1.61,1.41,0.62,0.0769,0-5%,1064.19,2038.92,1977.75,913.56,8,254.86,133.02,0-5%,61.17,Sep,Cobalt
2024-06-03,2024,6,Jun,Bravo,SMB,Canada,7,343.88,145.13,2407.13,168.5,2238.63,1015.9,1222.73,0.5462,439.89,409.8,812.93,214.61,5000.0,2109.61,2890.39,1.85,1.31,0.73,0.1626,5-10%,1015.9,2407.13,2238.63,1222.73,7,343.88,145.13,5-10%,168.5,Jun,Bravo
2025-09-13,2025,9,Sep,Cobalt,Consumer,India,4,256.31,106.5,1025.23,71.77,953.46,425.98,527.48,0.5532,162.68,150.33,377.15,72.0,5000.0,1965.56,3034.44,1.91,1.54,0.65,0.0754,5-10%,425.98,1025.23,953.46,527.48,4,256.31,106.5,5-10%,71.77,Sep,Cobalt
2023-08-19,2023,8,Aug,Echo,Consumer,Canada,13,180.52,90.64,2346.71,0.0,2346.71,1178.36,1168.35,0.4979,288.75,286.87,881.49,220.33,5000.0,3058.66,1941.34,1.71,1.49,1.58,0.1763,0-5%,1178.36,2346.71,2346.71,1168.35,13,180.52,90.64,0-5%,0.0,Aug,Echo
2024-01-02,2024,1,Jan,Alpha,Consumer,Germany,11,135.76,73.51,1493.33,179.2,1314.13,808.61,505.52,0.3847,287.9,298.85,206.66,116.88,5000.0,1775.01,3224.99,2.0,1.49,0.55,0.0413,10-20%,808.61,1493.33,1314.13,505.52,11,135.76,73.51,10-20%,179.2,Jan,Alpha
2025-06-04,2025,6,Jun,Cobalt,SMB,USA,5,233.85,115.05,1169.26,292.31,876.94,575.27,301.67,0.344,154.27,147.39,154.28,86.71,5000.0,1948.68,3051.32,1.59,1.27,0.64,0.0309,20%+,575.27,1169.26,876.94,301.67,5,233.85,115.05,20%+,292.31,Jun,Cobalt
2023-02-01,2023,2,Feb,Delta,Enterprise,UK,6,227.68,112.8,1366.06,0.0,1366.06,676.83,689.23,0.5045,327.75,348.95,340.28,84.53,5000.0,2965.81,2034.19,1.45,1.17,1.46,0.0681,0-5%,676.83,1366.06,1366.06,689.23,6,227.68,112.8,0-5%,0.0,Feb,Delta
2025-11-04,2025,11,Nov,Alpha,Consumer,Canada,8,158.28,66.84,1266.27,151.95,1114.31,534.72,579.59,0.5201,192.75,193.29,386.31,109.84,5000.0,2488.19,2511.81,2.2,1.62,0.99,0.0773,10-20%,534.72,1266.27,1114.31,579.59,8,158.28,66.84,10-20%,151.95,Nov,Alpha
2023-09-04,2023,9,Sep,Echo,Consumer,India,11,229.49,101.41,2524.4,75.73,2448.66,1115.52,1333.14,0.5444,391.42,363.72,969.43,145.96,5000.0,2170.53,2829.47,1.86,1.51,0.77,0.1939,0-5%,1115.52,2524.4,2448.66,1333.14,11,229.49,101.41,0-5%,75.73,Sep,Echo
2024-03-18,2024,3,Mar,Flux,Enterprise,Canada,7,321.77,120.13,2252.37,157.67,2094.7,840.94,1253.76,0.5985,555.97,526.68,727.08,88.61,5000.0,2980.65,2019.35,1.9,1.67,1.48,0.1454,5-10%,840.94,2252.37,2094.7,1253.76,7,321.77,120.13,5-10%,157.67,Mar,Flux
2024-01-18,2024,1,Jan,Delta,SMB,Canada,11,197.36,82.28,2170.98,151.97,2019.01,905.11,1113.9,0.5517,435.27,400.64,713.26,156.75,5000.0,2492.37,2507.63,1.64,1.17,0.99,0.1427,5-10%,905.11,2170.98,2019.01,1113.9,11,197.36,82.28,5-10%,151.97,Jan,Delta
2023-05-22,2023,5,May,Delta,Consumer,India,10,133.15,70.13,1331.47,0.0,1331.47,701.31,630.16,0.4733,370.52,380.49,249.66,137.56,5000.0,2200.43,2799.57,1.92,1.49,0.79,0.0499,0-5%,701.31,1331.47,1331.47,630.16,10,133.15,70.13,0-5%,0.0,May,Delta
2023-02-01,2023,2,Feb,Bravo,Consumer,India,18,220.6,100.47,3970.78,0.0,3970.78,1808.41,2162.37,0.5446,707.05,725.36,1437.01,238.9,5029.04,2712.23,2316.8,1.46,0.91,1.17,0.2857,0-5%,1808.41,3970.78,3970.78,2162.37,18,220.6,100.47,0-5%,0.0,Feb,Bravo
2025-09-03,2025,9,Sep,Delta,Consumer,India,9,187.62,94.82,1688.61,118.2,1570.41,853.34,717.07,0.4566,420.17,395.19,321.88,92.54,5000.0,2811.4,2188.6,2.36,1.92,1.28,0.0644,5-10%,853.34,1688.61,1570.41,717.07,9,187.62,94.82,5-10%,118.2,Sep,Delta
2023-03-08,2023,3,Mar,Cobalt,Consumer,USA,6,236.72,109.51,1420.31,42.61,1377.7,657.05,720.65,0.5231,266.21,254.33,466.32,68.49,5000.0,1849.96,3150.04,2.1,1.72,0.59,0.0933,0-5%,657.05,1420.31,1377.7,720.65,6,236.72,109.51,0-5%,42.61,Mar,Cobalt
2025-06-13,2025,6,Jun,Flux,Consumer,India,9,202.83,71.35,1825.49,127.78,1697.71,642.15,1055.56,0.6218,254.88,263.83,791.73,99.66,5000.0,1937.54,3062.46,2.29,1.98,0.63,0.1583,5-10%,642.15,1825.49,1697.71,1055.56,9,202.83,71.35,5-10%,127.78,Jun,Flux
2024-08-11,2024,8,Aug,Bravo,SMB,USA,11,226.85,99.8,2495.39,0.0,2495.39,1097.8,1397.59,0.5601,637.45,591.84,805.75,137.99,5112.58,2723.39,2389.18,1.67,1.43,1.14,0.1576,0-5%,1097.8,2495.39,2495.39,1397.59,11,226.85,99.8,0-5%,0.0,Aug,Bravo
2025-09-20,2025,9,Sep,Echo,Enterprise,Canada,6,213.69,92.21,1282.15,153.86,1128.29,553.26,575.03,0.5096,273.09,272.54,302.49,77.82,5000.0,3073.55,1926.45,2.52,1.92,1.6,0.0605,10-20%,553.26,1282.15,1128.29,575.03,6,213.69,92.21,10-20%,153.86,Sep,Echo
2025-12-28,2025,12,Dec,Alpha,Consumer,Germany,14,234.16,99.1,3278.22,98.35,3179.87,1387.45,1792.42,0.5637,716.87,724.65,1067.78,269.3,5000.0,1925.36,3074.64,1.98,1.48,0.63,0.2136,0-5%,1387.45,3278.22,3179.87,1792.42,14,234.16,99.1,0-5%,98.35,Dec,Alpha
2023-04-20,2023,4,Apr,Delta,SMB,USA,6,273.31,123.54,1639.88,114.79,1525.09,741.25,783.84,0.514,293.28,303.92,479.92,153.56,5000.0,2049.14,2950.86,2.32,2.0,0.69,0.096,5-10%,741.25,1639.88,1525.09,783.84,6,273.31,123.54,5-10%,114.79,Apr,Delta
2025-05-05,2025,5,May,Alpha,Consumer,Canada,12,169.77,73.1,2037.21,142.6,1894.6,877.17,1017.43,0.537,317.6,310.96,706.47,142.7,5000.0,2128.92,2871.08,1.89,1.4,0.74,0.1413,5-10%,877.17,2037.21,1894.6,1017.43,12,169.77,73.1,5-10%,142.6,May,Alpha
2023-05-13,2023,5,May,Flux,Enterprise,Canada,7,231.59,107.43,1621.12,0.0,1621.12,751.99,869.13,0.5361,340.4,324.93,544.21,149.91,5000.0,1972.95,3027.05,1.99,1.55,0.65,0.1088,0-5%,751.99,1621.12,1621.12,869.13,7,231.59,107.43,0-5%,0.0,May,Flux
2025-11-26,2025,11,Nov,Alpha,Enterprise,USA,9,301.51,134.76,2713.57,0.0,2713.57,1212.82,1500.74,0.5531,446.6,456.08,1044.66,132.25,5000.0,2726.83,2273.17,1.04,0.52,1.2,0.2089,0-5%,1212.82,2713.57,2713.57,1500.74,9,301.51,134.76,0-5%,0.0,Nov,Alpha
2023-02-27,2023,2,Feb,Cobalt,Enterprise,USA,13,200.01,93.2,2600.13,312.02,2288.12,1211.55,1076.57,0.4705,406.06,429.0,647.57,225.82,5000.0,2164.47,2835.53,2.57,2.16,0.76,0.1295,10-20%,1211.55,2600.13,2288.12,1076.57,13,200.01,93.2,10-20%,312.02,Feb,Cobalt
2023-12-04,2023,12,Dec,Bravo,SMB,Germany,9,285.08,127.59,2565.72,0.0,2565.72,1148.28,1417.44,0.5525,431.56,414.55,1002.88,144.86,5000.0,1815.92,3184.08,2.33,2.04,0.57,0.2006,0-5%,1148.28,2565.72,2565.72,1417.44,9,285.08,127.59,0-5%,0.0,Dec,Bravo
2024-04-30,2024,4,Apr,Bravo,Enterprise,India,12,214.4,83.81,2572.79,308.73,2264.05,1005.72,1258.33,0.5558,549.56,519.04,739.29,115.84,5000.0,3156.21,1843.79,1.46,1.16,1.71,0.1479,10-20%,1005.72,2572.79,2264.05,1258.33,12,214.4,83.81,10-20%,308.73,Apr,Bravo
2025-07-06,2025,7,Jul,Delta,Consumer,USA,9,278.4,102.62,2505.61,175.39,2330.22,923.57,1406.65,0.6037,317.98,314.04,1092.61,168.5,5000.0,1942.37,3057.63,1.56,1.0,0.64,0.2185,5-10%,923.57,2505.61,2330.22,1406.65,9,278.4,102.62,5-10%,175.39,Jul,Delta
2025-02-06,2025,2,Feb,Alpha,Enterprise,Canada,7,231.24,105.0,1618.69,0.0,1618.69,735.03,883.66,0.5459,206.72,212.05,671.61,142.57,5000.0,2158.45,2841.55,2.14,1.78,0.76,0.1343,0-5%,735.03,1618.69,1618.69,883.66,7,231.24,105.0,0-5%,0.0,Feb,Alpha
2023-08-18,2023,8,Aug,Alpha,Consumer,India,7,253.09,121.54,1771.64,0.0,1771.64,850.79,920.85,0.5198,372.76,382.62,538.23,106.39,5000.0,1829.35,3170.65,1.58,1.02,0.58,0.1076,0-5%,850.79,1771.64,1771.64,920.85,7,253.09,121.54,0-5%,0.0,Aug,Alpha
2025-01-25,2025,1,Jan,Bravo,SMB,USA,6,149.03,58.91,894.16,26.82,867.33,353.48,513.85,0.5925,229.85,229.94,283.91,55.0,5000.0,3246.88,1753.12,1.94,1.36,1.85,0.0568,0-5%,353.48,894.16,867.33,513.85,6,149.03,58.91,0-5%,26.82,Jan,Bravo
2025-04-19,2025,4,Apr,Echo,SMB,USA,9,202.77,110.18,1824.97,54.75,1770.22,991.65,778.58,0.4398,483.81,469.81,308.77,130.52,5000.0,2763.16,2236.84,1.5,1.2,1.24,0.0618,0-5%,991.65,1824.97,1770.22,778.58,9,202.77,110.18,0-5%,54.75,Apr,Echo
2024-06-10,2024,6,Jun,Flux,Consumer,India,9,275.68,107.68,2481.16,173.68,2307.48,969.15,1338.33,0.58,297.69,307.49,1030.84,101.89,5000.0,2742.45,2257.55,1.83,1.29,1.21,0.2062,5-10%,969.15,2481.16,2307.48,1338.33,9,275.68,107.68,5-10%,173.68,Jun,Flux
2025-01-19,2025,1,Jan,Alpha,Consumer,Germany,11,235.39,101.61,2589.28,647.32,1941.96,1117.74,824.22,0.4244,362.53,390.54,433.69,126.85,5000.0,3158.3,1841.7,2.14,1.63,1.71,0.0867,20%+,1117.74,2589.28,1941.96,824.22,11,235.39,101.61,20%+,647.32,Jan,Alpha
2023-08-28,2023,8,Aug,Flux,Enterprise,USA,16,264.43,123.86,4230.88,0.0,4230.88,1981.71,2249.18,0.5316,945.75,1020.31,1228.87,327.03,7361.77,3871.81,3489.95,1.72,1.16,1.11,0.1669,0-5%,1981.71,4230.88,4230.88,2249.18,16,264.43,123.86,0-5%,0.0,Aug,Flux
2024-10-26,2024,10,Oct,Alpha,Consumer,USA,5,190.43,74.85,952.17,66.65,885.52,374.25,511.26,0.5774,232.82,241.3,269.96,64.94,5000.0,2594.15,2405.85,2.43,1.89,1.08,0.054,5-10%,374.25,952.17,885.52,511.26,5,190.43,74.85,5-10%,66.65,Oct,Alpha
2024-05-01,2024,5,May,Flux,SMB,Germany,10,204.16,76.95,2041.63,142.91,1898.71,769.5,1129.22,0.5947,309.27,306.54,822.68,102.19,5000.0,2850.3,2149.7,1.55,1.35,1.33,0.1645,5-10%,769.5,2041.63,1898.71,1129.22,10,204.16,76.95,5-10%,142.91,May,Flux
2023-06-17,2023,6,Jun,Echo,SMB,USA,9,175.89,81.87,1583.03,47.49,1535.53,736.84,798.69,0.5201,308.21,307.61,491.09,154.12,5000.0,2468.95,2531.05,1.65,1.09,0.98,0.0982,0-5%,736.84,1583.03,1535.53,798.69,9,175.89,81.87,0-5%,47.49,Jun,Echo
2025-08-15,2025,8,Aug,Flux,Consumer,USA,10,285.92,120.89,2859.16,85.77,2773.38,1208.86,1564.53,0.5641,721.65,732.44,832.09,151.7,5000.0,2599.21,2400.79,2.01,1.61,1.08,0.1664,0-5%,1208.86,2859.16,2773.38,1564.53,10,285.92,120.89,0-5%,85.77,Aug,Flux
2025-01-03,2025,1,Jan,Bravo,Enterprise,USA,9,194.7,80.6,1752.33,210.28,1542.05,725.38,816.67,0.5296,283.1,285.33,531.34,132.9,5000.0,2761.38,2238.62,1.82,1.43,1.23,0.1063,10-20%,725.38,1752.33,1542.05,816.67,9,194.7,80.6,10-20%,210.28,Jan,Bravo
2024-10-04,2024,10,Oct,Flux,Enterprise,USA,6,255.32,121.08,1531.9,183.83,1348.07,726.47,621.6,0.4611,342.38,341.37,280.23,81.33,5000.0,2525.23,2474.77,1.43,0.93,1.02,0.056,10-20%,726.47,1531.9,1348.07,621.6,6,255.32,121.08,10-20%,183.83,Oct,Flux
2024-07-31,2024,7,Jul,Echo,Consumer,USA,6,133.8,56.19,802.77,0.0,802.77,337.14,465.64,0.58,213.13,218.11,247.52,50.0,5000.0,2811.34,2188.66,2.26,1.91,1.28,0.0495,0-5%,337.14,802.77,802.77,465.64,6,133.8,56.19,0-5%,0.0,Jul,Echo
2023-04-06,2023,4,Apr,Bravo,Enterprise,USA,9,218.42,100.28,1965.8,58.97,1906.83,902.48,1004.35,0.5267,262.13,261.82,742.53,98.77,5000.0,1844.27,3155.73,2.21,1.91,0.58,0.1485,0-5%,902.48,1965.8,1906.83,1004.35,9,218.42,100.28,0-5%,58.97,Apr,Bravo
2023-03-19,2023,3,Mar,Bravo,Consumer,Canada,10,207.02,86.75,2070.25,0.0,2070.25,867.47,1202.77,0.581,326.42,335.9,866.87,147.07,5000.0,2618.55,2381.45,1.66,1.19,1.1,0.1734,0-5%,867.47,2070.25,2070.25,1202.77,10,207.02,86.75,0-5%,0.0,Mar,Bravo
2023-03-16,2023,3,Mar,Flux,Consumer,Canada,8,293.38,157.97,2347.05,0.0,2347.05,1263.73,1083.32,0.4616,426.74,406.27,677.05,274.49,5000.0,2726.2,2273.8,2.24,2.02,1.2,0.1354,0-5%,1263.73,2347.05,2347.05,1083.32,8,293.38,157.97,0-5%,0.0,Mar,Flux
2024-05-19,2024,5,May,Echo,Consumer,UK,12,385.92,196.36,4631.02,0.0,4631.02,2356.35,2274.68,0.4912,1132.83,1149.65,1125.03,442.3,7402.79,4372.34,3030.45,1.62,1.41,1.44,0.152,0-5%,2356.35,4631.02,4631.02,2274.68,12,385.92,196.36,0-5%,0.0,May,Echo
2024-10-29,2024,10,Oct,Delta,Enterprise,India,9,232.87,122.0,2095.84,251.5,1844.34,1098.02,746.32,0.4047,222.14,214.5,531.82,229.42,5000.0,2714.77,2285.23,1.0,0.5,1.19,0.1064,10-20%,1098.02,2095.84,1844.34,746.32,9,232.87,122.0,10-20%,251.5,Oct,Delta
2024-03-24,2024,3,Mar,Flux,Enterprise,UK,9,165.42,89.78,1488.8,104.22,1384.58,808.0,576.58,0.4164,346.22,337.91,238.67,158.44,5000.0,2116.78,2883.22,2.1,1.6,0.73,0.0477,5-10%,808.0,1488.8,1384.58,576.58,9,165.42,89.78,5-10%,104.22,Mar,Flux
2025-10-19,2025,10,Oct,Flux,Enterprise,Germany,9,143.98,61.77,1295.86,0.0,1295.86,555.9,739.96,0.571,190.96,199.85,540.11,84.39,5000.0,1783.34,3216.66,1.77,1.27,0.55,0.108,0-5%,555.9,1295.86,1295.86,739.96,9,143.98,61.77,0-5%,0.0,Oct,Flux
2023-03-01,2023,3,Mar,Flux,Consumer,USA,11,227.72,81.97,2504.93,300.59,2204.34,901.71,1302.63,0.5909,498.84,524.03,778.6,154.1,5000.0,2914.88,2085.12,1.49,1.19,1.4,0.1557,10-20%,901.71,2504.93,2204.34,1302.63,11,227.72,81.97,10-20%,300.59,Mar,Flux
2023-05-11,2023,5,May,Echo,Enterprise,India,10,262.56,124.08,2625.57,0.0,2625.57,1240.83,1384.73,0.5274,625.87,620.82,763.91,164.08,5000.0,2140.49,2859.51,1.13,0.55,0.75,0.1528,0-5%,1240.83,2625.57,2625.57,1384.73,10,262.56,124.08,0-5%,0.0,May,Echo
2023-06-25,2023,6,Jun,Flux,Consumer,USA,7,328.64,169.46,2300.49,276.06,2024.43,1186.2,838.23,0.4141,273.5,276.94,561.29,200.71,5000.0,2140.57,2859.43,1.61,1.41,0.75,0.1123,10-20%,1186.2,2300.49,2024.43,838.23,7,328.64,169.46,10-20%,276.06,Jun,Flux
2024-07-16,2024,7,Jul,Bravo,Consumer,USA,6,264.66,131.71,1587.96,396.99,1190.97,790.25,400.72,0.3365,301.74,303.6,97.12,100.05,5000.0,2669.27,2330.73,1.91,1.32,1.15,0.0194,20%+,790.25,1587.96,1190.97,400.72,6,264.66,131.71,20%+,396.99,Jul,Bravo
2023-08-13,2023,8,Aug,Cobalt,Enterprise,UK,10,338.81,159.17,3388.1,237.17,3150.93,1591.68,1559.25,0.4949,628.65,634.91,924.35,328.74,6347.13,2940.31,3406.82,1.86,1.38,0.86,0.1456,5-10%,1591.68,3388.1,3150.93,1559.25,10,338.81,159.17,5-10%,237.17,Aug,Cobalt
2023-03-03,2023,3,Mar,Delta,Consumer,USA,6,254.79,101.77,1528.71,45.86,1482.85,610.59,872.26,0.5882,189.52,201.24,671.02,124.42,5000.0,2196.12,2803.88,1.63,1.07,0.78,0.1342,0-5%,610.59,1528.71,1482.85,872.26,6,254.79,101.77,0-5%,45.86,Mar,Delta
2025-08-22,2025,8,Aug,Delta,Consumer,Germany,10,169.45,65.06,1694.54,118.62,1575.92,650.6,925.32,0.5872,358.79,369.1,556.22,131.9,5000.0,1882.4,3117.6,1.39,1.06,0.6,0.1112,5-10%,650.6,1694.54,1575.92,925.32,10,169.45,65.06,5-10%,118.62,Aug,Delta
2023-11-29,2023,11,Nov,Cobalt,SMB,USA,9,218.22,117.17,1964.01,58.92,1905.09,1054.5,850.59,0.4465,525.7,516.02,334.57,175.83,5000.0,3027.3,1972.7,2.5,2.08,1.53,0.0669,0-5%,1054.5,1964.01,1905.09,850.59,9,218.22,117.17,0-5%,58.92,Nov,Cobalt
2024-09-17,2024,9,Sep,Cobalt,SMB,USA,3,286.75,130.45,860.25,25.81,834.44,391.34,443.1,0.531,110.72,118.44,324.66,52.7,5000.0,2648.96,2351.04,1.5,0.94,1.13,0.0649,0-5%,391.34,860.25,834.44,443.1,3,286.75,130.45,0-5%,25.81,Sep,Cobalt
2023-12-24,2023,12,Dec,Flux,Consumer,Canada,13,193.47,100.12,2515.12,176.06,2339.06,1301.52,1037.53,0.4436,402.25,400.64,636.89,159.01,5000.0,1988.93,3011.07,1.74,1.45,0.66,0.1274,5-10%,1301.52,2515.12,2339.06,1037.53,13,193.47,100.12,5-10%,176.06,Dec,Flux
2024-08-11,2024,8,Aug,Bravo,Enterprise,India,11,235.2,127.56,2587.18,310.46,2276.72,1403.17,873.55,0.3837,497.42,511.07,362.48,175.16,5000.0,1771.79,3228.21,1.63,1.3,0.55,0.0725,10-20%,1403.17,2587.18,2276.72,873.55,11,235.2,127.56,10-20%,310.46,Aug,Bravo
2023-02-25,2023,2,Feb,Delta,Consumer,USA,6,280.93,137.01,1685.59,202.27,1483.32,822.05,661.27,0.4458,197.25,204.01,457.27,122.59,5000.0,2989.89,2010.11,1.81,1.26,1.49,0.0915,10-20%,822.05,1685.59,1483.32,661.27,6,280.93,137.01,10-20%,202.27,Feb,Delta
2023-11-20,2023,11,Nov,Flux,SMB,India,19,217.62,108.92,4134.74,289.43,3845.31,2069.55,1775.76,0.4618,1054.87,1100.58,675.18,255.92,5000.0,2788.23,2211.77,1.43,1.01,1.26,0.135,5-10%,2069.55,4134.74,3845.31,1775.76,19,217.62,108.92,5-10%,289.43,Nov,Flux
2025-01-08,2025,1,Jan,Cobalt,Enterprise,USA,11,187.0,88.3,2057.0,61.71,1995.29,971.31,1023.98,0.5132,298.7,275.34,748.64,159.88,5000.0,2267.45,2732.55,1.76,1.37,0.83,0.1497,0-5%,971.31,2057.0,1995.29,1023.98,11,187.0,88.3,0-5%,61.71,Jan,Cobalt
2025-06-24,2025,6,Jun,Alpha,Consumer,USA,9,151.93,72.1,1367.37,41.02,1326.35,648.89,677.46,0.5108,358.36,333.02,344.44,127.94,5000.0,2761.01,2238.99,1.9,1.43,1.23,0.0689,0-5%,648.89,1367.37,1326.35,677.46,9,151.93,72.1,0-5%,41.02,Jun,Alpha
2025-01-12,2025,1,Jan,Alpha,Enterprise,India,8,259.2,120.57,2073.62,0.0,2073.62,964.54,1109.08,0.5349,549.57,581.71,527.37,151.1,5000.0,2191.56,2808.44,1.75,1.37,0.78,0.1055,0-5%,964.54,2073.62,2073.62,1109.08,8,259.2,120.57,0-5%,0.0,Jan,Alpha
2023-12-16,2023,12,Dec,Echo,Consumer,USA,8,284.9,117.46,2279.19,0.0,2279.19,939.7,1339.49,0.5877,354.7,342.68,996.81,149.13,5000.0,2423.49,2576.51,1.78,1.55,0.94,0.1994,0-5%,939.7,2279.19,2279.19,1339.49,8,284.9,117.46,0-5%,0.0,Dec,Echo
2024-07-25,2024,7,Jul,Flux,SMB,Germany,6,276.15,151.69,1656.92,115.98,1540.93,910.11,630.82,0.4094,282.94,294.63,336.19,145.09,5000.0,3230.12,1769.88,1.8,1.56,1.83,0.0672,5-10%,910.11,1656.92,1540.93,630.82,6,276.15,151.69,5-10%,115.98,Jul,Flux
2025-05-04,2025,5,May,Cobalt,Enterprise,USA,9,206.59,98.96,1859.31,0.0,1859.31,890.63,968.68,0.521,412.61,410.6,558.07,172.98,5000.0,2493.06,2506.94,1.33,1.12,0.99,0.1116,0-5%,890.63,1859.31,1859.31,968.68,9,206.59,98.96,0-5%,0.0,May,Cobalt
2023-05-03,2023,5,May,Delta,SMB,Germany,6,209.76,100.18,1258.53,37.76,1220.78,601.06,619.72,0.5076,169.17,175.93,443.78,63.57,5000.0,1894.06,3105.94,1.96,1.38,0.61,0.0888,0-5%,601.06,1258.53,1220.78,619.72,6,209.76,100.18,0-5%,37.76,May,Delta
2023-04-22,2023,4,Apr,Flux,Consumer,Germany,8,210.14,102.87,1681.12,201.73,1479.39,822.95,656.44,0.4437,356.72,331.59,324.85,135.67,5000.0,2768.01,2231.99,1.51,1.16,1.24,0.065,10-20%,822.95,1681.12,1479.39,656.44,8,210.14,102.87,10-20%,201.73,Apr,Flux
2023-08-03,2023,8,Aug,Echo,Consumer,USA,9,271.42,104.98,2442.75,170.99,2271.75,944.83,1326.93,0.5841,375.39,398.57,928.36,122.79,5000.0,2873.59,2126.41,1.79,1.38,1.35,0.1857,5-10%,944.83,2442.75,2271.75,1326.93,9,271.42,104.98,5-10%,170.99,Aug,Echo
2023-12-23,2023,12,Dec,Delta,SMB,USA,17,148.63,70.24,2526.73,631.68,1895.05,1194.02,701.03,0.3699,302.13,317.74,383.3,158.65,5000.0,2340.4,2659.6,1.86,1.65,0.88,0.0767,20%+,1194.02,2526.73,1895.05,701.03,17,148.63,70.24,20%+,631.68,Dec,Delta
2024-07-31,2024,7,Jul,Cobalt,SMB,Canada,10,227.51,90.29,2275.06,273.01,2002.06,902.85,1099.2,0.549,402.9,383.95,715.26,196.67,5000.0,2948.12,2051.88,1.82,1.41,1.44,0.1431,10-20%,902.85,2275.06,2002.06,1099.2,10,227.51,90.29,10-20%,273.01,Jul,Cobalt
2024-09-04,2024,9,Sep,Alpha,Consumer,USA,11,281.04,149.51,3091.41,92.74,2998.67,1644.66,1354.0,0.4515,809.83,857.87,496.14,336.28,5335.27,2195.28,3139.99,1.73,1.48,0.7,0.093,0-5%,1644.66,3091.41,2998.67,1354.0,11,281.04,149.51,0-5%,92.74,Sep,Alpha
2025-10-26,2025,10,Oct,Alpha,Enterprise,Germany,9,271.31,135.07,2441.79,73.25,2368.54,1215.67,1152.87,0.4867,521.68,489.07,663.8,221.61,5000.0,2249.66,2750.34,1.49,1.14,0.82,0.1328,0-5%,1215.67,2441.79,2368.54,1152.87,9,271.31,135.07,0-5%,73.25,Oct,Alpha
2024-08-10,2024,8,Aug,Cobalt,SMB,USA,8,217.9,117.4,1743.19,0.0,1743.19,939.24,803.95,0.4612,410.35,396.85,407.1,157.7,5000.0,2336.92,2663.08,1.87,1.51,0.88,0.0814,0-5%,939.24,1743.19,1743.19,803.95,8,217.9,117.4,0-5%,0.0,Aug,Cobalt
2024-02-02,2024,2,Feb,Alpha,Consumer,USA,10,165.87,86.95,1658.7,49.76,1608.94,869.51,739.43,0.4596,296.6,294.4,445.03,114.33,5000.0,1806.62,3193.38,1.87,1.66,0.57,0.089,0-5%,869.51,1658.7,1608.94,739.43,10,165.87,86.95,0-5%,49.76,Feb,Alpha
2024-07-11,2024,7,Jul,Flux,Consumer,Canada,9,328.65,137.44,2957.88,88.74,2869.15,1236.98,1632.16,0.5689,578.57,564.83,1067.33,172.57,5000.0,2564.12,2435.88,1.19,0.59,1.05,0.2135,0-5%,1236.98,2957.88,2869.15,1632.16,9,328.65,137.44,0-5%,88.74,Jul,Flux
2023-03-14,2023,3,Mar,Delta,SMB,Canada,13,292.81,156.74,3806.48,266.45,3540.03,2037.56,1502.47,0.4244,955.7,946.27,556.2,369.81,7449.8,3061.36,4388.45,1.74,1.25,0.7,0.0747,5-10%,2037.56,3806.48,3540.03,1502.47,13,292.81,156.74,5-10%,266.45,Mar,Delta
2024-02-06,2024,2,Feb,Alpha,SMB,Germany,7,175.72,93.78,1230.01,0.0,1230.01,656.43,573.58,0.4663,253.64,259.55,314.03,117.45,5000.0,3045.73,1954.27,2.01,1.45,1.56,0.0628,0-5%,656.43,1230.01,1230.01,573.58,7,175.72,93.78,0-5%,0.0,Feb,Alpha
2025-03-13,2025,3,Mar,Bravo,Consumer,USA,11,276.15,121.12,3037.61,0.0,3037.61,1332.31,1705.3,0.5614,390.69,393.55,1311.76,280.66,5000.0,2331.65,2668.35,2.05,1.75,0.87,0.2624,0-5%,1332.31,3037.61,3037.61,1705.3,11,276.15,121.12,0-5%,0.0,Mar,Bravo
2025-04-03,2025,4,Apr,Delta,Consumer,Germany,7,188.51,84.53,1319.55,92.37,1227.19,591.72,635.47,0.5178,320.87,317.97,317.5,67.99,5000.0,2337.9,2662.1,1.56,1.2,0.88,0.0635,5-10%,591.72,1319.55,1227.19,635.47,7,188.51,84.53,5-10%,92.37,Apr,Delta
2025-05-21,2025,5,May,Echo,Consumer,USA,8,171.61,69.78,1372.86,96.1,1276.76,558.21,718.55,0.5628,249.69,242.67,475.88,82.67,5000.0,2010.84,2989.16,1.63,1.12,0.67,0.0952,5-10%,558.21,1372.86,1276.76,718.55,8,171.61,69.78,5-10%,96.1,May,Echo
2023-05-23,2023,5,May,Flux,Enterprise,USA,14,214.44,75.73,3002.12,0.0,3002.12,1060.29,1941.83,0.6468,572.93,613.77,1328.06,146.38,5000.0,2164.04,2835.96,1.7,1.26,0.76,0.2656,0-5%,1060.29,3002.12,3002.12,1941.83,14,214.44,75.73,0-5%,0.0,May,Flux
2024-08-19,2024,8,Aug,Echo,Consumer,USA,11,182.7,65.95,2009.68,140.68,1869.0,725.45,1143.55,0.6119,258.54,258.62,884.93,108.72,5000.0,2417.44,2582.56,2.34,1.95,0.94,0.177,5-10%,725.45,2009.68,1869.0,1143.55,11,182.7,65.95,5-10%,140.68,Aug,Echo
2025-01-19,2025,1,Jan,Flux,Consumer,Canada,6,235.55,91.15,1413.31,169.6,1243.71,546.9,696.81,0.5603,258.85,265.02,431.79,95.79,5000.0,2800.4,2199.6,1.04,0.84,1.27,0.0864,10-20%,546.9,1413.31,1243.71,696.81,6,235.55,91.15,10-20%,169.6,Jan,Flux
2024-10-06,2024,10,Oct,Delta,Consumer,India,12,247.32,106.66,2967.83,207.75,2760.08,1279.89,1480.19,0.5363,370.48,379.42,1100.77,156.09,5000.0,2319.76,2680.24,2.1,1.66,0.87,0.2202,5-10%,1279.89,2967.83,2760.08,1480.19,12,247.32,106.66,5-10%,207.75,Oct,Delta
2025-03-19,2025,3,Mar,Echo,Enterprise,Canada,11,228.5,88.52,2513.47,0.0,2513.47,973.7,1539.77,0.6126,338.58,334.77,1205.0,193.38,5000.0,2983.44,2016.56,1.82,1.56,1.48,0.241,0-5%,973.7,2513.47,2513.47,1539.77,11,228.5,88.52,0-5%,0.0,Mar,Echo
2024-01-01,2024,1,Jan,Delta,Enterprise,Germany,7,199.93,95.11,1399.5,0.0,1399.5,665.74,733.76,0.5243,190.59,193.32,540.44,128.35,5000.0,2827.58,2172.42,2.36,1.82,1.3,0.1081,0-5%,665.74,1399.5,1399.5,733.76,7,199.93,95.11,0-5%,0.0,Jan,Delta
2023-01-14,2023,1,Jan,Cobalt,Consumer,USA,14,207.54,96.87,2905.55,0.0,2905.55,1356.16,1549.39,0.5333,793.91,842.85,706.54,144.96,5000.0,3076.56,1923.44,1.84,1.38,1.6,0.1413,0-5%,1356.16,2905.55,2905.55,1549.39,14,207.54,96.87,0-5%,0.0,Jan,Cobalt
2023-04-27,2023,4,Apr,Bravo,Enterprise,USA,5,190.05,95.56,950.23,28.51,921.73,477.8,443.93,0.4816,126.63,118.69,325.24,68.51,5000.0,1922.31,3077.69,2.1,1.65,0.62,0.065,0-5%,477.8,950.23,921.73,443.93,5,190.05,95.56,0-5%,28.51,Apr,Bravo
2023-03-07,2023,3,Mar,Cobalt,Enterprise,USA,9,276.3,125.52,2486.71,74.6,2412.11,1129.65,1282.46,0.5317,673.62,644.34,638.12,195.93,5000.0,2623.87,2376.13,1.28,0.91,1.1,0.1276,0-5%,1129.65,2486.71,2412.11,1282.46,9,276.3,125.52,0-5%,74.6,Mar,Cobalt
2025-09-18,2025,9,Sep,Cobalt,Consumer,USA,10,236.34,111.42,2363.45,283.61,2079.84,1114.25,965.59,0.4643,265.99,279.23,686.36,130.25,5000.0,1906.44,3093.56,1.21,0.77,0.62,0.1373,10-20%,1114.25,2363.45,2079.84,965.59,10,236.34,111.42,10-20%,283.61,Sep,Cobalt
2025-02-07,2025,2,Feb,Delta,Enterprise,Canada,11,136.8,72.5,1504.83,0.0,1504.83,797.47,707.36,0.4701,285.29,304.23,403.13,173.31,5000.0,2912.46,2087.54,2.01,1.69,1.4,0.0806,0-5%,797.47,1504.83,1504.83,707.36,11,136.8,72.5,0-5%,0.0,Feb,Delta
2025-06-25,2025,6,Jun,Flux,SMB,India,10,258.83,119.6,2588.26,310.59,2277.66,1196.02,1081.65,0.4749,401.53,383.1,698.55,188.06,5000.0,1914.17,3085.83,1.89,1.54,0.62,0.1397,10-20%,1196.02,2588.26,2277.66,1081.65,10,258.83,119.6,10-20%,310.59,Jun,Flux
2024-04-19,2024,4,Apr,Delta,Consumer,USA,12,290.82,119.76,3489.82,418.78,3071.04,1437.15,1633.89,0.532,560.03,562.17,1071.72,268.57,5000.0,3034.82,1965.18,1.73,1.28,1.54,0.2143,10-20%,1437.15,3489.82,3071.04,1633.89,12,290.82,119.76,10-20%,418.78,Apr,Delta
2024-08-16,2024,8,Aug,Delta,SMB,USA,7,277.22,106.65,1940.56,0.0,1940.56,746.53,1194.03,0.6153,406.59,375.46,818.57,92.65,5000.0,2426.63,2573.37,2.53,2.24,0.94,0.1637,0-5%,746.53,1940.56,1940.56,1194.03,7,277.22,106.65,0-5%,0.0,Aug,Delta
2024-08-20,2024,8,Aug,Flux,Consumer,USA,9,287.59,138.03,2588.32,0.0,2588.32,1242.25,1346.07,0.5201,521.53,494.49,851.58,147.73,5000.0,1805.71,3194.29,1.44,1.16,0.57,0.1703,0-5%,1242.25,2588.32,2588.32,1346.07,9,287.59,138.03,0-5%,0.0,Aug,Flux
2024-01-21,2024,1,Jan,Bravo,Consumer,USA,4,224.81,117.14,899.23,62.95,836.29,468.56,367.73,0.4397,161.46,171.85,195.88,80.67,5000.0,2670.0,2330.0,1.44,1.24,1.15,0.0392,5-10%,468.56,899.23,836.29,367.73,4,224.81,117.14,5-10%,62.95,Jan,Bravo
2025-10-15,2025,10,Oct,Flux,SMB,USA,9,271.6,104.73,2444.43,293.33,2151.09,942.55,1208.55,0.5618,338.33,362.52,846.03,99.81,5000.0,2371.27,2628.73,1.56,1.25,0.9,0.1692,10-20%,942.55,2444.43,2151.09,1208.55,9,271.6,104.73,10-20%,293.33,Oct,Flux
2024-12-04,2024,12,Dec,Flux,Consumer,USA,10,249.46,89.84,2494.63,0.0,2494.63,898.39,1596.25,0.6399,427.76,408.87,1187.37,155.52,5000.0,2996.36,2003.64,0.89,0.5,1.5,0.2375,0-5%,898.39,2494.63,2494.63,1596.25,10,249.46,89.84,0-5%,0.0,Dec,Flux
2025-09-19,2025,9,Sep,Flux,Consumer,Germany,9,181.73,84.28,1635.56,196.27,1439.29,758.5,680.8,0.473,241.37,239.15,441.65,153.62,5000.0,3167.9,1832.1,1.51,1.15,1.73,0.0883,10-20%,758.5,1635.56,1439.29,680.8,9,181.73,84.28,10-20%,196.27,Sep,Flux
2023-01-13,2023,1,Jan,Cobalt,Consumer,USA,16,192.48,78.95,3079.64,0.0,3079.64,1263.12,1816.52,0.5898,449.21,466.03,1350.49,171.5,5438.17,3448.33,1989.84,2.37,1.8,1.73,0.2483,0-5%,1263.12,3079.64,3079.64,1816.52,16,192.48,78.95,0-5%,0.0,Jan,Cobalt
2024-07-16,2024,7,Jul,Delta,SMB,USA,14,288.68,113.59,4041.56,0.0,4041.56,1590.19,2451.37,0.6065,661.14,646.71,1804.66,250.24,5684.39,3279.28,2405.1,1.87,1.29,1.36,0.3175,0-5%,1590.19,4041.56,4041.56,2451.37,14,288.68,113.59,0-5%,0.0,Jul,Delta
2023-04-19,2023,4,Apr,Delta,SMB,USA,10,276.97,97.08,2769.69,83.09,2686.6,970.84,1715.76,0.6386,675.64,677.77,1037.99,127.06,5000.0,3010.41,1989.59,1.94,1.64,1.51,0.2076,0-5%,970.84,2769.69,2686.6,1715.76,10,276.97,97.08,0-5%,83.09,Apr,Delta
2023-08-30,2023,8,Aug,Delta,Consumer,USA,9,53.78,19.23,484.04,33.88,450.16,173.07,277.09,0.6155,70.91,72.21,204.88,50.0,5000.0,2895.17,2104.83,1.87,1.62,1.38,0.041,5-10%,173.07,484.04,450.16,277.09,9,53.78,19.23,5-10%,33.88,Aug,Delta
2023-07-01,2023,7,Jul,Echo,Consumer,UK,8,304.74,147.15,2437.93,0.0,2437.93,1177.22,1260.71,0.5171,350.65,366.19,894.52,218.6,5000.0,2185.91,2814.09,0.86,0.6,0.78,0.1789,0-5%,1177.22,2437.93,2437.93,1260.71,8,304.74,147.15,0-5%,0.0,Jul,Echo
2024-01-19,2024,1,Jan,Delta,Enterprise,India,3,138.91,56.68,416.74,12.5,404.24,170.04,234.19,0.5793,54.22,56.21,177.98,50.0,5000.0,2884.87,2115.13,2.1,1.86,1.36,0.0356,0-5%,170.04,416.74,404.24,234.19,3,138.91,56.68,0-5%,12.5,Jan,Delta
2024-04-22,2024,4,Apr,Flux,SMB,USA,11,134.21,58.77,1476.33,44.29,1432.04,646.45,785.59,0.5486,178.86,192.06,593.53,95.94,5000.0,2191.38,2808.62,1.59,1.11,0.78,0.1187,0-5%,646.45,1476.33,1432.04,785.59,11,134.21,58.77,0-5%,44.29,Apr,Flux
2024-04-12,2024,4,Apr,Echo,Consumer,India,10,259.75,99.98,2597.45,0.0,2597.45,999.81,1597.64,0.6151,495.66,519.68,1077.96,122.97,5000.0,2674.98,2325.02,1.75,1.34,1.15,0.2156,0-5%,999.81,2597.45,2597.45,1597.64,10,259.75,99.98,0-5%,0.0,Apr,Echo
2023-09-07,2023,9,Sep,Delta,Consumer,India,10,241.13,99.09,2411.28,0.0,2411.28,990.88,1420.4,0.5891,477.0,509.58,910.82,206.64,5000.0,1944.95,3055.05,1.49,1.27,0.64,0.1822,0-5%,990.88,2411.28,2411.28,1420.4,10,241.13,99.09,0-5%,0.0,Sep,Delta
2024-10-13,2024,10,Oct,Alpha,Enterprise,USA,11,271.07,122.63,2981.77,208.72,2773.05,1348.88,1424.17,0.5136,640.61,621.43,802.73,141.2,5621.59,2867.2,2754.39,2.17,1.76,1.04,0.1428,5-10%,1348.88,2981.77,2773.05,1424.17,11,271.07,122.63,5-10%,208.72,Oct,Alpha
2024-10-11,2024,10,Oct,Echo,Consumer,USA,11,194.99,83.47,2144.92,0.0,2144.92,918.12,1226.8,0.572,404.93,402.05,824.75,127.13,5000.0,2899.87,2100.13,1.56,1.07,1.38,0.1649,0-5%,918.12,2144.92,2144.92,1226.8,11,194.99,83.47,0-5%,0.0,Oct,Echo
2023-07-11,2023,7,Jul,Bravo,SMB,India,8,258.88,116.4,2071.01,517.75,1553.25,931.22,622.04,0.4005,237.31,220.92,401.12,160.15,5000.0,2462.64,2537.36,1.2,0.75,0.97,0.0802,20%+,931.22,2071.01,1553.25,622.04,8,258.88,116.4,20%+,517.75,Jul,Bravo
2025-06-28,2025,6,Jun,Flux,Enterprise,India,9,258.26,118.36,2324.38,69.73,2254.65,1065.21,1189.44,0.5275,575.35,556.57,632.87,121.2,5000.0,2804.14,2195.86,1.72,1.29,1.28,0.1266,0-5%,1065.21,2324.38,2254.65,1189.44,9,258.26,118.36,0-5%,69.73,Jun,Flux
2025-02-02,2025,2,Feb,Cobalt,SMB,USA,3,183.87,88.44,551.61,137.9,413.71,265.31,148.4,0.3587,50.96,53.98,94.42,56.71,5000.0,2957.37,2042.63,1.31,1.02,1.45,0.0189,20%+,265.31,551.61,413.71,148.4,3,183.87,88.44,20%+,137.9,Feb,Cobalt
2024-12-23,2024,12,Dec,Alpha,SMB,USA,8,180.74,70.59,1445.94,43.38,1402.56,564.7,837.86,0.5974,270.84,254.64,583.22,68.0,5000.0,2405.16,2594.84,1.96,1.39,0.93,0.1166,0-5%,564.7,1445.94,1402.56,837.86,8,180.74,70.59,0-5%,43.38,Dec,Alpha
2023-11-18,2023,11,Nov,Alpha,Consumer,USA,5,149.84,56.78,749.19,0.0,749.19,283.89,465.3,0.6211,199.26,190.18,275.12,50.0,5000.0,2563.51,2436.49,2.19,1.67,1.05,0.055,0-5%,283.89,749.19,749.19,465.3,5,149.84,56.78,0-5%,0.0,Nov,Alpha
2025-03-17,2025,3,Mar,Cobalt,Consumer,USA,7,226.99,85.86,1588.92,0.0,1588.92,601.01,987.92,0.6218,441.37,424.92,562.99,62.93,5000.0,1853.58,3146.42,1.73,1.16,0.59,0.1126,0-5%,601.01,1588.92,1588.92,987.92,7,226.99,85.86,0-5%,0.0,Mar,Cobalt
2025-07-05,2025,7,Jul,Cobalt,Consumer,USA,7,153.99,79.15,1077.93,75.45,1002.47,554.05,448.43,0.4473,226.75,232.52,215.91,84.52,5000.0,2001.87,2998.13,1.02,0.59,0.67,0.0432,5-10%,554.05,1077.93,1002.47,448.43,7,153.99,79.15,5-10%,75.45,Jul,Cobalt
2023-01-18,2023,1,Jan,Bravo,SMB,India,16,181.55,63.71,2904.77,0.0,2904.77,1019.41,1885.36,0.6491,358.3,372.56,1512.79,214.98,5000.0,2034.66,2965.34,1.84,1.56,0.69,0.3026,0-5%,1019.41,2904.77,2904.77,1885.36,16,181.55,63.71,0-5%,0.0,Jan,Bravo
2024-10-29,2024,10,Oct,Cobalt,Enterprise,Canada,13,135.72,55.71,1764.4,0.0,1764.4,724.21,1040.19,0.5895,268.24,285.39,754.8,143.13,5000.0,2362.84,2637.16,2.01,1.76,0.9,0.151,0-5%,724.21,1764.4,1764.4,1040.19,13,135.72,55.71,0-5%,0.0,Oct,Cobalt
2023-10-18,2023,10,Oct,Cobalt,Enterprise,USA,10,220.19,83.23,2201.95,264.23,1937.71,832.29,1105.43,0.5705,251.89,256.02,849.4,107.74,5000.0,1905.5,3094.5,2.23,2.0,0.62,0.1699,10-20%,832.29,2201.95,1937.71,1105.43,10,220.19,83.23,10-20%,264.23,Oct,Cobalt
2023-12-03,2023,12,Dec,Bravo,SMB,USA,8,259.88,99.65,2079.07,62.37,2016.7,797.23,1219.48,0.6047,357.05,339.11,880.37,108.52,5000.0,2970.12,2029.88,1.73,1.24,1.46,0.1761,0-5%,797.23,2079.07,2016.7,1219.48,8,259.88,99.65,0-5%,62.37,Dec,Bravo
2025-10-20,2025,10,Oct,Alpha,SMB,India,7,111.05,52.48,777.34,0.0,777.34,367.35,409.99,0.5274,109.43,116.47,293.52,50.29,5000.0,1780.5,3219.5,1.66,1.14,0.55,0.0587,0-5%,367.35,777.34,777.34,409.99,7,111.05,52.48,0-5%,0.0,Oct,Alpha
2023-12-28,2023,12,Dec,Flux,Consumer,Germany,8,300.04,107.43,2400.33,288.04,2112.29,859.47,1252.82,0.5931,565.86,573.23,679.58,169.0,5000.0,2243.99,2756.01,1.17,0.77,0.81,0.1359,10-20%,859.47,2400.33,2112.29,1252.82,8,300.04,107.43,10-20%,288.04,Dec,Flux
2024-02-23,2024,2,Feb,Bravo,Consumer,USA,14,241.38,103.62,3379.37,236.56,3142.82,1450.66,1692.16,0.5384,790.34,823.96,868.21,231.2,5463.22,2541.31,2921.91,2.24,1.74,0.87,0.1589,5-10%,1450.66,3379.37,3142.82,1692.16,14,241.38,103.62,5-10%,236.56,Feb,Bravo
2024-12-16,2024,12,Dec,Bravo,Consumer,Germany,7,160.03,67.84,1120.19,33.61,1086.58,474.88,611.7,0.563,184.21,173.02,438.68,101.9,5000.0,3224.38,1775.62,1.49,1.14,1.82,0.0877,0-5%,474.88,1120.19,1086.58,611.7,7,160.03,67.84,0-5%,33.61,Dec,Bravo
2023-08-15,2023,8,Aug,Flux,SMB,USA,13,200.38,80.29,2604.92,312.59,2292.33,1043.74,1248.59,0.5447,286.44,304.59,944.0,168.36,5000.0,1765.59,3234.41,1.61,1.03,0.55,0.1888,10-20%,1043.74,2604.92,2292.33,1248.59,13,200.38,80.29,10-20%,312.59,Aug,Flux
2024-05-11,2024,5,May,Echo,SMB,USA,7,209.29,74.34,1465.04,43.95,1421.09,520.41,900.68,0.6338,292.99,287.86,612.83,97.83,5000.0,1835.43,3164.57,1.79,1.56,0.58,0.1226,0-5%,520.41,1465.04,1421.09,900.68,7,209.29,74.34,0-5%,43.95,May,Echo
2025-12-03,2025,12,Dec,Bravo,SMB,India,12,159.26,65.64,1911.14,57.33,1853.8,787.67,1066.13,0.5751,322.32,345.94,720.19,127.3,5000.0,3000.02,1999.98,1.88,1.67,1.5,0.144,0-5%,787.67,1911.14,1853.8,1066.13,12,159.26,65.64,0-5%,57.33,Dec,Bravo
2024-12-04,2024,12,Dec,Alpha,Consumer,Canada,13,172.42,89.48,2241.45,268.97,1972.48,1163.25,809.23,0.4103,276.5,287.49,521.74,116.94,5000.0,2687.14,2312.86,1.81,1.25,1.16,0.1043,10-20%,1163.25,2241.45,1972.48,809.23,13,172.42,89.48,10-20%,268.97,Dec,Alpha
2025-11-16,2025,11,Nov,Delta,SMB,Germany,11,213.14,112.87,2344.52,586.13,1758.39,1241.57,516.82,0.2939,394.94,376.0,140.82,133.14,5000.0,2167.71,2832.29,2.5,2.27,0.77,0.0282,20%+,1241.57,2344.52,1758.39,516.82,11,213.14,112.87,20%+,586.13,Nov,Delta
2025-12-11,2025,12,Dec,Alpha,Consumer,Germany,9,164.94,64.69,1484.49,178.14,1306.35,582.24,724.11,0.5543,198.5,205.11,519.0,94.13,5000.0,2432.82,2567.18,2.01,1.42,0.95,0.1038,10-20%,582.24,1484.49,1306.35,724.11,9,164.94,64.69,10-20%,178.14,Dec,Alpha
2025-05-31,2025,5,May,Delta,Consumer,USA,8,192.33,97.46,1538.67,184.64,1354.03,779.71,574.31,0.4242,336.47,311.37,262.94,132.61,5000.0,2089.49,2910.51,1.54,1.08,0.72,0.0526,10-20%,779.71,1538.67,1354.03,574.31,8,192.33,97.46,10-20%,184.64,May,Delta
2024-06-02,2024,6,Jun,Echo,SMB,Germany,8,199.34,95.17,1594.7,0.0,1594.7,761.35,833.35,0.5226,194.7,179.15,654.2,112.29,5000.0,2206.67,2793.33,1.89,1.39,0.79,0.1308,0-5%,761.35,1594.7,1594.7,833.35,8,199.34,95.17,0-5%,0.0,Jun,Echo
2025-08-28,2025,8,Aug,Alpha,SMB,UK,13,251.2,102.21,3265.63,0.0,3265.63,1328.67,1936.96,0.5931,903.0,964.13,972.83,276.95,5000.0,2333.76,2666.24,1.2,0.73,0.88,0.1946,0-5%,1328.67,3265.63,3265.63,1936.96,13,251.2,102.21,0-5%,0.0,Aug,Alpha
2023-02-28,2023,2,Feb,Flux,Consumer,USA,17,209.13,104.61,3555.25,426.63,3128.62,1778.38,1350.24,0.4316,794.93,798.35,551.89,215.44,5000.0,2794.43,2205.57,1.49,1.03,1.27,0.1104,10-20%,1778.38,3555.25,3128.62,1350.24,17,209.13,104.61,10-20%,426.63,Feb,Flux
2024-05-10,2024,5,May,Delta,SMB,USA,8,259.29,96.28,2074.33,145.2,1929.12,770.22,1158.9,0.6007,305.98,286.21,872.7,148.45,5000.0,2610.02,2389.98,1.95,1.47,1.09,0.1745,5-10%,770.22,2074.33,1929.12,1158.9,8,259.29,96.28,5-10%,145.2,May,Delta
2025-05-08,2025,5,May,Echo,SMB,UK,18,275.74,100.43,4963.29,1240.82,3722.46,1807.78,1914.68,0.5144,1001.06,984.23,930.45,381.48,7478.05,3156.43,4321.62,1.53,1.2,0.73,0.1244,20%+,1807.78,4963.29,3722.46,1914.68,18,275.74,100.43,20%+,1240.82,May,Echo
2023-11-21,2023,11,Nov,Echo,Consumer,USA,11,142.24,61.27,1564.63,109.52,1455.11,674.02,781.08,0.5368,206.3,201.02,580.07,83.23,5000.0,1825.5,3174.5,1.45,0.88,0.58,0.116,5-10%,674.02,1564.63,1455.11,781.08,11,142.24,61.27,5-10%,109.52,Nov,Echo
2024-08-17,2024,8,Aug,Delta,SMB,India,11,226.59,89.07,2492.53,0.0,2492.53,979.78,1512.75,0.6069,418.41,410.84,1101.91,154.57,5000.0,2372.75,2627.25,1.9,1.42,0.9,0.2204,0-5%,979.78,2492.53,2492.53,1512.75,11,226.59,89.07,0-5%,0.0,Aug,Delta
2025-03-22,2025,3,Mar,Flux,Consumer,USA,6,235.43,93.75,1412.6,0.0,1412.6,562.48,850.13,0.6018,387.99,401.46,448.67,120.09,5000.0,2899.34,2100.66,2.3,1.83,1.38,0.0897,0-5%,562.48,1412.6,1412.6,850.13,6,235.43,93.75,0-5%,0.0,Mar,Flux
2023-03-03,2023,3,Mar,Bravo,SMB,USA,6,128.32,68.31,769.94,53.9,716.05,409.88,306.17,0.4276,190.38,182.69,123.48,50.0,5000.0,2669.56,2330.44,1.64,1.31,1.15,0.0247,5-10%,409.88,769.94,716.05,306.17,6,128.32,68.31,5-10%,53.9,Mar,Bravo
2025-11-19,2025,11,Nov,Flux,Consumer,USA,5,273.24,123.76,1366.22,40.99,1325.23,618.79,706.44,0.5331,279.55,267.21,439.23,69.94,5000.0,2949.71,2050.29,1.33,0.84,1.44,0.0878,0-5%,618.79,1366.22,1325.23,706.44,5,273.24,123.76,0-5%,40.99,Nov,Flux
2024-06-04,2024,6,Jun,Cobalt,Consumer,India,7,149.89,63.94,1049.2,31.48,1017.73,447.6,570.13,0.5602,150.85,159.48,410.64,71.73,5000.0,1784.48,3215.52,1.56,1.14,0.55,0.0821,0-5%,447.6,1049.2,1017.73,570.13,7,149.89,63.94,0-5%,31.48,Jun,Cobalt
2023-07-24,2023,7,Jul,Delta,SMB,USA,6,195.19,70.37,1171.13,35.13,1136.0,422.19,713.8,0.6283,274.0,279.16,434.64,80.26,5000.0,3205.29,1794.71,1.92,1.51,1.79,0.0869,0-5%,422.19,1171.13,1136.0,713.8,6,195.19,70.37,0-5%,35.13,Jul,Delta
2025-08-26,2025,8,Aug,Bravo,SMB,USA,8,217.76,76.27,1742.09,209.05,1533.04,610.15,922.89,0.602,293.25,294.02,628.87,69.09,5000.0,3077.58,1922.42,1.68,1.29,1.6,0.1258,10-20%,610.15,1742.09,1533.04,922.89,8,217.76,76.27,10-20%,209.05,Aug,Bravo
2025-02-21,2025,2,Feb,Echo,SMB,Canada,6,255.11,116.13,1530.69,0.0,1530.69,696.8,833.89,0.5448,367.72,387.89,446.0,93.69,5000.0,1950.65,3049.35,2.21,1.85,0.64,0.0892,0-5%,696.8,1530.69,1530.69,833.89,6,255.11,116.13,0-5%,0.0,Feb,Echo
2023-12-07,2023,12,Dec,Alpha,Enterprise,UK,9,198.19,100.55,1783.72,214.05,1569.67,904.92,664.75,0.4235,219.36,219.39,445.36,120.17,5000.0,3054.9,1945.1,2.33,1.86,1.57,0.0891,10-20%,904.92,1783.72,1569.67,664.75,9,198.19,100.55,10-20%,214.05,Dec,Alpha
2024-10-28,2024,10,Oct,Cobalt,Consumer,USA,13,236.9,105.99,3079.68,0.0,3079.68,1377.9,1701.77,0.5526,503.2,535.51,1166.26,238.78,5000.0,2159.6,2840.4,1.69,1.15,0.76,0.2333,0-5%,1377.9,3079.68,3079.68,1701.77,13,236.9,105.99,0-5%,0.0,Oct,Cobalt
2025-09-03,2025,9,Sep,Delta,Enterprise,USA,9,294.1,110.05,2646.92,79.41,2567.52,990.46,1577.05,0.6142,421.86,416.17,1160.89,104.11,5000.0,2881.72,2118.28,2.11,1.8,1.36,0.2322,0-5%,990.46,2646.92,2567.52,1577.05,9,294.1,110.05,0-5%,79.41,Sep,Delta
2024-02-20,2024,2,Feb,Delta,SMB,USA,11,298.59,146.88,3284.46,229.91,3054.55,1615.7,1438.85,0.4711,779.78,813.32,625.53,240.83,5049.01,1781.62,3267.39,2.29,1.7,0.55,0.1239,5-10%,1615.7,3284.46,3054.55,1438.85,11,298.59,146.88,5-10%,229.91,Feb,Delta
2024-03-29,2024,3,Mar,Delta,Enterprise,Canada,8,223.56,81.08,1788.46,53.65,1734.81,648.66,1086.14,0.6261,224.6,241.47,844.67,104.79,5000.0,1946.43,3053.57,1.37,0.82,0.64,0.1689,0-5%,648.66,1788.46,1734.81,1086.14,8,223.56,81.08,0-5%,53.65,Mar,Delta
2025-07-15,2025,7,Jul,Delta,Consumer,India,8,336.43,124.35,2691.41,80.74,2610.67,994.78,1615.89,0.619,579.26,569.08,1046.81,163.27,5000.0,2530.11,2469.89,1.57,0.99,1.02,0.2094,0-5%,994.78,2691.41,2610.67,1615.89,8,336.43,124.35,0-5%,80.74,Jul,Delta
2024-05-05,2024,5,May,Flux,Consumer,USA,5,142.03,77.55,710.13,0.0,710.13,387.74,322.39,0.454,178.68,187.18,135.21,50.0,5000.0,1935.92,3064.08,1.69,1.47,0.63,0.027,0-5%,387.74,710.13,710.13,322.39,5,142.03,77.55,0-5%,0.0,May,Flux
2023-11-12,2023,11,Nov,Cobalt,SMB,USA,7,58.24,30.93,407.66,12.23,395.43,216.48,178.96,0.4526,82.79,84.13,94.83,50.0,5000.0,2892.83,2107.17,1.49,1.14,1.37,0.019,0-5%,216.48,407.66,395.43,178.96,7,58.24,30.93,0-5%,12.23,Nov,Cobalt
2023-05-05,2023,5,May,Alpha,SMB,Canada,7,280.04,102.2,1960.31,0.0,1960.31,715.37,1244.94,0.6351,338.81,324.34,920.61,98.77,5000.0,2906.68,2093.32,1.71,1.15,1.39,0.1841,0-5%,715.37,1960.31,1960.31,1244.94,7,280.04,102.2,0-5%,0.0,May,Alpha
2023-08-23,2023,8,Aug,Bravo,Consumer,USA,12,144.11,70.0,1729.35,51.88,1677.47,840.05,837.42,0.4992,400.39,417.6,419.82,149.37,5000.0,1989.4,3010.6,2.45,1.98,0.66,0.084,0-5%,840.05,1729.35,1677.47,837.42,12,144.11,70.0,0-5%,51.88,Aug,Bravo
2023-09-16,2023,9,Sep,Delta,SMB,USA,9,274.01,120.1,2466.12,0.0,2466.12,1080.89,1385.23,0.5617,617.4,652.28,732.95,202.41,5000.0,2540.45,2459.55,1.86,1.35,1.03,0.1466,0-5%,1080.89,2466.12,2466.12,1385.23,9,274.01,120.1,0-5%,0.0,Sep,Delta
2024-02-15,2024,2,Feb,Bravo,Consumer,India,11,184.81,85.34,2032.93,60.99,1971.94,938.78,1033.16,0.5239,504.48,521.76,511.4,191.56,5000.0,2874.93,2125.07,1.76,1.37,1.35,0.1023,0-5%,938.78,2032.93,1971.94,1033.16,11,184.81,85.34,0-5%,60.99,Feb,Bravo
2024-04-03,2024,4,Apr,Echo,Consumer,Canada,8,241.54,109.02,1932.33,0.0,1932.33,872.14,1060.19,0.5487,249.75,243.61,816.58,124.84,5000.0,2942.08,2057.92,1.74,1.48,1.43,0.1633,0-5%,872.14,1932.33,1932.33,1060.19,8,241.54,109.02,0-5%,0.0,Apr,Echo
2023-12-29,2023,12,Dec,Echo,Enterprise,India,8,191.76,104.16,1534.08,0.0,1534.08,833.31,700.77,0.4568,366.72,338.99,361.78,143.55,5000.0,2916.44,2083.56,2.19,1.79,1.4,0.0724,0-5%,833.31,1534.08,1534.08,700.77,8,191.76,104.16,0-5%,0.0,Dec,Echo
2025-12-30,2025,12,Dec,Cobalt,Consumer,USA,9,131.4,53.24,1182.57,141.91,1040.66,479.17,561.49,0.5396,181.61,169.63,391.86,84.17,5000.0,1937.85,3062.15,2.07,1.74,0.63,0.0784,10-20%,479.17,1182.57,1040.66,561.49,9,131.4,53.24,10-20%,141.91,Dec,Cobalt
2023-01-18,2023,1,Jan,Bravo,Consumer,USA,7,302.54,113.24,2117.76,148.24,1969.52,792.65,1176.86,0.5975,474.37,478.22,698.64,84.67,5000.0,2047.84,2952.16,1.99,1.53,0.69,0.1397,5-10%,792.65,2117.76,1969.52,1176.86,7,302.54,113.24,5-10%,148.24,Jan,Bravo
2024-03-26,2024,3,Mar,Cobalt,SMB,India,8,167.34,67.18,1338.72,0.0,1338.72,537.44,801.29,0.5985,248.94,261.96,539.33,105.04,5000.0,2912.37,2087.63,1.66,1.19,1.4,0.1079,0-5%,537.44,1338.72,1338.72,801.29,8,167.34,67.18,0-5%,0.0,Mar,Cobalt
2025-10-11,2025,10,Oct,Delta,Consumer,India,16,241.96,86.3,3871.4,0.0,3871.4,1380.76,2490.64,0.6433,851.13,881.66,1608.98,238.98,7705.96,3490.05,4215.91,1.72,1.16,0.83,0.2088,0-5%,1380.76,3871.4,3871.4,2490.64,16,241.96,86.3,0-5%,0.0,Oct,Delta
2023-10-08,2023,10,Oct,Cobalt,SMB,India,7,129.85,65.25,908.97,63.63,845.34,456.75,388.58,0.4597,105.18,111.49,277.1,51.46,5000.0,1767.22,3232.78,1.19,0.81,0.55,0.0554,5-10%,456.75,908.97,845.34,388.58,7,129.85,65.25,5-10%,63.63,Oct,Cobalt
2025-05-25,2025,5,May,Flux,Enterprise,India,11,204.7,90.65,2251.73,0.0,2251.73,997.14,1254.59,0.5572,314.07,294.64,959.94,140.87,5000.0,2011.82,2988.18,1.99,1.6,0.67,0.192,0-5%,997.14,2251.73,2251.73,1254.59,11,204.7,90.65,0-5%,0.0,May,Flux
2025-11-23,2025,11,Nov,Delta,Consumer,USA,8,268.46,105.46,2147.69,536.92,1610.77,843.68,767.09,0.4762,379.82,377.57,389.52,118.13,5000.0,3049.62,1950.38,1.82,1.58,1.56,0.0779,20%+,843.68,2147.69,1610.77,767.09,8,268.46,105.46,20%+,536.92,Nov,Delta
2025-09-25,2025,9,Sep,Cobalt,Consumer,Canada,11,178.21,63.73,1960.34,0.0,1960.34,701.08,1259.25,0.6424,393.83,373.09,886.16,82.1,5000.0,3107.78,1892.22,1.83,1.51,1.64,0.1772,0-5%,701.08,1960.34,1960.34,1259.25,11,178.21,63.73,0-5%,0.0,Sep,Cobalt
2024-12-22,2024,12,Dec,Delta,Consumer,India,18,190.56,85.12,3430.08,0.0,3430.08,1532.23,1897.85,0.5533,668.13,708.72,1189.13,246.67,5000.0,1879.06,3120.94,2.03,1.6,0.6,0.2378,0-5%,1532.23,3430.08,3430.08,1897.85,18,190.56,85.12,0-5%,0.0,Dec,Delta
2025-04-18,2025,4,Apr,Alpha,Consumer,USA,7,220.2,116.77,1541.39,0.0,1541.39,817.41,723.98,0.4697,247.64,230.37,493.61,144.91,5000.0,2624.77,2375.23,1.29,1.03,1.11,0.0987,0-5%,817.41,1541.39,1541.39,723.98,7,220.2,116.77,0-5%,0.0,Apr,Alpha
2023-09-16,2023,9,Sep,Cobalt,Enterprise,Canada,12,263.2,104.03,3158.45,0.0,3158.45,1248.34,1910.11,0.6048,614.2,566.28,1343.83,221.01,5899.37,2234.32,3665.05,1.97,1.48,0.61,0.2278,0-5%,1248.34,3158.45,3158.45,1910.11,12,263.2,104.03,0-5%,0.0,Sep,Cobalt
2023-02-17,2023,2,Feb,Alpha,Consumer,Germany,9,243.81,125.3,2194.3,153.6,2040.7,1127.67,913.03,0.4474,513.31,492.53,420.5,233.13,5000.0,1805.46,3194.54,2.25,1.8,0.57,0.0841,5-10%,1127.67,2194.3,2040.7,913.03,9,243.81,125.3,5-10%,153.6,Feb,Alpha
2025-11-08,2025,11,Nov,Cobalt,SMB,USA,7,269.63,119.13,1887.43,56.62,1830.81,833.89,996.92,0.5445,333.41,306.75,690.17,152.28,5000.0,3168.29,1831.71,1.66,1.41,1.73,0.138,0-5%,833.89,1887.43,1830.81,996.92,7,269.63,119.13,0-5%,56.62,Nov,Cobalt
2025-09-21,2025,9,Sep,Echo,Consumer,India,12,216.9,113.45,2602.77,182.19,2420.58,1361.38,1059.2,0.4376,291.76,272.47,786.72,267.45,5063.58,2544.1,2519.49,2.02,1.72,1.01,0.1554,5-10%,1361.38,2602.77,2420.58,1059.2,12,216.9,113.45,5-10%,182.19,Sep,Echo
2023-08-05,2023,8,Aug,Alpha,Consumer,UK,13,202.78,106.83,2636.14,79.08,2557.06,1388.77,1168.29,0.4569,640.75,680.3,487.99,211.78,5000.0,2227.28,2772.72,1.62,1.32,0.8,0.0976,0-5%,1388.77,2636.14,2557.06,1168.29,13,202.78,106.83,0-5%,79.08,Aug,Alpha
2025-06-30,2025,6,Jun,Bravo,Enterprise,Canada,13,231.2,117.6,3005.66,90.17,2915.49,1528.84,1386.65,0.4756,405.3,375.14,1011.52,261.58,5000.0,3235.25,1764.75,1.94,1.47,1.83,0.2023,0-5%,1528.84,3005.66,2915.49,1386.65,13,231.2,117.6,0-5%,90.17,Jun,Bravo
2024-09-27,2024,9,Sep,Delta,SMB,USA,8,157.53,68.12,1260.25,151.23,1109.02,544.94,564.09,0.5086,181.45,169.11,394.98,114.49,5000.0,2713.58,2286.42,2.38,1.96,1.19,0.079,10-20%,544.94,1260.25,1109.02,564.09,8,157.53,68.12,10-20%,151.23,Sep,Delta
2025-08-10,2025,8,Aug,Bravo,SMB,USA,8,149.12,61.06,1192.93,0.0,1192.93,488.52,704.41,0.5905,317.95,335.08,369.33,51.85,5000.0,1790.73,3209.27,1.95,1.64,0.56,0.0739,0-5%,488.52,1192.93,1192.93,704.41,8,149.12,61.06,0-5%,0.0,Aug,Bravo
2025-10-26,2025,10,Oct,Delta,Consumer,USA,9,240.57,111.14,2165.11,0.0,2165.11,1000.24,1164.87,0.538,332.6,321.62,843.25,186.77,5000.0,1895.49,3104.51,1.28,0.94,0.61,0.1687,0-5%,1000.24,2165.11,2165.11,1164.87,9,240.57,111.14,0-5%,0.0,Oct,Delta
2025-06-28,2025,6,Jun,Echo,Consumer,USA,9,267.98,141.34,2411.82,289.42,2122.4,1272.07,850.33,0.4006,404.4,381.2,469.13,188.66,5000.0,2390.11,2609.89,1.45,1.02,0.92,0.0938,10-20%,1272.07,2411.82,2122.4,850.33,9,267.98,141.34,10-20%,289.42,Jun,Echo
2025-03-13,2025,3,Mar,Bravo,Consumer,Germany,11,254.67,107.77,2801.36,0.0,2801.36,1185.48,1615.88,0.5768,651.79,603.88,1012.0,218.14,5000.0,2102.94,2897.06,2.06,1.55,0.73,0.2024,0-5%,1185.48,2801.36,2801.36,1615.88,11,254.67,107.77,0-5%,0.0,Mar,Bravo
2023-11-20,2023,11,Nov,Cobalt,SMB,India,5,236.05,124.17,1180.24,35.41,1144.83,620.85,523.98,0.4577,228.85,229.08,294.9,114.14,5000.0,2330.68,2669.32,1.54,1.11,0.87,0.059,0-5%,620.85,1180.24,1144.83,523.98,5,236.05,124.17,0-5%,35.41,Nov,Cobalt
2024-11-21,2024,11,Nov,Flux,SMB,Canada,7,40.0,20.22,280.0,0.0,280.0,141.55,138.45,0.4945,46.37,47.41,91.04,50.0,5000.0,1860.43,3139.57,1.79,1.49,0.59,0.0182,0-5%,141.55,280.0,280.0,138.45,7,40.0,20.22,0-5%,0.0,Nov,Flux
2024-03-16,2024,3,Mar,Alpha,SMB,USA,5,223.56,101.14,1117.8,0.0,1117.8,505.71,612.09,0.5476,300.41,294.57,317.52,70.65,5000.0,2621.01,2378.99,2.42,1.96,1.1,0.0635,0-5%,505.71,1117.8,1117.8,612.09,5,223.56,101.14,0-5%,0.0,Mar,Alpha
2025-04-09,2025,4,Apr,Delta,Enterprise,USA,10,350.66,180.56,3506.57,105.2,3401.37,1805.57,1595.8,0.4692,716.51,677.12,918.68,305.97,5000.0,2662.06,2337.94,0.95,0.5,1.14,0.1837,0-5%,1805.57,3506.57,3401.37,1595.8,10,350.66,180.56,0-5%,105.2,Apr,Delta
2023-12-22,2023,12,Dec,Echo,SMB,India,9,203.37,110.09,1830.29,128.12,1702.17,990.79,711.38,0.4179,431.47,443.33,268.05,109.3,5000.0,3106.37,1893.63,1.75,1.38,1.64,0.0536,5-10%,990.79,1830.29,1702.17,711.38,9,203.37,110.09,5-10%,128.12,Dec,Echo
2024-10-04,2024,10,Oct,Bravo,Consumer,USA,8,188.25,85.32,1506.01,45.18,1460.83,682.55,778.28,0.5328,406.34,416.26,362.02,97.24,5000.0,2039.92,2960.08,1.66,1.35,0.69,0.0724,0-5%,682.55,1506.01,1460.83,778.28,8,188.25,85.32,0-5%,45.18,Oct,Bravo
2024-01-25,2024,1,Jan,Delta,Consumer,USA,6,324.54,134.6,1947.24,233.67,1713.57,807.61,905.96,0.5287,269.48,285.55,620.41,98.91,5000.0,2635.56,2364.44,1.72,1.4,1.11,0.1241,10-20%,807.61,1947.24,1713.57,905.96,6,324.54,134.6,10-20%,233.67,Jan,Delta
2024-11-19,2024,11,Nov,Flux,Enterprise,USA,3,210.87,100.92,632.6,0.0,632.6,302.76,329.83,0.5214,166.18,171.17,158.66,50.0,5000.0,2255.23,2744.77,2.24,1.67,0.82,0.0317,0-5%,302.76,632.6,632.6,329.83,3,210.87,100.92,0-5%,0.0,Nov,Flux
2024-12-28,2024,12,Dec,Bravo,SMB,UK,15,195.99,80.84,2939.81,0.0,2939.81,1212.66,1727.15,0.5875,430.27,422.27,1304.88,256.16,5519.32,3447.67,2071.65,2.18,1.62,1.66,0.2364,0-5%,1212.66,2939.81,2939.81,1727.15,15,195.99,80.84,0-5%,0.0,Dec,Bravo
2025-01-11,2025,1,Jan,Cobalt,Consumer,USA,7,197.81,84.02,1384.65,41.54,1343.11,588.16,754.95,0.5621,245.07,250.61,504.35,88.42,5000.0,2946.13,2053.87,2.08,1.85,1.43,0.1009,0-5%,588.16,1384.65,1343.11,754.95,7,197.81,84.02,0-5%,41.54,Jan,Cobalt
2023-08-18,2023,8,Aug,Bravo,Enterprise,Germany,11,116.79,52.81,1284.72,38.54,1246.18,580.95,665.23,0.5338,288.76,290.72,374.51,81.19,5000.0,2964.98,2035.02,1.81,1.53,1.46,0.0749,0-5%,580.95,1284.72,1246.18,665.23,11,116.79,52.81,0-5%,38.54,Aug,Bravo
2025-07-10,2025,7,Jul,Cobalt,Consumer,Germany,8,194.33,95.44,1554.64,46.64,1508.0,763.54,744.46,0.4937,234.06,225.34,519.12,152.78,5000.0,2495.49,2504.51,1.46,0.97,1.0,0.1038,0-5%,763.54,1554.64,1508.0,744.46,8,194.33,95.44,0-5%,46.64,Jul,Cobalt
2024-05-30,2024,5,May,Delta,Consumer,USA,8,191.49,82.45,1531.88,107.23,1424.65,659.58,765.07,0.537,381.77,399.94,365.14,98.34,5000.0,2449.74,2550.26,1.97,1.42,0.96,0.073,5-10%,659.58,1531.88,1424.65,765.07,8,191.49,82.45,5-10%,107.23,May,Delta
2024-02-24,2024,2,Feb,Cobalt,Enterprise,UK,13,245.23,100.33,3187.97,223.16,2964.81,1304.32,1660.49,0.5601,825.64,781.71,878.78,247.28,5220.3,2869.82,2350.48,1.47,1.04,1.22,0.1683,5-10%,1304.32,3187.97,2964.81,1660.49,13,245.23,100.33,5-10%,223.16,Feb,Cobalt
2023-05-21,2023,5,May,Flux,Consumer,USA,9,187.93,79.93,1691.35,50.74,1640.61,719.37,921.24,0.5615,329.85,311.61,609.63,81.7,5000.0,1880.11,3119.89,2.17,1.74,0.6,0.1219,0-5%,719.37,1691.35,1640.61,921.24,9,187.93,79.93,0-5%,50.74,May,Flux
2025-01-29,2025,1,Jan,Delta,SMB,UK,10,169.09,70.85,1690.86,0.0,1690.86,708.49,982.37,0.581,369.08,359.69,622.68,103.95,5000.0,2143.54,2856.46,2.64,2.08,0.75,0.1245,0-5%,708.49,1690.86,1690.86,982.37,10,169.09,70.85,0-5%,0.0,Jan,Delta
2025-08-28,2025,8,Aug,Cobalt,Enterprise,India,11,187.08,80.09,2057.91,0.0,2057.91,881.01,1176.9,0.5719,372.14,367.13,809.78,139.85,5000.0,1951.97,3048.03,1.97,1.72,0.64,0.162,0-5%,881.01,2057.91,2057.91,1176.9,11,187.08,80.09,0-5%,0.0,Aug,Cobalt
2024-12-21,2024,12,Dec,Delta,Consumer,India,7,291.08,154.41,2037.54,61.13,1976.41,1080.87,895.54,0.4531,241.76,242.2,653.35,164.38,5000.0,3204.74,1795.26,1.99,1.54,1.79,0.1307,0-5%,1080.87,2037.54,1976.41,895.54,7,291.08,154.41,0-5%,61.13,Dec,Delta
2024-09-17,2024,9,Sep,Echo,Consumer,UK,9,302.62,121.52,2723.57,190.65,2532.92,1093.65,1439.26,0.5682,464.77,497.86,941.41,237.54,5000.0,3006.82,1993.18,2.05,1.69,1.51,0.1883,5-10%,1093.65,2723.57,2532.92,1439.26,9,302.62,121.52,5-10%,190.65,Sep,Echo
2025-09-24,2025,9,Sep,Cobalt,Consumer,India,3,145.71,60.73,437.12,30.6,406.52,182.2,224.33,0.5518,59.58,64.31,160.02,50.0,5000.0,2212.51,2787.49,1.81,1.59,0.79,0.032,5-10%,182.2,437.12,406.52,224.33,3,145.71,60.73,5-10%,30.6,Sep,Cobalt
2023-06-08,2023,6,Jun,Flux,Consumer,UK,10,313.18,155.03,3131.84,0.0,3131.84,1550.33,1581.51,0.505,546.58,555.54,1025.96,237.69,5575.8,3335.62,2240.18,1.97,1.59,1.49,0.184,0-5%,1550.33,3131.84,3131.84,1581.51,10,313.18,155.03,0-5%,0.0,Jun,Flux
2025-08-21,2025,8,Aug,Flux,Consumer,India,11,222.28,105.85,2445.1,293.41,2151.69,1164.31,987.38,0.4589,478.07,488.86,498.52,126.29,5000.0,2776.18,2223.82,1.88,1.49,1.25,0.0997,10-20%,1164.31,2445.1,2151.69,987.38,11,222.28,105.85,10-20%,293.41,Aug,Flux
2025-12-26,2025,12,Dec,Echo,Consumer,USA,9,179.79,80.17,1618.08,48.54,1569.53,721.53,848.01,0.5403,296.44,276.96,571.05,96.86,5000.0,2243.02,2756.98,1.67,1.44,0.81,0.1142,0-5%,721.53,1618.08,1569.53,848.01,9,179.79,80.17,0-5%,48.54,Dec,Echo
2025-11-01,2025,11,Nov,Cobalt,Consumer,USA,7,185.26,67.15,1296.8,0.0,1296.8,470.06,826.74,0.6375,248.71,264.35,562.39,61.87,5000.0,2267.01,2732.99,1.95,1.67,0.83,0.1125,0-5%,470.06,1296.8,1296.8,826.74,7,185.26,67.15,0-5%,0.0,Nov,Cobalt
2023-10-23,2023,10,Oct,Delta,Consumer,USA,7,209.56,112.35,1466.92,0.0,1466.92,786.48,680.44,0.4639,234.42,244.79,435.65,105.0,5000.0,3073.16,1926.84,1.78,1.43,1.59,0.0871,0-5%,786.48,1466.92,1466.92,680.44,7,209.56,112.35,0-5%,0.0,Oct,Delta
2025-02-27,2025,2,Feb,Alpha,Consumer,Germany,6,276.71,148.57,1660.24,0.0,1660.24,891.45,768.79,0.4631,414.76,418.23,350.56,91.3,5000.0,2947.6,2052.4,1.67,1.16,1.44,0.0701,0-5%,891.45,1660.24,1660.24,768.79,6,276.71,148.57,0-5%,0.0,Feb,Alpha
2025-06-27,2025,6,Jun,Bravo,Enterprise,Canada,10,170.12,77.25,1701.16,51.03,1650.13,772.55,877.58,0.5318,332.57,339.66,537.92,158.55,5000.0,3054.02,1945.98,1.78,1.4,1.57,0.1076,0-5%,772.55,1701.16,1650.13,877.58,10,170.12,77.25,0-5%,51.03,Jun,Bravo
2023-06-28,2023,6,Jun,Bravo,Consumer,UK,12,215.81,94.15,2589.73,181.28,2408.45,1129.8,1278.66,0.5309,600.73,562.39,716.26,248.5,5000.0,3019.14,1980.86,1.62,1.11,1.52,0.1433,5-10%,1129.8,2589.73,2408.45,1278.66,12,215.81,94.15,5-10%,181.28,Jun,Bravo
2023-02-15,2023,2,Feb,Cobalt,Enterprise,UK,13,212.49,90.17,2762.37,0.0,2762.37,1172.18,1590.19,0.5757,393.69,403.47,1186.72,174.04,5679.5,3285.46,2394.04,1.67,1.25,1.37,0.2089,0-5%,1172.18,2762.37,2762.37,1590.19,13,212.49,90.17,0-5%,0.0,Feb,Cobalt
2025-06-21,2025,6,Jun,Bravo,Enterprise,USA,11,234.54,98.59,2579.97,0.0,2579.97,1084.48,1495.49,0.5797,471.95,467.48,1028.01,236.28,5000.0,2106.95,2893.05,2.03,1.8,0.73,0.2056,0-5%,1084.48,2579.97,2579.97,1495.49,11,234.54,98.59,0-5%,0.0,Jun,Bravo
2023-12-04,2023,12,Dec,Flux,Consumer,UK,12,277.21,116.38,3326.51,99.8,3226.71,1396.54,1830.17,0.5672,499.3,472.11,1358.07,231.54,5016.03,1800.94,3215.09,1.58,1.18,0.56,0.2707,0-5%,1396.54,3326.51,3226.71,1830.17,12,277.21,116.38,0-5%,99.8,Dec,Flux
2025-08-05,2025,8,Aug,Echo,Consumer,USA,8,272.3,125.09,2178.37,65.35,2113.02,1000.7,1112.33,0.5264,488.89,465.75,646.58,140.86,5000.0,1789.53,3210.47,1.41,0.94,0.56,0.1293,0-5%,1000.7,2178.37,2113.02,1112.33,8,272.3,125.09,0-5%,65.35,Aug,Echo
2023-08-12,2023,8,Aug,Alpha,Consumer,USA,10,242.37,89.91,2423.65,72.71,2350.94,899.05,1451.89,0.6176,366.86,340.98,1110.91,147.01,5000.0,1759.53,3240.47,1.07,0.52,0.54,0.2222,0-5%,899.05,2423.65,2350.94,1451.89,10,242.37,89.91,0-5%,72.71,Aug,Alpha
2025-02-17,2025,2,Feb,Cobalt,Enterprise,India,9,175.05,89.14,1575.45,0.0,1575.45,802.22,773.23,0.4908,222.57,237.27,535.96,116.79,5000.0,2491.33,2508.67,1.76,1.35,0.99,0.1072,0-5%,802.22,1575.45,1575.45,773.23,9,175.05,89.14,0-5%,0.0,Feb,Cobalt
2024-11-13,2024,11,Nov,Delta,Consumer,USA,6,243.28,93.88,1459.7,0.0,1459.7,563.28,896.42,0.6141,385.83,410.57,485.85,67.37,5000.0,2124.35,2875.65,1.61,1.25,0.74,0.0972,0-5%,563.28,1459.7,1459.7,896.42,6,243.28,93.88,0-5%,0.0,Nov,Delta
2024-07-03,2024,7,Jul,Flux,Consumer,India,6,300.46,128.91,1802.75,54.08,1748.67,773.46,975.21,0.5577,372.99,386.25,588.96,97.14,5000.0,2891.24,2108.76,1.78,1.44,1.37,0.1178,0-5%,773.46,1802.75,1748.67,975.21,6,300.46,128.91,0-5%,54.08,Jul,Flux
2023-10-14,2023,10,Oct,Cobalt,Consumer,USA,7,197.41,91.72,1381.88,165.83,1216.06,642.01,574.05,0.4721,309.18,325.97,248.08,99.8,5000.0,3149.98,1850.02,1.49,1.19,1.7,0.0496,10-20%,642.01,1381.88,1216.06,574.05,7,197.41,91.72,10-20%,165.83,Oct,Cobalt
2024-03-16,2024,3,Mar,Delta,SMB,Germany,9,229.59,114.94,2066.3,144.64,1921.65,1034.49,887.17,0.4617,500.67,533.07,354.1,160.03,5000.0,1778.15,3221.85,1.9,1.38,0.55,0.0708,5-10%,1034.49,2066.3,1921.65,887.17,9,229.59,114.94,5-10%,144.64,Mar,Delta
2025-09-28,2025,9,Sep,Flux,SMB,UK,9,186.0,69.51,1673.99,418.5,1255.5,625.63,629.87,0.5017,337.78,339.78,290.08,111.95,5000.0,2116.03,2883.97,1.93,1.64,0.73,0.058,20%+,625.63,1673.99,1255.5,629.87,9,186.0,69.51,20%+,418.5,Sep,Flux
2024-10-17,2024,10,Oct,Alpha,SMB,USA,11,136.88,70.52,1505.64,0.0,1505.64,775.77,729.87,0.4848,253.35,271.0,458.87,167.84,5000.0,2693.66,2306.34,1.83,1.34,1.17,0.0918,0-5%,775.77,1505.64,1505.64,729.87,11,136.88,70.52,0-5%,0.0,Oct,Alpha
2024-03-22,2024,3,Mar,Echo,SMB,USA,6,214.97,75.46,1289.82,0.0,1289.82,452.73,837.08,0.649,202.18,207.29,629.79,72.58,5000.0,2305.88,2694.12,1.74,1.18,0.86,0.126,0-5%,452.73,1289.82,1289.82,837.08,6,214.97,75.46,0-5%,0.0,Mar,Echo
2025-02-27,2025,2,Feb,Flux,Consumer,USA,12,264.45,106.23,3173.41,222.14,2951.27,1274.71,1676.57,0.5681,657.91,645.2,1031.36,210.39,5576.61,2368.12,3208.49,2.06,1.77,0.74,0.1849,5-10%,1274.71,3173.41,2951.27,1676.57,12,264.45,106.23,5-10%,222.14,Feb,Flux
2024-11-15,2024,11,Nov,Delta,Consumer,Germany,9,248.31,90.27,2234.81,67.04,2167.76,812.39,1355.37,0.6252,588.58,632.86,722.51,155.5,5000.0,2742.55,2257.45,2.14,1.9,1.21,0.1445,0-5%,812.39,2234.81,2167.76,1355.37,9,248.31,90.27,0-5%,67.04,Nov,Delta
2024-11-22,2024,11,Nov,Flux,Enterprise,USA,7,245.29,131.07,1717.06,206.05,1511.01,917.46,593.55,0.3928,306.99,285.0,308.55,142.0,5000.0,3240.3,1759.7,2.18,1.61,1.84,0.0617,10-20%,917.46,1717.06,1511.01,593.55,7,245.29,131.07,10-20%,206.05,Nov,Flux
2023-05-19,2023,5,May,Delta,Enterprise,USA,5,244.66,131.14,1223.28,0.0,1223.28,655.71,567.57,0.464,296.48,312.58,254.99,80.94,5000.0,2312.31,2687.69,2.42,2.0,0.86,0.051,0-5%,655.71,1223.28,1223.28,567.57,5,244.66,131.14,0-5%,0.0,May,Delta
2024-03-31,2024,3,Mar,Cobalt,Consumer,USA,12,171.58,72.57,2058.94,144.13,1914.82,870.82,1044.0,0.5452,512.8,519.5,524.5,190.39,5000.0,1937.82,3062.18,2.13,1.82,0.63,0.1049,5-10%,870.82,2058.94,1914.82,1044.0,12,171.58,72.57,5-10%,144.13,Mar,Cobalt
2024-04-02,2024,4,Apr,Flux,SMB,USA,10,120.44,64.1,1204.37,144.52,1059.85,641.0,418.85,0.3952,279.3,285.53,133.33,118.48,5000.0,3152.98,1847.02,1.62,1.39,1.71,0.0267,10-20%,641.0,1204.37,1059.85,418.85,10,120.44,64.1,10-20%,144.52,Apr,Flux
2024-01-13,2024,1,Jan,Cobalt,SMB,USA,10,226.2,103.65,2262.04,67.86,2194.18,1036.53,1157.65,0.5276,318.41,324.61,833.03,119.03,5000.0,2407.11,2592.89,1.35,0.8,0.93,0.1666,0-5%,1036.53,2262.04,2194.18,1157.65,10,226.2,103.65,0-5%,67.86,Jan,Cobalt
2024-11-05,2024,11,Nov,Alpha,SMB,UK,9,240.14,108.52,2161.25,151.29,2009.96,976.64,1033.32,0.5141,459.62,496.13,537.2,161.95,5000.0,1796.15,3203.85,2.28,1.93,0.56,0.1074,5-10%,976.64,2161.25,2009.96,1033.32,9,240.14,108.52,5-10%,151.29,Nov,Alpha
2024-03-04,2024,3,Mar,Bravo,SMB,Germany,6,274.71,149.46,1648.24,49.45,1598.79,896.73,702.06,0.4391,322.15,297.57,404.49,141.46,5000.0,3146.99,1853.01,2.0,1.51,1.7,0.0809,0-5%,896.73,1648.24,1598.79,702.06,6,274.71,149.46,0-5%,49.45,Mar,Bravo
2023-04-20,2023,4,Apr,Cobalt,Enterprise,USA,8,244.1,111.01,1952.83,136.7,1816.13,888.07,928.06,0.511,363.25,344.56,583.5,124.42,5000.0,2135.65,2864.35,1.94,1.5,0.75,0.1167,5-10%,888.07,1952.83,1816.13,928.06,8,244.1,111.01,5-10%,136.7,Apr,Cobalt
2024-12-03,2024,12,Dec,Bravo,SMB,UK,9,129.19,50.61,1162.69,81.39,1081.3,455.5,625.8,0.5787,296.24,303.35,322.45,64.15,5000.0,3083.36,1916.64,1.79,1.45,1.61,0.0645,5-10%,455.5,1162.69,1081.3,625.8,9,129.19,50.61,5-10%,81.39,Dec,Bravo
2025-05-12,2025,5,May,Flux,SMB,UK,5,306.16,114.45,1530.79,45.92,1484.87,572.23,912.64,0.6146,183.39,189.54,723.09,58.64,5000.0,2994.02,2005.98,1.88,1.39,1.49,0.1446,0-5%,572.23,1530.79,1484.87,912.64,5,306.16,114.45,0-5%,45.92,May,Flux
2023-10-08,2023,10,Oct,Flux,Consumer,India,10,231.05,124.72,2310.48,277.26,2033.22,1247.17,786.05,0.3866,372.18,344.85,441.21,168.56,5000.0,1922.85,3077.15,1.41,0.82,0.62,0.0882,10-20%,1247.17,2310.48,2033.22,786.05,10,231.05,124.72,10-20%,277.26,Oct,Flux
2024-01-14,2024,1,Jan,Delta,Consumer,Germany,8,334.74,165.1,2677.91,187.45,2490.46,1320.8,1169.66,0.4697,626.46,602.26,567.4,221.24,5000.0,2959.15,2040.85,1.94,1.55,1.45,0.1135,5-10%,1320.8,2677.91,2490.46,1169.66,8,334.74,165.1,5-10%,187.45,Jan,Delta
2024-09-22,2024,9,Sep,Echo,Consumer,India,7,284.89,141.79,1994.22,498.55,1495.66,992.56,503.11,0.3364,341.05,349.1,154.0,100.85,5000.0,3215.27,1784.73,2.09,1.77,1.8,0.0308,20%+,992.56,1994.22,1495.66,503.11,7,284.89,141.79,20%+,498.55,Sep,Echo
2025-04-06,2025,4,Apr,Cobalt,Consumer,UK,13,181.86,80.19,2364.2,283.7,2080.5,1042.42,1038.08,0.499,515.69,543.16,494.92,191.08,5000.0,2228.9,2771.1,1.76,1.17,0.8,0.099,10-20%,1042.42,2364.2,2080.5,1038.08,13,181.86,80.19,10-20%,283.7,Apr,Cobalt
2023-03-27,2023,3,Mar,Delta,SMB,USA,12,190.31,88.93,2283.73,159.86,2123.87,1067.11,1056.76,0.4976,403.6,391.28,665.49,182.02,5000.0,2102.72,2897.28,2.03,1.45,0.73,0.1331,5-10%,1067.11,2283.73,2123.87,1056.76,12,190.31,88.93,5-10%,159.86,Mar,Delta
2025-11-16,2025,11,Nov,Flux,SMB,Canada,6,248.1,101.49,1488.57,104.2,1384.37,608.93,775.45,0.5601,327.24,345.42,430.03,91.37,5000.0,2445.99,2554.01,1.53,1.0,0.96,0.086,5-10%,608.93,1488.57,1384.37,775.45,6,248.1,101.49,5-10%,104.2,Nov,Flux
2025-01-12,2025,1,Jan,Echo,Enterprise,Germany,15,215.65,78.02,3234.69,388.16,2846.53,1170.32,1676.21,0.5889,367.48,360.54,1315.67,140.56,5563.92,2830.63,2733.29,1.8,1.3,1.04,0.2365,10-20%,1170.32,3234.69,2846.53,1676.21,15,215.65,78.02,10-20%,388.16,Jan,Echo
2025-08-16,2025,8,Aug,Alpha,Consumer,USA,10,228.82,100.69,2288.21,160.17,2128.03,1006.86,1121.17,0.5269,333.4,345.98,775.2,180.96,5000.0,3216.47,1783.53,2.07,1.52,1.8,0.155,5-10%,1006.86,2288.21,2128.03,1121.17,10,228.82,100.69,5-10%,160.17,Aug,Alpha
2025-02-01,2025,2,Feb,Alpha,Consumer,USA,10,166.17,79.24,1661.74,199.41,1462.33,792.38,669.95,0.4581,256.77,236.94,433.01,125.77,5000.0,2619.46,2380.54,1.96,1.55,1.1,0.0866,10-20%,792.38,1661.74,1462.33,669.95,10,166.17,79.24,10-20%,199.41,Feb,Alpha
2023-05-31,2023,5,May,Flux,Consumer,USA,14,202.35,77.74,2832.93,339.95,2492.97,1088.39,1404.59,0.5634,454.56,434.67,969.91,217.77,5000.0,2854.13,2145.87,2.34,2.02,1.33,0.194,10-20%,1088.39,2832.93,2492.97,1404.59,14,202.35,77.74,10-20%,339.95,May,Flux
2024-02-11,2024,2,Feb,Echo,Enterprise,USA,6,159.87,78.12,959.24,115.11,844.13,468.73,375.4,0.4447,159.15,154.58,220.82,96.19,5000.0,3082.7,1917.3,1.85,1.59,1.61,0.0442,10-20%,468.73,959.24,844.13,375.4,6,159.87,78.12,10-20%,115.11,Feb,Echo
2025-11-24,2025,11,Nov,Echo,Enterprise,UK,8,227.15,86.01,1817.18,54.52,1762.66,688.05,1074.61,0.6097,245.35,256.06,818.56,136.91,5000.0,2966.06,2033.94,1.65,1.13,1.46,0.1637,0-5%,688.05,1817.18,1762.66,1074.61,8,227.15,86.01,0-5%,54.52,Nov,Echo
2024-09-04,2024,9,Sep,Flux,Consumer,USA,13,259.02,92.45,3367.32,101.02,3266.3,1201.86,2064.44,0.632,393.94,372.77,1691.68,128.33,6019.82,3204.12,2815.71,1.54,1.2,1.14,0.281,0-5%,1201.86,3367.32,3266.3,2064.44,13,259.02,92.45,0-5%,101.02,Sep,Flux
2025-08-16,2025,8,Aug,Echo,Consumer,India,2,173.05,81.78,346.11,24.23,321.88,163.56,158.31,0.4918,46.61,46.61,111.71,50.0,5000.0,2369.12,2630.88,1.83,1.56,0.9,0.0223,5-10%,163.56,346.11,321.88,158.31,2,173.05,81.78,5-10%,24.23,Aug,Echo
2024-07-23,2024,7,Jul,Bravo,Enterprise,UK,9,216.29,81.24,1946.6,0.0,1946.6,731.15,1215.45,0.6244,397.49,368.39,847.06,86.47,5000.0,2749.91,2250.09,1.89,1.37,1.22,0.1694,0-5%,731.15,1946.6,1946.6,1215.45,9,216.29,81.24,0-5%,0.0,Jul,Bravo
2023-12-13,2023,12,Dec,Echo,SMB,USA,9,122.84,57.86,1105.56,0.0,1105.56,520.76,584.8,0.529,248.3,233.53,351.27,80.78,5000.0,2938.82,2061.18,2.09,1.83,1.43,0.0703,0-5%,520.76,1105.56,1105.56,584.8,9,122.84,57.86,0-5%,0.0,Dec,Echo
2025-04-25,2025,4,Apr,Delta,SMB,USA,8,190.34,73.78,1522.68,0.0,1522.68,590.24,932.44,0.6124,206.69,203.05,729.39,84.91,5000.0,2616.0,2384.0,1.88,1.33,1.1,0.1459,0-5%,590.24,1522.68,1522.68,932.44,8,190.34,73.78,0-5%,0.0,Apr,Delta
2024-11-01,2024,11,Nov,Flux,Consumer,Canada,7,335.28,179.46,2346.93,0.0,2346.93,1256.21,1090.71,0.4647,594.17,577.23,513.48,170.37,5000.0,3119.17,1880.83,1.33,0.78,1.66,0.1027,0-5%,1256.21,2346.93,2346.93,1090.71,7,335.28,179.46,0-5%,0.0,Nov,Flux
2024-06-21,2024,6,Jun,Flux,Consumer,India,9,306.28,119.52,2756.51,0.0,2756.51,1075.69,1680.81,0.6098,592.44,637.58,1043.23,207.7,5000.0,1799.26,3200.74,1.66,1.25,0.56,0.2086,0-5%,1075.69,2756.51,2756.51,1680.81,9,306.28,119.52,0-5%,0.0,Jun,Flux
2023-07-07,2023,7,Jul,Cobalt,Consumer,USA,14,189.98,90.19,2659.69,79.79,2579.9,1262.69,1317.21,0.5106,648.51,612.68,704.53,149.8,5000.0,2200.61,2799.39,1.11,0.9,0.79,0.1409,0-5%,1262.69,2659.69,2579.9,1317.21,14,189.98,90.19,0-5%,79.79,Jul,Cobalt
2024-05-27,2024,5,May,Echo,Enterprise,USA,8,216.3,82.55,1730.38,432.6,1297.79,660.38,637.4,0.4911,277.77,281.36,356.04,122.75,5000.0,2458.14,2541.86,2.2,1.94,0.97,0.0712,20%+,660.38,1730.38,1297.79,637.4,8,216.3,82.55,20%+,432.6,May,Echo
2023-10-22,2023,10,Oct,Delta,Enterprise,USA,11,265.5,112.36,2920.46,204.43,2716.03,1235.95,1480.08,0.5449,608.23,594.04,886.05,234.1,5242.92,1863.24,3379.68,1.52,1.19,0.55,0.169,5-10%,1235.95,2920.46,2716.03,1480.08,11,265.5,112.36,5-10%,204.43,Oct,Delta
2025-04-02,2025,4,Apr,Bravo,Enterprise,USA,13,255.2,116.3,3317.58,232.23,3085.35,1511.9,1573.45,0.51,450.53,439.12,1134.34,180.65,5436.1,2952.47,2483.64,1.75,1.5,1.19,0.2087,5-10%,1511.9,3317.58,3085.35,1573.45,13,255.2,116.3,5-10%,232.23,Apr,Bravo
2023-10-18,2023,10,Oct,Flux,SMB,USA,10,216.51,105.09,2165.08,0.0,2165.08,1050.91,1114.17,0.5146,373.83,397.88,716.29,148.52,5000.0,2699.95,2300.05,1.9,1.52,1.17,0.1433,0-5%,1050.91,2165.08,2165.08,1114.17,10,216.51,105.09,0-5%,0.0,Oct,Flux
2023-01-19,2023,1,Jan,Cobalt,Consumer,USA,13,186.83,81.64,2428.8,0.0,2428.8,1061.26,1367.54,0.5631,478.22,476.4,891.13,123.22,5000.0,2727.08,2272.92,1.93,1.41,1.2,0.1782,0-5%,1061.26,2428.8,2428.8,1367.54,13,186.83,81.64,0-5%,0.0,Jan,Cobalt
2025-10-05,2025,10,Oct,Alpha,SMB,USA,7,280.88,112.46,1966.16,235.94,1730.22,787.19,943.02,0.545,414.15,417.47,525.55,136.36,5000.0,2361.68,2638.32,1.47,1.01,0.9,0.1051,10-20%,787.19,1966.16,1730.22,943.02,7,280.88,112.46,10-20%,235.94,Oct,Alpha
2023-03-13,2023,3,Mar,Cobalt,Consumer,USA,5,209.21,87.25,1046.07,73.23,972.85,436.24,536.61,0.5516,269.52,259.09,277.52,82.93,5000.0,1868.1,3131.9,2.46,2.24,0.6,0.0555,5-10%,436.24,1046.07,972.85,536.61,5,209.21,87.25,5-10%,73.23,Mar,Cobalt
2023-04-28,2023,4,Apr,Bravo,SMB,USA,5,265.51,137.96,1327.53,0.0,1327.53,689.78,637.75,0.4804,236.03,223.7,414.05,101.43,5000.0,2611.69,2388.31,1.8,1.33,1.09,0.0828,0-5%,689.78,1327.53,1327.53,637.75,5,265.51,137.96,0-5%,0.0,Apr,Bravo
2023-02-19,2023,2,Feb,Alpha,Consumer,USA,18,238.78,129.26,4298.06,300.86,3997.2,2326.62,1670.58,0.4179,999.73,1023.09,647.49,469.75,7942.71,3495.25,4447.46,1.46,1.2,0.79,0.0815,5-10%,2326.62,4298.06,3997.2,1670.58,18,238.78,129.26,5-10%,300.86,Feb,Alpha
2023-12-27,2023,12,Dec,Alpha,SMB,USA,9,313.16,150.8,2818.41,84.55,2733.86,1357.21,1376.65,0.5036,476.32,462.91,913.74,266.01,5000.0,2318.09,2681.91,2.38,2.07,0.86,0.1827,0-5%,1357.21,2818.41,2733.86,1376.65,9,313.16,150.8,0-5%,84.55,Dec,Alpha
2023-01-21,2023,1,Jan,Flux,SMB,Canada,10,163.06,60.86,1630.65,195.68,1434.97,608.65,826.32,0.5758,337.82,357.81,468.51,131.94,5000.0,2424.24,2575.76,2.37,1.86,0.94,0.0937,10-20%,608.65,1630.65,1434.97,826.32,10,163.06,60.86,10-20%,195.68,Jan,Flux
2024-01-09,2024,1,Jan,Bravo,Consumer,USA,14,294.63,121.5,4124.88,123.75,4001.14,1701.0,2300.13,0.5749,1042.73,1038.69,1261.44,171.33,7540.35,3454.56,4085.8,1.95,1.5,0.85,0.1673,0-5%,1701.0,4124.88,4001.14,2300.13,14,294.63,121.5,0-5%,123.75,Jan,Bravo
2023-11-21,2023,11,Nov,Delta,Enterprise,USA,7,301.13,141.9,2107.94,0.0,2107.94,993.27,1114.67,0.5288,272.3,262.77,851.9,165.49,5000.0,2537.11,2462.89,2.21,1.78,1.03,0.1704,0-5%,993.27,2107.94,2107.94,1114.67,7,301.13,141.9,0-5%,0.0,Nov,Delta
2025-06-08,2025,6,Jun,Alpha,Consumer,USA,14,158.68,72.63,2221.5,266.58,1954.92,1016.88,938.04,0.4798,434.14,464.26,473.78,115.57,5000.0,3070.63,1929.37,1.72,1.51,1.59,0.0948,10-20%,1016.88,2221.5,1954.92,938.04,14,158.68,72.63,10-20%,266.58,Jun,Alpha
2024-05-05,2024,5,May,Alpha,Consumer,USA,6,251.22,92.11,1507.32,0.0,1507.32,552.66,954.66,0.6333,250.85,234.3,720.36,117.39,5000.0,3161.7,1838.3,2.19,1.59,1.72,0.1441,0-5%,552.66,1507.32,1507.32,954.66,6,251.22,92.11,0-5%,0.0,May,Alpha
2023-06-02,2023,6,Jun,Bravo,Consumer,USA,9,242.76,88.49,2184.85,152.94,2031.91,796.41,1235.5,0.608,343.38,364.23,871.27,107.18,5000.0,2855.22,2144.78,2.29,1.71,1.33,0.1743,5-10%,796.41,2184.85,2031.91,1235.5,9,242.76,88.49,5-10%,152.94,Jun,Bravo
2025-09-23,2025,9,Sep,Delta,Consumer,India,10,226.66,87.75,2266.62,566.65,1699.96,877.47,822.49,0.4838,299.56,310.46,512.03,139.74,5000.0,3087.02,1912.98,1.77,1.26,1.61,0.1024,20%+,877.47,2266.62,1699.96,822.49,10,226.66,87.75,20%+,566.65,Sep,Delta
2024-06-17,2024,6,Jun,Cobalt,Enterprise,USA,9,224.04,79.74,2016.37,0.0,2016.37,717.67,1298.7,0.6441,434.79,415.28,883.42,110.41,5000.0,2442.66,2557.34,1.58,1.04,0.96,0.1767,0-5%,717.67,2016.37,2016.37,1298.7,9,224.04,79.74,0-5%,0.0,Jun,Cobalt
2024-07-14,2024,7,Jul,Flux,Consumer,USA,17,164.74,82.91,2800.65,336.08,2464.57,1409.45,1055.12,0.4281,455.86,474.11,581.01,178.22,5000.0,2976.56,2023.44,1.44,1.16,1.47,0.1162,10-20%,1409.45,2800.65,2464.57,1055.12,17,164.74,82.91,10-20%,336.08,Jul,Flux
2023-04-16,2023,4,Apr,Alpha,SMB,Germany,11,168.7,85.36,1855.71,0.0,1855.71,938.94,916.77,0.494,473.38,460.96,455.82,97.75,5000.0,2896.34,2103.66,2.04,1.49,1.38,0.0912,0-5%,938.94,1855.71,1855.71,916.77,11,168.7,85.36,0-5%,0.0,Apr,Alpha
2024-11-23,2024,11,Nov,Bravo,Consumer,Canada,6,298.91,147.84,1793.43,0.0,1793.43,887.02,906.41,0.5054,325.65,302.13,604.28,172.48,5000.0,3186.67,1813.33,1.59,1.19,1.76,0.1209,0-5%,887.02,1793.43,1793.43,906.41,6,298.91,147.84,0-5%,0.0,Nov,Bravo
2025-08-09,2025,8,Aug,Delta,Consumer,USA,5,213.5,115.58,1067.48,128.1,939.38,577.89,361.49,0.3848,188.89,190.68,170.81,71.8,5000.0,3177.74,1822.26,1.73,1.24,1.74,0.0342,10-20%,577.89,1067.48,939.38,361.49,5,213.5,115.58,10-20%,128.1,Aug,Delta
2023-09-12,2023,9,Sep,Alpha,Consumer,USA,8,183.7,70.55,1469.61,0.0,1469.61,564.44,905.18,0.6159,314.83,309.23,595.94,96.93,5000.0,1759.83,3240.17,1.7,1.19,0.54,0.1192,0-5%,564.44,1469.61,1469.61,905.18,8,183.7,70.55,0-5%,0.0,Sep,Alpha
2023-04-21,2023,4,Apr,Alpha,SMB,UK,9,246.65,95.92,2219.87,155.39,2064.48,863.25,1201.23,0.5819,527.16,558.1,643.13,170.88,5000.0,3179.57,1820.43,2.41,2.12,1.75,0.1286,5-10%,863.25,2219.87,2064.48,1201.23,9,246.65,95.92,5-10%,155.39,Apr,Alpha
2025-12-01,2025,12,Dec,Bravo,Enterprise,USA,6,169.95,86.95,1019.72,0.0,1019.72,521.67,498.04,0.4884,258.61,274.5,223.55,90.42,5000.0,2844.93,2155.07,1.84,1.3,1.32,0.0447,0-5%,521.67,1019.72,1019.72,498.04,6,169.95,86.95,0-5%,0.0,Dec,Bravo
2023-02-22,2023,2,Feb,Cobalt,Enterprise,USA,10,393.35,192.54,3933.53,0.0,3933.53,1925.41,2008.12,0.5105,774.51,771.59,1236.54,386.03,7335.96,2725.97,4609.99,1.88,1.38,0.59,0.1686,0-5%,1925.41,3933.53,3933.53,2008.12,10,393.35,192.54,0-5%,0.0,Feb,Cobalt
2023-02-25,2023,2,Feb,Delta,SMB,USA,10,177.95,94.49,1779.49,0.0,1779.49,944.89,834.6,0.469,377.76,383.6,451.0,200.83,5000.0,2636.76,2363.24,1.88,1.33,1.12,0.0902,0-5%,944.89,1779.49,1779.49,834.6,10,177.95,94.49,0-5%,0.0,Feb,Delta
2025-07-27,2025,7,Jul,Echo,Consumer,USA,7,163.24,57.44,1142.67,0.0,1142.67,402.08,740.59,0.6481,243.34,247.79,492.8,53.4,5000.0,2269.48,2730.52,1.58,1.1,0.83,0.0986,0-5%,402.08,1142.67,1142.67,740.59,7,163.24,57.44,0-5%,0.0,Jul,Echo
2025-03-24,2025,3,Mar,Echo,Consumer,USA,7,121.95,50.92,853.66,0.0,853.66,356.44,497.23,0.5825,238.88,251.02,246.21,61.79,5000.0,1934.88,3065.12,1.75,1.36,0.63,0.0492,0-5%,356.44,853.66,853.66,497.23,7,121.95,50.92,0-5%,0.0,Mar,Echo
2025-05-10,2025,5,May,Flux,SMB,Germany,9,183.15,89.6,1648.32,0.0,1648.32,806.42,841.9,0.5108,408.33,431.21,410.69,107.54,5000.0,2939.15,2060.85,2.1,1.53,1.43,0.0821,0-5%,806.42,1648.32,1648.32,841.9,9,183.15,89.6,0-5%,0.0,May,Flux
2023-09-30,2023,9,Sep,Delta,Consumer,USA,12,289.83,125.0,3477.92,104.34,3373.59,1500.01,1873.57,0.5554,734.04,777.87,1095.7,214.66,5000.0,2921.73,2078.27,2.07,1.73,1.41,0.2191,0-5%,1500.01,3477.92,3373.59,1873.57,12,289.83,125.0,0-5%,104.34,Sep,Delta
2025-04-28,2025,4,Apr,Delta,SMB,UK,6,282.37,135.89,1694.21,50.83,1643.38,815.31,828.07,0.5039,446.0,431.08,396.99,123.18,5000.0,1784.84,3215.16,2.02,1.49,0.56,0.0794,0-5%,815.31,1694.21,1643.38,828.07,6,282.37,135.89,0-5%,50.83,Apr,Delta
2024-08-16,2024,8,Aug,Cobalt,SMB,USA,8,315.72,150.9,2525.73,0.0,2525.73,1207.21,1318.53,0.522,660.71,684.94,633.59,126.34,5000.0,2698.97,2301.03,1.95,1.58,1.17,0.1267,0-5%,1207.21,2525.73,2525.73,1318.53,8,315.72,150.9,0-5%,0.0,Aug,Cobalt
2025-05-27,2025,5,May,Cobalt,Consumer,USA,5,235.51,105.84,1177.53,35.33,1142.2,529.21,612.99,0.5367,214.11,230.2,382.78,89.48,5000.0,2251.28,2748.72,1.68,1.47,0.82,0.0766,0-5%,529.21,1177.53,1142.2,612.99,5,235.51,105.84,0-5%,35.33,May,Cobalt
2023-10-21,2023,10,Oct,Delta,Enterprise,USA,11,225.77,104.19,2483.52,0.0,2483.52,1146.07,1337.45,0.5385,394.67,426.17,911.28,140.7,5000.0,2754.91,2245.09,1.76,1.42,1.23,0.1823,0-5%,1146.07,2483.52,2483.52,1337.45,11,225.77,104.19,0-5%,0.0,Oct,Delta
2023-02-06,2023,2,Feb,Bravo,SMB,India,8,190.5,80.17,1524.0,0.0,1524.0,641.38,882.62,0.5791,373.37,384.41,498.22,99.67,5000.0,2157.93,2842.07,2.1,1.55,0.76,0.0996,0-5%,641.38,1524.0,1524.0,882.62,8,190.5,80.17,0-5%,0.0,Feb,Bravo
2023-11-23,2023,11,Nov,Delta,Consumer,Germany,12,211.15,109.96,2533.81,0.0,2533.81,1319.52,1214.29,0.4792,544.41,570.16,644.13,139.26,5000.0,2161.97,2838.03,2.21,1.68,0.76,0.1288,0-5%,1319.52,2533.81,2533.81,1214.29,12,211.15,109.96,0-5%,0.0,Nov,Delta
2023-03-31,2023,3,Mar,Echo,SMB,USA,13,143.86,67.1,1870.15,0.0,1870.15,872.25,997.9,0.5336,247.41,245.39,752.51,101.21,5000.0,2409.96,2590.04,2.26,2.02,0.93,0.1505,0-5%,872.25,1870.15,1870.15,997.9,13,143.86,67.1,0-5%,0.0,Mar,Echo
2025-04-05,2025,4,Apr,Delta,Consumer,Canada,9,259.04,129.82,2331.39,0.0,2331.39,1168.38,1163.01,0.4988,489.82,485.38,677.63,205.6,5000.0,1870.57,3129.43,1.29,0.7,0.6,0.1355,0-5%,1168.38,2331.39,2331.39,1163.01,9,259.04,129.82,0-5%,0.0,Apr,Delta
2025-12-25,2025,12,Dec,Flux,SMB,India,3,212.29,91.85,636.88,44.58,592.29,275.55,316.75,0.5348,127.73,130.14,186.6,50.0,5000.0,1876.58,3123.42,1.66,1.14,0.6,0.0373,5-10%,275.55,636.88,592.29,316.75,3,212.29,91.85,5-10%,44.58,Dec,Flux
2023-03-04,2023,3,Mar,Alpha,Consumer,USA,11,169.99,63.81,1869.92,467.48,1402.44,701.88,700.56,0.4995,365.31,388.43,312.14,141.91,5000.0,2977.76,2022.24,2.05,1.69,1.47,0.0624,20%+,701.88,1869.92,1402.44,700.56,11,169.99,63.81,20%+,467.48,Mar,Alpha
2024-03-06,2024,3,Mar,Echo,Consumer,Canada,7,219.43,90.93,1536.02,0.0,1536.02,636.48,899.54,0.5856,198.77,194.19,705.36,82.26,5000.0,3173.23,1826.77,1.83,1.32,1.74,0.1411,0-5%,636.48,1536.02,1536.02,899.54,7,219.43,90.93,0-5%,0.0,Mar,Echo
2023-03-01,2023,3,Mar,Echo,Consumer,USA,4,241.98,130.94,967.92,67.75,900.17,523.75,376.42,0.4182,177.09,171.27,205.15,98.09,5000.0,2923.43,2076.57,1.47,1.25,1.41,0.041,5-10%,523.75,967.92,900.17,376.42,4,241.98,130.94,5-10%,67.75,Mar,Echo
2023-08-18,2023,8,Aug,Flux,Enterprise,Canada,10,178.04,77.87,1780.38,0.0,1780.38,778.74,1001.64,0.5626,406.79,380.59,621.06,140.69,5000.0,1969.14,3030.86,1.46,1.0,0.65,0.1242,0-5%,778.74,1780.38,1780.38,1001.64,10,178.04,77.87,0-5%,0.0,Aug,Flux
2025-10-21,2025,10,Oct,Bravo,Consumer,USA,8,179.82,80.4,1438.53,0.0,1438.53,643.19,795.35,0.5529,239.59,234.8,560.55,110.22,5000.0,2685.39,2314.61,1.61,1.33,1.16,0.1121,0-5%,643.19,1438.53,1438.53,795.35,8,179.82,80.4,0-5%,0.0,Oct,Bravo
2023-09-07,2023,9,Sep,Cobalt,Consumer,Canada,13,251.62,112.05,3271.04,228.97,3042.06,1456.6,1585.46,0.5212,459.83,454.55,1130.91,251.03,5000.0,2838.77,2161.23,1.47,1.06,1.31,0.2262,5-10%,1456.6,3271.04,3042.06,1585.46,13,251.62,112.05,5-10%,228.97,Sep,Cobalt
2025-10-26,2025,10,Oct,Flux,Consumer,USA,5,231.13,109.29,1155.67,80.9,1074.77,546.45,528.32,0.4916,173.7,186.48,341.84,76.76,5000.0,2974.41,2025.59,2.12,1.62,1.47,0.0684,5-10%,546.45,1155.67,1074.77,528.32,5,231.13,109.29,5-10%,80.9,Oct,Flux
2024-10-02,2024,10,Oct,Bravo,Consumer,Canada,10,177.31,80.34,1773.06,212.77,1560.29,803.39,756.9,0.4851,334.99,348.06,408.84,169.56,5000.0,2951.27,2048.73,1.48,1.23,1.44,0.0818,10-20%,803.39,1773.06,1560.29,756.9,10,177.31,80.34,10-20%,212.77,Oct,Bravo
2024-12-11,2024,12,Dec,Alpha,Consumer,USA,5,179.77,64.9,898.87,0.0,898.87,324.49,574.38,0.639,189.69,190.43,383.96,50.0,5000.0,2768.66,2231.34,1.35,1.07,1.24,0.0768,0-5%,324.49,898.87,898.87,574.38,5,179.77,64.9,0-5%,0.0,Dec,Alpha
2024-03-01,2024,3,Mar,Cobalt,Consumer,India,16,246.93,132.72,3950.86,0.0,3950.86,2123.53,1827.34,0.4625,512.05,484.94,1342.39,223.8,6208.29,3044.58,3163.71,1.3,0.73,0.96,0.2162,0-5%,2123.53,3950.86,3950.86,1827.34,16,246.93,132.72,0-5%,0.0,Mar,Cobalt
2023-12-07,2023,12,Dec,Delta,Consumer,India,7,257.24,133.66,1800.65,126.05,1674.61,935.61,738.99,0.4413,211.52,198.26,540.73,139.22,5000.0,1941.09,3058.91,1.87,1.54,0.63,0.1081,5-10%,935.61,1800.65,1674.61,738.99,7,257.24,133.66,5-10%,126.05,Dec,Delta
2024-07-15,2024,7,Jul,Flux,Consumer,USA,7,274.72,123.35,1923.05,0.0,1923.05,863.45,1059.6,0.551,373.61,373.11,686.49,180.46,5000.0,3038.96,1961.04,1.86,1.54,1.55,0.1373,0-5%,863.45,1923.05,1923.05,1059.6,7,274.72,123.35,0-5%,0.0,Jul,Flux
2023-08-25,2023,8,Aug,Flux,Consumer,USA,6,213.46,115.78,1280.78,0.0,1280.78,694.7,586.08,0.4576,258.33,242.33,343.75,87.75,5000.0,2182.43,2817.57,1.88,1.49,0.77,0.0688,0-5%,694.7,1280.78,1280.78,586.08,6,213.46,115.78,0-5%,0.0,Aug,Flux
2025-09-02,2025,9,Sep,Flux,Consumer,USA,8,145.08,59.05,1160.68,0.0,1160.68,472.44,688.24,0.593,302.32,310.31,377.93,72.0,5000.0,2708.28,2291.72,2.37,2.15,1.18,0.0756,0-5%,472.44,1160.68,1160.68,688.24,8,145.08,59.05,0-5%,0.0,Sep,Flux
2024-01-03,2024,1,Jan,Alpha,Consumer,USA,7,248.06,126.12,1736.45,121.55,1614.89,882.87,732.02,0.4533,253.18,268.28,463.74,143.63,5000.0,2245.11,2754.89,1.58,1.1,0.81,0.0927,5-10%,882.87,1736.45,1614.89,732.02,7,248.06,126.12,5-10%,121.55,Jan,Alpha
2025-08-13,2025,8,Aug,Delta,SMB,UK,11,257.32,130.99,2830.48,339.66,2490.82,1440.87,1049.96,0.4215,394.05,387.98,661.98,216.16,5000.0,2868.19,2131.81,1.61,1.22,1.35,0.1324,10-20%,1440.87,2830.48,2490.82,1049.96,11,257.32,130.99,10-20%,339.66,Aug,Delta
2023-03-28,2023,3,Mar,Delta,Consumer,Germany,8,256.08,110.47,2048.64,245.84,1802.81,883.76,919.05,0.5098,373.92,371.09,547.96,130.47,5000.0,3134.02,1865.98,2.02,1.58,1.68,0.1096,10-20%,883.76,2048.64,1802.81,919.05,8,256.08,110.47,10-20%,245.84,Mar,Delta
2025-02-14,2025,2,Feb,Delta,SMB,USA,13,307.96,125.67,4003.43,0.0,4003.43,1633.73,2369.7,0.5919,1057.11,1050.09,1319.61,217.91,5409.27,2918.06,2491.21,1.75,1.34,1.17,0.244,0-5%,1633.73,4003.43,4003.43,2369.7,13,307.96,125.67,0-5%,0.0,Feb,Delta
2023-11-27,2023,11,Nov,Delta,Enterprise,USA,9,107.09,55.39,963.84,67.47,896.37,498.49,397.88,0.4439,108.04,112.83,285.05,60.09,5000.0,3120.73,1879.27,2.35,2.1,1.66,0.057,5-10%,498.49,963.84,896.37,397.88,9,107.09,55.39,5-10%,67.47,Nov,Delta
2025-09-06,2025,9,Sep,Flux,SMB,India,13,213.52,75.17,2775.81,83.27,2692.54,977.21,1715.33,0.6371,377.82,370.64,1344.69,182.89,5000.0,2997.86,2002.14,2.43,1.93,1.5,0.2689,0-5%,977.21,2775.81,2692.54,1715.33,13,213.52,75.17,0-5%,83.27,Sep,Flux
2024-05-12,2024,5,May,Flux,Consumer,USA,5,209.19,106.02,1045.93,31.38,1014.55,530.12,484.43,0.4775,141.02,133.6,350.83,58.88,5000.0,2267.42,2732.58,1.52,0.97,0.83,0.0702,0-5%,530.12,1045.93,1014.55,484.43,5,209.19,106.02,0-5%,31.38,May,Flux
2025-03-22,2025,3,Mar,Cobalt,Consumer,India,5,160.45,74.25,802.25,0.0,802.25,371.26,430.99,0.5372,142.97,140.59,290.4,50.0,5000.0,2749.07,2250.93,2.04,1.56,1.22,0.0581,0-5%,371.26,802.25,802.25,430.99,5,160.45,74.25,0-5%,0.0,Mar,Cobalt
2024-08-05,2024,8,Aug,Bravo,Enterprise,India,6,40.0,20.89,240.0,7.2,232.8,125.31,107.49,0.4617,35.73,36.73,70.76,50.0,5000.0,2162.51,2837.49,1.93,1.71,0.76,0.0142,0-5%,125.31,240.0,232.8,107.49,6,40.0,20.89,0-5%,7.2,Aug,Bravo
2025-08-06,2025,8,Aug,Bravo,Consumer,UK,14,213.79,112.07,2993.06,89.79,2903.27,1569.05,1334.22,0.4596,421.59,405.89,928.32,250.69,5000.0,1883.03,3116.97,2.05,1.5,0.6,0.1857,0-5%,1569.05,2993.06,2903.27,1334.22,14,213.79,112.07,0-5%,89.79,Aug,Bravo
2025-02-12,2025,2,Feb,Bravo,Consumer,India,9,204.01,80.66,1836.12,0.0,1836.12,725.92,1110.21,0.6046,375.1,385.52,724.68,78.73,5000.0,1892.08,3107.92,1.73,1.33,0.61,0.1449,0-5%,725.92,1836.12,1836.12,1110.21,9,204.01,80.66,0-5%,0.0,Feb,Bravo
2024-01-24,2024,1,Jan,Bravo,SMB,India,8,193.69,90.26,1549.49,185.94,1363.55,722.05,641.5,0.4705,232.2,221.62,419.89,96.94,5000.0,1833.65,3166.35,2.2,1.74,0.58,0.084,10-20%,722.05,1549.49,1363.55,641.5,8,193.69,90.26,10-20%,185.94,Jan,Bravo
2024-07-23,2024,7,Jul,Echo,Enterprise,USA,9,168.99,60.03,1520.89,0.0,1520.89,540.29,980.6,0.6448,363.8,388.96,591.64,81.06,5000.0,1853.61,3146.39,1.88,1.5,0.59,0.1183,0-5%,540.29,1520.89,1520.89,980.6,9,168.99,60.03,0-5%,0.0,Jul,Echo
2025-02-14,2025,2,Feb,Flux,Consumer,Canada,11,170.25,76.92,1872.78,0.0,1872.78,846.16,1026.61,0.5482,499.45,539.2,487.41,180.97,5000.0,2248.9,2751.1,2.18,1.68,0.82,0.0975,0-5%,846.16,1872.78,1872.78,1026.61,11,170.25,76.92,0-5%,0.0,Feb,Flux
2023-02-19,2023,2,Feb,Delta,SMB,India,11,177.48,71.88,1952.3,58.57,1893.73,790.67,1103.05,0.5825,286.34,305.4,797.65,99.67,5000.0,3035.81,1964.19,1.7,1.21,1.55,0.1595,0-5%,790.67,1952.3,1893.73,1103.05,11,177.48,71.88,0-5%,58.57,Feb,Delta
2025-06-02,2025,6,Jun,Flux,Enterprise,Canada,12,265.46,130.81,3185.55,95.57,3089.98,1569.72,1520.26,0.492,737.0,743.86,776.41,343.86,5000.0,1929.35,3070.65,1.51,1.0,0.63,0.1553,0-5%,1569.72,3185.55,3089.98,1520.26,12,265.46,130.81,0-5%,95.57,Jun,Flux
2023-11-26,2023,11,Nov,Bravo,SMB,Germany,8,162.23,87.19,1297.82,155.74,1142.08,697.52,444.57,0.3893,198.21,189.05,255.51,141.1,5000.0,2906.48,2093.52,1.03,0.54,1.39,0.0511,10-20%,697.52,1297.82,1142.08,444.57,8,162.23,87.19,10-20%,155.74,Nov,Bravo
2023-11-25,2023,11,Nov,Echo,Enterprise,USA,7,295.02,136.56,2065.12,0.0,2065.12,955.92,1109.19,0.5371,410.32,389.13,720.06,156.35,5000.0,1873.3,3126.7,2.13,1.85,0.6,0.144,0-5%,955.92,2065.12,2065.12,1109.19,7,295.02,136.56,0-5%,0.0,Nov,Echo
2023-01-04,2023,1,Jan,Cobalt,SMB,Canada,11,132.47,60.13,1457.16,102.0,1355.16,661.44,693.72,0.5119,271.77,258.9,434.82,81.12,5000.0,2603.18,2396.82,1.94,1.54,1.09,0.087,5-10%,661.44,1457.16,1355.16,693.72,11,132.47,60.13,5-10%,102.0,Jan,Cobalt
2025-04-15,2025,4,Apr,Alpha,SMB,India,12,123.49,51.16,1481.91,103.73,1378.17,613.88,764.3,0.5546,373.02,357.69,406.61,65.09,5000.0,2512.53,2487.47,1.61,1.18,1.01,0.0813,5-10%,613.88,1481.91,1378.17,764.3,12,123.49,51.16,5-10%,103.73,Apr,Alpha
2024-12-20,2024,12,Dec,Bravo,Enterprise,India,6,110.12,51.89,660.7,0.0,660.7,311.34,349.36,0.5288,147.92,148.43,200.93,50.0,5000.0,1792.33,3207.67,1.71,1.28,0.56,0.0402,0-5%,311.34,660.7,660.7,349.36,6,110.12,51.89,0-5%,0.0,Dec,Bravo
2023-04-05,2023,4,Apr,Echo,Enterprise,USA,9,180.2,92.09,1621.83,194.62,1427.21,828.81,598.4,0.4193,282.96,299.27,299.13,174.17,5000.0,2739.7,2260.3,1.63,1.26,1.21,0.0598,10-20%,828.81,1621.83,1427.21,598.4,9,180.2,92.09,10-20%,194.62,Apr,Echo
2023-01-03,2023,1,Jan,Echo,Consumer,India,7,283.42,102.44,1983.95,495.99,1487.96,717.08,770.88,0.5181,215.0,228.4,542.48,85.34,5000.0,3169.87,1830.13,2.01,1.71,1.73,0.1085,20%+,717.08,1983.95,1487.96,770.88,7,283.42,102.44,20%+,495.99,Jan,Echo
2024-12-04,2024,12,Dec,Cobalt,Consumer,USA,6,179.03,72.51,1074.18,268.55,805.64,435.04,370.59,0.46,129.5,120.21,250.39,79.93,5000.0,2211.69,2788.31,1.18,0.75,0.79,0.0501,20%+,435.04,1074.18,805.64,370.59,6,179.03,72.51,20%+,268.55,Dec,Cobalt
2024-10-03,2024,10,Oct,Cobalt,SMB,USA,8,83.71,36.71,669.67,167.42,502.25,293.71,208.54,0.4152,133.35,143.32,65.23,50.0,5000.0,2299.66,2700.34,1.26,1.05,0.85,0.013,20%+,293.71,669.67,502.25,208.54,8,83.71,36.71,20%+,167.42,Oct,Cobalt
2025-12-27,2025,12,Dec,Echo,Consumer,USA,7,215.8,118.18,1510.59,0.0,1510.59,827.29,683.3,0.4523,332.59,345.12,338.18,133.43,5000.0,1920.07,3079.93,1.17,0.66,0.62,0.0676,0-5%,827.29,1510.59,1510.59,683.3,7,215.8,118.18,0-5%,0.0,Dec,Echo
2023-10-28,2023,10,Oct,Bravo,Consumer,USA,8,208.65,105.9,1669.22,0.0,1669.22,847.19,822.03,0.4925,423.67,398.89,423.14,132.26,5000.0,2069.9,2930.1,2.3,1.74,0.71,0.0846,0-5%,847.19,1669.22,1669.22,822.03,8,208.65,105.9,0-5%,0.0,Oct,Bravo
2023-10-09,2023,10,Oct,Bravo,Consumer,USA,8,223.85,102.44,1790.78,125.35,1665.43,819.51,845.91,0.5079,393.42,412.42,433.49,133.09,5000.0,2909.11,2090.89,1.74,1.51,1.39,0.0867,5-10%,819.51,1790.78,1665.43,845.91,8,223.85,102.44,5-10%,125.35,Oct,Bravo
2023-09-27,2023,9,Sep,Echo,Consumer,USA,8,277.28,140.66,2218.22,66.55,2151.67,1125.25,1026.43,0.477,385.88,391.91,634.52,217.08,5000.0,2775.7,2224.3,1.65,1.42,1.25,0.1269,0-5%,1125.25,2218.22,2151.67,1026.43,8,277.28,140.66,0-5%,66.55,Sep,Echo
2024-11-15,2024,11,Nov,Alpha,Consumer,USA,8,260.95,99.6,2087.57,146.13,1941.44,796.82,1144.62,0.5896,236.86,255.81,888.81,139.06,5000.0,2282.67,2717.33,1.58,1.13,0.84,0.1778,5-10%,796.82,2087.57,1941.44,1144.62,8,260.95,99.6,5-10%,146.13,Nov,Alpha
2025-01-12,2025,1,Jan,Alpha,Enterprise,Germany,7,259.89,115.0,1819.21,218.3,1600.9,805.02,795.88,0.4971,423.6,429.32,366.56,168.64,5000.0,2515.59,2484.41,1.67,1.45,1.01,0.0733,10-20%,805.02,1819.21,1600.9,795.88,7,259.89,115.0,10-20%,218.3,Jan,Alpha
2025-02-13,2025,2,Feb,Bravo,Consumer,Canada,11,306.78,143.29,3374.59,404.95,2969.64,1576.17,1393.47,0.4692,606.14,602.78,790.69,294.64,5800.71,3608.9,2191.81,1.63,1.41,1.65,0.1363,10-20%,1576.17,3374.59,2969.64,1393.47,11,306.78,143.29,10-20%,404.95,Feb,Bravo
2024-12-18,2024,12,Dec,Alpha,Consumer,India,3,209.61,110.12,628.84,0.0,628.84,330.37,298.47,0.4746,161.57,173.05,125.42,60.28,5000.0,2079.26,2920.74,1.57,1.36,0.71,0.0251,0-5%,330.37,628.84,628.84,298.47,3,209.61,110.12,0-5%,0.0,Dec,Alpha
2025-03-27,2025,3,Mar,Cobalt,Consumer,USA,12,236.06,108.58,2832.68,198.29,2634.4,1302.91,1331.49,0.5054,458.03,458.92,872.57,217.01,5224.72,2691.87,2532.85,1.68,1.16,1.06,0.167,5-10%,1302.91,2832.68,2634.4,1331.49,12,236.06,108.58,5-10%,198.29,Mar,Cobalt
2023-05-14,2023,5,May,Cobalt,SMB,Germany,8,211.92,76.68,1695.34,50.86,1644.48,613.46,1031.02,0.627,443.56,477.98,553.04,112.9,5000.0,1991.89,3008.11,1.39,0.88,0.66,0.1106,0-5%,613.46,1695.34,1644.48,1031.02,8,211.92,76.68,0-5%,50.86,May,Cobalt
2024-01-24,2024,1,Jan,Alpha,SMB,USA,10,321.14,115.58,3211.41,96.34,3115.07,1155.78,1959.29,0.629,514.93,530.4,1428.89,155.3,5731.74,2472.05,3259.7,1.56,0.97,0.76,0.2493,0-5%,1155.78,3211.41,3115.07,1959.29,10,321.14,115.58,0-5%,96.34,Jan,Alpha
2023-11-15,2023,11,Nov,Delta,Consumer,Germany,8,172.57,91.76,1380.58,0.0,1380.58,734.1,646.48,0.4683,181.25,173.83,472.65,124.58,5000.0,3138.6,1861.4,1.62,1.12,1.69,0.0945,0-5%,734.1,1380.58,1380.58,646.48,8,172.57,91.76,0-5%,0.0,Nov,Delta
2024-03-19,2024,3,Mar,Flux,SMB,India,15,263.82,95.6,3957.3,0.0,3957.3,1434.05,2523.25,0.6376,710.65,692.29,1830.96,298.67,5000.0,2450.59,2549.41,1.77,1.39,0.96,0.3662,0-5%,1434.05,3957.3,3957.3,2523.25,15,263.82,95.6,0-5%,0.0,Mar,Flux
2023-08-18,2023,8,Aug,Alpha,SMB,USA,9,168.27,82.11,1514.44,181.73,1332.71,738.95,593.76,0.4455,259.97,253.35,340.41,149.01,5000.0,2966.4,2033.6,1.35,0.97,1.46,0.0681,10-20%,738.95,1514.44,1332.71,593.76,9,168.27,82.11,10-20%,181.73,Aug,Alpha
2025-02-10,2025,2,Feb,Delta,SMB,Canada,6,221.31,88.33,1327.88,39.84,1288.05,529.97,758.08,0.5885,197.53,187.82,570.26,69.4,5000.0,3093.0,1907.0,2.12,1.65,1.62,0.1141,0-5%,529.97,1327.88,1288.05,758.08,6,221.31,88.33,0-5%,39.84,Feb,Delta
2025-07-29,2025,7,Jul,Cobalt,SMB,USA,8,249.7,115.98,1997.6,0.0,1997.6,927.83,1069.77,0.5355,488.79,525.04,544.73,194.07,5000.0,2586.12,2413.88,2.09,1.68,1.07,0.1089,0-5%,927.83,1997.6,1997.6,1069.77,8,249.7,115.98,0-5%,0.0,Jul,Cobalt
2025-10-17,2025,10,Oct,Delta,SMB,UK,7,244.61,111.58,1712.29,119.86,1592.43,781.05,811.38,0.5095,286.93,278.47,532.91,166.29,5000.0,2482.87,2517.13,1.39,1.13,0.99,0.1066,5-10%,781.05,1712.29,1592.43,811.38,7,244.61,111.58,5-10%,119.86,Oct,Delta
2023-03-26,2023,3,Mar,Cobalt,Enterprise,UK,10,260.86,116.97,2608.59,313.03,2295.56,1169.73,1125.83,0.4904,494.37,455.95,669.88,129.6,5000.0,1815.2,3184.8,1.53,1.27,0.57,0.134,10-20%,1169.73,2608.59,2295.56,1125.83,10,260.86,116.97,10-20%,313.03,Mar,Cobalt
2024-05-17,2024,5,May,Alpha,Consumer,USA,4,172.5,70.69,689.99,172.5,517.49,282.77,234.73,0.4536,141.88,153.06,81.67,50.0,5000.0,2407.44,2592.56,1.83,1.48,0.93,0.0163,20%+,282.77,689.99,517.49,234.73,4,172.5,70.69,20%+,172.5,May,Alpha
2025-11-11,2025,11,Nov,Delta,Consumer,USA,10,173.45,90.75,1734.51,208.14,1526.37,907.49,618.88,0.4055,211.6,202.08,416.79,174.38,5000.0,3071.22,1928.78,1.08,0.68,1.59,0.0834,10-20%,907.49,1734.51,1526.37,618.88,10,173.45,90.75,10-20%,208.14,Nov,Delta
2023-03-28,2023,3,Mar,Cobalt,Consumer,Canada,10,243.32,121.97,2433.16,0.0,2433.16,1219.72,1213.43,0.4987,358.53,369.76,843.67,190.8,5000.0,2493.83,2506.17,1.87,1.63,1.0,0.1687,0-5%,1219.72,2433.16,2433.16,1213.43,10,243.32,121.97,0-5%,0.0,Mar,Cobalt
2024-10-20,2024,10,Oct,Echo,SMB,USA,8,258.57,138.49,2068.58,62.06,2006.52,1107.95,898.57,0.4478,333.81,340.35,558.23,227.66,5000.0,1996.2,3003.8,1.61,1.22,0.66,0.1116,0-5%,1107.95,2068.58,2006.52,898.57,8,258.57,138.49,0-5%,62.06,Oct,Echo
2023-01-06,2023,1,Jan,Bravo,Consumer,USA,10,214.58,99.74,2145.78,257.49,1888.29,997.35,890.93,0.4718,364.23,381.34,509.59,108.05,5000.0,2195.97,2804.03,2.0,1.52,0.78,0.1019,10-20%,997.35,2145.78,1888.29,890.93,10,214.58,99.74,10-20%,257.49,Jan,Bravo
2024-08-25,2024,8,Aug,Alpha,SMB,UK,12,222.61,104.67,2671.34,80.14,2591.2,1256.08,1335.11,0.5152,454.42,458.0,877.12,131.43,5000.0,2516.26,2483.74,1.57,1.15,1.01,0.1754,0-5%,1256.08,2671.34,2591.2,1335.11,12,222.61,104.67,0-5%,80.14,Aug,Alpha
2025-01-08,2025,1,Jan,Bravo,Enterprise,USA,9,236.45,126.77,2128.09,0.0,2128.09,1140.93,987.16,0.4639,392.76,387.03,600.14,138.44,5000.0,1835.33,3164.67,1.66,1.45,0.58,0.12,0-5%,1140.93,2128.09,2128.09,987.16,9,236.45,126.77,0-5%,0.0,Jan,Bravo
2023-03-08,2023,3,Mar,Bravo,SMB,Canada,11,188.85,83.42,2077.39,145.42,1931.97,917.64,1014.34,0.525,397.28,409.15,605.19,105.19,5000.0,2634.75,2365.25,2.14,1.8,1.11,0.121,5-10%,917.64,2077.39,1931.97,1014.34,11,188.85,83.42,5-10%,145.42,Mar,Bravo
2024-08-17,2024,8,Aug,Echo,SMB,Germany,9,219.67,78.66,1977.02,0.0,1977.02,707.95,1269.07,0.6419,529.13,545.31,723.76,133.76,5000.0,2788.51,2211.49,1.91,1.7,1.26,0.1448,0-5%,707.95,1977.02,1977.02,1269.07,9,219.67,78.66,0-5%,0.0,Aug,Echo
2025-02-21,2025,2,Feb,Delta,SMB,USA,8,222.21,111.49,1777.72,0.0,1777.72,891.93,885.79,0.4983,256.54,258.85,626.93,154.29,5000.0,2104.49,2895.51,1.46,1.09,0.73,0.1254,0-5%,891.93,1777.72,1777.72,885.79,8,222.21,111.49,0-5%,0.0,Feb,Delta
2023-07-14,2023,7,Jul,Echo,SMB,USA,10,139.13,74.54,1391.3,41.74,1349.56,745.36,604.2,0.4477,269.13,282.33,321.87,106.46,5000.0,3019.64,1980.36,2.12,1.84,1.52,0.0644,0-5%,745.36,1391.3,1349.56,604.2,10,139.13,74.54,0-5%,41.74,Jul,Echo
2025-07-21,2025,7,Jul,Bravo,Consumer,USA,10,246.06,97.22,2460.55,295.27,2165.29,972.24,1193.05,0.551,417.57,399.86,793.18,206.13,5000.0,3173.75,1826.25,1.49,1.2,1.74,0.1586,10-20%,972.24,2460.55,2165.29,1193.05,10,246.06,97.22,10-20%,295.27,Jul,Bravo
2025-01-09,2025,1,Jan,Alpha,SMB,USA,13,299.62,117.76,3895.04,0.0,3895.04,1530.93,2364.12,0.607,562.8,578.9,1785.22,313.87,5130.85,2324.47,2806.38,1.82,1.47,0.83,0.3479,0-5%,1530.93,3895.04,3895.04,2364.12,13,299.62,117.76,0-5%,0.0,Jan,Alpha
2024-04-07,2024,4,Apr,Flux,Consumer,USA,9,285.57,150.11,2570.1,77.1,2493.0,1350.97,1142.03,0.4581,674.48,650.22,491.8,255.27,5000.0,1783.43,3216.57,1.15,0.65,0.55,0.0984,0-5%,1350.97,2570.1,2493.0,1142.03,9,285.57,150.11,0-5%,77.1,Apr,Flux
2024-10-05,2024,10,Oct,Bravo,Consumer,USA,5,250.37,104.73,1251.84,87.63,1164.21,523.64,640.57,0.5502,250.57,260.34,380.23,106.25,5000.0,2000.63,2999.37,1.72,1.26,0.67,0.076,5-10%,523.64,1251.84,1164.21,640.57,5,250.37,104.73,5-10%,87.63,Oct,Bravo
2024-08-09,2024,8,Aug,Echo,SMB,Canada,12,288.17,120.91,3458.1,414.97,3043.12,1450.93,1592.19,0.5232,469.9,439.35,1152.84,188.54,5000.0,3191.13,1808.87,1.91,1.33,1.76,0.2306,10-20%,1450.93,3458.1,3043.12,1592.19,12,288.17,120.91,10-20%,414.97,Aug,Echo
2024-01-23,2024,1,Jan,Flux,Enterprise,USA,5,276.63,117.51,1383.16,345.79,1037.37,587.55,449.82,0.4336,144.64,138.97,310.85,81.42,5000.0,1774.62,3225.38,1.73,1.44,0.55,0.0622,20%+,587.55,1383.16,1037.37,449.82,5,276.63,117.51,20%+,345.79,Jan,Flux
2024-01-07,2024,1,Jan,Flux,Consumer,USA,9,215.34,81.81,1938.05,0.0,1938.05,736.33,1201.73,0.6201,528.45,543.91,657.82,90.59,5000.0,3087.79,1912.21,1.39,0.98,1.61,0.1316,0-5%,736.33,1938.05,1938.05,1201.73,9,215.34,81.81,0-5%,0.0,Jan,Flux
2025-02-09,2025,2,Feb,Echo,SMB,India,5,281.73,147.3,1408.63,352.16,1056.47,736.5,319.97,0.3029,189.24,198.85,121.13,124.27,5000.0,2539.54,2460.46,1.45,1.08,1.03,0.0242,20%+,736.5,1408.63,1056.47,319.97,5,281.73,147.3,20%+,352.16,Feb,Echo
2025-01-20,2025,1,Jan,Echo,Enterprise,UK,7,221.69,110.08,1551.83,46.55,1505.28,770.59,734.69,0.4881,194.72,199.91,534.78,96.97,5000.0,2610.27,2389.73,1.35,1.01,1.09,0.107,0-5%,770.59,1551.83,1505.28,734.69,7,221.69,110.08,0-5%,46.55,Jan,Echo
2025-02-07,2025,2,Feb,Alpha,SMB,USA,9,193.54,98.02,1741.84,52.26,1689.58,882.19,807.39,0.4779,223.41,230.13,577.26,152.87,5000.0,2623.77,2376.23,1.69,1.44,1.1,0.1155,0-5%,882.19,1741.84,1689.58,807.39,9,193.54,98.02,0-5%,52.26,Feb,Alpha
2024-12-01,2024,12,Dec,Echo,SMB,Canada,7,156.15,58.71,1093.07,0.0,1093.07,410.99,682.08,0.624,217.0,223.26,458.82,54.61,5000.0,1816.11,3183.89,1.86,1.29,0.57,0.0918,0-5%,410.99,1093.07,1093.07,682.08,7,156.15,58.71,0-5%,0.0,Dec,Echo
2025-08-18,2025,8,Aug,Echo,Enterprise,Canada,13,204.21,86.9,2654.79,318.58,2336.22,1129.65,1206.57,0.5165,496.98,460.71,745.85,248.02,5000.0,2020.09,2979.91,1.96,1.69,0.68,0.1492,10-20%,1129.65,2654.79,2336.22,1206.57,13,204.21,86.9,10-20%,318.58,Aug,Echo
2025-10-26,2025,10,Oct,Cobalt,Enterprise,UK,10,153.9,58.7,1538.96,46.17,1492.79,586.96,905.83,0.6068,394.59,380.11,525.72,118.7,5000.0,2162.73,2837.27,1.34,1.11,0.76,0.1051,0-5%,586.96,1538.96,1492.79,905.83,10,153.9,58.7,0-5%,46.17,Oct,Cobalt
2023-08-16,2023,8,Aug,Alpha,SMB,Canada,8,169.89,82.35,1359.15,0.0,1359.15,658.76,700.39,0.5153,375.7,392.65,307.74,113.42,5000.0,1963.66,3036.34,1.51,0.97,0.65,0.0615,0-5%,658.76,1359.15,1359.15,700.39,8,169.89,82.35,0-5%,0.0,Aug,Alpha
2023-05-09,2023,5,May,Flux,Consumer,Canada,12,242.0,112.59,2903.94,0.0,2903.94,1351.1,1552.84,0.5347,804.79,752.59,800.25,269.56,5000.0,2261.1,2738.9,1.78,1.2,0.83,0.1601,0-5%,1351.1,2903.94,2903.94,1552.84,12,242.0,112.59,0-5%,0.0,May,Flux
2024-12-26,2024,12,Dec,Flux,Consumer,USA,11,217.97,90.79,2397.62,167.83,2229.79,998.65,1231.14,0.5521,432.07,421.82,809.32,215.21,5000.0,1943.8,3056.2,1.63,1.1,0.64,0.1619,5-10%,998.65,2397.62,2229.79,1231.14,11,217.97,90.79,5-10%,167.83,Dec,Flux
2023-10-11,2023,10,Oct,Alpha,Enterprise,USA,10,182.5,97.55,1824.99,54.75,1770.24,975.47,794.77,0.449,274.61,276.75,518.02,142.94,5000.0,3133.45,1866.55,1.55,1.02,1.68,0.1036,0-5%,975.47,1824.99,1770.24,794.77,10,182.5,97.55,0-5%,54.75,Oct,Alpha
2025-11-04,2025,11,Nov,Flux,Consumer,Canada,8,113.82,54.63,910.54,63.74,846.8,437.06,409.74,0.4839,205.64,215.52,194.22,82.15,5000.0,2578.04,2421.96,1.86,1.32,1.06,0.0388,5-10%,437.06,910.54,846.8,409.74,8,113.82,54.63,5-10%,63.74,Nov,Flux
2025-12-14,2025,12,Dec,Flux,Enterprise,Germany,11,212.98,90.79,2342.73,70.28,2272.45,998.67,1273.78,0.5605,301.5,325.58,948.2,191.22,5000.0,2918.06,2081.94,1.38,0.92,1.4,0.1896,0-5%,998.67,2342.73,2272.45,1273.78,11,212.98,90.79,0-5%,70.28,Dec,Flux
2024-04-17,2024,4,Apr,Echo,SMB,USA,10,136.68,74.64,1366.81,95.68,1271.13,746.43,524.7,0.4128,233.31,230.92,293.77,101.95,5000.0,2305.23,2694.77,2.08,1.86,0.86,0.0588,5-10%,746.43,1366.81,1271.13,524.7,10,136.68,74.64,5-10%,95.68,Apr,Echo
2024-03-22,2024,3,Mar,Alpha,SMB,UK,13,147.41,64.97,1916.27,57.49,1858.78,844.64,1014.14,0.5456,515.17,487.82,526.32,88.39,5000.0,1969.47,3030.53,2.09,1.75,0.65,0.1053,0-5%,844.64,1916.27,1858.78,1014.14,13,147.41,64.97,0-5%,57.49,Mar,Alpha
2023-02-10,2023,2,Feb,Echo,Consumer,USA,10,195.24,80.03,1952.37,0.0,1952.37,800.35,1152.02,0.5901,251.26,259.45,892.57,169.19,5000.0,2035.72,2964.28,2.17,1.89,0.69,0.1785,0-5%,800.35,1952.37,1952.37,1152.02,10,195.24,80.03,0-5%,0.0,Feb,Echo
2025-12-04,2025,12,Dec,Delta,Consumer,USA,10,328.36,141.02,3283.58,98.51,3185.07,1410.23,1774.84,0.5572,705.06,734.92,1039.92,175.37,5000.0,2137.91,2862.09,1.9,1.46,0.75,0.208,0-5%,1410.23,3283.58,3185.07,1774.84,10,328.36,141.02,0-5%,98.51,Dec,Delta
2023-06-29,2023,6,Jun,Bravo,SMB,USA,10,278.93,102.82,2789.34,334.72,2454.62,1028.21,1426.41,0.5811,353.56,378.48,1047.93,156.83,5000.0,2893.0,2107.0,2.4,2.05,1.37,0.2096,10-20%,1028.21,2789.34,2454.62,1426.41,10,278.93,102.82,10-20%,334.72,Jun,Bravo
2023-05-20,2023,5,May,Flux,Consumer,USA,7,141.3,50.25,989.1,29.67,959.43,351.77,607.66,0.6334,158.21,149.04,458.62,75.71,5000.0,2226.35,2773.65,1.45,1.23,0.8,0.0917,0-5%,351.77,989.1,959.43,607.66,7,141.3,50.25,0-5%,29.67,May,Flux
2023-11-05,2023,11,Nov,Flux,Consumer,USA,12,174.62,77.81,2095.49,62.86,2032.63,933.67,1098.95,0.5407,472.01,446.53,652.43,144.5,5000.0,2788.36,2211.64,2.4,2.13,1.26,0.1305,0-5%,933.67,2095.49,2032.63,1098.95,12,174.62,77.81,0-5%,62.86,Nov,Flux
2024-03-29,2024,3,Mar,Bravo,SMB,USA,9,199.71,89.67,1797.42,125.82,1671.6,807.04,864.56,0.5172,453.09,483.24,381.32,80.75,5000.0,2247.46,2752.54,1.86,1.62,0.82,0.0763,5-10%,807.04,1797.42,1671.6,864.56,9,199.71,89.67,5-10%,125.82,Mar,Bravo
2023-04-26,2023,4,Apr,Cobalt,SMB,Canada,14,150.1,62.79,2101.39,63.04,2038.35,879.08,1159.28,0.5687,537.69,578.6,580.67,99.98,5000.0,2745.71,2254.29,1.28,0.95,1.22,0.1161,0-5%,879.08,2101.39,2038.35,1159.28,14,150.1,62.79,0-5%,63.04,Apr,Cobalt
2023-04-17,2023,4,Apr,Flux,Consumer,USA,6,245.68,118.13,1474.1,44.22,1429.88,708.81,721.07,0.5043,343.48,337.06,384.0,145.59,5000.0,2225.95,2774.05,1.0,0.5,0.8,0.0768,0-5%,708.81,1474.1,1429.88,721.07,6,245.68,118.13,0-5%,44.22,Apr,Flux
2024-04-03,2024,4,Apr,Flux,Consumer,USA,16,219.45,115.23,3511.22,105.34,3405.89,1843.63,1562.26,0.4587,863.73,840.75,721.5,272.45,5000.0,2636.49,2363.51,2.35,1.97,1.12,0.1443,0-5%,1843.63,3511.22,3405.89,1562.26,16,219.45,115.23,0-5%,105.34,Apr,Flux
2024-11-14,2024,11,Nov,Echo,SMB,USA,18,207.2,97.65,3729.63,932.41,2797.22,1757.68,1039.54,0.3716,404.85,402.65,636.89,356.97,5000.0,1798.14,3201.86,1.64,1.24,0.56,0.1274,20%+,1757.68,3729.63,2797.22,1039.54,18,207.2,97.65,20%+,932.41,Nov,Echo
2023-03-15,2023,3,Mar,Cobalt,Enterprise,USA,12,215.69,85.01,2588.27,0.0,2588.27,1020.1,1568.18,0.6059,555.16,582.87,985.31,157.43,5331.29,2006.57,3324.72,1.81,1.38,0.6,0.1848,0-5%,1020.1,2588.27,2588.27,1568.18,12,215.69,85.01,0-5%,0.0,Mar,Cobalt
2025-12-29,2025,12,Dec,Bravo,SMB,Germany,5,187.57,72.34,937.87,65.65,872.22,361.68,510.54,0.5853,208.25,224.18,286.36,54.8,5000.0,1922.81,3077.19,1.87,1.29,0.62,0.0573,5-10%,361.68,937.87,872.22,510.54,5,187.57,72.34,5-10%,65.65,Dec,Bravo
2023-10-14,2023,10,Oct,Echo,Consumer,Germany,9,281.88,120.44,2536.94,0.0,2536.94,1083.99,1452.95,0.5727,666.83,707.55,745.4,129.42,5168.9,2967.35,2201.55,1.62,1.38,1.35,0.1442,0-5%,1083.99,2536.94,2536.94,1452.95,9,281.88,120.44,0-5%,0.0,Oct,Echo
2024-08-15,2024,8,Aug,Echo,SMB,USA,12,159.8,85.5,1917.57,0.0,1917.57,1025.95,891.62,0.465,273.17,264.31,627.31,104.92,5000.0,2357.25,2642.75,1.97,1.58,0.89,0.1255,0-5%,1025.95,1917.57,1917.57,891.62,12,159.8,85.5,0-5%,0.0,Aug,Echo
2023-06-05,2023,6,Jun,Flux,Consumer,USA,9,265.45,118.06,2389.05,71.67,2317.38,1062.58,1254.79,0.5415,305.1,317.72,937.08,199.47,5000.0,2677.65,2322.35,1.88,1.34,1.15,0.1874,0-5%,1062.58,2389.05,2317.38,1254.79,9,265.45,118.06,0-5%,71.67,Jun,Flux
2023-11-29,2023,11,Nov,Cobalt,SMB,USA,11,200.92,75.25,2210.12,154.71,2055.41,827.75,1227.66,0.5973,319.05,342.7,884.96,102.11,5000.0,2150.24,2849.76,1.49,1.04,0.75,0.177,5-10%,827.75,2210.12,2055.41,1227.66,11,200.92,75.25,5-10%,154.71,Nov,Cobalt
2024-08-25,2024,8,Aug,Bravo,SMB,USA,7,179.9,85.22,1259.32,88.15,1171.17,596.56,574.6,0.4906,164.14,168.81,405.79,94.78,5000.0,2717.65,2282.35,1.82,1.53,1.19,0.0812,5-10%,596.56,1259.32,1171.17,574.6,7,179.9,85.22,5-10%,88.15,Aug,Bravo
2023-01-20,2023,1,Jan,Cobalt,Consumer,India,13,217.31,115.68,2824.97,197.75,2627.22,1503.82,1123.4,0.4276,325.57,317.04,806.35,257.52,5000.0,3116.27,1883.73,1.73,1.42,1.65,0.1613,5-10%,1503.82,2824.97,2627.22,1123.4,13,217.31,115.68,5-10%,197.75,Jan,Cobalt
2025-02-10,2025,2,Feb,Flux,Consumer,USA,6,134.35,62.35,806.1,0.0,806.1,374.12,431.97,0.5359,140.04,136.86,295.11,81.13,5000.0,2598.33,2401.67,1.71,1.27,1.08,0.059,0-5%,374.12,806.1,806.1,431.97,6,134.35,62.35,0-5%,0.0,Feb,Flux
2025-06-22,2025,6,Jun,Alpha,SMB,USA,7,230.79,111.36,1615.54,0.0,1615.54,779.55,835.99,0.5175,338.72,320.22,515.77,138.04,5000.0,2803.58,2196.42,1.23,0.97,1.28,0.1032,0-5%,779.55,1615.54,1615.54,835.99,7,230.79,111.36,0-5%,0.0,Jun,Alpha
2023-12-04,2023,12,Dec,Echo,Enterprise,USA,16,245.5,98.1,3928.0,117.84,3810.16,1569.59,2240.57,0.5881,1037.02,955.38,1285.19,215.86,5000.0,2374.38,2625.62,1.9,1.31,0.9,0.257,0-5%,1569.59,3928.0,3810.16,2240.57,16,245.5,98.1,0-5%,117.84,Dec,Echo
2023-09-23,2023,9,Sep,Alpha,Consumer,USA,4,279.62,145.1,1118.49,33.55,1084.94,580.42,504.52,0.465,149.32,153.24,351.29,87.81,5000.0,2760.96,2239.04,2.08,1.52,1.23,0.0703,0-5%,580.42,1118.49,1084.94,504.52,4,279.62,145.1,0-5%,33.55,Sep,Alpha
2023-11-29,2023,11,Nov,Alpha,Consumer,USA,8,267.25,135.35,2137.98,64.14,2073.84,1082.8,991.04,0.4779,512.97,488.53,502.51,119.74,5000.0,1848.51,3151.49,2.66,2.31,0.59,0.1005,0-5%,1082.8,2137.98,2073.84,991.04,8,267.25,135.35,0-5%,64.14,Nov,Alpha
2025-05-20,2025,5,May,Bravo,SMB,India,6,165.93,65.04,995.59,29.87,965.72,390.25,575.48,0.5959,261.54,253.92,321.56,58.35,5000.0,3187.26,1812.74,1.11,0.58,1.76,0.0643,0-5%,390.25,995.59,965.72,575.48,6,165.93,65.04,0-5%,29.87,May,Bravo
2023-07-17,2023,7,Jul,Cobalt,Consumer,USA,11,210.38,114.09,2314.17,161.99,2152.18,1254.96,897.21,0.4169,458.95,425.6,471.61,133.45,5000.0,2525.64,2474.36,1.96,1.73,1.02,0.0943,5-10%,1254.96,2314.17,2152.18,897.21,11,210.38,114.09,5-10%,161.99,Jul,Cobalt
2024-01-22,2024,1,Jan,Bravo,Consumer,Canada,10,272.42,125.23,2724.17,0.0,2724.17,1252.28,1471.89,0.5403,482.79,467.77,1004.11,181.87,5201.49,2190.48,3011.01,2.04,1.84,0.73,0.193,0-5%,1252.28,2724.17,2724.17,1471.89,10,272.42,125.23,0-5%,0.0,Jan,Bravo
2023-08-28,2023,8,Aug,Delta,SMB,UK,7,216.4,98.39,1514.78,0.0,1514.78,688.76,826.02,0.5453,225.75,237.09,588.93,86.24,5000.0,3001.22,1998.78,1.75,1.48,1.5,0.1178,0-5%,688.76,1514.78,1514.78,826.02,7,216.4,98.39,0-5%,0.0,Aug,Delta
2023-09-29,2023,9,Sep,Flux,SMB,Canada,13,245.55,127.1,3192.09,0.0,3192.09,1652.28,1539.8,0.4824,857.77,877.22,662.59,221.6,5000.0,2842.35,2157.65,1.98,1.39,1.32,0.1325,0-5%,1652.28,3192.09,3192.09,1539.8,13,245.55,127.1,0-5%,0.0,Sep,Flux
2025-11-09,2025,11,Nov,Echo,SMB,USA,5,287.04,142.31,1435.19,100.46,1334.72,711.56,623.16,0.4669,317.59,341.14,282.02,94.66,5000.0,2524.68,2475.32,1.34,1.04,1.02,0.0564,5-10%,711.56,1435.19,1334.72,623.16,5,287.04,142.31,5-10%,100.46,Nov,Echo
2023-07-30,2023,7,Jul,Echo,Consumer,USA,9,344.83,153.17,3103.46,775.87,2327.6,1378.5,949.1,0.4078,531.28,503.92,445.18,198.53,5000.0,2244.41,2755.59,1.35,0.91,0.81,0.089,20%+,1378.5,3103.46,2327.6,949.1,9,344.83,153.17,20%+,775.87,Jul,Echo
2024-06-05,2024,6,Jun,Alpha,Consumer,Germany,9,97.64,46.15,878.73,105.45,773.29,415.38,357.91,0.4628,168.04,164.39,193.52,54.45,5000.0,2478.53,2521.47,1.91,1.69,0.98,0.0387,10-20%,415.38,878.73,773.29,357.91,9,97.64,46.15,10-20%,105.45,Jun,Alpha
2023-06-30,2023,6,Jun,Flux,SMB,USA,12,296.79,136.68,3561.48,427.38,3134.11,1640.14,1493.96,0.4767,795.05,811.39,682.58,190.31,5000.0,3104.55,1895.45,1.76,1.2,1.64,0.1365,10-20%,1640.14,3561.48,3134.11,1493.96,12,296.79,136.68,10-20%,427.38,Jun,Flux
2024-06-21,2024,6,Jun,Flux,Consumer,Germany,5,279.88,126.55,1399.41,41.98,1357.43,632.77,724.66,0.5338,223.16,221.31,503.35,99.74,5000.0,2172.81,2827.19,2.69,2.48,0.77,0.1007,0-5%,632.77,1399.41,1357.43,724.66,5,279.88,126.55,0-5%,41.98,Jun,Flux
2024-12-13,2024,12,Dec,Cobalt,Consumer,UK,6,152.44,78.86,914.64,64.02,850.62,473.15,377.47,0.4438,220.2,226.09,151.38,95.49,5000.0,3150.53,1849.47,1.03,0.73,1.7,0.0303,5-10%,473.15,914.64,850.62,377.47,6,152.44,78.86,5-10%,64.02,Dec,Cobalt
2023-09-01,2023,9,Sep,Cobalt,Consumer,USA,8,193.83,94.01,1550.68,186.08,1364.6,752.09,612.51,0.4489,182.92,195.62,416.88,131.94,5000.0,1902.57,3097.43,1.51,1.17,0.61,0.0834,10-20%,752.09,1550.68,1364.6,612.51,8,193.83,94.01,10-20%,186.08,Sep,Cobalt
2025-01-30,2025,1,Jan,Bravo,Consumer,USA,8,189.59,77.33,1516.7,182.0,1334.69,618.67,716.02,0.5365,186.5,197.25,518.77,122.89,5000.0,3055.87,1944.13,1.79,1.36,1.57,0.1038,10-20%,618.67,1516.7,1334.69,716.02,8,189.59,77.33,10-20%,182.0,Jan,Bravo
2024-06-01,2024,6,Jun,Bravo,Consumer,USA,13,239.77,84.22,3117.05,93.51,3023.54,1094.9,1928.64,0.6379,473.25,440.22,1488.42,234.49,5748.31,3310.52,2437.79,2.02,1.62,1.36,0.2589,0-5%,1094.9,3117.05,3023.54,1928.64,13,239.77,84.22,0-5%,93.51,Jun,Bravo
2025-12-01,2025,12,Dec,Cobalt,SMB,USA,12,194.6,104.25,2335.22,0.0,2335.22,1251.05,1084.17,0.4643,456.73,473.8,610.38,146.18,5000.0,2442.75,2557.25,0.93,0.5,0.96,0.1221,0-5%,1251.05,2335.22,2335.22,1084.17,12,194.6,104.25,0-5%,0.0,Dec,Cobalt
2025-12-09,2025,12,Dec,Alpha,SMB,USA,11,296.65,115.04,3263.2,391.58,2871.61,1265.48,1606.13,0.5593,532.42,569.36,1036.78,246.35,5000.0,2473.64,2526.36,1.82,1.45,0.98,0.2074,10-20%,1265.48,3263.2,2871.61,1606.13,11,296.65,115.04,10-20%,391.58,Dec,Alpha
2024-02-20,2024,2,Feb,Delta,SMB,USA,7,127.57,56.91,893.01,62.51,830.5,398.4,432.1,0.5203,124.04,127.52,304.58,82.5,5000.0,3148.77,1851.23,1.59,1.1,1.7,0.0609,5-10%,398.4,893.01,830.5,432.1,7,127.57,56.91,5-10%,62.51,Feb,Delta
2024-04-14,2024,4,Apr,Delta,SMB,USA,8,232.35,94.42,1858.77,0.0,1858.77,755.37,1103.4,0.5936,415.19,389.78,713.62,123.18,5000.0,1865.83,3134.17,1.76,1.52,0.6,0.1427,0-5%,755.37,1858.77,1858.77,1103.4,8,232.35,94.42,0-5%,0.0,Apr,Delta
2025-07-22,2025,7,Jul,Cobalt,Consumer,USA,6,163.46,62.46,980.76,29.42,951.34,374.77,576.57,0.6061,227.56,214.84,361.73,81.81,5000.0,2468.57,2531.43,2.13,1.67,0.98,0.0723,0-5%,374.77,980.76,951.34,576.57,6,163.46,62.46,0-5%,29.42,Jul,Cobalt
2025-10-15,2025,10,Oct,Bravo,SMB,India,12,170.3,75.68,2043.63,510.91,1532.72,908.13,624.6,0.4075,224.12,218.38,406.22,117.71,5000.0,1844.19,3155.81,1.99,1.56,0.58,0.0812,20%+,908.13,2043.63,1532.72,624.6,12,170.3,75.68,20%+,510.91,Oct,Bravo
2023-11-15,2023,11,Nov,Cobalt,Enterprise,Canada,13,200.41,72.13,2605.28,182.37,2422.91,937.7,1485.22,0.613,375.02,387.79,1097.42,111.81,5000.0,2623.87,2376.13,1.72,1.39,1.1,0.2195,5-10%,937.7,2605.28,2422.91,1485.22,13,200.41,72.13,5-10%,182.37,Nov,Cobalt
2025-01-16,2025,1,Jan,Flux,SMB,UK,6,184.59,93.14,1107.57,33.23,1074.34,558.84,515.5,0.4798,249.36,253.51,261.99,77.18,5000.0,2445.06,2554.94,1.92,1.67,0.96,0.0524,0-5%,558.84,1107.57,1074.34,515.5,6,184.59,93.14,0-5%,33.23,Jan,Flux
2025-11-25,2025,11,Nov,Echo,Consumer,India,11,266.35,128.21,2929.81,351.58,2578.23,1410.3,1167.93,0.453,408.31,387.28,780.64,211.69,5000.0,3072.79,1927.21,1.05,0.59,1.59,0.1561,10-20%,1410.3,2929.81,2578.23,1167.93,11,266.35,128.21,10-20%,351.58,Nov,Echo
2023-11-22,2023,11,Nov,Cobalt,Consumer,UK,5,204.97,91.68,1024.87,122.98,901.89,458.39,443.49,0.4917,218.73,220.54,222.96,91.52,5000.0,3206.13,1793.87,2.47,2.02,1.79,0.0446,10-20%,458.39,1024.87,901.89,443.49,5,204.97,91.68,10-20%,122.98,Nov,Cobalt
2023-04-15,2023,4,Apr,Echo,Consumer,USA,9,208.28,105.86,1874.53,0.0,1874.53,952.75,921.78,0.4917,264.84,244.19,677.59,166.0,5000.0,3045.76,1954.24,2.11,1.85,1.56,0.1355,0-5%,952.75,1874.53,1874.53,921.78,9,208.28,105.86,0-5%,0.0,Apr,Echo
2023-05-25,2023,5,May,Delta,Consumer,India,10,255.51,129.23,2555.07,76.65,2478.41,1292.26,1186.15,0.4786,409.33,411.56,774.59,221.92,5130.36,2052.24,3078.11,1.8,1.57,0.67,0.151,0-5%,1292.26,2555.07,2478.41,1186.15,10,255.51,129.23,0-5%,76.65,May,Delta
2023-10-26,2023,10,Oct,Alpha,Consumer,Canada,5,259.1,129.86,1295.49,155.46,1140.03,649.32,490.72,0.4304,213.8,208.25,282.47,128.09,5000.0,2073.53,2926.47,1.79,1.41,0.71,0.0565,10-20%,649.32,1295.49,1140.03,490.72,5,259.1,129.86,10-20%,155.46,Oct,Alpha
2025-01-14,2025,1,Jan,Delta,Consumer,USA,6,231.47,119.0,1388.82,97.22,1291.61,713.99,577.62,0.4472,252.57,249.29,328.33,95.36,5000.0,2663.33,2336.67,2.06,1.52,1.14,0.0657,5-10%,713.99,1388.82,1291.61,577.62,6,231.47,119.0,5-10%,97.22,Jan,Delta
2024-08-21,2024,8,Aug,Bravo,SMB,Germany,12,207.13,109.55,2485.6,173.99,2311.61,1314.6,997.01,0.4313,586.6,613.67,383.34,267.23,5000.0,1825.55,3174.45,1.86,1.4,0.58,0.0767,5-10%,1314.6,2485.6,2311.61,997.01,12,207.13,109.55,5-10%,173.99,Aug,Bravo
2025-12-05,2025,12,Dec,Bravo,Consumer,Canada,3,173.93,77.25,521.79,36.53,485.26,231.75,253.52,0.5224,83.59,88.83,164.69,50.0,5000.0,2720.77,2279.23,1.7,1.1,1.19,0.0329,5-10%,231.75,521.79,485.26,253.52,3,173.93,77.25,5-10%,36.53,Dec,Bravo
2024-04-30,2024,4,Apr,Flux,Consumer,USA,5,233.3,112.76,1166.48,34.99,1131.48,563.82,567.67,0.5017,272.37,281.76,285.9,64.87,5000.0,2050.15,2949.85,1.2,0.88,0.7,0.0572,0-5%,563.82,1166.48,1131.48,567.67,5,233.3,112.76,0-5%,34.99,Apr,Flux
2023-10-14,2023,10,Oct,Alpha,Consumer,USA,11,262.61,109.18,2888.73,202.21,2686.52,1200.94,1485.58,0.553,408.32,400.39,1085.19,159.5,5000.0,3074.79,1925.21,1.73,1.27,1.6,0.217,5-10%,1200.94,2888.73,2686.52,1485.58,11,262.61,109.18,5-10%,202.21,Oct,Alpha
2023-02-08,2023,2,Feb,Echo,Consumer,UK,9,243.87,104.21,2194.79,65.84,2128.95,937.85,1191.1,0.5595,300.99,294.09,897.01,105.1,5000.0,2332.01,2667.99,1.38,0.79,0.87,0.1794,0-5%,937.85,2194.79,2128.95,1191.1,9,243.87,104.21,0-5%,65.84,Feb,Echo
2025-08-31,2025,8,Aug,Bravo,Consumer,Germany,8,281.11,138.21,2248.9,269.87,1979.03,1105.71,873.32,0.4413,341.29,343.6,529.72,184.61,5000.0,2126.73,2873.27,2.25,1.68,0.74,0.1059,10-20%,1105.71,2248.9,1979.03,873.32,8,281.11,138.21,10-20%,269.87,Aug,Bravo
2023-05-31,2023,5,May,Flux,SMB,USA,11,316.23,142.54,3478.48,869.62,2608.86,1567.93,1040.93,0.399,463.96,490.43,550.49,183.31,5257.28,1863.61,3393.67,2.35,1.83,0.55,0.1047,20%+,1567.93,3478.48,2608.86,1040.93,11,316.23,142.54,20%+,869.62,May,Flux
2023-05-03,2023,5,May,Alpha,SMB,India,10,204.5,112.45,2045.02,61.35,1983.67,1124.53,859.15,0.4331,532.51,559.68,299.47,236.63,5000.0,2233.08,2766.92,2.12,1.54,0.81,0.0599,0-5%,1124.53,2045.02,1983.67,859.15,10,204.5,112.45,0-5%,61.35,May,Alpha
2024-01-18,2024,1,Jan,Bravo,Consumer,India,10,139.11,70.79,1391.09,166.93,1224.16,707.89,516.28,0.4217,337.35,342.09,174.18,105.68,5000.0,3195.14,1804.86,1.22,0.9,1.77,0.0348,10-20%,707.89,1391.09,1224.16,516.28,10,139.11,70.79,10-20%,166.93,Jan,Bravo
2025-12-25,2025,12,Dec,Echo,SMB,UK,11,318.97,135.63,3508.67,421.04,3087.63,1491.95,1595.68,0.5168,561.99,573.46,1022.22,242.05,5950.08,2666.54,3283.54,1.65,1.42,0.81,0.1718,10-20%,1491.95,3508.67,3087.63,1595.68,11,318.97,135.63,10-20%,421.04,Dec,Echo
2025-07-27,2025,7,Jul,Bravo,SMB,Germany,8,137.09,59.43,1096.74,0.0,1096.74,475.43,621.31,0.5665,287.96,270.64,350.67,103.83,5000.0,2418.41,2581.59,2.01,1.71,0.94,0.0701,0-5%,475.43,1096.74,1096.74,621.31,8,137.09,59.43,0-5%,0.0,Jul,Bravo
2024-10-14,2024,10,Oct,Echo,Enterprise,USA,8,222.1,114.31,1776.76,0.0,1776.76,914.49,862.27,0.4853,487.21,521.75,340.52,118.28,5000.0,2997.86,2002.14,1.91,1.33,1.5,0.0681,0-5%,914.49,1776.76,1776.76,862.27,8,222.1,114.31,0-5%,0.0,Oct,Echo
2024-04-27,2024,4,Apr,Alpha,SMB,USA,13,174.89,69.63,2273.63,0.0,2273.63,905.16,1368.47,0.6019,414.32,384.97,983.5,160.59,5000.0,1756.35,3243.65,1.12,0.87,0.54,0.1967,0-5%,905.16,2273.63,2273.63,1368.47,13,174.89,69.63,0-5%,0.0,Apr,Alpha
2024-05-14,2024,5,May,Echo,Enterprise,USA,8,230.17,119.84,1841.36,55.24,1786.12,958.75,827.37,0.4632,289.78,303.36,524.02,152.7,5000.0,1847.23,3152.77,1.58,1.35,0.59,0.1048,0-5%,958.75,1841.36,1786.12,827.37,8,230.17,119.84,0-5%,55.24,May,Echo
2023-06-28,2023,6,Jun,Cobalt,Consumer,USA,5,196.98,82.53,984.92,0.0,984.92,412.63,572.29,0.5811,227.26,238.28,334.01,50.81,5000.0,2638.74,2361.26,1.31,0.94,1.12,0.0668,0-5%,412.63,984.92,984.92,572.29,5,196.98,82.53,0-5%,0.0,Jun,Cobalt
2024-11-20,2024,11,Nov,Flux,Enterprise,USA,11,140.74,63.74,1548.11,185.77,1362.34,701.12,661.22,0.4854,278.73,293.43,367.79,72.81,5000.0,2742.38,2257.62,1.71,1.22,1.21,0.0736,10-20%,701.12,1548.11,1362.34,661.22,11,140.74,63.74,10-20%,185.77,Nov,Flux
2023-06-16,2023,6,Jun,Alpha,Consumer,India,7,239.8,106.41,1678.59,117.5,1561.09,744.85,816.24,0.5229,281.34,260.72,555.52,139.4,5000.0,3057.66,1942.34,2.06,1.5,1.57,0.1111,5-10%,744.85,1678.59,1561.09,816.24,7,239.8,106.41,5-10%,117.5,Jun,Alpha
2025-09-04,2025,9,Sep,Echo,Enterprise,India,9,258.9,128.79,2330.07,279.61,2050.46,1159.1,891.36,0.4347,254.14,264.58,626.78,171.16,5000.0,2870.4,2129.6,2.15,1.75,1.35,0.1254,10-20%,1159.1,2330.07,2050.46,891.36,9,258.9,128.79,10-20%,279.61,Sep,Echo
2024-12-18,2024,12,Dec,Flux,SMB,India,11,302.67,143.59,3329.42,233.06,3096.36,1579.5,1516.86,0.4899,866.33,919.57,597.29,291.85,5086.42,2266.17,2820.25,1.56,1.22,0.8,0.1174,5-10%,1579.5,3329.42,3096.36,1516.86,11,302.67,143.59,5-10%,233.06,Dec,Flux
2025-08-10,2025,8,Aug,Cobalt,Consumer,India,8,191.51,73.7,1532.06,0.0,1532.06,589.63,942.43,0.6151,207.07,200.16,742.28,62.51,5000.0,3181.8,1818.2,1.9,1.41,1.75,0.1485,0-5%,589.63,1532.06,1532.06,942.43,8,191.51,73.7,0-5%,0.0,Aug,Cobalt
2024-12-24,2024,12,Dec,Cobalt,Enterprise,Canada,9,243.84,97.63,2194.6,65.84,2128.77,878.64,1250.13,0.5873,549.36,543.57,706.56,130.62,5000.0,2228.18,2771.82,1.59,1.18,0.8,0.1413,0-5%,878.64,2194.6,2128.77,1250.13,9,243.84,97.63,0-5%,65.84,Dec,Cobalt
2024-12-12,2024,12,Dec,Alpha,Consumer,USA,5,175.75,81.2,878.73,26.36,852.37,406.0,446.37,0.5237,212.29,195.82,250.56,50.0,5000.0,1999.23,3000.77,1.93,1.58,0.67,0.0501,0-5%,406.0,878.73,852.37,446.37,5,175.75,81.2,0-5%,26.36,Dec,Alpha
2023-03-01,2023,3,Mar,Flux,Consumer,India,10,303.78,161.06,3037.82,0.0,3037.82,1610.63,1427.19,0.4698,786.23,809.63,617.56,206.28,5000.0,3227.56,1772.44,1.77,1.23,1.82,0.1235,0-5%,1610.63,3037.82,3037.82,1427.19,10,303.78,161.06,0-5%,0.0,Mar,Flux
2025-03-19,2025,3,Mar,Bravo,SMB,Canada,11,208.22,87.15,2290.44,160.33,2130.11,958.64,1171.47,0.55,591.88,626.65,544.82,96.45,5000.0,2027.57,2972.43,1.68,1.14,0.68,0.109,5-10%,958.64,2290.44,2130.11,1171.47,11,208.22,87.15,5-10%,160.33,Mar,Bravo
2024-09-04,2024,9,Sep,Bravo,SMB,UK,8,273.48,102.6,2187.81,262.54,1925.27,820.8,1104.47,0.5737,456.52,422.19,682.28,91.59,5000.0,2090.85,2909.15,1.71,1.37,0.72,0.1365,10-20%,820.8,2187.81,1925.27,1104.47,8,273.48,102.6,10-20%,262.54,Sep,Bravo
2023-05-11,2023,5,May,Flux,Consumer,Germany,5,169.97,64.87,849.83,0.0,849.83,324.34,525.5,0.6184,219.57,223.82,301.67,50.0,5000.0,1930.07,3069.93,2.0,1.65,0.63,0.0603,0-5%,324.34,849.83,849.83,525.5,5,169.97,64.87,0-5%,0.0,May,Flux
2024-01-22,2024,1,Jan,Cobalt,Consumer,UK,10,287.04,122.92,2870.38,0.0,2870.38,1229.2,1641.17,0.5718,480.05,490.93,1150.24,138.96,5301.15,1983.29,3317.87,2.21,1.92,0.6,0.217,0-5%,1229.2,2870.38,2870.38,1641.17,10,287.04,122.92,0-5%,0.0,Jan,Cobalt
2024-01-04,2024,1,Jan,Echo,Consumer,USA,6,201.16,73.24,1206.96,84.49,1122.47,439.46,683.01,0.6085,197.87,203.48,479.53,71.61,5000.0,3179.17,1820.83,1.68,1.24,1.75,0.0959,5-10%,439.46,1206.96,1122.47,683.01,6,201.16,73.24,5-10%,84.49,Jan,Echo
2024-05-24,2024,5,May,Flux,SMB,USA,17,236.05,125.06,4012.8,280.9,3731.9,2125.94,1605.96,0.4303,603.11,630.56,975.41,282.36,5061.19,2740.16,2321.03,1.52,1.08,1.18,0.1927,5-10%,2125.94,4012.8,3731.9,1605.96,17,236.05,125.06,5-10%,280.9,May,Flux
2025-03-09,2025,3,Mar,Echo,SMB,UK,11,185.04,99.12,2035.44,0.0,2035.44,1090.37,945.07,0.4643,507.19,488.47,456.6,140.86,5000.0,3066.42,1933.58,1.46,0.98,1.59,0.0913,0-5%,1090.37,2035.44,2035.44,945.07,11,185.04,99.12,0-5%,0.0,Mar,Echo
2024-09-12,2024,9,Sep,Delta,Consumer,USA,12,159.48,78.6,1913.73,0.0,1913.73,943.25,970.49,0.5071,375.3,370.41,600.08,110.69,5000.0,2051.03,2948.97,1.2,0.91,0.7,0.12,0-5%,943.25,1913.73,1913.73,970.49,12,159.48,78.6,0-5%,0.0,Sep,Delta
2023-01-31,2023,1,Jan,Alpha,Consumer,USA,12,321.9,148.61,3862.76,0.0,3862.76,1783.37,2079.39,0.5383,944.8,922.45,1156.94,366.43,6692.54,4202.06,2490.47,1.18,0.67,1.69,0.1729,0-5%,1783.37,3862.76,3862.76,2079.39,12,321.9,148.61,0-5%,0.0,Jan,Alpha
2025-08-24,2025,8,Aug,Echo,SMB,Germany,7,163.0,85.66,1140.97,136.92,1004.05,599.61,404.44,0.4028,180.07,182.95,221.49,120.65,5000.0,2804.66,2195.34,1.67,1.41,1.28,0.0443,10-20%,599.61,1140.97,1004.05,404.44,7,163.0,85.66,10-20%,136.92,Aug,Echo
2024-11-12,2024,11,Nov,Echo,SMB,USA,8,261.86,106.71,2094.92,251.39,1843.53,853.66,989.87,0.5369,440.21,441.66,548.2,137.55,5000.0,1753.44,3246.56,1.8,1.27,0.54,0.1096,10-20%,853.66,2094.92,1843.53,989.87,8,261.86,106.71,10-20%,251.39,Nov,Echo
2025-12-23,2025,12,Dec,Bravo,Enterprise,USA,8,230.13,124.19,1841.07,220.93,1620.14,993.53,626.6,0.3868,392.07,364.85,261.75,156.87,5000.0,2078.28,2921.72,1.92,1.56,0.71,0.0524,10-20%,993.53,1841.07,1620.14,626.6,8,230.13,124.19,10-20%,220.93,Dec,Bravo
2025-04-19,2025,4,Apr,Echo,Consumer,India,9,302.35,124.42,2721.13,0.0,2721.13,1119.79,1601.34,0.5885,697.01,702.74,898.6,231.38,5000.0,2544.09,2455.91,1.83,1.42,1.04,0.1797,0-5%,1119.79,2721.13,2721.13,1601.34,9,302.35,124.42,0-5%,0.0,Apr,Echo
2024-06-25,2024,6,Jun,Delta,SMB,USA,14,279.93,128.14,3918.96,117.57,3801.39,1793.89,2007.5,0.5281,839.35,844.44,1163.06,255.58,5000.0,2610.0,2390.0,1.53,1.17,1.09,0.2326,0-5%,1793.89,3918.96,3801.39,2007.5,14,279.93,128.14,0-5%,117.57,Jun,Delta
2023-04-03,2023,4,Apr,Delta,SMB,India,7,227.95,83.71,1595.68,0.0,1595.68,585.94,1009.74,0.6328,424.88,432.09,577.65,119.84,5000.0,2492.71,2507.29,1.9,1.65,0.99,0.1155,0-5%,585.94,1595.68,1595.68,1009.74,7,227.95,83.71,0-5%,0.0,Apr,Delta
2023-03-31,2023,3,Mar,Flux,SMB,USA,10,264.56,107.89,2645.61,317.47,2328.13,1078.92,1249.22,0.5366,515.7,504.04,745.18,158.95,5000.0,3153.57,1846.43,1.87,1.6,1.71,0.149,10-20%,1078.92,2645.61,2328.13,1249.22,10,264.56,107.89,10-20%,317.47,Mar,Flux
2023-09-19,2023,9,Sep,Delta,Consumer,USA,11,286.58,122.36,3152.38,94.57,3057.81,1346.01,1711.8,0.5598,513.37,495.74,1216.06,292.53,5548.29,2200.5,3347.79,1.87,1.4,0.66,0.2192,0-5%,1346.01,3152.38,3057.81,1711.8,11,286.58,122.36,0-5%,94.57,Sep,Delta
2023-01-18,2023,1,Jan,Delta,Consumer,USA,6,252.43,94.54,1514.61,45.44,1469.17,567.23,901.94,0.6139,331.78,317.84,584.11,81.13,5000.0,1899.8,3100.2,1.94,1.57,0.61,0.1168,0-5%,567.23,1514.61,1469.17,901.94,6,252.43,94.54,0-5%,45.44,Jan,Delta
2024-06-02,2024,6,Jun,Alpha,Consumer,USA,8,189.43,77.54,1515.46,378.86,1136.59,620.35,516.24,0.4542,301.68,321.26,194.98,65.58,5000.0,2174.25,2825.75,1.93,1.43,0.77,0.039,20%+,620.35,1515.46,1136.59,516.24,8,189.43,77.54,20%+,378.86,Jun,Alpha
2023-05-14,2023,5,May,Alpha,SMB,USA,11,338.82,163.94,3727.03,0.0,3727.03,1803.34,1923.68,0.5161,459.35,455.48,1468.2,255.45,5047.17,1890.18,3156.99,1.69,1.46,0.6,0.2909,0-5%,1803.34,3727.03,3727.03,1923.68,11,338.82,163.94,0-5%,0.0,May,Alpha
2025-03-03,2025,3,Mar,Flux,Consumer,USA,13,233.33,116.32,3033.31,212.33,2820.98,1512.2,1308.77,0.4639,501.43,523.32,785.45,245.54,5353.13,3231.52,2121.61,1.99,1.75,1.52,0.1467,5-10%,1512.2,3033.31,2820.98,1308.77,13,233.33,116.32,5-10%,212.33,Mar,Flux
2023-03-27,2023,3,Mar,Bravo,Consumer,India,6,343.98,128.31,2063.86,144.47,1919.39,769.84,1149.55,0.5989,344.44,367.19,782.36,143.77,5000.0,2659.7,2340.3,1.71,1.15,1.14,0.1565,5-10%,769.84,2063.86,1919.39,1149.55,6,343.98,128.31,5-10%,144.47,Mar,Bravo
2023-11-25,2023,11,Nov,Echo,Enterprise,USA,9,122.71,63.2,1104.35,77.3,1027.04,568.83,458.22,0.4462,222.29,220.75,237.47,65.1,5000.0,2159.45,2840.55,1.92,1.43,0.76,0.0475,5-10%,568.83,1104.35,1027.04,458.22,9,122.71,63.2,5-10%,77.3,Nov,Echo
2023-09-26,2023,9,Sep,Bravo,Consumer,India,5,202.24,107.01,1011.22,121.35,889.87,535.07,354.8,0.3987,203.62,204.91,149.9,76.28,5000.0,1982.09,3017.91,1.95,1.51,0.66,0.03,10-20%,535.07,1011.22,889.87,354.8,5,202.24,107.01,10-20%,121.35,Sep,Bravo
2025-08-03,2025,8,Aug,Flux,Consumer,Canada,6,163.41,70.38,980.43,117.65,862.78,422.29,440.49,0.5105,149.9,156.73,283.76,88.12,5000.0,2674.79,2325.21,1.88,1.37,1.15,0.0568,10-20%,422.29,980.43,862.78,440.49,6,163.41,70.38,10-20%,117.65,Aug,Flux
2025-04-19,2025,4,Apr,Flux,Consumer,USA,18,224.31,99.36,4037.64,121.13,3916.51,1788.4,2128.1,0.5434,491.87,498.42,1629.68,185.48,7722.22,3265.1,4457.13,2.38,1.94,0.73,0.211,0-5%,1788.4,4037.64,3916.51,2128.1,18,224.31,99.36,0-5%,121.13,Apr,Flux
2025-06-23,2025,6,Jun,Delta,SMB,USA,13,230.16,96.86,2992.11,209.45,2782.66,1259.13,1523.54,0.5475,399.25,425.89,1097.65,210.45,5000.0,2984.5,2015.5,1.44,1.21,1.48,0.2195,5-10%,1259.13,2992.11,2782.66,1523.54,13,230.16,96.86,5-10%,209.45,Jun,Delta
2024-04-29,2024,4,Apr,Alpha,SMB,USA,6,170.84,76.99,1025.06,123.01,902.05,461.96,440.09,0.4879,119.98,127.69,312.4,50.0,5000.0,3140.51,1859.49,1.5,1.11,1.69,0.0625,10-20%,461.96,1025.06,902.05,440.09,6,170.84,76.99,10-20%,123.01,Apr,Alpha
2023-07-04,2023,7,Jul,Flux,Consumer,USA,8,270.68,114.35,2165.45,0.0,2165.45,914.83,1250.62,0.5775,473.51,476.68,773.94,136.86,5000.0,2104.38,2895.62,1.42,0.93,0.73,0.1548,0-5%,914.83,2165.45,2165.45,1250.62,8,270.68,114.35,0-5%,0.0,Jul,Flux
2025-04-12,2025,4,Apr,Cobalt,Consumer,India,7,272.85,108.82,1909.95,229.19,1680.76,761.76,918.99,0.5468,372.39,359.18,559.81,88.05,5000.0,2158.47,2841.53,1.48,0.93,0.76,0.112,10-20%,761.76,1909.95,1680.76,918.99,7,272.85,108.82,10-20%,229.19,Apr,Cobalt
2024-11-15,2024,11,Nov,Alpha,SMB,UK,8,237.22,127.36,1897.76,132.84,1764.92,1018.91,746.0,0.4227,385.16,397.8,348.2,116.72,5000.0,2628.84,2371.16,1.36,1.07,1.11,0.0696,5-10%,1018.91,1897.76,1764.92,746.0,8,237.22,127.36,5-10%,132.84,Nov,Alpha
2024-08-13,2024,8,Aug,Bravo,Consumer,UK,10,269.95,139.16,2699.51,0.0,2699.51,1391.62,1307.89,0.4845,536.09,543.45,764.44,253.1,5000.0,1808.23,3191.77,2.23,1.64,0.57,0.1529,0-5%,1391.62,2699.51,2699.51,1307.89,10,269.95,139.16,0-5%,0.0,Aug,Bravo
2024-10-16,2024,10,Oct,Echo,Consumer,Germany,16,203.29,78.76,3252.57,97.58,3154.99,1260.12,1894.87,0.6006,525.14,501.7,1393.18,153.85,6029.53,2763.75,3265.79,1.28,0.8,0.85,0.2311,0-5%,1260.12,3252.57,3154.99,1894.87,16,203.29,78.76,0-5%,97.58,Oct,Echo
2023-02-17,2023,2,Feb,Flux,Consumer,USA,10,277.63,139.34,2776.28,83.29,2692.99,1393.36,1299.63,0.4826,643.23,597.85,701.78,194.76,5000.0,1999.31,3000.69,1.66,1.3,0.67,0.1404,0-5%,1393.36,2776.28,2692.99,1299.63,10,277.63,139.34,0-5%,83.29,Feb,Flux
2025-05-03,2025,5,May,Bravo,Enterprise,Canada,8,241.16,94.97,1929.3,135.05,1794.25,759.78,1034.48,0.5766,218.02,226.34,808.14,147.07,5000.0,1986.5,3013.5,1.43,1.19,0.66,0.1616,5-10%,759.78,1929.3,1794.25,1034.48,8,241.16,94.97,5-10%,135.05,May,Bravo
2023-11-01,2023,11,Nov,Alpha,SMB,India,13,265.97,135.28,3457.67,103.73,3353.94,1758.68,1595.26,0.4756,508.2,542.11,1053.15,223.13,6264.24,3774.24,2490.0,1.56,1.31,1.52,0.1681,0-5%,1758.68,3457.67,3353.94,1595.26,13,265.97,135.28,0-5%,103.73,Nov,Alpha
2023-05-17,2023,5,May,Flux,Consumer,USA,8,169.52,60.24,1356.18,162.74,1193.44,481.91,711.53,0.5962,278.04,282.03,429.5,89.64,5000.0,2368.31,2631.69,2.05,1.69,0.9,0.0859,10-20%,481.91,1356.18,1193.44,711.53,8,169.52,60.24,10-20%,162.74,May,Flux
2025-09-04,2025,9,Sep,Alpha,Consumer,USA,9,233.7,121.43,2103.34,0.0,2103.34,1092.84,1010.5,0.4804,586.92,568.31,442.19,122.76,5000.0,2237.2,2762.8,2.07,1.63,0.81,0.0884,0-5%,1092.84,2103.34,2103.34,1010.5,9,233.7,121.43,0-5%,0.0,Sep,Alpha
2023-11-26,2023,11,Nov,Flux,Enterprise,UK,9,269.19,102.37,2422.68,169.59,2253.09,921.36,1331.73,0.5911,412.01,403.64,928.09,116.78,5000.0,3175.99,1824.01,2.35,1.93,1.74,0.1856,5-10%,921.36,2422.68,2253.09,1331.73,9,269.19,102.37,5-10%,169.59,Nov,Flux
2025-12-19,2025,12,Dec,Alpha,Consumer,India,11,221.32,118.52,2434.57,0.0,2434.57,1303.69,1130.89,0.4645,434.44,456.47,674.42,141.9,5000.0,2921.09,2078.91,2.31,1.91,1.41,0.1349,0-5%,1303.69,2434.57,2434.57,1130.89,11,221.32,118.52,0-5%,0.0,Dec,Alpha
2024-09-03,2024,9,Sep,Alpha,Consumer,India,12,193.87,99.52,2326.38,279.17,2047.21,1194.21,853.0,0.4167,381.9,404.63,448.37,121.78,5000.0,2172.66,2827.34,2.06,1.47,0.77,0.0897,10-20%,1194.21,2326.38,2047.21,853.0,12,193.87,99.52,10-20%,279.17,Sep,Alpha
2023-01-18,2023,1,Jan,Bravo,Enterprise,India,9,276.5,139.92,2488.54,0.0,2488.54,1259.29,1229.26,0.494,558.68,599.43,629.82,247.46,5000.0,2872.59,2127.41,1.59,1.34,1.35,0.126,0-5%,1259.29,2488.54,2488.54,1229.26,9,276.5,139.92,0-5%,0.0,Jan,Bravo
2025-03-15,2025,3,Mar,Alpha,Consumer,India,8,186.58,85.72,1492.67,104.49,1388.19,685.74,702.45,0.506,380.17,386.64,315.81,124.35,5000.0,2011.58,2988.42,1.72,1.43,0.67,0.0632,5-10%,685.74,1492.67,1388.19,702.45,8,186.58,85.72,5-10%,104.49,Mar,Alpha
2024-11-21,2024,11,Nov,Alpha,Consumer,USA,9,258.19,119.75,2323.7,0.0,2323.7,1077.73,1245.97,0.5362,566.14,598.19,647.77,123.31,5000.0,2915.91,2084.09,1.92,1.7,1.4,0.1296,0-5%,1077.73,2323.7,2323.7,1245.97,9,258.19,119.75,0-5%,0.0,Nov,Alpha
2023-04-27,2023,4,Apr,Delta,Consumer,USA,6,192.12,73.65,1152.73,0.0,1152.73,441.88,710.85,0.6167,310.21,315.99,394.86,63.82,5000.0,2912.23,2087.77,1.66,1.4,1.39,0.079,0-5%,441.88,1152.73,1152.73,710.85,6,192.12,73.65,0-5%,0.0,Apr,Delta
2025-09-23,2025,9,Sep,Alpha,Enterprise,USA,10,262.81,110.29,2628.12,0.0,2628.12,1102.91,1525.2,0.5803,473.2,472.94,1052.27,215.78,5000.0,1903.5,3096.5,2.01,1.59,0.61,0.2105,0-5%,1102.91,2628.12,2628.12,1525.2,10,262.81,110.29,0-5%,0.0,Sep,Alpha
2023-06-27,2023,6,Jun,Delta,Enterprise,Canada,5,249.24,96.65,1246.2,311.55,934.65,483.24,451.41,0.483,243.7,227.82,223.59,103.48,5000.0,2988.03,2011.97,1.36,1.01,1.49,0.0447,20%+,483.24,1246.2,934.65,451.41,5,249.24,96.65,20%+,311.55,Jun,Delta
2025-01-27,2025,1,Jan,Delta,Consumer,USA,14,172.17,84.68,2410.35,0.0,2410.35,1185.54,1224.81,0.5081,464.42,499.36,725.46,185.9,5000.0,2029.04,2970.96,1.79,1.3,0.68,0.1451,0-5%,1185.54,2410.35,2410.35,1224.81,14,172.17,84.68,0-5%,0.0,Jan,Delta
2025-09-03,2025,9,Sep,Cobalt,Consumer,Canada,11,210.85,105.6,2319.31,69.58,2249.73,1161.6,1088.14,0.4837,559.22,564.55,523.59,240.13,5000.0,3008.97,1991.03,1.95,1.48,1.51,0.1047,0-5%,1161.6,2319.31,2249.73,1088.14,11,210.85,105.6,0-5%,69.58,Sep,Cobalt
2023-11-05,2023,11,Nov,Cobalt,SMB,Canada,10,218.59,99.31,2185.88,262.31,1923.58,993.06,930.51,0.4837,459.76,472.37,458.14,172.4,5000.0,3089.13,1910.87,1.66,1.23,1.62,0.0916,10-20%,993.06,2185.88,1923.58,930.51,10,218.59,99.31,10-20%,262.31,Nov,Cobalt
2024-12-03,2024,12,Dec,Delta,Consumer,India,10,218.71,113.56,2187.1,0.0,2187.1,1135.64,1051.46,0.4808,307.1,320.98,730.48,174.29,5000.0,2233.14,2766.86,2.14,1.83,0.81,0.1461,0-5%,1135.64,2187.1,2187.1,1051.46,10,218.71,113.56,0-5%,0.0,Dec,Delta
2025-04-18,2025,4,Apr,Cobalt,Consumer,USA,11,134.91,60.59,1484.06,371.02,1113.05,666.49,446.56,0.4012,231.41,230.47,216.09,131.1,5000.0,1824.5,3175.5,1.76,1.52,0.57,0.0432,20%+,666.49,1484.06,1113.05,446.56,11,134.91,60.59,20%+,371.02,Apr,Cobalt
2023-06-16,2023,6,Jun,Alpha,Consumer,USA,8,220.14,85.01,1761.16,52.83,1708.32,680.05,1028.27,0.6019,237.24,224.23,804.04,128.3,5000.0,2139.87,2860.13,2.02,1.72,0.75,0.1608,0-5%,680.05,1761.16,1708.32,1028.27,8,220.14,85.01,0-5%,52.83,Jun,Alpha
2023-06-23,2023,6,Jun,Flux,SMB,USA,10,211.5,97.6,2115.03,63.45,2051.58,975.98,1075.59,0.5243,405.1,376.95,698.65,168.83,5000.0,2480.87,2519.13,1.94,1.53,0.98,0.1397,0-5%,975.98,2115.03,2051.58,1075.59,10,211.5,97.6,0-5%,63.45,Jun,Flux
2023-05-03,2023,5,May,Delta,Consumer,Canada,16,181.68,76.53,2906.83,87.2,2819.62,1224.42,1595.21,0.5658,761.16,742.54,852.67,157.78,5381.36,1912.39,3468.97,1.79,1.34,0.55,0.1584,0-5%,1224.42,2906.83,2819.62,1595.21,16,181.68,76.53,0-5%,87.2,May,Delta
2023-09-05,2023,9,Sep,Bravo,Consumer,USA,11,282.51,112.18,3107.59,93.23,3014.36,1233.99,1780.37,0.5906,381.39,399.24,1381.13,222.1,5000.0,2023.75,2976.25,1.18,0.64,0.68,0.2762,0-5%,1233.99,3107.59,3014.36,1780.37,11,282.51,112.18,0-5%,93.23,Sep,Bravo
2025-03-09,2025,3,Mar,Alpha,Consumer,USA,11,252.2,92.94,2774.22,332.91,2441.32,1022.37,1418.95,0.5812,572.41,544.23,874.72,145.41,5000.0,2835.69,2164.31,1.97,1.5,1.31,0.1749,10-20%,1022.37,2774.22,2441.32,1418.95,11,252.2,92.94,10-20%,332.91,Mar,Alpha
2023-08-06,2023,8,Aug,Cobalt,SMB,USA,13,209.4,79.07,2722.24,0.0,2722.24,1027.88,1694.36,0.6224,500.73,505.18,1189.18,220.42,5000.0,2844.33,2155.67,1.48,0.95,1.32,0.2378,0-5%,1027.88,2722.24,2722.24,1694.36,13,209.4,79.07,0-5%,0.0,Aug,Cobalt
2025-02-11,2025,2,Feb,Alpha,Consumer,USA,7,217.6,104.18,1523.17,45.7,1477.47,729.24,748.24,0.5064,199.81,196.58,551.66,75.65,5000.0,1995.52,3004.48,1.16,0.94,0.66,0.1103,0-5%,729.24,1523.17,1477.47,748.24,7,217.6,104.18,0-5%,45.7,Feb,Alpha
2025-08-12,2025,8,Aug,Echo,Consumer,UK,10,232.05,89.09,2320.53,0.0,2320.53,890.89,1429.64,0.6161,291.78,288.66,1140.98,162.23,5000.0,2591.41,2408.59,1.55,1.29,1.08,0.2282,0-5%,890.89,2320.53,2320.53,1429.64,10,232.05,89.09,0-5%,0.0,Aug,Echo
2025-12-30,2025,12,Dec,Echo,Consumer,USA,8,234.81,123.13,1878.45,131.49,1746.96,985.07,761.89,0.4361,245.85,257.03,504.85,207.47,5000.0,2472.67,2527.33,2.87,2.33,0.98,0.101,5-10%,985.07,1878.45,1746.96,761.89,8,234.81,123.13,5-10%,131.49,Dec,Echo
2023-11-18,2023,11,Nov,Alpha,Consumer,USA,5,197.63,76.51,988.17,118.58,869.59,382.57,487.01,0.5601,177.75,187.81,299.2,50.0,5000.0,2368.0,2632.0,1.06,0.63,0.9,0.0598,10-20%,382.57,988.17,869.59,487.01,5,197.63,76.51,10-20%,118.58,Nov,Alpha
2023-11-17,2023,11,Nov,Cobalt,Consumer,India,8,258.25,99.36,2066.03,0.0,2066.03,794.88,1271.14,0.6153,497.72,483.07,788.07,160.67,5000.0,2411.68,2588.32,1.84,1.52,0.93,0.1576,0-5%,794.88,2066.03,2066.03,1271.14,8,258.25,99.36,0-5%,0.0,Nov,Cobalt
2024-02-11,2024,2,Feb,Cobalt,Consumer,UK,3,199.78,99.49,599.35,17.98,581.37,298.46,282.91,0.4866,97.11,94.12,188.79,50.0,5000.0,2520.56,2479.44,2.0,1.42,1.02,0.0378,0-5%,298.46,599.35,581.37,282.91,3,199.78,99.49,0-5%,17.98,Feb,Cobalt
2025-10-10,2025,10,Oct,Delta,SMB,USA,13,103.31,36.52,1343.0,40.29,1302.71,474.77,827.94,0.6356,232.06,236.8,591.13,96.82,5000.0,3080.96,1919.04,1.87,1.46,1.61,0.1182,0-5%,474.77,1343.0,1302.71,827.94,13,103.31,36.52,0-5%,40.29,Oct,Delta
2023-04-14,2023,4,Apr,Cobalt,Consumer,UK,8,288.61,152.42,2308.86,0.0,2308.86,1219.35,1089.51,0.4719,420.2,391.1,698.4,146.69,5000.0,2834.41,2165.59,1.74,1.23,1.31,0.1397,0-5%,1219.35,2308.86,2308.86,1089.51,8,288.61,152.42,0-5%,0.0,Apr,Cobalt
2025-02-16,2025,2,Feb,Echo,Consumer,UK,8,138.42,71.39,1107.38,33.22,1074.16,571.12,503.03,0.4683,279.04,286.66,216.37,101.85,5000.0,2472.43,2527.57,2.12,1.56,0.98,0.0433,0-5%,571.12,1107.38,1074.16,503.03,8,138.42,71.39,0-5%,33.22,Feb,Echo
2025-01-11,2025,1,Jan,Bravo,Consumer,Germany,7,100.18,52.4,701.29,84.16,617.14,366.81,250.32,0.4056,159.14,160.19,90.13,79.56,5000.0,1952.35,3047.65,1.5,1.19,0.64,0.018,10-20%,366.81,701.29,617.14,250.32,7,100.18,52.4,10-20%,84.16,Jan,Bravo
2024-12-31,2024,12,Dec,Bravo,Consumer,Canada,10,278.81,111.58,2788.1,195.17,2592.93,1115.82,1477.12,0.5697,493.77,463.85,1013.27,232.52,5000.0,2743.39,2256.61,1.49,1.26,1.22,0.2027,5-10%,1115.82,2788.1,2592.93,1477.12,10,278.81,111.58,5-10%,195.17,Dec,Bravo
2024-02-02,2024,2,Feb,Cobalt,SMB,USA,13,136.75,52.95,1777.75,124.44,1653.3,688.39,964.91,0.5836,415.11,434.94,529.97,113.11,5000.0,3168.23,1831.77,2.21,1.96,1.73,0.106,5-10%,688.39,1777.75,1653.3,964.91,13,136.75,52.95,5-10%,124.44,Feb,Cobalt
2023-04-09,2023,4,Apr,Flux,Enterprise,UK,10,190.33,72.26,1903.32,57.1,1846.22,722.59,1123.62,0.6086,231.44,240.24,883.38,98.31,5000.0,3069.67,1930.33,1.67,1.22,1.59,0.1767,0-5%,722.59,1903.32,1846.22,1123.62,10,190.33,72.26,0-5%,57.1,Apr,Flux
2024-10-25,2024,10,Oct,Echo,Consumer,USA,9,208.62,93.74,1877.61,131.43,1746.17,843.62,902.56,0.5169,332.74,340.99,561.56,148.13,5000.0,2059.29,2940.71,1.71,1.42,0.7,0.1123,5-10%,843.62,1877.61,1746.17,902.56,9,208.62,93.74,5-10%,131.43,Oct,Echo
2023-09-16,2023,9,Sep,Cobalt,SMB,USA,10,168.63,82.42,1686.3,202.36,1483.94,824.24,659.7,0.4446,186.47,188.65,471.05,146.34,5000.0,2083.56,2916.44,1.82,1.35,0.71,0.0942,10-20%,824.24,1686.3,1483.94,659.7,10,168.63,82.42,10-20%,202.36,Sep,Cobalt
2023-09-06,2023,9,Sep,Cobalt,SMB,India,10,287.62,125.75,2876.24,719.06,2157.18,1257.49,899.69,0.4171,412.12,389.76,509.93,212.49,5000.0,2512.83,2487.17,2.03,1.55,1.01,0.102,20%+,1257.49,2876.24,2157.18,899.69,10,287.62,125.75,20%+,719.06,Sep,Cobalt
2025-05-02,2025,5,May,Flux,Enterprise,USA,10,97.29,38.51,972.94,0.0,972.94,385.09,587.85,0.6042,220.41,236.19,351.66,55.98,5000.0,2683.24,2316.76,1.5,1.03,1.16,0.0703,0-5%,385.09,972.94,972.94,587.85,10,97.29,38.51,0-5%,0.0,May,Flux
2024-08-09,2024,8,Aug,Bravo,Consumer,Canada,12,174.03,86.25,2088.31,250.6,1837.71,1035.01,802.7,0.4368,242.24,227.71,574.99,177.74,5000.0,1788.02,3211.98,1.62,1.36,0.56,0.115,10-20%,1035.01,2088.31,1837.71,802.7,12,174.03,86.25,10-20%,250.6,Aug,Bravo
2024-07-04,2024,7,Jul,Delta,Consumer,USA,8,230.76,83.28,1846.11,129.23,1716.88,666.22,1050.66,0.612,283.68,300.27,750.38,68.56,5000.0,2970.69,2029.31,1.45,1.0,1.46,0.1501,5-10%,666.22,1846.11,1716.88,1050.66,8,230.76,83.28,5-10%,129.23,Jul,Delta
2024-10-24,2024,10,Oct,Bravo,SMB,India,8,192.93,88.9,1543.43,108.04,1435.39,711.19,724.2,0.5045,250.81,251.1,473.11,127.17,5000.0,2042.02,2957.98,1.59,1.05,0.69,0.0946,5-10%,711.19,1543.43,1435.39,724.2,8,192.93,88.9,5-10%,108.04,Oct,Bravo
2025-01-15,2025,1,Jan,Bravo,SMB,USA,10,254.23,116.6,2542.28,177.96,2364.32,1165.98,1198.34,0.5068,630.44,612.69,585.66,164.27,5000.0,3088.06,1911.94,1.88,1.53,1.62,0.1171,5-10%,1165.98,2542.28,2364.32,1198.34,10,254.23,116.6,5-10%,177.96,Jan,Bravo
2024-12-11,2024,12,Dec,Bravo,Consumer,Canada,9,272.17,124.74,2449.57,293.95,2155.62,1122.65,1032.97,0.4792,590.68,598.39,434.58,236.36,5000.0,2551.37,2448.63,1.77,1.46,1.04,0.0869,10-20%,1122.65,2449.57,2155.62,1032.97,9,272.17,124.74,10-20%,293.95,Dec,Bravo
2025-12-13,2025,12,Dec,Alpha,Consumer,USA,8,220.27,78.78,1762.18,440.55,1321.64,630.23,691.41,0.5231,189.83,201.66,489.75,126.09,5000.0,2494.31,2505.69,1.63,1.38,1.0,0.098,20%+,630.23,1762.18,1321.64,691.41,8,220.27,78.78,20%+,440.55,Dec,Alpha
2025-06-21,2025,6,Jun,Cobalt,SMB,USA,8,222.89,111.96,1783.14,124.82,1658.32,895.64,762.68,0.4599,276.63,271.16,491.51,91.17,5000.0,1853.16,3146.84,2.35,1.98,0.59,0.0983,5-10%,895.64,1783.14,1658.32,762.68,8,222.89,111.96,5-10%,124.82,Jun,Cobalt
2025-05-12,2025,5,May,Bravo,Enterprise,India,8,242.16,110.59,1937.25,58.12,1879.13,884.73,994.4,0.5292,283.62,291.5,702.9,107.88,5000.0,2196.22,2803.78,1.32,1.03,0.78,0.1406,0-5%,884.73,1937.25,1879.13,994.4,8,242.16,110.59,0-5%,58.12,May,Bravo
2025-03-12,2025,3,Mar,Bravo,Consumer,USA,11,242.67,97.35,2669.37,80.08,2589.29,1070.8,1518.49,0.5865,540.5,498.81,1019.68,235.03,5000.0,2251.06,2748.94,1.7,1.32,0.82,0.2039,0-5%,1070.8,2669.37,2589.29,1518.49,11,242.67,97.35,0-5%,80.08,Mar,Bravo
2024-12-28,2024,12,Dec,Delta,SMB,India,9,163.84,81.01,1474.56,0.0,1474.56,729.11,745.45,0.5055,194.48,199.47,545.98,139.38,5000.0,2267.83,2732.17,1.71,1.39,0.83,0.1092,0-5%,729.11,1474.56,1474.56,745.45,9,163.84,81.01,0-5%,0.0,Dec,Delta
2024-07-08,2024,7,Jul,Cobalt,Consumer,USA,15,144.73,56.02,2171.01,0.0,2171.01,840.37,1330.63,0.6129,291.07,273.07,1057.56,132.96,5000.0,2260.15,2739.85,2.05,1.58,0.82,0.2115,0-5%,840.37,2171.01,2171.01,1330.63,15,144.73,56.02,0-5%,0.0,Jul,Cobalt
2025-12-01,2025,12,Dec,Flux,SMB,USA,7,156.87,70.87,1098.07,76.86,1021.2,496.1,525.1,0.5142,161.61,155.04,370.06,96.25,5000.0,3127.15,1872.85,1.69,1.09,1.67,0.074,5-10%,496.1,1098.07,1021.2,525.1,7,156.87,70.87,5-10%,76.86,Dec,Flux
2025-07-08,2025,7,Jul,Echo,Consumer,USA,10,147.28,71.89,1472.83,103.1,1369.73,718.9,650.84,0.4752,351.92,336.42,314.42,136.71,5000.0,3213.7,1786.3,1.65,1.41,1.8,0.0629,5-10%,718.9,1472.83,1369.73,650.84,10,147.28,71.89,5-10%,103.1,Jul,Echo
2025-10-11,2025,10,Oct,Alpha,Consumer,USA,7,116.7,42.91,816.91,0.0,816.91,300.34,516.57,0.6323,190.14,184.82,331.74,51.01,5000.0,1960.67,3039.33,1.73,1.37,0.65,0.0663,0-5%,300.34,816.91,816.91,516.57,7,116.7,42.91,0-5%,0.0,Oct,Alpha
2024-03-09,2024,3,Mar,Bravo,Consumer,Germany,10,198.48,106.44,1984.81,138.94,1845.87,1064.38,781.49,0.4234,258.7,261.05,520.44,189.54,5000.0,1929.11,3070.89,1.23,0.98,0.63,0.1041,5-10%,1064.38,1984.81,1845.87,781.49,10,198.48,106.44,5-10%,138.94,Mar,Bravo
2024-06-30,2024,6,Jun,Flux,SMB,USA,9,214.86,95.94,1933.75,0.0,1933.75,863.47,1070.28,0.5535,524.95,559.32,510.96,89.16,5000.0,2608.55,2391.45,2.15,1.79,1.09,0.1022,0-5%,863.47,1933.75,1933.75,1070.28,9,214.86,95.94,0-5%,0.0,Jun,Flux
2025-07-10,2025,7,Jul,Delta,Consumer,USA,10,215.28,93.4,2152.81,0.0,2152.81,934.0,1218.8,0.5661,387.73,394.37,824.43,110.0,5000.0,1780.24,3219.76,1.88,1.66,0.55,0.1649,0-5%,934.0,2152.81,2152.81,1218.8,10,215.28,93.4,0-5%,0.0,Jul,Delta
2023-04-16,2023,4,Apr,Delta,Consumer,India,9,222.46,107.03,2002.14,140.15,1861.99,963.31,898.68,0.4826,441.2,471.72,426.95,188.85,5000.0,3226.77,1773.23,1.45,1.11,1.82,0.0854,5-10%,963.31,2002.14,1861.99,898.68,9,222.46,107.03,5-10%,140.15,Apr,Delta
2025-02-23,2025,2,Feb,Delta,SMB,UK,4,202.46,101.28,809.84,24.3,785.55,405.1,380.44,0.4843,145.02,152.66,227.78,86.7,5000.0,2773.46,2226.54,1.62,1.15,1.25,0.0456,0-5%,405.1,809.84,785.55,380.44,4,202.46,101.28,0-5%,24.3,Feb,Delta
2025-04-27,2025,4,Apr,Delta,Consumer,India,9,171.57,76.27,1544.16,0.0,1544.16,686.44,857.72,0.5555,413.2,401.12,456.6,142.03,5000.0,2107.73,2892.27,2.02,1.73,0.73,0.0913,0-5%,686.44,1544.16,1544.16,857.72,9,171.57,76.27,0-5%,0.0,Apr,Delta
2024-08-23,2024,8,Aug,Alpha,SMB,India,6,222.87,89.71,1337.24,334.31,1002.93,538.26,464.67,0.4633,184.72,187.62,277.06,83.3,5000.0,2214.87,2785.13,1.5,1.19,0.8,0.0554,20%+,538.26,1337.24,1002.93,464.67,6,222.87,89.71,20%+,334.31,Aug,Alpha
2025-10-18,2025,10,Oct,Bravo,SMB,UK,12,214.19,106.0,2570.29,0.0,2570.29,1272.04,1298.25,0.5051,509.61,475.96,822.28,134.71,5171.4,2526.67,2644.74,1.11,0.84,0.96,0.159,0-5%,1272.04,2570.29,2570.29,1298.25,12,214.19,106.0,0-5%,0.0,Oct,Bravo
2024-05-30,2024,5,May,Bravo,Consumer,India,11,257.19,118.39,2829.06,339.49,2489.57,1302.34,1187.23,0.4769,347.74,358.95,828.28,205.68,5000.0,2341.75,2658.25,1.95,1.49,0.88,0.1657,10-20%,1302.34,2829.06,2489.57,1187.23,11,257.19,118.39,10-20%,339.49,May,Bravo
2023-06-18,2023,6,Jun,Alpha,Consumer,India,15,299.71,128.5,4495.61,0.0,4495.61,1927.52,2568.09,0.5712,1081.28,1128.54,1439.55,206.31,7866.52,2894.71,4971.81,0.96,0.75,0.58,0.183,0-5%,1927.52,4495.61,4495.61,2568.09,15,299.71,128.5,0-5%,0.0,Jun,Alpha
2025-01-30,2025,1,Jan,Flux,Consumer,Canada,7,284.81,155.79,1993.65,498.41,1495.24,1090.52,404.72,0.2707,346.22,341.53,63.18,113.19,5000.0,2477.7,2522.3,1.48,1.16,0.98,0.0126,20%+,1090.52,1993.65,1495.24,404.72,7,284.81,155.79,20%+,498.41,Jan,Flux
2023-11-15,2023,11,Nov,Alpha,SMB,USA,4,163.66,84.46,654.64,0.0,654.64,337.82,316.82,0.484,87.64,82.5,234.32,50.0,5000.0,1939.43,3060.57,1.42,1.16,0.63,0.0469,0-5%,337.82,654.64,654.64,316.82,4,163.66,84.46,0-5%,0.0,Nov,Alpha
2023-05-23,2023,5,May,Flux,Enterprise,USA,8,132.85,69.08,1062.77,31.88,1030.89,552.65,478.23,0.4639,279.17,299.17,179.07,106.39,5000.0,1866.29,3133.71,1.61,1.03,0.6,0.0358,0-5%,552.65,1062.77,1030.89,478.23,8,132.85,69.08,0-5%,31.88,May,Flux
2025-04-17,2025,4,Apr,Flux,Enterprise,USA,4,161.72,61.97,646.86,161.72,485.15,247.88,237.27,0.4891,104.92,105.86,131.41,50.0,5000.0,2050.55,2949.45,2.2,1.79,0.7,0.0263,20%+,247.88,646.86,485.15,237.27,4,161.72,61.97,20%+,161.72,Apr,Flux
2024-01-27,2024,1,Jan,Echo,Consumer,USA,6,185.53,90.57,1113.18,0.0,1113.18,543.42,569.75,0.5118,310.5,301.71,268.05,84.11,5000.0,2921.8,2078.2,2.15,1.94,1.41,0.0536,0-5%,543.42,1113.18,1113.18,569.75,6,185.53,90.57,0-5%,0.0,Jan,Echo
2023-06-03,2023,6,Jun,Delta,Enterprise,Germany,10,224.37,82.76,2243.66,560.91,1682.74,827.57,855.17,0.5082,307.07,318.55,536.62,106.03,5000.0,2344.46,2655.54,1.85,1.63,0.88,0.1073,20%+,827.57,2243.66,1682.74,855.17,10,224.37,82.76,20%+,560.91,Jun,Delta
2023-02-05,2023,2,Feb,Alpha,Consumer,UK,13,197.22,88.41,2563.81,76.91,2486.89,1149.39,1337.51,0.5378,317.65,317.92,1019.59,185.8,5044.15,2820.75,2223.39,1.93,1.62,1.27,0.2021,0-5%,1149.39,2563.81,2486.89,1337.51,13,197.22,88.41,0-5%,76.91,Feb,Alpha
2024-10-16,2024,10,Oct,Flux,Consumer,USA,9,184.14,87.96,1657.22,198.87,1458.35,791.61,666.74,0.4572,343.44,351.9,314.85,122.7,5000.0,2775.05,2224.95,1.5,1.17,1.25,0.063,10-20%,791.61,1657.22,1458.35,666.74,9,184.14,87.96,10-20%,198.87,Oct,Flux
2023-02-13,2023,2,Feb,Bravo,Consumer,Germany,7,118.25,53.98,827.77,0.0,827.77,377.83,449.94,0.5436,106.71,101.52,348.42,68.73,5000.0,2700.94,2299.06,2.02,1.61,1.17,0.0697,0-5%,377.83,827.77,827.77,449.94,7,118.25,53.98,0-5%,0.0,Feb,Bravo
2024-07-17,2024,7,Jul,Bravo,Consumer,India,6,268.0,134.23,1608.01,0.0,1608.01,805.37,802.64,0.4992,416.91,390.65,411.98,165.22,5000.0,2000.99,2999.01,1.86,1.4,0.67,0.0824,0-5%,805.37,1608.01,1608.01,802.64,6,268.0,134.23,0-5%,0.0,Jul,Bravo
2024-09-14,2024,9,Sep,Cobalt,SMB,USA,7,206.12,108.62,1442.84,43.29,1399.55,760.35,639.2,0.4567,276.49,258.55,380.66,145.37,5000.0,2567.87,2432.13,1.2,0.85,1.06,0.0761,0-5%,760.35,1442.84,1399.55,639.2,7,206.12,108.62,0-5%,43.29,Sep,Cobalt
2023-06-26,2023,6,Jun,Flux,SMB,India,7,245.89,96.99,1721.26,0.0,1721.26,678.94,1042.32,0.6056,419.48,404.78,637.54,125.54,5000.0,2788.5,2211.5,1.6,1.01,1.26,0.1275,0-5%,678.94,1721.26,1721.26,1042.32,7,245.89,96.99,0-5%,0.0,Jun,Flux
2023-04-24,2023,4,Apr,Cobalt,SMB,USA,6,283.78,153.42,1702.7,204.32,1498.38,920.54,577.84,0.3856,241.91,261.05,316.78,104.54,5000.0,2383.99,2616.01,2.0,1.65,0.91,0.0634,10-20%,920.54,1702.7,1498.38,577.84,6,283.78,153.42,10-20%,204.32,Apr,Cobalt
2024-07-18,2024,7,Jul,Bravo,SMB,Canada,13,210.93,86.69,2742.11,191.95,2550.17,1126.93,1423.24,0.5581,505.85,544.37,878.86,234.88,5000.0,2926.25,2073.75,1.81,1.39,1.41,0.1758,5-10%,1126.93,2742.11,2550.17,1423.24,13,210.93,86.69,5-10%,191.95,Jul,Bravo
2023-03-02,2023,3,Mar,Cobalt,SMB,USA,6,284.78,111.92,1708.7,0.0,1708.7,671.51,1037.19,0.607,430.31,430.63,606.55,135.52,5000.0,2919.81,2080.19,1.89,1.39,1.4,0.1213,0-5%,671.51,1708.7,1708.7,1037.19,6,284.78,111.92,0-5%,0.0,Mar,Cobalt
2023-08-22,2023,8,Aug,Bravo,SMB,USA,9,183.71,81.55,1653.41,0.0,1653.41,733.92,919.49,0.5561,200.94,207.99,711.5,96.61,5000.0,2648.29,2351.71,1.43,1.04,1.13,0.1423,0-5%,733.92,1653.41,1653.41,919.49,9,183.71,81.55,0-5%,0.0,Aug,Bravo
2024-05-06,2024,5,May,Flux,Consumer,UK,13,238.44,108.3,3099.7,216.98,2882.72,1407.94,1474.78,0.5116,803.19,755.75,719.04,254.05,5000.0,3113.2,1886.8,2.46,1.93,1.65,0.1438,5-10%,1407.94,3099.7,2882.72,1474.78,13,238.44,108.3,5-10%,216.98,May,Flux
2025-12-16,2025,12,Dec,Echo,Enterprise,India,11,237.5,104.63,2612.53,653.13,1959.4,1150.9,808.5,0.4126,449.63,467.28,341.22,115.92,5000.0,2522.24,2477.76,2.25,1.66,1.02,0.0682,20%+,1150.9,2612.53,1959.4,808.5,11,237.5,104.63,20%+,653.13,Dec,Echo
2024-05-14,2024,5,May,Bravo,Consumer,India,11,243.71,122.25,2680.81,0.0,2680.81,1344.74,1336.08,0.4984,373.58,388.6,947.48,197.68,5000.0,1921.22,3078.78,2.28,2.08,0.62,0.1895,0-5%,1344.74,2680.81,2680.81,1336.08,11,243.71,122.25,0-5%,0.0,May,Bravo
2024-12-31,2024,12,Dec,Flux,SMB,USA,5,183.97,91.23,919.87,64.39,855.48,456.13,399.36,0.4668,103.86,111.53,287.82,92.15,5000.0,3237.68,1762.32,2.88,2.66,1.84,0.0576,5-10%,456.13,919.87,855.48,399.36,5,183.97,91.23,5-10%,64.39,Dec,Flux
2024-03-09,2024,3,Mar,Delta,Consumer,Canada,5,272.67,146.83,1363.37,40.9,1322.47,734.15,588.32,0.4449,350.43,334.1,254.22,133.07,5000.0,2532.17,2467.83,1.99,1.65,1.03,0.0508,0-5%,734.15,1363.37,1322.47,588.32,5,272.67,146.83,0-5%,40.9,Mar,Delta
2023-11-05,2023,11,Nov,Bravo,Consumer,USA,8,219.55,108.17,1756.36,122.95,1633.42,865.36,768.05,0.4702,444.94,476.34,291.72,184.34,5000.0,2792.25,2207.75,1.18,0.58,1.26,0.0583,5-10%,865.36,1756.36,1633.42,768.05,8,219.55,108.17,5-10%,122.95,Nov,Bravo
2025-03-21,2025,3,Mar,Alpha,Consumer,Canada,10,253.99,117.58,2539.9,0.0,2539.9,1175.82,1364.08,0.5371,350.28,336.77,1027.3,122.14,5000.0,2159.86,2840.14,1.64,1.1,0.76,0.2055,0-5%,1175.82,2539.9,2539.9,1364.08,10,253.99,117.58,0-5%,0.0,Mar,Alpha
2023-10-22,2023,10,Oct,Bravo,Consumer,USA,7,253.88,95.83,1777.14,0.0,1777.14,670.8,1106.34,0.6225,292.97,278.16,828.18,143.6,5000.0,2706.72,2293.28,2.14,1.91,1.18,0.1656,0-5%,670.8,1777.14,1777.14,1106.34,7,253.88,95.83,0-5%,0.0,Oct,Bravo
2024-07-26,2024,7,Jul,Echo,Consumer,USA,8,253.11,134.14,2024.89,242.99,1781.9,1073.08,708.82,0.3978,226.32,241.91,466.92,201.56,5000.0,2731.23,2268.77,0.99,0.5,1.2,0.0934,10-20%,1073.08,2024.89,1781.9,708.82,8,253.11,134.14,10-20%,242.99,Jul,Echo
2024-12-09,2024,12,Dec,Alpha,Consumer,Canada,15,312.45,140.59,4686.71,1171.68,3515.04,2108.79,1406.24,0.4001,493.09,492.58,913.67,345.18,5744.15,2022.13,3722.01,1.61,1.35,0.54,0.1591,20%+,2108.79,4686.71,3515.04,1406.24,15,312.45,140.59,20%+,1171.68,Dec,Alpha
2024-06-24,2024,6,Jun,Alpha,Enterprise,Germany,10,202.85,83.79,2028.53,0.0,2028.53,837.91,1190.62,0.5869,274.3,257.48,933.14,133.13,5000.0,3175.95,1824.05,1.48,1.04,1.74,0.1866,0-5%,837.91,2028.53,2028.53,1190.62,10,202.85,83.79,0-5%,0.0,Jun,Alpha
2024-05-23,2024,5,May,Cobalt,SMB,UK,6,217.9,102.86,1307.39,0.0,1307.39,617.14,690.25,0.528,162.81,159.04,531.21,87.52,5000.0,3063.39,1936.61,1.8,1.34,1.58,0.1062,0-5%,617.14,1307.39,1307.39,690.25,6,217.9,102.86,0-5%,0.0,May,Cobalt
2025-05-17,2025,5,May,Flux,Consumer,India,11,287.1,119.28,3158.12,221.07,2937.06,1312.07,1624.99,0.5533,584.49,582.32,1042.67,141.22,5000.0,2313.01,2686.99,1.95,1.36,0.86,0.2085,5-10%,1312.07,3158.12,2937.06,1624.99,11,287.1,119.28,5-10%,221.07,May,Flux
2025-01-10,2025,1,Jan,Echo,Consumer,USA,8,228.32,121.59,1826.53,54.8,1771.73,972.71,799.02,0.451,480.23,454.93,344.09,205.91,5000.0,2676.21,2323.79,1.53,1.26,1.15,0.0688,0-5%,972.71,1826.53,1771.73,799.02,8,228.32,121.59,0-5%,54.8,Jan,Echo
2024-08-01,2024,8,Aug,Alpha,Consumer,USA,14,318.2,136.55,4454.77,1113.69,3341.08,1911.64,1429.44,0.4278,867.62,879.23,550.22,420.48,5000.0,3158.05,1841.95,0.97,0.57,1.71,0.11,20%+,1911.64,4454.77,3341.08,1429.44,14,318.2,136.55,20%+,1113.69,Aug,Alpha
2025-04-23,2025,4,Apr,Delta,Consumer,USA,9,166.03,61.14,1494.24,104.6,1389.64,550.28,839.36,0.604,221.89,237.28,602.07,111.11,5000.0,2100.6,2899.4,1.53,1.13,0.72,0.1204,5-10%,550.28,1494.24,1389.64,839.36,9,166.03,61.14,5-10%,104.6,Apr,Delta
2025-11-30,2025,11,Nov,Cobalt,Consumer,Canada,8,216.18,102.33,1729.42,51.88,1677.54,818.61,858.93,0.512,284.0,272.41,586.53,84.11,5000.0,2415.69,2584.31,2.44,1.92,0.93,0.1173,0-5%,818.61,1729.42,1677.54,858.93,8,216.18,102.33,0-5%,51.88,Nov,Cobalt
2025-03-30,2025,3,Mar,Flux,Consumer,UK,11,175.67,83.91,1932.32,231.88,1700.45,922.96,777.48,0.4572,384.0,409.43,368.05,163.16,5000.0,2317.71,2682.29,1.56,1.29,0.86,0.0736,10-20%,922.96,1932.32,1700.45,777.48,11,175.67,83.91,10-20%,231.88,Mar,Flux
2023-12-08,2023,12,Dec,Alpha,Consumer,India,10,208.65,91.16,2086.48,146.05,1940.43,911.62,1028.81,0.5302,435.38,457.67,571.14,156.2,5000.0,3006.81,1993.19,1.97,1.68,1.51,0.1142,5-10%,911.62,2086.48,1940.43,1028.81,10,208.65,91.16,5-10%,146.05,Dec,Alpha
2023-10-15,2023,10,Oct,Flux,Consumer,UK,8,232.68,123.15,1861.41,130.3,1731.11,985.22,745.9,0.4309,295.61,279.35,466.55,125.59,5000.0,2100.71,2899.29,1.54,1.3,0.72,0.0933,5-10%,985.22,1861.41,1731.11,745.9,8,232.68,123.15,5-10%,130.3,Oct,Flux
2023-01-24,2023,1,Jan,Echo,Consumer,UK,4,144.73,63.96,578.91,17.37,561.55,255.85,305.69,0.5444,82.08,81.47,224.22,55.88,5000.0,2692.64,2307.36,2.0,1.71,1.17,0.0448,0-5%,255.85,578.91,561.55,305.69,4,144.73,63.96,0-5%,17.37,Jan,Echo
2023-04-02,2023,4,Apr,Cobalt,Consumer,USA,9,114.81,53.38,1033.27,258.32,774.95,480.46,294.5,0.38,211.25,209.7,84.8,70.3,5000.0,2990.88,2009.12,2.39,1.88,1.49,0.017,20%+,480.46,1033.27,774.95,294.5,9,114.81,53.38,20%+,258.32,Apr,Cobalt
2025-07-05,2025,7,Jul,Flux,Consumer,USA,7,161.49,68.27,1130.41,135.65,994.76,477.9,516.86,0.5196,188.68,175.82,341.04,55.93,5000.0,3040.47,1959.53,1.28,0.97,1.55,0.0682,10-20%,477.9,1130.41,994.76,516.86,7,161.49,68.27,10-20%,135.65,Jul,Flux
2025-02-02,2025,2,Feb,Echo,Consumer,India,12,135.49,69.81,1625.88,195.11,1430.77,837.71,593.06,0.4145,328.31,328.94,264.12,99.19,5000.0,2836.64,2163.36,2.12,1.7,1.31,0.0528,10-20%,837.71,1625.88,1430.77,593.06,12,135.49,69.81,10-20%,195.11,Feb,Echo
2025-02-10,2025,2,Feb,Cobalt,SMB,USA,16,215.15,95.55,3442.43,413.09,3029.34,1528.76,1500.58,0.4953,554.27,518.61,981.98,331.6,6280.04,2933.18,3346.86,1.33,0.78,0.88,0.1564,10-20%,1528.76,3442.43,3029.34,1500.58,16,215.15,95.55,10-20%,413.09,Feb,Cobalt
2023-01-04,2023,1,Jan,Echo,Consumer,USA,10,216.0,99.09,2160.02,0.0,2160.02,990.91,1169.11,0.5412,273.34,257.2,911.91,196.97,5000.0,2141.02,2858.98,2.21,1.89,0.75,0.1824,0-5%,990.91,2160.02,2160.02,1169.11,10,216.0,99.09,0-5%,0.0,Jan,Echo
2024-07-05,2024,7,Jul,Cobalt,SMB,Germany,7,237.36,123.65,1661.55,0.0,1661.55,865.53,796.02,0.4791,391.61,396.06,399.96,161.41,5000.0,2898.35,2101.65,2.09,1.87,1.38,0.08,0-5%,865.53,1661.55,1661.55,796.02,7,237.36,123.65,0-5%,0.0,Jul,Cobalt
2025-05-24,2025,5,May,Delta,Consumer,USA,6,253.25,98.89,1519.5,0.0,1519.5,593.36,926.13,0.6095,187.98,176.87,749.26,62.21,5000.0,2864.67,2135.33,1.69,1.09,1.34,0.1499,0-5%,593.36,1519.5,1519.5,926.13,6,253.25,98.89,0-5%,0.0,May,Delta
2025-02-03,2025,2,Feb,Delta,Enterprise,USA,8,158.04,61.45,1264.34,88.5,1175.83,491.62,684.21,0.5819,187.99,195.3,488.92,50.0,5000.0,2399.51,2600.49,1.45,0.91,0.92,0.0978,5-10%,491.62,1264.34,1175.83,684.21,8,158.04,61.45,5-10%,88.5,Feb,Delta
2025-12-25,2025,12,Dec,Delta,SMB,USA,7,178.75,91.2,1251.26,150.15,1101.1,638.38,462.73,0.4202,208.03,207.92,254.81,66.7,5000.0,2090.27,2909.73,1.6,1.02,0.72,0.051,10-20%,638.38,1251.26,1101.1,462.73,7,178.75,91.2,10-20%,150.15,Dec,Delta
2024-09-16,2024,9,Sep,Flux,Consumer,USA,16,182.8,93.82,2924.85,0.0,2924.85,1501.05,1423.8,0.4868,697.78,667.38,756.42,296.79,5000.0,3230.51,1769.49,2.2,1.63,1.83,0.1513,0-5%,1501.05,2924.85,2924.85,1423.8,16,182.8,93.82,0-5%,0.0,Sep,Flux
2025-09-29,2025,9,Sep,Cobalt,Enterprise,USA,14,132.05,54.1,1848.74,55.46,1793.28,757.39,1035.89,0.5777,271.37,287.56,748.33,127.89,5000.0,1897.4,3102.6,1.4,0.81,0.61,0.1497,0-5%,757.39,1848.74,1793.28,1035.89,14,132.05,54.1,0-5%,55.46,Sep,Cobalt
2023-02-03,2023,2,Feb,Cobalt,Consumer,USA,6,285.4,106.47,1712.41,119.87,1592.54,638.81,953.73,0.5989,212.72,208.37,745.35,90.69,5000.0,3044.97,1955.03,1.7,1.41,1.56,0.1491,5-10%,638.81,1712.41,1592.54,953.73,6,285.4,106.47,5-10%,119.87,Feb,Cobalt
2023-03-02,2023,3,Mar,Flux,Consumer,USA,7,208.05,74.72,1456.35,174.76,1281.59,523.02,758.57,0.5919,270.71,265.58,492.99,111.61,5000.0,2082.03,2917.97,1.93,1.41,0.71,0.0986,10-20%,523.02,1456.35,1281.59,758.57,7,208.05,74.72,10-20%,174.76,Mar,Flux
2023-04-25,2023,4,Apr,Echo,Consumer,USA,9,113.06,52.49,1017.58,0.0,1017.58,472.41,545.17,0.5358,141.86,134.72,410.45,82.97,5000.0,2217.63,2782.37,1.4,0.82,0.8,0.0821,0-5%,472.41,1017.58,1017.58,545.17,9,113.06,52.49,0-5%,0.0,Apr,Echo
2023-02-17,2023,2,Feb,Echo,Consumer,Canada,11,157.61,66.72,1733.75,52.01,1681.74,733.93,947.81,0.5636,293.85,287.76,660.05,90.43,5000.0,2416.39,2583.61,1.86,1.31,0.94,0.132,0-5%,733.93,1733.75,1681.74,947.81,11,157.61,66.72,0-5%,52.01,Feb,Echo
2025-11-26,2025,11,Nov,Bravo,Consumer,USA,9,251.67,122.18,2265.03,0.0,2265.03,1099.58,1165.45,0.5145,480.62,471.65,693.8,113.15,5000.0,2819.2,2180.8,1.76,1.18,1.29,0.1388,0-5%,1099.58,2265.03,2265.03,1165.45,9,251.67,122.18,0-5%,0.0,Nov,Bravo
2024-05-21,2024,5,May,Flux,Consumer,India,7,247.15,104.16,1730.05,207.61,1522.45,729.15,793.3,0.5211,362.59,370.12,423.18,103.84,5000.0,2393.71,2606.29,1.98,1.73,0.92,0.0846,10-20%,729.15,1730.05,1522.45,793.3,7,247.15,104.16,10-20%,207.61,May,Flux
2025-11-16,2025,11,Nov,Alpha,Consumer,India,7,206.83,89.69,1447.84,0.0,1447.84,627.86,819.98,0.5663,347.94,324.56,495.42,128.65,5000.0,2628.04,2371.96,1.8,1.56,1.11,0.0991,0-5%,627.86,1447.84,1447.84,819.98,7,206.83,89.69,0-5%,0.0,Nov,Alpha
2024-12-05,2024,12,Dec,Flux,Consumer,UK,13,305.27,143.05,3968.5,476.22,3492.28,1859.71,1632.57,0.4675,779.77,766.84,865.74,245.16,5000.0,1922.85,3077.15,1.29,0.7,0.62,0.1731,10-20%,1859.71,3968.5,3492.28,1632.57,13,305.27,143.05,10-20%,476.22,Dec,Flux
2024-11-01,2024,11,Nov,Alpha,Consumer,UK,9,194.33,85.56,1749.01,209.88,1539.13,770.0,769.12,0.4997,352.85,328.26,440.86,111.21,5000.0,2421.08,2578.92,1.92,1.32,0.94,0.0882,10-20%,770.0,1749.01,1539.13,769.12,9,194.33,85.56,10-20%,209.88,Nov,Alpha
2025-11-09,2025,11,Nov,Bravo,Consumer,USA,5,171.45,78.92,857.27,25.72,831.55,394.58,436.97,0.5255,194.37,197.24,239.73,72.64,5000.0,2724.45,2275.55,2.12,1.82,1.2,0.0479,0-5%,394.58,857.27,831.55,436.97,5,171.45,78.92,0-5%,25.72,Nov,Bravo
2023-12-01,2023,12,Dec,Delta,SMB,USA,4,169.91,85.53,679.62,0.0,679.62,342.13,337.5,0.4966,159.6,163.13,174.37,50.0,5000.0,1951.79,3048.21,1.39,1.02,0.64,0.0349,0-5%,342.13,679.62,679.62,337.5,4,169.91,85.53,0-5%,0.0,Dec,Delta
2024-11-21,2024,11,Nov,Echo,Consumer,USA,12,193.91,73.26,2326.98,0.0,2326.98,879.13,1447.84,0.6222,341.62,344.91,1102.93,190.38,5000.0,3195.35,1804.65,1.89,1.38,1.77,0.2206,0-5%,879.13,2326.98,2326.98,1447.84,12,193.91,73.26,0-5%,0.0,Nov,Echo
2023-07-14,2023,7,Jul,Flux,Consumer,Canada,3,226.22,95.25,678.67,169.67,509.0,285.75,223.25,0.4386,138.56,136.87,86.38,57.06,5000.0,3208.85,1791.15,1.86,1.63,1.79,0.0173,20%+,285.75,678.67,509.0,223.25,3,226.22,95.25,20%+,169.67,Jul,Flux
2023-12-18,2023,12,Dec,Cobalt,Enterprise,USA,6,227.43,98.78,1364.58,163.75,1200.83,592.66,608.17,0.5065,314.91,314.28,293.9,86.97,5000.0,2785.25,2214.75,2.29,1.69,1.26,0.0588,10-20%,592.66,1364.58,1200.83,608.17,6,227.43,98.78,10-20%,163.75,Dec,Cobalt
2023-07-23,2023,7,Jul,Echo,SMB,USA,9,331.68,163.86,2985.09,0.0,2985.09,1474.74,1510.35,0.506,593.23,564.35,945.99,210.3,5000.0,1871.1,3128.9,1.55,1.16,0.6,0.1892,0-5%,1474.74,2985.09,2985.09,1510.35,9,331.68,163.86,0-5%,0.0,Jul,Echo
2024-12-07,2024,12,Dec,Bravo,Consumer,India,11,165.7,85.06,1822.73,0.0,1822.73,935.67,887.05,0.4867,281.69,268.06,619.0,158.68,5000.0,2115.72,2884.28,1.8,1.33,0.73,0.1238,0-5%,935.67,1822.73,1822.73,887.05,11,165.7,85.06,0-5%,0.0,Dec,Bravo
2024-11-21,2024,11,Nov,Echo,SMB,USA,4,310.58,131.55,1242.33,86.96,1155.37,526.19,629.18,0.5446,245.55,264.96,364.23,93.3,5000.0,2663.07,2336.93,1.42,0.91,1.14,0.0728,5-10%,526.19,1242.33,1155.37,629.18,4,310.58,131.55,5-10%,86.96,Nov,Echo
2024-02-19,2024,2,Feb,Delta,SMB,USA,6,239.39,110.16,1436.36,43.09,1393.27,660.96,732.31,0.5256,248.68,242.27,490.04,139.16,5000.0,2925.27,2074.73,1.27,0.81,1.41,0.098,0-5%,660.96,1436.36,1393.27,732.31,6,239.39,110.16,0-5%,43.09,Feb,Delta
2025-08-05,2025,8,Aug,Flux,Consumer,USA,8,190.52,94.82,1524.13,0.0,1524.13,758.56,765.56,0.5023,308.22,312.07,453.49,159.54,5000.0,1908.9,3091.1,1.82,1.3,0.62,0.0907,0-5%,758.56,1524.13,1524.13,765.56,8,190.52,94.82,0-5%,0.0,Aug,Flux
2023-02-25,2023,2,Feb,Cobalt,Consumer,Germany,5,232.88,121.73,1164.4,0.0,1164.4,608.64,555.77,0.4773,201.49,206.58,349.19,70.52,5000.0,1990.28,3009.72,1.88,1.52,0.66,0.0698,0-5%,608.64,1164.4,1164.4,555.77,5,232.88,121.73,0-5%,0.0,Feb,Cobalt
2025-04-28,2025,4,Apr,Delta,Enterprise,India,7,174.5,88.65,1221.48,36.64,1184.83,620.52,564.31,0.4763,279.85,284.36,279.95,110.4,5000.0,1977.72,3022.28,1.23,0.82,0.65,0.056,0-5%,620.52,1221.48,1184.83,564.31,7,174.5,88.65,0-5%,36.64,Apr,Delta
2024-12-18,2024,12,Dec,Echo,Enterprise,USA,10,273.93,124.35,2739.26,191.75,2547.52,1243.48,1304.04,0.5119,480.6,510.42,793.62,266.13,5000.0,2566.57,2433.43,1.88,1.53,1.05,0.1587,5-10%,1243.48,2739.26,2547.52,1304.04,10,273.93,124.35,5-10%,191.75,Dec,Echo
2025-04-10,2025,4,Apr,Bravo,Enterprise,USA,10,296.47,155.07,2964.66,207.53,2757.13,1550.73,1206.41,0.4376,384.53,384.61,821.8,298.99,5613.37,3349.18,2264.2,1.37,1.07,1.48,0.1464,5-10%,1550.73,2964.66,2757.13,1206.41,10,296.47,155.07,5-10%,207.53,Apr,Bravo
2024-06-05,2024,6,Jun,Echo,SMB,India,11,193.36,83.81,2127.0,531.75,1595.25,921.94,673.3,0.4221,347.04,319.85,353.45,97.47,5000.0,2976.54,2023.46,1.81,1.23,1.47,0.0707,20%+,921.94,2127.0,1595.25,673.3,11,193.36,83.81,20%+,531.75,Jun,Echo
2023-12-13,2023,12,Dec,Cobalt,SMB,USA,13,247.47,99.46,3217.11,0.0,3217.11,1292.97,1924.15,0.5981,795.65,734.12,1190.03,210.58,6362.49,3649.49,2713.0,1.84,1.5,1.35,0.187,0-5%,1292.97,3217.11,3217.11,1924.15,13,247.47,99.46,0-5%,0.0,Dec,Cobalt
2023-02-16,2023,2,Feb,Echo,SMB,USA,6,285.76,147.18,1714.56,205.75,1508.81,883.05,625.76,0.4147,242.11,236.86,388.9,151.89,5000.0,2117.83,2882.17,1.81,1.44,0.73,0.0778,10-20%,883.05,1714.56,1508.81,625.76,6,285.76,147.18,10-20%,205.75,Feb,Echo
2023-02-16,2023,2,Feb,Flux,SMB,Canada,13,184.66,99.65,2400.63,168.04,2232.58,1295.48,937.1,0.4197,319.67,314.47,622.63,173.55,5000.0,2718.7,2281.3,1.52,1.06,1.19,0.1245,5-10%,1295.48,2400.63,2232.58,937.1,13,184.66,99.65,5-10%,168.04,Feb,Flux
2023-06-27,2023,6,Jun,Flux,SMB,India,5,241.95,99.39,1209.77,145.17,1064.59,496.96,567.64,0.5332,205.58,215.4,352.24,98.55,5000.0,2820.05,2179.95,2.4,1.82,1.29,0.0704,10-20%,496.96,1209.77,1064.59,567.64,5,241.95,99.39,10-20%,145.17,Jun,Flux
2025-06-15,2025,6,Jun,Alpha,Consumer,UK,9,308.37,109.7,2775.31,83.26,2692.05,987.26,1704.8,0.6333,498.41,473.69,1231.11,137.28,5000.0,2530.47,2469.53,1.79,1.55,1.02,0.2462,0-5%,987.26,2775.31,2692.05,1704.8,9,308.37,109.7,0-5%,83.26,Jun,Alpha
2025-02-11,2025,2,Feb,Echo,Consumer,Germany,9,99.05,47.09,891.43,26.74,864.69,423.79,440.91,0.5099,166.24,162.15,278.76,90.75,5000.0,1932.29,3067.71,1.56,1.2,0.63,0.0558,0-5%,423.79,891.43,864.69,440.91,9,99.05,47.09,0-5%,26.74,Feb,Echo
2024-04-09,2024,4,Apr,Alpha,Consumer,Germany,13,273.13,125.49,3550.7,0.0,3550.7,1631.34,1919.36,0.5406,712.13,701.53,1217.84,304.78,5000.0,3206.27,1793.73,2.08,1.71,1.79,0.2436,0-5%,1631.34,3550.7,3550.7,1919.36,13,273.13,125.49,0-5%,0.0,Apr,Alpha
2023-07-25,2023,7,Jul,Cobalt,Consumer,USA,12,170.67,82.3,2048.02,245.76,1802.26,987.64,814.62,0.452,270.26,277.06,537.55,213.82,5000.0,3018.79,1981.21,2.09,1.81,1.52,0.1075,10-20%,987.64,2048.02,1802.26,814.62,12,170.67,82.3,10-20%,245.76,Jul,Cobalt
2023-11-08,2023,11,Nov,Flux,Consumer,India,7,211.6,105.04,1481.2,44.44,1436.77,735.31,701.46,0.4882,307.95,291.21,410.25,138.93,5000.0,2391.39,2608.61,1.34,0.91,0.92,0.0821,0-5%,735.31,1481.2,1436.77,701.46,7,211.6,105.04,0-5%,44.44,Nov,Flux
2025-05-10,2025,5,May,Bravo,Consumer,Germany,13,229.8,110.26,2987.44,89.62,2897.82,1433.43,1464.39,0.5053,491.69,467.7,996.69,297.18,5000.0,2059.88,2940.12,2.34,1.88,0.7,0.1993,0-5%,1433.43,2987.44,2897.82,1464.39,13,229.8,110.26,0-5%,89.62,May,Bravo
2025-10-04,2025,10,Oct,Bravo,Consumer,India,6,261.42,133.94,1568.52,47.06,1521.46,803.65,717.81,0.4718,382.03,389.61,328.19,147.57,5000.0,2346.66,2653.34,1.05,0.74,0.88,0.0656,0-5%,803.65,1568.52,1521.46,717.81,6,261.42,133.94,0-5%,47.06,Oct,Bravo
2023-10-02,2023,10,Oct,Alpha,Consumer,USA,10,173.97,82.68,1739.71,208.77,1530.95,826.82,704.13,0.4599,293.53,280.21,423.93,136.41,5000.0,2861.36,2138.64,1.81,1.4,1.34,0.0848,10-20%,826.82,1739.71,1530.95,704.13,10,173.97,82.68,10-20%,208.77,Oct,Alpha
2024-09-19,2024,9,Sep,Bravo,Consumer,USA,8,187.91,72.94,1503.25,0.0,1503.25,583.51,919.74,0.6118,348.87,345.49,574.25,112.99,5000.0,3041.88,1958.12,2.63,2.27,1.55,0.1148,0-5%,583.51,1503.25,1503.25,919.74,8,187.91,72.94,0-5%,0.0,Sep,Bravo
2025-03-10,2025,3,Mar,Alpha,Enterprise,USA,11,180.98,97.12,1990.8,59.72,1931.08,1068.29,862.79,0.4468,246.99,247.24,615.55,224.17,5000.0,2647.22,2352.78,1.67,1.32,1.13,0.1231,0-5%,1068.29,1990.8,1931.08,862.79,11,180.98,97.12,0-5%,59.72,Mar,Alpha
2024-07-05,2024,7,Jul,Echo,Consumer,India,6,253.49,108.13,1520.95,380.24,1140.71,648.76,491.95,0.4313,203.58,198.66,293.29,68.36,5000.0,3177.07,1822.93,1.21,0.91,1.74,0.0587,20%+,648.76,1520.95,1140.71,491.95,6,253.49,108.13,20%+,380.24,Jul,Echo
2025-12-05,2025,12,Dec,Alpha,Enterprise,UK,5,171.3,79.99,856.49,0.0,856.49,399.97,456.52,0.533,201.58,210.23,246.29,85.91,5000.0,2358.8,2641.2,2.03,1.75,0.89,0.0493,0-5%,399.97,856.49,856.49,456.52,5,171.3,79.99,0-5%,0.0,Dec,Alpha
2025-11-06,2025,11,Nov,Bravo,Consumer,Canada,10,223.81,101.44,2238.1,0.0,2238.1,1014.45,1223.65,0.5467,419.97,388.13,835.52,121.42,5000.0,2682.49,2317.51,2.19,1.62,1.16,0.1671,0-5%,1014.45,2238.1,2238.1,1223.65,10,223.81,101.44,0-5%,0.0,Nov,Bravo
2023-11-21,2023,11,Nov,Flux,Consumer,Canada,7,300.96,110.45,2106.72,147.47,1959.25,773.16,1186.09,0.6054,283.26,270.09,916.0,104.92,5000.0,2777.11,2222.89,0.87,0.5,1.25,0.1832,5-10%,773.16,2106.72,1959.25,1186.09,7,300.96,110.45,5-10%,147.47,Nov,Flux
2024-10-11,2024,10,Oct,Bravo,Enterprise,Canada,5,242.36,111.29,1211.78,36.35,1175.43,556.47,618.95,0.5266,189.66,179.86,439.1,75.52,5000.0,2262.2,2737.8,1.82,1.5,0.83,0.0878,0-5%,556.47,1211.78,1175.43,618.95,5,242.36,111.29,0-5%,36.35,Oct,Bravo
2024-11-05,2024,11,Nov,Cobalt,Consumer,Germany,9,262.37,119.01,2361.33,70.84,2290.49,1071.12,1219.36,0.5324,572.07,547.33,672.03,141.36,5000.0,3011.72,1988.28,1.94,1.43,1.51,0.1344,0-5%,1071.12,2361.33,2290.49,1219.36,9,262.37,119.01,0-5%,70.84,Nov,Cobalt
2024-08-10,2024,8,Aug,Delta,SMB,Germany,8,222.58,96.68,1780.64,53.42,1727.22,773.45,953.78,0.5522,288.46,278.14,675.64,147.86,5000.0,1788.55,3211.45,1.88,1.56,0.56,0.1351,0-5%,773.45,1780.64,1727.22,953.78,8,222.58,96.68,0-5%,53.42,Aug,Delta
2023-11-08,2023,11,Nov,Cobalt,SMB,UK,7,280.82,110.69,1965.74,137.6,1828.14,774.86,1053.29,0.5762,349.34,324.04,729.25,115.28,5000.0,2730.76,2269.24,1.88,1.37,1.2,0.1458,5-10%,774.86,1965.74,1828.14,1053.29,7,280.82,110.69,5-10%,137.6,Nov,Cobalt
2025-03-05,2025,3,Mar,Bravo,Consumer,India,5,161.46,72.92,807.32,96.88,710.44,364.61,345.83,0.4868,131.95,137.61,208.22,50.0,5000.0,1782.06,3217.94,1.81,1.61,0.55,0.0416,10-20%,364.61,807.32,710.44,345.83,5,161.46,72.92,10-20%,96.88,Mar,Bravo
2024-06-04,2024,6,Jun,Flux,Enterprise,USA,9,181.77,65.67,1635.91,196.31,1439.6,591.05,848.55,0.5894,245.77,260.01,588.54,81.8,5000.0,3172.71,1827.29,2.1,1.53,1.74,0.1177,10-20%,591.05,1635.91,1439.6,848.55,9,181.77,65.67,10-20%,196.31,Jun,Flux
2025-09-26,2025,9,Sep,Bravo,Enterprise,India,7,181.52,85.46,1270.65,88.95,1181.7,598.19,583.52,0.4938,275.53,280.87,302.65,68.25,5000.0,2328.86,2671.14,2.35,2.11,0.87,0.0605,5-10%,598.19,1270.65,1181.7,583.52,7,181.52,85.46,5-10%,88.95,Sep,Bravo
2024-02-23,2024,2,Feb,Bravo,Consumer,Canada,8,190.07,93.87,1520.59,0.0,1520.59,750.94,769.64,0.5061,318.03,320.8,448.85,127.5,5000.0,2463.73,2536.27,2.27,1.87,0.97,0.0898,0-5%,750.94,1520.59,1520.59,769.64,8,190.07,93.87,0-5%,0.0,Feb,Bravo
2025-10-10,2025,10,Oct,Flux,SMB,Canada,11,132.29,57.76,1455.2,0.0,1455.2,635.34,819.86,0.5634,292.56,298.95,520.91,113.16,5000.0,2541.86,2458.14,1.59,1.21,1.03,0.1042,0-5%,635.34,1455.2,1455.2,819.86,11,132.29,57.76,0-5%,0.0,Oct,Flux
2023-11-07,2023,11,Nov,Cobalt,Consumer,USA,12,218.5,91.79,2621.99,78.66,2543.33,1101.5,1441.83,0.5669,332.8,341.8,1100.03,134.11,5000.0,2186.55,2813.45,1.97,1.71,0.78,0.22,0-5%,1101.5,2621.99,2543.33,1441.83,12,218.5,91.79,0-5%,78.66,Nov,Cobalt
2025-10-22,2025,10,Oct,Delta,Consumer,USA,15,150.57,69.27,2258.57,158.1,2100.47,1038.98,1061.49,0.5054,494.49,522.85,538.64,209.3,5000.0,2320.71,2679.29,1.43,1.22,0.87,0.1077,5-10%,1038.98,2258.57,2100.47,1061.49,15,150.57,69.27,5-10%,158.1,Oct,Delta
2024-01-06,2024,1,Jan,Echo,Enterprise,UK,7,160.55,61.66,1123.83,134.86,988.97,431.65,557.33,0.5635,228.58,215.01,342.32,82.21,5000.0,3110.92,1889.08,2.4,2.16,1.65,0.0685,10-20%,431.65,1123.83,988.97,557.33,7,160.55,61.66,10-20%,134.86,Jan,Echo
2024-06-21,2024,6,Jun,Echo,Consumer,Germany,9,213.21,114.76,1918.88,479.72,1439.16,1032.81,406.35,0.2824,365.34,344.9,61.46,160.14,5000.0,2842.16,2157.84,2.37,1.8,1.32,0.0123,20%+,1032.81,1918.88,1439.16,406.35,9,213.21,114.76,20%+,479.72,Jun,Echo
2024-03-26,2024,3,Mar,Cobalt,Enterprise,USA,8,252.95,91.95,2023.59,0.0,2023.59,735.62,1287.97,0.6365,565.29,558.99,728.98,161.71,5000.0,1938.16,3061.84,2.34,2.02,0.63,0.1458,0-5%,735.62,2023.59,2023.59,1287.97,8,252.95,91.95,0-5%,0.0,Mar,Cobalt
2025-01-30,2025,1,Jan,Echo,SMB,Canada,7,171.4,89.15,1199.77,0.0,1199.77,624.02,575.74,0.4799,323.22,315.9,259.84,107.71,5000.0,2506.98,2493.02,1.49,0.96,1.01,0.052,0-5%,624.02,1199.77,1199.77,575.74,7,171.4,89.15,0-5%,0.0,Jan,Echo
2025-04-06,2025,4,Apr,Flux,SMB,USA,6,151.71,77.12,910.27,109.23,801.04,462.72,338.32,0.4223,179.65,174.14,164.17,78.69,5000.0,2783.03,2216.97,1.01,0.77,1.26,0.0328,10-20%,462.72,910.27,801.04,338.32,6,151.71,77.12,10-20%,109.23,Apr,Flux
2025-12-27,2025,12,Dec,Bravo,Consumer,UK,6,273.67,97.02,1642.01,0.0,1642.01,582.13,1059.88,0.6455,447.49,448.73,611.15,86.91,5000.0,2343.15,2656.85,1.38,1.17,0.88,0.1222,0-5%,582.13,1642.01,1642.01,1059.88,6,273.67,97.02,0-5%,0.0,Dec,Bravo
2025-08-30,2025,8,Aug,Delta,Enterprise,USA,12,307.76,167.52,3693.12,0.0,3693.12,2010.19,1682.93,0.4557,516.94,476.53,1206.4,415.0,6838.88,2940.22,3898.66,2.08,1.5,0.75,0.1764,0-5%,2010.19,3693.12,3693.12,1682.93,12,307.76,167.52,0-5%,0.0,Aug,Delta
2024-10-12,2024,10,Oct,Delta,Consumer,Canada,8,144.67,56.95,1157.33,81.01,1076.32,455.64,620.68,0.5767,271.68,288.59,332.1,60.68,5000.0,3129.27,1870.73,2.1,1.67,1.67,0.0664,5-10%,455.64,1157.33,1076.32,620.68,8,144.67,56.95,5-10%,81.01,Oct,Delta
2025-07-20,2025,7,Jul,Cobalt,SMB,USA,8,242.62,119.15,1941.0,232.92,1708.08,953.18,754.9,0.442,252.73,258.13,496.77,108.72,5000.0,3124.79,1875.21,1.31,0.76,1.67,0.0994,10-20%,953.18,1941.0,1708.08,754.9,8,242.62,119.15,10-20%,232.92,Jul,Cobalt
2024-12-13,2024,12,Dec,Flux,Consumer,USA,8,215.88,105.78,1727.03,51.81,1675.22,846.21,829.01,0.4949,218.33,209.99,619.02,147.61,5000.0,2803.22,2196.78,0.83,0.5,1.28,0.1238,0-5%,846.21,1727.03,1675.22,829.01,8,215.88,105.78,0-5%,51.81,Dec,Flux
2023-08-27,2023,8,Aug,Delta,SMB,Canada,10,195.1,70.87,1951.03,136.57,1814.45,708.66,1105.8,0.6094,329.19,307.99,797.8,75.8,5000.0,2171.7,2828.3,1.72,1.44,0.77,0.1596,5-10%,708.66,1951.03,1814.45,1105.8,10,195.1,70.87,5-10%,136.57,Aug,Delta
2024-11-14,2024,11,Nov,Flux,Enterprise,USA,7,243.21,123.9,1702.46,119.17,1583.28,867.3,715.99,0.4522,409.53,419.34,296.65,151.29,5000.0,1995.62,3004.38,1.83,1.23,0.66,0.0593,5-10%,867.3,1702.46,1583.28,715.99,7,243.21,123.9,5-10%,119.17,Nov,Flux
2023-05-26,2023,5,May,Echo,Consumer,Germany,9,185.16,81.29,1666.44,49.99,1616.45,731.62,884.83,0.5474,438.02,457.18,427.66,105.08,5000.0,3080.6,1919.4,1.63,1.24,1.6,0.0855,0-5%,731.62,1666.44,1616.45,884.83,9,185.16,81.29,0-5%,49.99,May,Echo
2025-06-01,2025,6,Jun,Delta,Consumer,Germany,5,289.34,122.98,1446.68,101.27,1345.41,614.92,730.49,0.5429,326.16,334.46,396.03,89.15,5000.0,1982.86,3017.14,1.68,1.35,0.66,0.0792,5-10%,614.92,1446.68,1345.41,730.49,5,289.34,122.98,5-10%,101.27,Jun,Delta
2023-09-18,2023,9,Sep,Cobalt,Consumer,India,7,259.42,94.09,1815.91,54.48,1761.44,658.6,1102.83,0.6261,275.73,285.79,817.05,91.61,5000.0,2549.76,2450.24,1.76,1.26,1.04,0.1634,0-5%,658.6,1815.91,1761.44,1102.83,7,259.42,94.09,0-5%,54.48,Sep,Cobalt
2023-10-16,2023,10,Oct,Delta,Enterprise,India,11,144.31,72.9,1587.41,111.12,1476.29,801.94,674.35,0.4568,203.45,216.13,458.22,97.2,5000.0,2780.08,2219.92,1.57,1.34,1.25,0.0916,5-10%,801.94,1587.41,1476.29,674.35,11,144.31,72.9,5-10%,111.12,Oct,Delta
2023-10-07,2023,10,Oct,Cobalt,Consumer,USA,7,198.08,77.32,1386.54,166.38,1220.16,541.25,678.91,0.5564,177.43,169.09,509.82,77.18,5000.0,1846.38,3153.62,1.84,1.62,0.59,0.102,10-20%,541.25,1386.54,1220.16,678.91,7,198.08,77.32,10-20%,166.38,Oct,Cobalt
2024-04-23,2024,4,Apr,Alpha,Consumer,India,3,212.88,99.85,638.63,0.0,638.63,299.56,339.06,0.5309,109.31,106.64,232.43,55.88,5000.0,1887.92,3112.08,1.96,1.75,0.61,0.0465,0-5%,299.56,638.63,638.63,339.06,3,212.88,99.85,0-5%,0.0,Apr,Alpha
2024-02-12,2024,2,Feb,Delta,Consumer,USA,8,266.77,124.63,2134.14,0.0,2134.14,997.07,1137.07,0.5328,562.48,563.32,573.75,163.97,5000.0,1898.24,3101.76,1.6,1.03,0.61,0.1148,0-5%,997.07,2134.14,2134.14,1137.07,8,266.77,124.63,0-5%,0.0,Feb,Delta
2024-12-20,2024,12,Dec,Bravo,Consumer,USA,6,288.14,141.82,1728.84,207.46,1521.38,850.94,670.45,0.4407,321.67,310.01,360.44,132.43,5000.0,2341.75,2658.25,2.26,1.84,0.88,0.0721,10-20%,850.94,1728.84,1521.38,670.45,6,288.14,141.82,10-20%,207.46,Dec,Bravo
2023-04-22,2023,4,Apr,Cobalt,Consumer,USA,7,197.21,76.93,1380.49,41.41,1339.08,538.53,800.55,0.5978,234.9,241.72,558.82,72.74,5000.0,3033.21,1966.79,2.19,1.79,1.54,0.1118,0-5%,538.53,1380.49,1339.08,800.55,7,197.21,76.93,0-5%,41.41,Apr,Cobalt
2023-08-19,2023,8,Aug,Cobalt,Consumer,USA,14,217.61,113.23,3046.51,213.26,2833.25,1585.26,1247.99,0.4405,719.44,675.24,572.75,327.3,5595.28,2557.87,3037.41,1.41,0.94,0.84,0.1024,5-10%,1585.26,3046.51,2833.25,1247.99,14,217.61,113.23,5-10%,213.26,Aug,Cobalt
2024-01-25,2024,1,Jan,Delta,Consumer,USA,11,186.33,100.28,2049.64,0.0,2049.64,1103.08,946.57,0.4618,346.25,338.66,607.91,165.25,5000.0,2019.99,2980.01,1.71,1.21,0.68,0.1216,0-5%,1103.08,2049.64,2049.64,946.57,11,186.33,100.28,0-5%,0.0,Jan,Delta
2024-08-19,2024,8,Aug,Alpha,SMB,India,7,146.52,66.19,1025.63,71.79,953.83,463.31,490.52,0.5143,172.15,174.61,315.91,64.61,5000.0,2578.21,2421.79,1.31,0.98,1.06,0.0632,5-10%,463.31,1025.63,953.83,490.52,7,146.52,66.19,5-10%,71.79,Aug,Alpha
2024-03-21,2024,3,Mar,Bravo,Enterprise,UK,13,229.34,90.43,2981.45,0.0,2981.45,1175.59,1805.85,0.6057,409.67,411.39,1394.47,194.8,6055.97,3032.04,3023.93,1.94,1.63,1.0,0.2303,0-5%,1175.59,2981.45,2981.45,1805.85,13,229.34,90.43,0-5%,0.0,Mar,Bravo
2024-07-01,2024,7,Jul,Delta,Consumer,Germany,11,187.85,96.07,2066.37,144.65,1921.72,1056.81,864.91,0.4501,434.91,422.12,442.79,172.16,5000.0,2024.65,2975.35,1.51,0.94,0.68,0.0886,5-10%,1056.81,2066.37,1921.72,864.91,11,187.85,96.07,5-10%,144.65,Jul,Delta
2024-11-13,2024,11,Nov,Delta,Consumer,Germany,8,243.69,102.23,1949.49,233.94,1715.55,817.81,897.74,0.5233,213.8,213.88,683.86,143.88,5000.0,2481.41,2518.59,2.15,1.79,0.99,0.1368,10-20%,817.81,1949.49,1715.55,897.74,8,243.69,102.23,10-20%,233.94,Nov,Delta
2023-09-13,2023,9,Sep,Alpha,SMB,Germany,7,209.86,95.6,1469.05,176.29,1292.76,669.2,623.56,0.4823,225.96,220.64,402.92,117.52,5000.0,3138.97,1861.03,1.54,1.18,1.69,0.0806,10-20%,669.2,1469.05,1292.76,623.56,7,209.86,95.6,10-20%,176.29,Sep,Alpha
2023-05-20,2023,5,May,Flux,Enterprise,India,10,253.19,139.24,2531.88,75.96,2455.92,1392.44,1063.49,0.433,336.6,319.94,743.54,273.79,5000.0,2157.5,2842.5,2.2,1.89,0.76,0.1487,0-5%,1392.44,2531.88,2455.92,1063.49,10,253.19,139.24,0-5%,75.96,May,Flux
2023-05-06,2023,5,May,Echo,Consumer,India,8,236.24,93.62,1889.9,56.7,1833.21,748.99,1084.22,0.5914,255.3,238.48,845.73,90.69,5000.0,2386.25,2613.75,1.62,1.19,0.91,0.1691,0-5%,748.99,1889.9,1833.21,1084.22,8,236.24,93.62,0-5%,56.7,May,Echo
2024-05-13,2024,5,May,Cobalt,SMB,UK,18,228.78,102.23,4117.99,1029.5,3088.49,1840.06,1248.44,0.4042,548.79,548.3,700.14,185.91,5000.0,1895.29,3104.71,2.0,1.46,0.61,0.14,20%+,1840.06,4117.99,3088.49,1248.44,18,228.78,102.23,20%+,1029.5,May,Cobalt
2023-10-26,2023,10,Oct,Bravo,Consumer,USA,9,235.78,114.9,2122.04,148.54,1973.5,1034.14,939.36,0.476,504.84,486.61,452.75,186.15,5000.0,1922.25,3077.75,2.35,2.1,0.62,0.0905,5-10%,1034.14,2122.04,1973.5,939.36,9,235.78,114.9,5-10%,148.54,Oct,Bravo
2025-11-14,2025,11,Nov,Bravo,Consumer,UK,6,237.4,113.32,1424.38,42.73,1381.64,679.92,701.72,0.5079,244.32,243.19,458.54,110.86,5000.0,2739.54,2260.46,2.03,1.63,1.21,0.0917,0-5%,679.92,1424.38,1381.64,701.72,6,237.4,113.32,0-5%,42.73,Nov,Bravo
2023-05-07,2023,5,May,Echo,SMB,USA,6,166.38,84.65,998.28,249.57,748.71,507.92,240.79,0.3216,164.77,174.62,66.17,64.0,5000.0,2790.63,2209.37,1.89,1.43,1.26,0.0132,20%+,507.92,998.28,748.71,240.79,6,166.38,84.65,20%+,249.57,May,Echo
2023-05-22,2023,5,May,Delta,Consumer,Canada,4,162.5,63.83,649.98,162.5,487.49,255.31,232.18,0.4763,81.31,81.63,150.55,50.0,5000.0,2440.99,2559.01,1.63,1.08,0.95,0.0301,20%+,255.31,649.98,487.49,232.18,4,162.5,63.83,20%+,162.5,May,Delta
2024-05-23,2024,5,May,Echo,Consumer,USA,12,177.16,95.96,2125.93,148.81,1977.11,1151.55,825.56,0.4176,308.21,327.69,497.87,236.76,5000.0,2254.77,2745.23,2.18,1.91,0.82,0.0996,5-10%,1151.55,2125.93,1977.11,825.56,12,177.16,95.96,5-10%,148.81,May,Echo
2025-07-15,2025,7,Jul,Echo,Consumer,UK,9,238.76,119.77,2148.87,257.86,1891.01,1077.94,813.06,0.43,242.36,229.29,583.77,203.87,5000.0,2881.25,2118.75,1.54,1.17,1.36,0.1168,10-20%,1077.94,2148.87,1891.01,813.06,9,238.76,119.77,10-20%,257.86,Jul,Echo
2025-05-07,2025,5,May,Alpha,SMB,UK,6,215.63,102.95,1293.78,90.56,1203.22,617.73,585.49,0.4866,156.74,152.94,432.55,79.74,5000.0,2982.8,2017.2,1.74,1.43,1.48,0.0865,5-10%,617.73,1293.78,1203.22,585.49,6,215.63,102.95,5-10%,90.56,May,Alpha
2024-06-12,2024,6,Jun,Echo,Enterprise,Canada,10,230.41,84.56,2304.15,0.0,2304.15,845.6,1458.55,0.633,410.99,396.85,1061.69,125.63,5000.0,2450.75,2549.25,1.53,1.11,0.96,0.2123,0-5%,845.6,2304.15,2304.15,1458.55,10,230.41,84.56,0-5%,0.0,Jun,Echo
2024-04-16,2024,4,Apr,Alpha,SMB,USA,8,147.47,67.87,1179.73,0.0,1179.73,542.98,636.75,0.5397,269.06,267.13,369.63,64.56,5000.0,2936.84,2063.16,2.06,1.85,1.42,0.0739,0-5%,542.98,1179.73,1179.73,636.75,8,147.47,67.87,0-5%,0.0,Apr,Alpha
2024-06-30,2024,6,Jun,Bravo,Consumer,Canada,9,207.65,113.09,1868.84,0.0,1868.84,1017.81,851.03,0.4554,379.29,396.17,454.86,204.5,5000.0,2747.75,2252.25,2.06,1.79,1.22,0.091,0-5%,1017.81,1868.84,1868.84,851.03,9,207.65,113.09,0-5%,0.0,Jun,Bravo
2024-03-10,2024,3,Mar,Bravo,Consumer,Canada,6,323.8,148.62,1942.78,58.28,1884.49,891.7,992.8,0.5268,314.11,336.82,655.98,159.22,5000.0,1922.57,3077.43,1.71,1.36,0.62,0.1312,0-5%,891.7,1942.78,1884.49,992.8,6,323.8,148.62,0-5%,58.28,Mar,Bravo
2024-11-28,2024,11,Nov,Alpha,SMB,UK,11,211.09,76.8,2322.04,0.0,2322.04,844.77,1477.27,0.6362,641.77,632.75,844.52,119.35,5000.0,2383.09,2616.91,1.05,0.73,0.91,0.1689,0-5%,844.77,2322.04,2322.04,1477.27,11,211.09,76.8,0-5%,0.0,Nov,Alpha
2025-08-28,2025,8,Aug,Bravo,Consumer,India,5,239.78,118.8,1198.88,143.87,1055.01,594.0,461.01,0.437,256.03,241.91,219.1,101.53,5000.0,2917.94,2082.06,1.34,0.98,1.4,0.0438,10-20%,594.0,1198.88,1055.01,461.01,5,239.78,118.8,10-20%,143.87,Aug,Bravo
2024-12-14,2024,12,Dec,Bravo,SMB,India,6,219.89,88.1,1319.33,39.58,1279.75,528.58,751.17,0.587,231.1,227.2,523.97,57.76,5000.0,2720.37,2279.63,1.38,1.05,1.19,0.1048,0-5%,528.58,1319.33,1279.75,751.17,6,219.89,88.1,0-5%,39.58,Dec,Bravo
2023-01-26,2023,1,Jan,Echo,SMB,Canada,12,245.97,122.65,2951.62,88.55,2863.07,1471.85,1391.23,0.4859,401.01,409.01,982.22,158.97,5000.0,2810.84,2189.16,2.06,1.64,1.28,0.1964,0-5%,1471.85,2951.62,2863.07,1391.23,12,245.97,122.65,0-5%,88.55,Jan,Echo
2025-06-18,2025,6,Jun,Echo,Consumer,USA,7,182.26,85.9,1275.8,0.0,1275.8,601.27,674.53,0.5287,329.35,340.13,334.39,130.66,5000.0,2576.88,2423.12,1.91,1.43,1.06,0.0669,0-5%,601.27,1275.8,1275.8,674.53,7,182.26,85.9,0-5%,0.0,Jun,Echo
2023-12-25,2023,12,Dec,Cobalt,Consumer,USA,17,165.38,67.03,2811.48,0.0,2811.48,1139.43,1672.05,0.5947,539.12,514.38,1157.67,145.27,5576.99,2861.04,2715.95,1.76,1.34,1.05,0.2076,0-5%,1139.43,2811.48,2811.48,1672.05,17,165.38,67.03,0-5%,0.0,Dec,Cobalt
2025-05-08,2025,5,May,Bravo,Enterprise,USA,11,183.61,96.14,2019.7,60.59,1959.11,1057.54,901.57,0.4602,387.58,394.3,507.28,201.91,5000.0,2219.39,2780.61,1.89,1.65,0.8,0.1015,0-5%,1057.54,2019.7,1959.11,901.57,11,183.61,96.14,0-5%,60.59,May,Bravo
2023-11-18,2023,11,Nov,Alpha,Consumer,USA,7,179.7,90.86,1257.88,0.0,1257.88,635.99,621.89,0.4944,338.95,348.71,273.17,122.97,5000.0,2328.72,2671.28,1.67,1.24,0.87,0.0546,0-5%,635.99,1257.88,1257.88,621.89,7,179.7,90.86,0-5%,0.0,Nov,Alpha
2024-01-27,2024,1,Jan,Cobalt,Enterprise,USA,6,215.64,118.21,1293.82,38.81,1255.01,709.23,545.77,0.4349,155.31,158.12,387.65,148.35,5000.0,2155.51,2844.49,2.01,1.64,0.76,0.0775,0-5%,709.23,1293.82,1255.01,545.77,6,215.64,118.21,0-5%,38.81,Jan,Cobalt
2023-12-15,2023,12,Dec,Cobalt,Consumer,USA,9,225.55,103.35,2029.97,243.6,1786.38,930.16,856.22,0.4793,339.57,318.53,537.68,142.96,5000.0,2547.91,2452.09,1.86,1.52,1.04,0.1075,10-20%,930.16,2029.97,1786.38,856.22,9,225.55,103.35,10-20%,243.6,Dec,Cobalt
2025-05-19,2025,5,May,Echo,Consumer,USA,5,355.11,140.11,1775.57,0.0,1775.57,700.55,1075.02,0.6054,428.07,445.82,629.2,109.65,5000.0,2054.27,2945.73,1.5,0.92,0.7,0.1258,0-5%,700.55,1775.57,1775.57,1075.02,5,355.11,140.11,0-5%,0.0,May,Echo
2023-05-26,2023,5,May,Flux,SMB,India,5,225.58,89.35,1127.92,0.0,1127.92,446.74,681.19,0.6039,246.27,254.35,426.84,78.7,5000.0,2337.63,2662.37,1.76,1.45,0.88,0.0854,0-5%,446.74,1127.92,1127.92,681.19,5,225.58,89.35,0-5%,0.0,May,Flux
2023-06-13,2023,6,Jun,Cobalt,Consumer,USA,11,215.9,110.58,2374.88,71.25,2303.63,1216.35,1087.29,0.472,436.09,466.06,621.23,151.12,5000.0,2313.89,2686.11,2.14,1.73,0.86,0.1242,0-5%,1216.35,2374.88,2303.63,1087.29,11,215.9,110.58,0-5%,71.25,Jun,Cobalt
2024-08-17,2024,8,Aug,Delta,Consumer,India,10,86.73,34.3,867.35,0.0,867.35,343.0,524.35,0.6045,196.35,206.83,317.52,50.0,5000.0,1859.63,3140.37,2.33,2.04,0.59,0.0635,0-5%,343.0,867.35,867.35,524.35,10,86.73,34.3,0-5%,0.0,Aug,Delta
2023-10-30,2023,10,Oct,Echo,SMB,India,7,241.66,121.63,1691.63,203.0,1488.63,851.41,637.23,0.4281,212.42,198.21,439.02,163.44,5000.0,1957.96,3042.04,1.55,1.3,0.64,0.0878,10-20%,851.41,1691.63,1488.63,637.23,7,241.66,121.63,10-20%,203.0,Oct,Echo
2025-07-19,2025,7,Jul,Flux,Consumer,Germany,7,248.76,114.01,1741.32,52.24,1689.08,798.07,891.02,0.5275,306.46,310.34,580.68,155.37,5000.0,2793.21,2206.79,1.63,1.05,1.27,0.1161,0-5%,798.07,1741.32,1689.08,891.02,7,248.76,114.01,0-5%,52.24,Jul,Flux
2024-06-23,2024,6,Jun,Delta,Consumer,UK,11,127.39,69.2,1401.28,42.04,1359.24,761.21,598.03,0.44,328.78,339.67,258.36,147.06,5000.0,2990.1,2009.9,1.8,1.38,1.49,0.0517,0-5%,761.21,1401.28,1359.24,598.03,11,127.39,69.2,0-5%,42.04,Jun,Delta
2025-02-22,2025,2,Feb,Bravo,SMB,USA,10,216.28,103.02,2162.8,64.88,2097.92,1030.22,1067.7,0.5089,424.97,458.53,609.17,104.78,5000.0,2611.05,2388.95,1.55,1.12,1.09,0.1218,0-5%,1030.22,2162.8,2097.92,1067.7,10,216.28,103.02,0-5%,64.88,Feb,Bravo
2025-04-23,2025,4,Apr,Cobalt,Consumer,USA,8,140.05,62.13,1120.44,33.61,1086.82,497.04,589.79,0.5427,293.13,311.64,278.14,65.47,5000.0,2867.45,2132.55,1.25,0.92,1.34,0.0556,0-5%,497.04,1120.44,1086.82,589.79,8,140.05,62.13,0-5%,33.61,Apr,Cobalt
2025-12-07,2025,12,Dec,Echo,Consumer,Canada,9,106.48,43.18,958.3,0.0,958.3,388.64,569.67,0.5945,241.71,241.06,328.61,75.26,5000.0,2099.19,2900.81,1.56,1.19,0.72,0.0657,0-5%,388.64,958.3,958.3,569.67,9,106.48,43.18,0-5%,0.0,Dec,Echo
2023-11-09,2023,11,Nov,Alpha,Enterprise,USA,13,219.31,113.35,2851.02,85.53,2765.49,1473.52,1291.96,0.4672,619.6,666.75,625.21,253.3,5565.58,3191.83,2373.75,1.97,1.74,1.34,0.1123,0-5%,1473.52,2851.02,2765.49,1291.96,13,219.31,113.35,0-5%,85.53,Nov,Alpha
2024-03-31,2024,3,Mar,Bravo,SMB,USA,9,131.71,46.65,1185.35,82.97,1102.38,419.86,682.51,0.6191,139.66,145.41,537.1,80.13,5000.0,2984.32,2015.68,1.74,1.5,1.48,0.1074,5-10%,419.86,1185.35,1102.38,682.51,9,131.71,46.65,5-10%,82.97,Mar,Bravo
2024-09-09,2024,9,Sep,Bravo,Consumer,India,7,284.39,115.62,1990.72,139.35,1851.37,809.36,1042.01,0.5628,399.11,382.07,659.94,81.13,5000.0,1844.63,3155.37,2.19,1.61,0.58,0.132,5-10%,809.36,1990.72,1851.37,1042.01,7,284.39,115.62,5-10%,139.35,Sep,Bravo
2025-03-24,2025,3,Mar,Alpha,Consumer,Germany,11,244.98,125.71,2694.83,80.84,2613.98,1382.84,1231.14,0.471,573.1,572.66,658.48,304.2,5000.0,1794.84,3205.16,1.89,1.57,0.56,0.1317,0-5%,1382.84,2694.83,2613.98,1231.14,11,244.98,125.71,0-5%,80.84,Mar,Alpha
2024-05-26,2024,5,May,Cobalt,Consumer,Canada,15,246.46,131.36,3696.95,258.79,3438.16,1970.47,1467.7,0.4269,779.4,727.14,740.55,386.74,5000.0,1798.05,3201.95,1.33,0.87,0.56,0.1481,5-10%,1970.47,3696.95,3438.16,1467.7,15,246.46,131.36,5-10%,258.79,May,Cobalt
2024-09-07,2024,9,Sep,Flux,Consumer,USA,7,163.15,61.17,1142.07,285.52,856.56,428.18,428.38,0.5001,170.62,178.13,250.25,50.0,5000.0,2901.03,2098.97,1.88,1.6,1.38,0.05,20%+,428.18,1142.07,856.56,428.38,7,163.15,61.17,20%+,285.52,Sep,Flux
2024-04-26,2024,4,Apr,Echo,SMB,UK,9,286.39,129.75,2577.49,309.3,2268.2,1167.72,1100.47,0.4852,367.4,348.1,752.37,223.88,5000.0,3223.18,1776.82,1.73,1.37,1.81,0.1505,10-20%,1167.72,2577.49,2268.2,1100.47,9,286.39,129.75,10-20%,309.3,Apr,Echo
2025-08-30,2025,8,Aug,Echo,Consumer,USA,14,177.45,83.87,2484.31,298.12,2186.19,1174.14,1012.05,0.4629,306.16,318.79,693.26,205.46,5000.0,2493.84,2506.16,2.3,1.83,1.0,0.1387,10-20%,1174.14,2484.31,2186.19,1012.05,14,177.45,83.87,10-20%,298.12,Aug,Echo
2023-06-19,2023,6,Jun,Flux,SMB,Germany,11,405.15,205.64,4456.63,534.8,3921.83,2262.03,1659.8,0.4232,790.53,747.16,912.64,497.43,5177.3,2739.91,2437.39,1.26,1.05,1.12,0.1763,10-20%,2262.03,4456.63,3921.83,1659.8,11,405.15,205.64,10-20%,534.8,Jun,Flux
2023-05-15,2023,5,May,Flux,Consumer,USA,8,256.17,112.34,2049.32,143.45,1905.87,898.7,1007.17,0.5285,456.81,435.58,571.59,144.36,5000.0,2691.98,2308.02,2.42,2.03,1.17,0.1143,5-10%,898.7,2049.32,1905.87,1007.17,8,256.17,112.34,5-10%,143.45,May,Flux
2023-01-19,2023,1,Jan,Delta,Consumer,India,11,259.03,138.72,2849.34,199.45,2649.88,1525.95,1123.94,0.4241,726.0,739.68,384.25,232.09,5000.0,3166.74,1833.26,1.88,1.34,1.73,0.0769,5-10%,1525.95,2849.34,2649.88,1123.94,11,259.03,138.72,5-10%,199.45,Jan,Delta
2024-10-28,2024,10,Oct,Flux,Consumer,USA,6,180.33,96.71,1081.99,0.0,1081.99,580.28,501.71,0.4637,256.19,243.89,257.83,84.99,5000.0,2977.36,2022.64,2.1,1.53,1.47,0.0516,0-5%,580.28,1081.99,1081.99,501.71,6,180.33,96.71,0-5%,0.0,Oct,Flux
2024-02-27,2024,2,Feb,Delta,Enterprise,Canada,10,178.62,91.9,1786.24,0.0,1786.24,918.96,867.28,0.4855,337.65,339.28,528.01,108.95,5000.0,2775.4,2224.6,1.63,1.35,1.25,0.1056,0-5%,918.96,1786.24,1786.24,867.28,10,178.62,91.9,0-5%,0.0,Feb,Delta
2023-11-19,2023,11,Nov,Cobalt,Consumer,USA,15,199.36,84.2,2990.37,358.84,2631.53,1262.99,1368.54,0.5201,701.81,717.84,650.7,264.19,5000.0,3005.78,1994.22,1.16,0.76,1.51,0.1301,10-20%,1262.99,2990.37,2631.53,1368.54,15,199.36,84.2,10-20%,358.84,Nov,Cobalt
2025-09-05,2025,9,Sep,Bravo,Consumer,USA,8,194.45,102.2,1555.61,388.9,1166.71,817.56,349.15,0.2993,322.75,326.66,22.48,118.05,5000.0,2908.62,2091.38,1.71,1.41,1.39,0.0045,20%+,817.56,1555.61,1166.71,349.15,8,194.45,102.2,20%+,388.9,Sep,Bravo
2025-10-06,2025,10,Oct,Flux,SMB,USA,7,165.64,70.11,1159.48,0.0,1159.48,490.74,668.74,0.5768,227.7,216.98,451.76,50.0,5000.0,2323.36,2676.64,2.27,1.97,0.87,0.0904,0-5%,490.74,1159.48,1159.48,668.74,7,165.64,70.11,0-5%,0.0,Oct,Flux
2025-04-28,2025,4,Apr,Flux,Consumer,USA,9,277.75,135.72,2499.72,174.98,2324.74,1221.47,1103.27,0.4746,501.63,472.35,630.92,184.45,5000.0,3235.16,1764.84,1.8,1.4,1.83,0.1262,5-10%,1221.47,2499.72,2324.74,1103.27,9,277.75,135.72,5-10%,174.98,Apr,Flux
2023-03-09,2023,3,Mar,Flux,Enterprise,Germany,5,269.79,94.52,1348.97,94.43,1254.55,472.6,781.94,0.6233,192.57,194.45,587.5,50.57,5000.0,2200.52,2799.48,1.7,1.37,0.79,0.1175,5-10%,472.6,1348.97,1254.55,781.94,5,269.79,94.52,5-10%,94.43,Mar,Flux
2025-07-19,2025,7,Jul,Delta,SMB,Canada,7,152.08,71.33,1064.55,74.52,990.03,499.34,490.69,0.4956,197.08,203.06,287.64,102.14,5000.0,2039.91,2960.09,1.75,1.48,0.69,0.0575,5-10%,499.34,1064.55,990.03,490.69,7,152.08,71.33,5-10%,74.52,Jul,Delta
2024-11-18,2024,11,Nov,Alpha,SMB,USA,8,252.46,99.44,2019.72,0.0,2019.72,795.53,1224.18,0.6061,543.69,574.47,649.71,155.03,5000.0,2120.3,2879.7,1.19,0.86,0.74,0.1299,0-5%,795.53,2019.72,2019.72,1224.18,8,252.46,99.44,0-5%,0.0,Nov,Alpha
2023-02-11,2023,2,Feb,Echo,SMB,UK,9,249.91,129.74,2249.2,0.0,2249.2,1167.62,1081.58,0.4809,610.38,599.01,482.57,138.48,5000.0,3078.56,1921.44,1.62,1.15,1.6,0.0965,0-5%,1167.62,2249.2,2249.2,1081.58,9,249.91,129.74,0-5%,0.0,Feb,Echo
2024-11-17,2024,11,Nov,Delta,SMB,USA,12,177.65,78.95,2131.84,63.96,2067.89,947.42,1120.47,0.5418,541.88,512.34,608.13,144.67,5000.0,3109.13,1890.87,1.61,1.18,1.64,0.1216,0-5%,947.42,2131.84,2067.89,1120.47,12,177.65,78.95,0-5%,63.96,Nov,Delta
2025-01-05,2025,1,Jan,Delta,Consumer,UK,12,206.85,91.44,2482.14,620.54,1861.61,1097.26,764.35,0.4106,459.95,444.96,319.38,135.56,5000.0,1966.26,3033.74,2.42,1.86,0.65,0.0639,20%+,1097.26,2482.14,1861.61,764.35,12,206.85,91.44,20%+,620.54,Jan,Delta
2025-07-26,2025,7,Jul,Alpha,Consumer,USA,5,259.64,98.16,1298.18,38.95,1259.23,490.82,768.41,0.6102,257.44,240.34,528.07,107.75,5000.0,3177.77,1822.23,1.74,1.32,1.74,0.1056,0-5%,490.82,1298.18,1259.23,768.41,5,259.64,98.16,0-5%,38.95,Jul,Alpha
2024-04-20,2024,4,Apr,Bravo,Consumer,Canada,12,147.82,70.29,1773.85,124.17,1649.68,843.52,806.16,0.4887,255.8,246.91,559.25,143.32,5000.0,2251.84,2748.16,1.66,1.22,0.82,0.1118,5-10%,843.52,1773.85,1649.68,806.16,12,147.82,70.29,5-10%,124.17,Apr,Bravo
2023-09-07,2023,9,Sep,Bravo,SMB,USA,9,249.7,119.16,2247.33,67.42,2179.91,1072.43,1107.48,0.508,581.57,545.83,561.65,142.56,5000.0,2946.77,2053.23,1.63,1.26,1.44,0.1123,0-5%,1072.43,2247.33,2179.91,1107.48,9,249.7,119.16,0-5%,67.42,Sep,Bravo
2025-09-16,2025,9,Sep,Alpha,Consumer,USA,10,244.11,109.31,2441.11,292.93,2148.17,1093.13,1055.05,0.4911,356.3,334.42,720.63,232.59,5000.0,2883.86,2116.14,1.47,0.93,1.36,0.1441,10-20%,1093.13,2441.11,2148.17,1055.05,10,244.11,109.31,10-20%,292.93,Sep,Alpha
2024-12-18,2024,12,Dec,Delta,Consumer,Germany,6,299.0,116.42,1794.01,125.58,1668.43,698.51,969.92,0.5813,414.43,407.83,562.09,101.93,5000.0,3099.48,1900.52,1.07,0.69,1.63,0.1124,5-10%,698.51,1794.01,1668.43,969.92,6,299.0,116.42,5-10%,125.58,Dec,Delta
2025-03-18,2025,3,Mar,Flux,Enterprise,Canada,7,200.3,70.46,1402.11,42.06,1360.05,493.22,866.83,0.6374,254.82,250.32,616.51,50.89,5000.0,2767.48,2232.52,1.76,1.5,1.24,0.1233,0-5%,493.22,1402.11,1360.05,866.83,7,200.3,70.46,0-5%,42.06,Mar,Flux
2025-03-01,2025,3,Mar,Cobalt,Enterprise,USA,5,178.02,90.86,890.12,26.7,863.41,454.29,409.12,0.4738,131.26,140.16,268.96,96.18,5000.0,2227.1,2772.9,1.91,1.4,0.8,0.0538,0-5%,454.29,890.12,863.41,409.12,5,178.02,90.86,0-5%,26.7,Mar,Cobalt
2025-06-23,2025,6,Jun,Bravo,Consumer,USA,7,246.41,100.14,1724.9,206.99,1517.91,700.95,816.97,0.5382,418.08,394.76,422.2,73.19,5000.0,3179.44,1820.56,1.61,1.33,1.75,0.0844,10-20%,700.95,1724.9,1517.91,816.97,7,246.41,100.14,10-20%,206.99,Jun,Bravo
2025-06-01,2025,6,Jun,Bravo,Consumer,UK,6,225.08,79.54,1350.47,94.53,1255.94,477.26,778.69,0.62,173.16,162.97,615.72,50.0,5000.0,1919.24,3080.76,1.88,1.44,0.62,0.1231,5-10%,477.26,1350.47,1255.94,778.69,6,225.08,79.54,5-10%,94.53,Jun,Bravo
2024-02-01,2024,2,Feb,Bravo,Consumer,Germany,9,276.02,99.2,2484.17,74.53,2409.65,892.84,1516.81,0.6295,298.91,312.95,1203.86,99.67,5000.0,1800.51,3199.49,1.87,1.66,0.56,0.2408,0-5%,892.84,2484.17,2409.65,1516.81,9,276.02,99.2,0-5%,74.53,Feb,Bravo
2024-03-07,2024,3,Mar,Alpha,SMB,USA,16,279.93,136.84,4478.91,134.37,4344.54,2189.39,2155.15,0.4961,1148.52,1164.24,990.92,323.2,6081.78,2443.91,3637.87,2.16,1.64,0.67,0.1629,0-5%,2189.39,4478.91,4344.54,2155.15,16,279.93,136.84,0-5%,134.37,Mar,Alpha
2023-02-26,2023,2,Feb,Delta,SMB,Germany,9,282.51,105.58,2542.63,76.28,2466.35,950.2,1516.15,0.6147,577.39,590.64,925.51,138.33,5000.0,2499.45,2500.55,1.52,1.15,1.0,0.1851,0-5%,950.2,2542.63,2466.35,1516.15,9,282.51,105.58,0-5%,76.28,Feb,Delta
2024-05-18,2024,5,May,Delta,Enterprise,USA,11,217.6,94.18,2393.55,71.81,2321.74,1035.96,1285.78,0.5538,518.04,501.86,783.93,110.75,5000.0,2193.96,2806.04,1.8,1.56,0.78,0.1568,0-5%,1035.96,2393.55,2321.74,1285.78,11,217.6,94.18,0-5%,71.81,May,Delta
2025-08-07,2025,8,Aug,Alpha,Consumer,USA,7,243.05,121.25,1701.38,119.1,1582.29,848.75,733.54,0.4636,423.98,392.63,340.91,124.31,5000.0,2159.28,2840.72,1.32,1.05,0.76,0.0682,5-10%,848.75,1701.38,1582.29,733.54,7,243.05,121.25,5-10%,119.1,Aug,Alpha
2023-01-16,2023,1,Jan,Echo,Enterprise,USA,10,191.91,84.67,1919.13,134.34,1784.79,846.72,938.07,0.5256,398.63,401.77,536.3,87.5,5000.0,2955.81,2044.19,2.09,1.74,1.45,0.1073,5-10%,846.72,1919.13,1784.79,938.07,10,191.91,84.67,5-10%,134.34,Jan,Echo
2023-11-29,2023,11,Nov,Cobalt,Enterprise,India,9,155.28,66.14,1397.52,97.83,1299.69,595.26,704.43,0.542,188.71,194.7,509.74,80.19,5000.0,2013.48,2986.52,1.82,1.43,0.67,0.1019,5-10%,595.26,1397.52,1299.69,704.43,9,155.28,66.14,5-10%,97.83,Nov,Cobalt
2025-11-25,2025,11,Nov,Flux,SMB,USA,8,199.23,88.33,1593.87,0.0,1593.87,706.63,887.24,0.5567,372.35,352.26,534.97,149.62,5000.0,2919.93,2080.07,2.19,1.83,1.4,0.107,0-5%,706.63,1593.87,1593.87,887.24,8,199.23,88.33,0-5%,0.0,Nov,Flux
2023-08-27,2023,8,Aug,Bravo,Consumer,Germany,12,188.69,100.76,2264.32,67.93,2196.39,1209.07,987.33,0.4495,612.73,605.26,382.07,171.12,5000.0,1946.13,3053.87,1.05,0.62,0.64,0.0764,0-5%,1209.07,2264.32,2196.39,987.33,12,188.69,100.76,0-5%,67.93,Aug,Bravo
2025-06-02,2025,6,Jun,Alpha,SMB,India,13,132.0,51.23,1716.02,120.12,1595.9,666.01,929.89,0.5827,229.99,233.73,696.16,80.44,5000.0,2594.04,2405.96,1.69,1.35,1.08,0.1392,5-10%,666.01,1716.02,1595.9,929.89,13,132.0,51.23,5-10%,120.12,Jun,Alpha
2024-09-07,2024,9,Sep,Alpha,Consumer,India,7,181.44,80.85,1270.06,0.0,1270.06,565.94,704.12,0.5544,291.97,309.85,394.27,86.39,5000.0,2700.24,2299.76,1.53,1.16,1.17,0.0789,0-5%,565.94,1270.06,1270.06,704.12,7,181.44,80.85,0-5%,0.0,Sep,Alpha
2023-11-25,2023,11,Nov,Alpha,SMB,USA,8,220.29,79.7,1762.33,211.48,1550.85,637.63,913.23,0.5889,189.36,183.64,729.59,89.26,5000.0,2267.51,2732.49,1.74,1.49,0.83,0.1459,10-20%,637.63,1762.33,1550.85,913.23,8,220.29,79.7,10-20%,211.48,Nov,Alpha
2024-01-09,2024,1,Jan,Echo,SMB,Germany,8,124.39,48.76,995.12,0.0,995.12,390.06,605.07,0.608,247.01,238.29,366.78,67.04,5000.0,3037.55,1962.45,1.31,0.78,1.55,0.0734,0-5%,390.06,995.12,995.12,605.07,8,124.39,48.76,0-5%,0.0,Jan,Echo
2025-04-06,2025,4,Apr,Bravo,Consumer,Canada,9,190.43,72.14,1713.88,119.97,1593.91,649.22,944.68,0.5927,218.02,211.15,733.54,105.4,5000.0,2835.73,2164.27,1.13,0.88,1.31,0.1467,5-10%,649.22,1713.88,1593.91,944.68,9,190.43,72.14,5-10%,119.97,Apr,Bravo
2024-09-15,2024,9,Sep,Cobalt,SMB,USA,8,91.48,44.64,731.83,21.95,709.87,357.14,352.73,0.4969,123.95,128.6,224.13,50.0,5000.0,1941.91,3058.09,1.51,1.26,0.64,0.0448,0-5%,357.14,731.83,709.87,352.73,8,91.48,44.64,0-5%,21.95,Sep,Cobalt
2024-01-25,2024,1,Jan,Cobalt,Consumer,USA,9,188.84,90.06,1699.6,203.95,1495.65,810.53,685.12,0.4581,243.26,257.71,427.41,173.67,5000.0,2170.82,2829.18,1.57,1.15,0.77,0.0855,10-20%,810.53,1699.6,1495.65,685.12,9,188.84,90.06,10-20%,203.95,Jan,Cobalt
2024-04-03,2024,4,Apr,Delta,Consumer,Germany,10,208.12,75.63,2081.2,145.68,1935.52,756.29,1179.23,0.6093,397.79,412.98,766.25,135.43,5000.0,2241.9,2758.1,1.38,0.89,0.81,0.1532,5-10%,756.29,2081.2,1935.52,1179.23,10,208.12,75.63,5-10%,145.68,Apr,Delta
2025-07-22,2025,7,Jul,Flux,Enterprise,India,5,317.77,145.6,1588.86,111.22,1477.64,728.0,749.64,0.5073,250.66,252.87,496.76,119.98,5000.0,1757.55,3242.45,1.53,1.03,0.54,0.0994,5-10%,728.0,1588.86,1477.64,749.64,5,317.77,145.6,5-10%,111.22,Jul,Flux
2023-10-24,2023,10,Oct,Echo,Enterprise,USA,8,272.2,116.43,2177.6,544.4,1633.2,931.46,701.74,0.4297,239.65,232.31,469.43,147.01,5000.0,2905.76,2094.24,2.21,1.62,1.39,0.0939,20%+,931.46,2177.6,1633.2,701.74,8,272.2,116.43,20%+,544.4,Oct,Echo
2024-08-20,2024,8,Aug,Flux,SMB,UK,9,246.52,96.08,2218.65,0.0,2218.65,864.72,1353.92,0.6102,412.8,419.93,933.99,125.07,5000.0,2623.34,2376.66,2.4,1.9,1.1,0.1868,0-5%,864.72,2218.65,2218.65,1353.92,9,246.52,96.08,0-5%,0.0,Aug,Flux
2025-02-14,2025,2,Feb,Alpha,SMB,USA,11,161.0,57.2,1770.97,123.97,1647.0,629.17,1017.83,0.618,241.84,223.15,794.68,103.6,5000.0,2971.59,2028.41,2.14,1.75,1.46,0.1589,5-10%,629.17,1770.97,1647.0,1017.83,11,161.0,57.2,5-10%,123.97,Feb,Alpha
2025-01-23,2025,1,Jan,Flux,SMB,Canada,9,198.75,91.19,1788.75,214.65,1574.1,820.71,753.4,0.4786,350.46,353.54,399.86,120.16,5000.0,2732.97,2267.03,1.09,0.78,1.21,0.08,10-20%,820.71,1788.75,1574.1,753.4,9,198.75,91.19,10-20%,214.65,Jan,Flux
2024-02-06,2024,2,Feb,Delta,SMB,USA,7,179.95,97.35,1259.65,0.0,1259.65,681.45,578.2,0.459,346.3,318.74,259.46,134.88,5000.0,2534.95,2465.05,1.56,1.28,1.03,0.0519,0-5%,681.45,1259.65,1259.65,578.2,7,179.95,97.35,0-5%,0.0,Feb,Delta
2025-12-31,2025,12,Dec,Delta,Enterprise,USA,6,272.47,145.93,1634.79,0.0,1634.79,875.6,759.19,0.4644,368.61,382.75,376.44,181.28,5000.0,2114.77,2885.23,1.82,1.39,0.73,0.0753,0-5%,875.6,1634.79,1634.79,759.19,6,272.47,145.93,0-5%,0.0,Dec,Delta
2023-08-14,2023,8,Aug,Delta,Consumer,USA,7,307.51,162.69,2152.59,0.0,2152.59,1138.85,1013.74,0.4709,399.77,369.93,643.81,181.38,5000.0,1909.9,3090.1,1.36,1.07,0.62,0.1288,0-5%,1138.85,2152.59,2152.59,1013.74,7,307.51,162.69,0-5%,0.0,Aug,Delta
2023-04-04,2023,4,Apr,Bravo,Consumer,UK,10,224.44,118.67,2244.44,269.33,1975.1,1186.69,788.41,0.3992,271.53,281.9,506.52,215.31,5000.0,3038.59,1961.41,1.93,1.39,1.55,0.1013,10-20%,1186.69,2244.44,1975.1,788.41,10,224.44,118.67,10-20%,269.33,Apr,Bravo
2024-11-26,2024,11,Nov,Cobalt,Consumer,India,15,238.22,111.4,3573.26,250.13,3323.13,1671.07,1652.06,0.4971,840.89,847.48,804.58,212.95,5676.07,2798.09,2877.98,2.01,1.5,0.97,0.1417,5-10%,1671.07,3573.26,3323.13,1652.06,15,238.22,111.4,5-10%,250.13,Nov,Cobalt
2024-05-19,2024,5,May,Cobalt,Consumer,Germany,8,170.31,80.79,1362.44,95.37,1267.07,646.34,620.74,0.4899,179.4,169.75,450.99,94.56,5000.0,2789.93,2210.07,1.22,0.95,1.26,0.0902,5-10%,646.34,1362.44,1267.07,620.74,8,170.31,80.79,5-10%,95.37,May,Cobalt
2024-09-06,2024,9,Sep,Cobalt,SMB,UK,8,225.61,104.75,1804.86,0.0,1804.86,837.97,966.89,0.5357,335.9,337.92,628.97,164.25,5000.0,1795.7,3204.3,1.38,0.9,0.56,0.1258,0-5%,837.97,1804.86,1804.86,966.89,8,225.61,104.75,0-5%,0.0,Sep,Cobalt
2025-05-25,2025,5,May,Flux,SMB,USA,7,188.32,72.85,1318.21,39.55,1278.66,509.92,768.74,0.6012,350.46,372.06,396.67,99.43,5000.0,1903.15,3096.85,1.79,1.28,0.61,0.0793,0-5%,509.92,1318.21,1278.66,768.74,7,188.32,72.85,0-5%,39.55,May,Flux
2023-07-15,2023,7,Jul,Bravo,Consumer,USA,10,151.59,54.13,1515.89,0.0,1515.89,541.33,974.56,0.6429,309.52,327.54,647.02,106.76,5000.0,1962.8,3037.2,2.06,1.71,0.65,0.1294,0-5%,541.33,1515.89,1515.89,974.56,10,151.59,54.13,0-5%,0.0,Jul,Bravo
2025-12-30,2025,12,Dec,Delta,Consumer,USA,6,212.33,91.19,1273.99,38.22,1235.77,547.13,688.64,0.5573,320.34,297.82,390.82,97.03,5000.0,2084.48,2915.52,1.98,1.51,0.71,0.0782,0-5%,547.13,1273.99,1235.77,688.64,6,212.33,91.19,0-5%,38.22,Dec,Delta
2024-07-30,2024,7,Jul,Bravo,Consumer,USA,15,216.34,111.46,3245.04,0.0,3245.04,1671.85,1573.19,0.4848,862.35,929.14,644.05,361.26,6655.98,2918.74,3737.24,1.9,1.59,0.78,0.0968,0-5%,1671.85,3245.04,3245.04,1573.19,15,216.34,111.46,0-5%,0.0,Jul,Bravo
2024-07-22,2024,7,Jul,Flux,Enterprise,India,8,163.66,66.32,1309.25,39.28,1269.97,530.6,739.37,0.5822,293.5,292.19,447.18,58.76,5000.0,1890.08,3109.92,1.83,1.37,0.61,0.0894,0-5%,530.6,1309.25,1269.97,739.37,8,163.66,66.32,0-5%,39.28,Jul,Flux
2024-04-26,2024,4,Apr,Flux,Consumer,USA,6,231.13,116.2,1386.8,166.42,1220.39,697.19,523.2,0.4287,231.32,223.2,299.99,122.27,5000.0,2734.92,2265.08,1.94,1.53,1.21,0.06,10-20%,697.19,1386.8,1220.39,523.2,6,231.13,116.2,10-20%,166.42,Apr,Flux
2024-03-01,2024,3,Mar,Cobalt,Consumer,USA,6,265.06,108.0,1590.36,0.0,1590.36,647.99,942.37,0.5926,198.02,212.71,729.66,109.52,5000.0,2702.65,2297.35,2.28,1.69,1.18,0.1459,0-5%,647.99,1590.36,1590.36,942.37,6,265.06,108.0,0-5%,0.0,Mar,Cobalt
2025-02-01,2025,2,Feb,Flux,Consumer,Germany,7,236.24,103.95,1653.7,49.61,1604.09,727.62,876.47,0.5464,257.52,260.93,615.53,133.59,5000.0,2964.75,2035.25,1.97,1.63,1.46,0.1231,0-5%,727.62,1653.7,1604.09,876.47,7,236.24,103.95,0-5%,49.61,Feb,Flux
2025-10-05,2025,10,Oct,Cobalt,Consumer,USA,9,131.87,56.07,1186.79,35.6,1151.19,504.63,646.56,0.5616,240.25,233.96,412.6,51.83,5000.0,1802.23,3197.77,1.69,1.48,0.56,0.0825,0-5%,504.63,1186.79,1151.19,646.56,9,131.87,56.07,0-5%,35.6,Oct,Cobalt
2023-09-13,2023,9,Sep,Flux,Consumer,Germany,7,289.79,107.7,2028.5,60.86,1967.65,753.89,1213.76,0.6169,367.59,356.96,856.79,88.9,5000.0,2088.56,2911.44,2.41,1.93,0.72,0.1714,0-5%,753.89,2028.5,1967.65,1213.76,7,289.79,107.7,0-5%,60.86,Sep,Flux
2024-04-20,2024,4,Apr,Cobalt,SMB,USA,7,150.14,77.64,1051.0,73.57,977.43,543.46,433.97,0.444,148.1,151.0,282.97,98.21,5000.0,1910.61,3089.39,1.69,1.4,0.62,0.0566,5-10%,543.46,1051.0,977.43,433.97,7,150.14,77.64,5-10%,73.57,Apr,Cobalt
2025-12-01,2025,12,Dec,Bravo,Consumer,Germany,10,144.96,63.29,1449.62,0.0,1449.62,632.88,816.74,0.5634,222.22,209.6,607.14,69.03,5000.0,2746.7,2253.3,1.37,0.84,1.22,0.1214,0-5%,632.88,1449.62,1449.62,816.74,10,144.96,63.29,0-5%,0.0,Dec,Bravo
2024-04-09,2024,4,Apr,Delta,Enterprise,Canada,6,238.01,94.77,1428.08,171.37,1256.71,568.6,688.11,0.5476,256.8,238.23,449.89,57.75,5000.0,2644.21,2355.79,0.91,0.71,1.12,0.09,10-20%,568.6,1428.08,1256.71,688.11,6,238.01,94.77,10-20%,171.37,Apr,Delta
2023-06-04,2023,6,Jun,Echo,SMB,USA,15,148.67,60.41,2230.0,66.9,2163.1,906.17,1256.93,0.5811,579.77,574.66,682.27,138.35,5000.0,2669.31,2330.69,2.32,1.92,1.15,0.1365,0-5%,906.17,2230.0,2163.1,1256.93,15,148.67,60.41,0-5%,66.9,Jun,Echo
2024-03-22,2024,3,Mar,Delta,SMB,USA,15,219.99,97.54,3299.87,395.98,2903.89,1463.15,1440.74,0.4961,513.51,481.18,959.55,226.68,5000.0,1831.53,3168.47,1.82,1.55,0.58,0.1919,10-20%,1463.15,3299.87,2903.89,1440.74,15,219.99,97.54,10-20%,395.98,Mar,Delta
2025-05-23,2025,5,May,Alpha,SMB,Canada,5,186.57,81.83,932.86,27.99,904.87,409.13,495.74,0.5479,116.49,122.12,373.62,55.06,5000.0,2118.78,2881.22,1.96,1.47,0.74,0.0747,0-5%,409.13,932.86,904.87,495.74,5,186.57,81.83,0-5%,27.99,May,Alpha
2025-01-16,2025,1,Jan,Delta,Consumer,India,6,278.22,111.6,1669.31,0.0,1669.31,669.58,999.73,0.5989,231.57,222.28,777.45,118.41,5000.0,3238.62,1761.38,2.04,1.65,1.84,0.1555,0-5%,669.58,1669.31,1669.31,999.73,6,278.22,111.6,0-5%,0.0,Jan,Delta
2023-06-12,2023,6,Jun,Cobalt,Consumer,Canada,11,314.36,156.1,3457.96,242.06,3215.9,1717.13,1498.77,0.466,684.29,639.8,858.97,331.96,5424.57,2258.72,3165.85,2.17,1.76,0.71,0.1583,5-10%,1717.13,3457.96,3215.9,1498.77,11,314.36,156.1,5-10%,242.06,Jun,Cobalt
2025-10-27,2025,10,Oct,Delta,Consumer,USA,13,293.77,140.61,3819.01,0.0,3819.01,1827.94,1991.08,0.5214,481.68,449.6,1541.48,191.47,5232.48,1912.14,3320.34,2.45,2.0,0.58,0.2946,0-5%,1827.94,3819.01,3819.01,1991.08,13,293.77,140.61,0-5%,0.0,Oct,Delta
2023-03-07,2023,3,Mar,Bravo,SMB,Canada,7,275.6,149.74,1929.18,231.5,1697.68,1048.15,649.53,0.3826,336.95,310.9,338.64,163.4,5000.0,2617.46,2382.54,2.25,1.88,1.1,0.0677,10-20%,1048.15,1929.18,1697.68,649.53,7,275.6,149.74,10-20%,231.5,Mar,Bravo
2024-01-24,2024,1,Jan,Alpha,Consumer,India,12,181.76,94.09,2181.17,152.68,2028.49,1129.11,899.38,0.4434,445.25,470.63,428.76,244.31,5000.0,2539.65,2460.35,1.79,1.21,1.03,0.0858,5-10%,1129.11,2181.17,2028.49,899.38,12,181.76,94.09,5-10%,152.68,Jan,Alpha
2025-01-22,2025,1,Jan,Flux,Consumer,UK,13,263.12,140.84,3420.51,102.62,3317.9,1830.94,1486.95,0.4482,623.62,654.67,832.28,309.46,5022.85,2640.11,2382.74,2.17,1.74,1.11,0.1657,0-5%,1830.94,3420.51,3317.9,1486.95,13,263.12,140.84,0-5%,102.62,Jan,Flux
2024-07-03,2024,7,Jul,Cobalt,Consumer,India,11,265.94,117.51,2925.29,87.76,2837.53,1292.62,1544.91,0.5445,583.28,590.51,954.4,279.31,5000.0,1759.08,3240.92,1.56,1.35,0.54,0.1909,0-5%,1292.62,2925.29,2837.53,1544.91,11,265.94,117.51,0-5%,87.76,Jul,Cobalt
2025-09-19,2025,9,Sep,Flux,Consumer,USA,13,185.36,88.24,2409.64,168.68,2240.97,1147.17,1093.8,0.4881,550.24,550.24,543.56,127.61,5000.0,3116.81,1883.19,2.48,2.0,1.66,0.1087,5-10%,1147.17,2409.64,2240.97,1093.8,13,185.36,88.24,5-10%,168.68,Sep,Flux
2025-08-01,2025,8,Aug,Delta,Consumer,Canada,6,242.82,121.45,1456.92,174.83,1282.09,728.69,553.39,0.4316,334.16,349.67,203.73,157.9,5000.0,2666.68,2333.32,1.86,1.63,1.14,0.0407,10-20%,728.69,1456.92,1282.09,553.39,6,242.82,121.45,10-20%,174.83,Aug,Delta
2023-06-05,2023,6,Jun,Bravo,Consumer,USA,15,245.99,123.47,3689.87,0.0,3689.87,1852.12,1837.75,0.4981,561.59,554.24,1283.51,248.46,5399.99,3133.86,2266.13,1.89,1.61,1.38,0.2377,0-5%,1852.12,3689.87,3689.87,1837.75,15,245.99,123.47,0-5%,0.0,Jun,Bravo
2025-04-04,2025,4,Apr,Delta,Enterprise,USA,10,224.42,78.59,2244.2,157.09,2087.11,785.91,1301.19,0.6234,337.47,321.28,979.91,104.95,5000.0,2807.14,2192.86,2.6,2.35,1.28,0.196,5-10%,785.91,2244.2,2087.11,1301.19,10,224.42,78.59,5-10%,157.09,Apr,Delta
2025-10-30,2025,10,Oct,Delta,SMB,USA,10,175.93,62.39,1759.31,439.83,1319.48,623.9,695.59,0.5272,241.93,231.24,464.35,128.46,5000.0,3030.48,1969.52,1.3,0.97,1.54,0.0929,20%+,623.9,1759.31,1319.48,695.59,10,175.93,62.39,20%+,439.83,Oct,Delta
2025-12-31,2025,12,Dec,Echo,Consumer,USA,12,183.07,80.18,2196.78,153.77,2043.01,962.12,1080.89,0.5291,436.86,464.96,615.92,116.82,5000.0,2183.66,2816.34,1.46,1.21,0.78,0.1232,5-10%,962.12,2196.78,2043.01,1080.89,12,183.07,80.18,5-10%,153.77,Dec,Echo
2024-10-22,2024,10,Oct,Echo,SMB,India,10,225.19,89.86,2251.89,67.56,2184.34,898.57,1285.77,0.5886,429.79,433.97,851.79,106.59,5000.0,2159.41,2840.59,1.69,1.13,0.76,0.1704,0-5%,898.57,2251.89,2184.34,1285.77,10,225.19,89.86,0-5%,67.56,Oct,Echo
2024-03-23,2024,3,Mar,Bravo,Enterprise,UK,9,193.83,71.27,1744.45,0.0,1744.45,641.45,1103.0,0.6323,485.01,477.53,625.47,131.97,5000.0,2617.55,2382.45,1.05,0.54,1.1,0.1251,0-5%,641.45,1744.45,1744.45,1103.0,9,193.83,71.27,0-5%,0.0,Mar,Bravo
2024-06-02,2024,6,Jun,Alpha,Consumer,UK,5,300.01,139.62,1500.06,180.01,1320.06,698.11,621.95,0.4712,186.4,176.01,445.93,78.99,5000.0,2506.31,2493.69,1.96,1.37,1.01,0.0892,10-20%,698.11,1500.06,1320.06,621.95,5,300.01,139.62,10-20%,180.01,Jun,Alpha
2025-02-01,2025,2,Feb,Flux,Consumer,India,7,223.89,99.18,1567.26,0.0,1567.26,694.23,873.03,0.557,205.44,194.63,678.41,144.75,5000.0,2287.18,2712.82,1.79,1.58,0.84,0.1357,0-5%,694.23,1567.26,1567.26,873.03,7,223.89,99.18,0-5%,0.0,Feb,Flux
2024-02-05,2024,2,Feb,Flux,Consumer,Germany,3,267.68,99.26,803.04,0.0,803.04,297.79,505.24,0.6292,209.5,213.87,291.37,60.23,5000.0,3082.82,1917.18,1.54,1.12,1.61,0.0583,0-5%,297.79,803.04,803.04,505.24,3,267.68,99.26,0-5%,0.0,Feb,Flux
2024-09-25,2024,9,Sep,Alpha,Consumer,USA,4,265.74,95.35,1062.95,74.41,988.54,381.41,607.13,0.6142,175.36,177.75,429.38,76.0,5000.0,2112.45,2887.55,1.7,1.44,0.73,0.0859,5-10%,381.41,1062.95,988.54,607.13,4,265.74,95.35,5-10%,74.41,Sep,Alpha
2025-08-03,2025,8,Aug,Flux,Consumer,USA,8,103.66,46.72,829.26,0.0,829.26,373.8,455.46,0.5492,185.94,197.79,257.67,50.0,5000.0,2546.4,2453.6,1.5,1.08,1.04,0.0515,0-5%,373.8,829.26,829.26,455.46,8,103.66,46.72,0-5%,0.0,Aug,Flux
2025-08-02,2025,8,Aug,Bravo,Consumer,USA,9,252.2,93.99,2269.84,567.46,1702.38,845.89,856.5,0.5031,357.63,345.03,511.47,108.07,5000.0,2723.14,2276.86,1.83,1.33,1.2,0.1023,20%+,845.89,2269.84,1702.38,856.5,9,252.2,93.99,20%+,567.46,Aug,Bravo
2025-09-22,2025,9,Sep,Alpha,Enterprise,Canada,14,147.0,61.2,2057.96,246.96,1811.0,856.83,954.18,0.5269,337.68,312.3,641.88,134.7,5000.0,2422.72,2577.28,1.83,1.57,0.94,0.1284,10-20%,856.83,2057.96,1811.0,954.18,14,147.0,61.2,10-20%,246.96,Sep,Alpha
2023-03-17,2023,3,Mar,Echo,Consumer,Canada,11,234.33,85.25,2577.62,309.31,2268.31,937.8,1330.51,0.5866,338.12,355.5,975.0,192.1,5000.0,2838.26,2161.74,1.83,1.28,1.31,0.195,10-20%,937.8,2577.62,2268.31,1330.51,11,234.33,85.25,10-20%,309.31,Mar,Echo
2023-01-02,2023,1,Jan,Echo,Consumer,Germany,10,267.47,143.33,2674.68,0.0,2674.68,1433.31,1241.37,0.4641,350.47,366.5,874.87,209.81,5000.0,2402.55,2597.45,2.2,1.96,0.92,0.175,0-5%,1433.31,2674.68,2674.68,1241.37,10,267.47,143.33,0-5%,0.0,Jan,Echo
2023-09-23,2023,9,Sep,Echo,SMB,India,8,178.06,82.51,1424.48,99.71,1324.76,660.06,664.71,0.5018,286.0,278.67,386.04,137.38,5000.0,2957.51,2042.49,2.66,2.22,1.45,0.0772,5-10%,660.06,1424.48,1324.76,664.71,8,178.06,82.51,5-10%,99.71,Sep,Echo
2025-09-04,2025,9,Sep,Delta,Consumer,USA,5,261.19,92.28,1305.93,156.71,1149.22,461.39,687.83,0.5985,209.88,195.28,492.54,54.52,5000.0,3207.89,1792.11,1.25,0.87,1.79,0.0985,10-20%,461.39,1305.93,1149.22,687.83,5,261.19,92.28,10-20%,156.71,Sep,Delta
2024-09-10,2024,9,Sep,Echo,Enterprise,USA,14,217.76,77.86,3048.57,91.46,2957.11,1089.98,1867.13,0.6314,455.23,439.44,1427.69,238.73,5032.58,2581.08,2451.5,2.1,1.71,1.05,0.2837,0-5%,1089.98,3048.57,2957.11,1867.13,14,217.76,77.86,0-5%,91.46,Sep,Echo
2024-01-08,2024,1,Jan,Bravo,Consumer,USA,11,231.99,100.2,2551.87,637.97,1913.9,1102.25,811.65,0.4241,474.02,495.38,316.27,227.39,5000.0,2942.8,2057.2,1.59,1.24,1.43,0.0633,20%+,1102.25,2551.87,1913.9,811.65,11,231.99,100.2,20%+,637.97,Jan,Bravo
2024-05-14,2024,5,May,Flux,Consumer,USA,6,141.56,63.48,849.34,0.0,849.34,380.87,468.47,0.5516,113.63,120.31,348.16,53.59,5000.0,2983.61,2016.39,1.45,1.21,1.48,0.0696,0-5%,380.87,849.34,849.34,468.47,6,141.56,63.48,0-5%,0.0,May,Flux
2023-10-01,2023,10,Oct,Bravo,Consumer,USA,10,269.65,146.54,2696.49,80.89,2615.59,1465.45,1150.14,0.4397,658.37,681.77,468.37,294.42,5000.0,3192.94,1807.06,1.68,1.27,1.77,0.0937,0-5%,1465.45,2696.49,2615.59,1150.14,10,269.65,146.54,0-5%,80.89,Oct,Bravo
2024-03-21,2024,3,Mar,Alpha,Consumer,UK,4,256.13,105.81,1024.53,0.0,1024.53,423.24,601.29,0.5869,143.52,137.74,463.55,66.85,5000.0,2753.97,2246.03,1.87,1.39,1.23,0.0927,0-5%,423.24,1024.53,1024.53,601.29,4,256.13,105.81,0-5%,0.0,Mar,Alpha
2024-10-24,2024,10,Oct,Bravo,SMB,USA,3,218.76,90.57,656.28,0.0,656.28,271.72,384.56,0.586,144.87,140.1,244.46,50.0,5000.0,2731.61,2268.39,1.67,1.35,1.2,0.0489,0-5%,271.72,656.28,656.28,384.56,3,218.76,90.57,0-5%,0.0,Oct,Bravo
2025-01-10,2025,1,Jan,Cobalt,SMB,UK,4,324.86,136.75,1299.43,38.98,1260.44,547.02,713.42,0.566,253.42,241.26,472.17,86.12,5000.0,2772.88,2227.12,1.13,0.9,1.25,0.0944,0-5%,547.02,1299.43,1260.44,713.42,4,324.86,136.75,0-5%,38.98,Jan,Cobalt
2024-12-23,2024,12,Dec,Echo,Consumer,UK,10,186.79,81.44,1867.89,0.0,1867.89,814.36,1053.53,0.564,416.63,403.76,649.77,135.34,5000.0,2904.1,2095.9,0.8,0.5,1.39,0.13,0-5%,814.36,1867.89,1867.89,1053.53,10,186.79,81.44,0-5%,0.0,Dec,Echo
2025-11-09,2025,11,Nov,Echo,Consumer,India,11,204.77,90.97,2252.47,157.67,2094.8,1000.68,1094.12,0.5223,407.31,430.56,663.56,155.24,5000.0,2308.35,2691.65,1.23,0.75,0.86,0.1327,5-10%,1000.68,2252.47,2094.8,1094.12,11,204.77,90.97,5-10%,157.67,Nov,Echo
2025-03-20,2025,3,Mar,Bravo,Enterprise,USA,11,301.06,160.1,3311.65,99.35,3212.3,1761.09,1451.22,0.4518,737.06,754.5,696.71,237.5,6474.65,3921.71,2552.94,1.46,1.21,1.54,0.1076,0-5%,1761.09,3311.65,3212.3,1451.22,11,301.06,160.1,0-5%,99.35,Mar,Bravo
2025-07-22,2025,7,Jul,Alpha,SMB,USA,8,250.35,89.64,2002.78,60.08,1942.7,717.1,1225.6,0.6309,259.15,275.69,949.91,143.38,5000.0,2815.37,2184.63,1.52,1.26,1.29,0.19,0-5%,717.1,2002.78,1942.7,1225.6,8,250.35,89.64,0-5%,60.08,Jul,Alpha
2024-08-21,2024,8,Aug,Bravo,Consumer,USA,8,246.48,102.88,1971.81,138.03,1833.78,823.02,1010.77,0.5512,255.14,245.44,765.33,174.21,5000.0,1990.75,3009.25,1.79,1.35,0.66,0.1531,5-10%,823.02,1971.81,1833.78,1010.77,8,246.48,102.88,5-10%,138.03,Aug,Bravo
2024-07-30,2024,7,Jul,Flux,Consumer,Germany,8,142.93,59.96,1143.45,285.86,857.58,479.7,377.88,0.4406,166.78,162.88,215.0,55.33,5000.0,2984.21,2015.79,1.91,1.51,1.48,0.043,20%+,479.7,1143.45,857.58,377.88,8,142.93,59.96,20%+,285.86,Jul,Flux
2023-02-22,2023,2,Feb,Bravo,Consumer,India,7,291.26,138.42,2038.83,61.17,1977.67,968.96,1008.71,0.51,314.03,313.97,694.74,168.0,5000.0,3218.94,1781.06,1.78,1.33,1.81,0.1389,0-5%,968.96,2038.83,1977.67,1008.71,7,291.26,138.42,0-5%,61.17,Feb,Bravo
2024-10-10,2024,10,Oct,Cobalt,SMB,USA,8,298.99,153.68,2391.96,287.03,2104.92,1229.43,875.49,0.4159,299.01,298.32,577.17,147.49,5000.0,2451.64,2548.36,1.59,1.26,0.96,0.1154,10-20%,1229.43,2391.96,2104.92,875.49,8,298.99,153.68,10-20%,287.03,Oct,Cobalt
2024-12-08,2024,12,Dec,Echo,SMB,Canada,9,239.29,85.76,2153.58,258.43,1895.15,771.87,1123.28,0.5927,462.05,495.48,627.8,167.04,5000.0,2452.06,2547.94,1.58,1.28,0.96,0.1256,10-20%,771.87,2153.58,1895.15,1123.28,9,239.29,85.76,10-20%,258.43,Dec,Echo
2023-06-04,2023,6,Jun,Echo,Consumer,USA,9,234.93,108.08,2114.33,0.0,2114.33,972.75,1141.58,0.5399,352.91,324.71,816.87,195.99,5000.0,1756.29,3243.71,2.36,1.76,0.54,0.1634,0-5%,972.75,2114.33,2114.33,1141.58,9,234.93,108.08,0-5%,0.0,Jun,Echo
2024-01-23,2024,1,Jan,Delta,SMB,UK,6,240.31,107.53,1441.88,0.0,1441.88,645.16,796.72,0.5526,398.41,381.03,415.69,84.55,5000.0,2135.67,2864.33,1.52,1.12,0.75,0.0831,0-5%,645.16,1441.88,1441.88,796.72,6,240.31,107.53,0-5%,0.0,Jan,Delta
2024-09-26,2024,9,Sep,Cobalt,Consumer,USA,19,249.56,110.96,4741.68,569.0,4172.68,2108.25,2064.43,0.4947,991.02,1051.01,1013.42,424.03,6205.76,4015.15,2190.61,1.86,1.4,1.83,0.1633,10-20%,2108.25,4741.68,4172.68,2064.43,19,249.56,110.96,10-20%,569.0,Sep,Cobalt
2025-07-10,2025,7,Jul,Flux,Consumer,Canada,8,268.53,111.63,2148.28,64.45,2083.83,893.05,1190.78,0.5714,487.81,461.99,728.79,194.82,5000.0,3210.91,1789.09,2.21,1.63,1.79,0.1458,0-5%,893.05,2148.28,2083.83,1190.78,8,268.53,111.63,0-5%,64.45,Jul,Flux
2023-06-19,2023,6,Jun,Bravo,SMB,USA,3,145.06,64.16,435.19,108.8,326.39,192.49,133.9,0.4102,75.28,79.32,54.59,50.0,5000.0,3081.92,1918.08,2.36,1.76,1.61,0.0109,20%+,192.49,435.19,326.39,133.9,3,145.06,64.16,20%+,108.8,Jun,Bravo
2024-02-28,2024,2,Feb,Bravo,Consumer,USA,11,162.0,88.22,1782.0,0.0,1782.0,970.45,811.55,0.4554,480.87,453.55,358.0,117.29,5000.0,1774.04,3225.96,2.05,1.7,0.55,0.0716,0-5%,970.45,1782.0,1782.0,811.55,11,162.0,88.22,0-5%,0.0,Feb,Bravo
2024-07-31,2024,7,Jul,Flux,SMB,USA,11,125.13,51.64,1376.47,165.18,1211.29,568.09,643.2,0.531,150.9,140.85,502.35,72.46,5000.0,2415.64,2584.36,1.24,0.78,0.93,0.1005,10-20%,568.09,1376.47,1211.29,643.2,11,125.13,51.64,10-20%,165.18,Jul,Flux
2025-02-07,2025,2,Feb,Echo,SMB,Germany,8,216.77,76.82,1734.16,121.39,1612.77,614.56,998.21,0.6189,407.35,393.34,604.88,90.07,5000.0,1918.48,3081.52,1.72,1.29,0.62,0.121,5-10%,614.56,1734.16,1612.77,998.21,8,216.77,76.82,5-10%,121.39,Feb,Echo
2025-08-23,2025,8,Aug,Cobalt,Consumer,USA,15,140.7,62.83,2110.47,63.31,2047.15,942.43,1104.73,0.5396,449.72,471.34,633.39,178.85,5000.0,3185.6,1814.4,1.34,1.14,1.76,0.1267,0-5%,942.43,2110.47,2047.15,1104.73,15,140.7,62.83,0-5%,63.31,Aug,Cobalt
2023-10-07,2023,10,Oct,Bravo,Consumer,USA,5,245.17,103.33,1225.84,0.0,1225.84,516.63,709.21,0.5786,323.42,341.78,367.44,64.03,5000.0,3117.94,1882.06,1.83,1.39,1.66,0.0735,0-5%,516.63,1225.84,1225.84,709.21,5,245.17,103.33,0-5%,0.0,Oct,Bravo
2024-05-22,2024,5,May,Flux,SMB,USA,8,219.75,78.29,1757.96,210.96,1547.01,626.28,920.72,0.5952,283.95,275.75,644.97,97.78,5000.0,2822.34,2177.66,1.95,1.65,1.3,0.129,10-20%,626.28,1757.96,1547.01,920.72,8,219.75,78.29,10-20%,210.96,May,Flux
2025-12-22,2025,12,Dec,Alpha,SMB,Canada,8,277.8,113.01,2222.41,266.69,1955.72,904.08,1051.64,0.5377,250.86,237.76,813.88,116.94,5000.0,2991.34,2008.66,1.52,1.27,1.49,0.1628,10-20%,904.08,2222.41,1955.72,1051.64,8,277.8,113.01,10-20%,266.69,Dec,Alpha
2023-07-16,2023,7,Jul,Flux,SMB,India,4,348.92,186.94,1395.7,41.87,1353.83,747.77,606.05,0.4477,265.27,261.16,344.89,89.48,5000.0,2396.24,2603.76,2.54,2.19,0.92,0.069,0-5%,747.77,1395.7,1353.83,606.05,4,348.92,186.94,0-5%,41.87,Jul,Flux
2023-05-09,2023,5,May,Bravo,Consumer,India,6,280.7,153.84,1684.23,0.0,1684.23,923.01,761.21,0.452,348.71,335.67,425.55,187.04,5000.0,2741.45,2258.55,2.2,1.75,1.21,0.0851,0-5%,923.01,1684.23,1684.23,761.21,6,280.7,153.84,0-5%,0.0,May,Bravo
2024-07-28,2024,7,Jul,Alpha,Enterprise,USA,10,166.07,81.11,1660.67,0.0,1660.67,811.12,849.55,0.5116,275.12,286.81,562.74,108.43,5000.0,2315.7,2684.3,2.33,2.06,0.86,0.1125,0-5%,811.12,1660.67,1660.67,849.55,10,166.07,81.11,0-5%,0.0,Jul,Alpha
2024-01-09,2024,1,Jan,Alpha,Consumer,USA,10,212.27,98.35,2122.72,254.73,1868.0,983.54,884.46,0.4735,287.6,305.0,579.46,142.41,5000.0,1877.43,3122.57,1.78,1.36,0.6,0.1159,10-20%,983.54,2122.72,1868.0,884.46,10,212.27,98.35,10-20%,254.73,Jan,Alpha
2023-02-28,2023,2,Feb,Bravo,Consumer,USA,11,201.29,96.79,2214.2,0.0,2214.2,1064.71,1149.49,0.5191,273.67,275.4,874.08,215.38,5000.0,2273.99,2726.01,1.7,1.12,0.83,0.1748,0-5%,1064.71,2214.2,2214.2,1149.49,11,201.29,96.79,0-5%,0.0,Feb,Bravo
2024-01-12,2024,1,Jan,Flux,SMB,USA,12,316.41,124.21,3796.9,455.63,3341.27,1490.5,1850.78,0.5539,454.69,429.38,1421.39,204.06,5000.0,3129.01,1870.99,1.48,1.17,1.67,0.2843,10-20%,1490.5,3796.9,3341.27,1850.78,12,316.41,124.21,10-20%,455.63,Jan,Flux
2025-11-12,2025,11,Nov,Delta,Consumer,India,7,238.11,104.01,1666.74,50.0,1616.74,728.09,888.65,0.5497,439.06,428.07,460.58,106.34,5000.0,2608.95,2391.05,2.34,1.92,1.09,0.0921,0-5%,728.09,1666.74,1616.74,888.65,7,238.11,104.01,0-5%,50.0,Nov,Delta
2023-08-15,2023,8,Aug,Delta,Enterprise,Germany,6,138.38,69.1,830.27,0.0,830.27,414.63,415.65,0.5006,188.73,191.04,224.6,79.4,5000.0,2315.01,2684.99,1.94,1.71,0.86,0.0449,0-5%,414.63,830.27,830.27,415.65,6,138.38,69.1,0-5%,0.0,Aug,Delta
2023-03-29,2023,3,Mar,Bravo,Consumer,Germany,8,239.41,127.06,1915.28,0.0,1915.28,1016.46,898.82,0.4693,452.4,470.84,427.98,171.1,5000.0,1917.08,3082.92,1.48,1.12,0.62,0.0856,0-5%,1016.46,1915.28,1915.28,898.82,8,239.41,127.06,0-5%,0.0,Mar,Bravo
2025-12-26,2025,12,Dec,Cobalt,Enterprise,Canada,12,212.21,76.39,2546.46,305.58,2240.89,916.74,1324.15,0.5909,336.7,316.19,1007.96,195.35,5000.0,2450.23,2549.77,1.77,1.46,0.96,0.2016,10-20%,916.74,2546.46,2240.89,1324.15,12,212.21,76.39,10-20%,305.58,Dec,Cobalt
2025-01-21,2025,1,Jan,Delta,SMB,Germany,8,184.54,92.75,1476.29,0.0,1476.29,741.97,734.32,0.4974,377.49,377.8,356.52,95.25,5000.0,2776.32,2223.68,1.62,1.18,1.25,0.0713,0-5%,741.97,1476.29,1476.29,734.32,8,184.54,92.75,0-5%,0.0,Jan,Delta
2023-06-12,2023,6,Jun,Delta,Consumer,India,8,111.03,59.2,888.24,106.59,781.65,473.57,308.08,0.3941,149.47,146.18,161.9,72.5,5000.0,2837.54,2162.46,1.88,1.38,1.31,0.0324,10-20%,473.57,888.24,781.65,308.08,8,111.03,59.2,10-20%,106.59,Jun,Delta
2025-04-13,2025,4,Apr,Alpha,Consumer,USA,8,204.07,81.05,1632.52,114.28,1518.24,648.41,869.84,0.5729,382.51,391.39,478.45,112.71,5000.0,1831.31,3168.69,2.04,1.72,0.58,0.0957,5-10%,648.41,1632.52,1518.24,869.84,8,204.07,81.05,5-10%,114.28,Apr,Alpha
2024-01-14,2024,1,Jan,Bravo,SMB,USA,9,226.02,107.88,2034.14,61.02,1973.11,970.89,1002.23,0.5079,418.06,432.12,570.11,118.75,5000.0,1799.48,3200.52,1.36,0.98,0.56,0.114,0-5%,970.89,2034.14,1973.11,1002.23,9,226.02,107.88,0-5%,61.02,Jan,Bravo
2025-08-04,2025,8,Aug,Echo,Consumer,India,6,208.08,81.25,1248.48,0.0,1248.48,487.51,760.97,0.6095,271.36,287.82,473.15,59.94,5000.0,1849.54,3150.46,1.85,1.51,0.59,0.0946,0-5%,487.51,1248.48,1248.48,760.97,6,208.08,81.25,0-5%,0.0,Aug,Echo
2024-10-04,2024,10,Oct,Echo,Enterprise,USA,8,216.6,87.61,1732.82,207.94,1524.89,700.88,824.01,0.5404,256.59,271.59,552.42,74.33,5000.0,2824.42,2175.58,1.87,1.66,1.3,0.1105,10-20%,700.88,1732.82,1524.89,824.01,8,216.6,87.61,10-20%,207.94,Oct,Echo
2024-06-13,2024,6,Jun,Bravo,Consumer,USA,12,161.9,88.84,1942.77,0.0,1942.77,1066.03,876.74,0.4513,290.49,298.01,578.73,230.9,5000.0,2916.5,2083.5,1.63,1.26,1.4,0.1157,0-5%,1066.03,1942.77,1942.77,876.74,12,161.9,88.84,0-5%,0.0,Jun,Bravo
2025-10-31,2025,10,Oct,Alpha,Enterprise,USA,12,224.06,107.78,2688.74,0.0,2688.74,1293.31,1395.43,0.519,703.88,717.29,678.14,218.25,5337.4,2363.21,2974.18,1.44,0.86,0.79,0.1271,0-5%,1293.31,2688.74,2688.74,1395.43,12,224.06,107.78,0-5%,0.0,Oct,Alpha
2023-12-19,2023,12,Dec,Alpha,Consumer,USA,16,135.99,62.84,2175.91,0.0,2175.91,1005.42,1170.49,0.5379,355.2,382.79,787.7,213.37,5000.0,2414.99,2585.01,1.77,1.23,0.93,0.1575,0-5%,1005.42,2175.91,2175.91,1170.49,16,135.99,62.84,0-5%,0.0,Dec,Alpha
2025-05-18,2025,5,May,Bravo,SMB,USA,10,181.04,78.24,1810.38,126.73,1683.66,782.38,901.28,0.5353,379.87,378.87,522.41,96.47,5000.0,3073.67,1926.33,1.9,1.7,1.6,0.1045,5-10%,782.38,1810.38,1683.66,901.28,10,181.04,78.24,5-10%,126.73,May,Bravo
2023-04-07,2023,4,Apr,Delta,SMB,Germany,10,212.82,85.98,2128.22,148.98,1979.24,859.83,1119.41,0.5656,448.93,464.73,654.68,117.55,5000.0,2225.72,2774.28,1.79,1.2,0.8,0.1309,5-10%,859.83,2128.22,1979.24,1119.41,10,212.82,85.98,5-10%,148.98,Apr,Delta
2025-06-13,2025,6,Jun,Flux,Consumer,India,12,74.76,29.51,897.15,107.66,789.49,354.07,435.42,0.5515,148.04,158.79,276.63,54.53,5000.0,2453.85,2546.15,2.11,1.55,0.96,0.0553,10-20%,354.07,897.15,789.49,435.42,12,74.76,29.51,10-20%,107.66,Jun,Flux
2024-04-10,2024,4,Apr,Cobalt,Consumer,India,13,221.58,85.26,2880.51,0.0,2880.51,1108.37,1772.14,0.6152,664.11,674.49,1097.64,177.33,5511.27,3346.22,2165.05,1.73,1.34,1.55,0.1992,0-5%,1108.37,2880.51,2880.51,1772.14,13,221.58,85.26,0-5%,0.0,Apr,Cobalt
2025-03-05,2025,3,Mar,Cobalt,Consumer,USA,13,130.71,63.78,1699.21,118.94,1580.26,829.2,751.06,0.4753,424.69,426.12,324.94,140.86,5000.0,2807.5,2192.5,2.07,1.5,1.28,0.065,5-10%,829.2,1699.21,1580.26,751.06,13,130.71,63.78,5-10%,118.94,Mar,Cobalt
2025-08-06,2025,8,Aug,Flux,Consumer,USA,6,206.01,83.31,1236.06,37.08,1198.98,499.84,699.14,0.5831,217.36,222.81,476.33,79.61,5000.0,1752.63,3247.37,1.13,0.72,0.54,0.0953,0-5%,499.84,1236.06,1198.98,699.14,6,206.01,83.31,0-5%,37.08,Aug,Flux
2023-02-18,2023,2,Feb,Echo,SMB,USA,9,258.99,99.44,2330.9,69.93,2260.97,894.92,1366.05,0.6042,433.44,434.28,931.77,153.18,5000.0,2935.16,2064.84,1.3,0.87,1.42,0.1864,0-5%,894.92,2330.9,2260.97,1366.05,9,258.99,99.44,0-5%,69.93,Feb,Echo
2025-03-05,2025,3,Mar,Flux,Consumer,Germany,13,279.91,145.97,3638.86,0.0,3638.86,1897.66,1741.2,0.4785,903.48,848.41,892.78,302.47,7364.64,3467.83,3896.81,1.44,1.22,0.89,0.1212,0-5%,1897.66,3638.86,3638.86,1741.2,13,279.91,145.97,0-5%,0.0,Mar,Flux
2023-06-12,2023,6,Jun,Alpha,Enterprise,USA,8,221.72,80.16,1773.76,124.16,1649.59,641.27,1008.32,0.6113,360.8,350.13,658.19,88.87,5000.0,2471.57,2528.43,1.42,1.21,0.98,0.1316,5-10%,641.27,1773.76,1649.59,1008.32,8,221.72,80.16,5-10%,124.16,Jun,Alpha
2025-10-04,2025,10,Oct,Alpha,SMB,USA,9,100.81,39.09,907.3,0.0,907.3,351.81,555.5,0.6123,172.62,186.21,369.29,53.67,5000.0,2264.82,2735.18,2.48,2.02,0.83,0.0739,0-5%,351.81,907.3,907.3,555.5,9,100.81,39.09,0-5%,0.0,Oct,Alpha
2024-09-11,2024,9,Sep,Cobalt,SMB,USA,9,156.22,79.57,1405.96,0.0,1405.96,716.16,689.81,0.4906,237.6,220.61,469.2,109.21,5000.0,3008.54,1991.46,1.48,0.93,1.51,0.0938,0-5%,716.16,1405.96,1405.96,689.81,9,156.22,79.57,0-5%,0.0,Sep,Cobalt
2025-10-09,2025,10,Oct,Flux,Consumer,Germany,11,121.22,54.14,1333.46,160.02,1173.44,595.49,577.95,0.4925,259.34,266.53,311.42,66.76,5000.0,2307.71,2692.29,1.62,1.08,0.86,0.0623,10-20%,595.49,1333.46,1173.44,577.95,11,121.22,54.14,10-20%,160.02,Oct,Flux
2025-02-15,2025,2,Feb,Flux,Consumer,India,6,206.68,82.99,1240.1,37.2,1202.9,497.97,704.93,0.586,291.37,283.98,420.95,63.24,5000.0,3120.27,1879.73,1.86,1.48,1.66,0.0842,0-5%,497.97,1240.1,1202.9,704.93,6,206.68,82.99,0-5%,37.2,Feb,Flux
2025-08-28,2025,8,Aug,Cobalt,Consumer,USA,7,269.76,145.36,1888.35,0.0,1888.35,1017.49,870.87,0.4612,306.85,330.0,540.87,116.81,5000.0,3151.51,1848.49,1.8,1.34,1.7,0.1082,0-5%,1017.49,1888.35,1888.35,870.87,7,269.76,145.36,0-5%,0.0,Aug,Cobalt
2023-10-12,2023,10,Oct,Bravo,SMB,USA,11,236.9,93.8,2605.91,182.41,2423.49,1031.75,1391.74,0.5743,366.1,365.08,1026.66,148.21,5000.0,1802.76,3197.24,1.89,1.53,0.56,0.2053,5-10%,1031.75,2605.91,2423.49,1391.74,11,236.9,93.8,5-10%,182.41,Oct,Bravo
2024-09-16,2024,9,Sep,Cobalt,SMB,USA,13,156.66,70.35,2036.58,61.1,1975.48,914.52,1060.96,0.5371,404.08,417.99,642.98,182.46,5000.0,2322.67,2677.33,1.52,1.19,0.87,0.1286,0-5%,914.52,2036.58,1975.48,1060.96,13,156.66,70.35,0-5%,61.1,Sep,Cobalt
2024-10-01,2024,10,Oct,Flux,SMB,India,6,210.85,109.14,1265.1,88.56,1176.55,654.86,521.68,0.4434,147.58,155.53,366.15,133.22,5000.0,1778.47,3221.53,2.19,1.8,0.55,0.0732,5-10%,654.86,1265.1,1176.55,521.68,6,210.85,109.14,5-10%,88.56,Oct,Flux
2023-12-19,2023,12,Dec,Delta,Consumer,USA,5,146.39,80.3,731.96,0.0,731.96,401.5,330.46,0.4515,89.54,85.79,244.67,56.17,5000.0,3049.51,1950.49,1.16,0.8,1.56,0.0489,0-5%,401.5,731.96,731.96,330.46,5,146.39,80.3,0-5%,0.0,Dec,Delta
2024-10-27,2024,10,Oct,Flux,Consumer,Germany,8,178.12,64.68,1424.99,0.0,1424.99,517.45,907.54,0.6369,267.93,256.32,651.21,97.31,5000.0,2366.84,2633.16,1.83,1.52,0.9,0.1302,0-5%,517.45,1424.99,1424.99,907.54,8,178.12,64.68,0-5%,0.0,Oct,Flux
2024-06-16,2024,6,Jun,Flux,SMB,India,8,232.21,89.75,1857.67,222.92,1634.75,718.01,916.74,0.5608,217.14,207.67,709.07,86.77,5000.0,2662.49,2337.51,2.2,1.78,1.14,0.1418,10-20%,718.01,1857.67,1634.75,916.74,8,232.21,89.75,10-20%,222.92,Jun,Flux
2025-05-12,2025,5,May,Alpha,SMB,UK,6,215.85,80.29,1295.09,38.85,1256.24,481.74,774.5,0.6165,261.11,261.36,513.15,76.06,5000.0,1828.63,3171.37,1.36,0.94,0.58,0.1026,0-5%,481.74,1295.09,1256.24,774.5,6,215.85,80.29,0-5%,38.85,May,Alpha
2024-02-14,2024,2,Feb,Cobalt,Enterprise,UK,12,203.86,97.95,2446.35,0.0,2446.35,1175.38,1270.97,0.5195,450.06,424.85,846.12,245.29,5000.0,3019.0,1981.0,1.29,0.96,1.52,0.1692,0-5%,1175.38,2446.35,2446.35,1270.97,12,203.86,97.95,0-5%,0.0,Feb,Cobalt
2023-06-09,2023,6,Jun,Cobalt,Consumer,Canada,4,135.15,48.56,540.61,64.87,475.74,194.23,281.51,0.5917,63.24,64.41,217.1,50.0,5000.0,2945.74,2054.26,2.52,1.99,1.43,0.0434,10-20%,194.23,540.61,475.74,281.51,4,135.15,48.56,10-20%,64.87,Jun,Cobalt
2025-05-13,2025,5,May,Bravo,SMB,USA,6,199.15,91.93,1194.88,0.0,1194.88,551.6,643.29,0.5384,176.87,189.59,453.69,63.78,5000.0,2226.95,2773.05,1.42,1.11,0.8,0.0907,0-5%,551.6,1194.88,1194.88,643.29,6,199.15,91.93,0-5%,0.0,May,Bravo
2025-03-24,2025,3,Mar,Bravo,Consumer,Germany,10,187.42,75.72,1874.23,468.56,1405.67,757.19,648.48,0.4613,235.48,226.69,421.79,81.96,5000.0,3018.82,1981.18,1.6,1.2,1.52,0.0844,20%+,757.19,1874.23,1405.67,648.48,10,187.42,75.72,20%+,468.56,Mar,Bravo
2024-01-15,2024,1,Jan,Alpha,Consumer,USA,7,169.88,72.16,1189.16,35.67,1153.48,505.14,648.34,0.5621,173.46,179.64,468.7,98.03,5000.0,2246.68,2753.32,1.25,0.9,0.82,0.0937,0-5%,505.14,1189.16,1153.48,648.34,7,169.88,72.16,0-5%,35.67,Jan,Alpha
2024-03-17,2024,3,Mar,Bravo,Consumer,USA,7,235.15,91.2,1646.02,0.0,1646.02,638.37,1007.65,0.6122,278.17,288.76,718.89,98.53,5000.0,2065.81,2934.19,1.65,1.31,0.7,0.1438,0-5%,638.37,1646.02,1646.02,1007.65,7,235.15,91.2,0-5%,0.0,Mar,Bravo
2024-12-31,2024,12,Dec,Bravo,Consumer,USA,6,272.14,119.17,1632.87,0.0,1632.87,715.04,917.83,0.5621,448.2,459.63,458.2,111.07,5000.0,2852.61,2147.39,1.2,0.64,1.33,0.0916,0-5%,715.04,1632.87,1632.87,917.83,6,272.14,119.17,0-5%,0.0,Dec,Bravo
2025-02-24,2025,2,Feb,Echo,Enterprise,USA,11,156.42,67.47,1720.67,206.48,1514.19,742.14,772.05,0.5099,258.13,266.11,505.94,149.3,5000.0,2396.57,2603.43,1.81,1.28,0.92,0.1012,10-20%,742.14,1720.67,1514.19,772.05,11,156.42,67.47,10-20%,206.48,Feb,Echo
2024-09-20,2024,9,Sep,Bravo,Consumer,USA,14,219.06,117.16,3066.87,92.01,2974.87,1640.27,1334.6,0.4486,369.85,340.5,994.09,317.27,5000.0,2926.55,2073.45,1.17,0.83,1.41,0.1988,0-5%,1640.27,3066.87,2974.87,1334.6,14,219.06,117.16,0-5%,92.01,Sep,Bravo
2025-12-08,2025,12,Dec,Alpha,Consumer,Germany,10,185.85,101.79,1858.52,464.63,1393.89,1017.94,375.95,0.2697,205.94,213.45,162.5,143.16,5000.0,2908.7,2091.3,1.74,1.39,1.39,0.0325,20%+,1017.94,1858.52,1393.89,375.95,10,185.85,101.79,20%+,464.63,Dec,Alpha
2025-06-27,2025,6,Jun,Flux,SMB,USA,7,186.25,93.6,1303.78,156.45,1147.33,655.18,492.14,0.4289,307.96,291.93,200.21,81.53,5000.0,3019.34,1980.66,1.62,1.34,1.52,0.04,10-20%,655.18,1303.78,1147.33,492.14,7,186.25,93.6,10-20%,156.45,Jun,Flux
2024-06-10,2024,6,Jun,Bravo,Enterprise,USA,8,365.5,156.8,2923.98,87.72,2836.26,1254.37,1581.89,0.5577,553.1,580.34,1001.55,187.94,5000.0,3194.97,1805.03,1.64,1.08,1.77,0.2003,0-5%,1254.37,2923.98,2836.26,1581.89,8,365.5,156.8,0-5%,87.72,Jun,Bravo
2025-09-11,2025,9,Sep,Cobalt,SMB,USA,8,247.43,112.78,1979.41,59.38,1920.03,902.21,1017.83,0.5301,513.1,513.69,504.14,97.24,5000.0,1761.96,3238.04,2.08,1.68,0.54,0.1008,0-5%,902.21,1979.41,1920.03,1017.83,8,247.43,112.78,0-5%,59.38,Sep,Cobalt
2024-07-31,2024,7,Jul,Alpha,Consumer,India,6,382.6,187.7,2295.57,0.0,2295.57,1126.2,1169.37,0.5094,344.66,364.39,804.98,196.07,5000.0,3118.55,1881.45,1.5,0.96,1.66,0.161,0-5%,1126.2,2295.57,2295.57,1169.37,6,382.6,187.7,0-5%,0.0,Jul,Alpha
2023-07-02,2023,7,Jul,Bravo,Consumer,USA,10,202.6,105.75,2026.02,506.5,1519.51,1057.49,462.02,0.3041,229.25,219.5,242.53,187.79,5000.0,1750.55,3249.45,1.43,1.07,0.54,0.0485,20%+,1057.49,2026.02,1519.51,462.02,10,202.6,105.75,20%+,506.5,Jul,Bravo
2024-09-23,2024,9,Sep,Echo,Consumer,UK,8,243.0,92.91,1944.04,233.28,1710.75,743.3,967.45,0.5655,455.47,446.79,520.66,139.87,5000.0,2880.0,2120.0,1.72,1.16,1.36,0.1041,10-20%,743.3,1944.04,1710.75,967.45,8,243.0,92.91,10-20%,233.28,Sep,Echo
2025-10-20,2025,10,Oct,Flux,Consumer,USA,10,254.03,102.37,2540.25,76.21,2464.04,1023.69,1440.35,0.5845,417.02,399.08,1041.28,214.03,5000.0,2663.57,2336.43,1.3,0.77,1.14,0.2083,0-5%,1023.69,2540.25,2464.04,1440.35,10,254.03,102.37,0-5%,76.21,Oct,Flux
2025-08-31,2025,8,Aug,Alpha,Consumer,India,6,315.57,137.28,1893.43,0.0,1893.43,823.65,1069.78,0.565,386.17,394.01,675.77,139.83,5000.0,3072.23,1927.77,1.37,0.85,1.59,0.1352,0-5%,823.65,1893.43,1893.43,1069.78,6,315.57,137.28,0-5%,0.0,Aug,Alpha
2023-06-27,2023,6,Jun,Bravo,Consumer,USA,8,267.44,115.94,2139.55,0.0,2139.55,927.54,1212.01,0.5665,417.58,449.17,762.83,99.36,5000.0,3142.14,1857.86,1.05,0.84,1.69,0.1526,0-5%,927.54,2139.55,2139.55,1212.01,8,267.44,115.94,0-5%,0.0,Jun,Bravo
2024-04-09,2024,4,Apr,Delta,Consumer,India,9,183.59,89.16,1652.35,49.57,1602.78,802.47,800.31,0.4993,392.73,423.27,377.04,164.55,5000.0,2844.23,2155.77,1.52,1.03,1.32,0.0754,0-5%,802.47,1652.35,1602.78,800.31,9,183.59,89.16,0-5%,49.57,Apr,Delta
2025-09-16,2025,9,Sep,Bravo,Consumer,Germany,8,226.7,109.05,1813.62,126.95,1686.67,872.4,814.27,0.4828,467.19,495.35,318.92,113.48,5000.0,2719.31,2280.69,2.3,1.88,1.19,0.0638,5-10%,872.4,1813.62,1686.67,814.27,8,226.7,109.05,5-10%,126.95,Sep,Bravo
2023-02-06,2023,2,Feb,Echo,Enterprise,USA,6,260.98,121.48,1565.9,46.98,1518.92,728.86,790.06,0.5201,341.82,357.11,432.95,131.95,5000.0,2223.52,2776.48,1.48,1.2,0.8,0.0866,0-5%,728.86,1565.9,1518.92,790.06,6,260.98,121.48,0-5%,46.98,Feb,Echo
2024-12-10,2024,12,Dec,Cobalt,SMB,USA,9,281.0,127.86,2528.98,0.0,2528.98,1150.73,1378.25,0.545,554.59,516.51,861.74,170.05,5000.0,2893.06,2106.94,2.15,1.73,1.37,0.1723,0-5%,1150.73,2528.98,2528.98,1378.25,9,281.0,127.86,0-5%,0.0,Dec,Cobalt
2024-03-13,2024,3,Mar,Delta,SMB,Canada,7,175.36,69.53,1227.55,306.89,920.66,486.73,433.94,0.4713,221.39,220.11,213.83,87.37,5000.0,2333.44,2666.56,1.85,1.47,0.88,0.0428,20%+,486.73,1227.55,920.66,433.94,7,175.36,69.53,20%+,306.89,Mar,Delta
2025-01-16,2025,1,Jan,Cobalt,SMB,USA,13,165.99,77.53,2157.84,64.74,2093.11,1007.83,1085.27,0.5185,277.0,283.36,801.91,168.05,5000.0,2895.76,2104.24,0.97,0.57,1.38,0.1604,0-5%,1007.83,2157.84,2093.11,1085.27,13,165.99,77.53,0-5%,64.74,Jan,Cobalt
2023-09-05,2023,9,Sep,Bravo,Consumer,USA,15,249.71,127.64,3745.61,0.0,3745.61,1914.63,1830.98,0.4888,985.98,1019.49,811.49,404.2,5000.0,2130.92,2869.08,1.26,0.82,0.74,0.1623,0-5%,1914.63,3745.61,3745.61,1830.98,15,249.71,127.64,0-5%,0.0,Sep,Bravo
2025-01-23,2025,1,Jan,Alpha,SMB,USA,7,286.13,105.69,2002.94,60.09,1942.86,739.86,1203.0,0.6192,531.21,513.6,689.4,98.31,5000.0,2214.59,2785.41,2.0,1.46,0.8,0.1379,0-5%,739.86,2002.94,1942.86,1203.0,7,286.13,105.69,0-5%,60.09,Jan,Alpha
2024-10-09,2024,10,Oct,Flux,Consumer,Canada,8,256.79,115.9,2054.33,143.8,1910.53,927.18,983.35,0.5147,401.42,379.97,603.38,184.78,5000.0,2772.37,2227.63,1.94,1.41,1.24,0.1207,5-10%,927.18,2054.33,1910.53,983.35,8,256.79,115.9,5-10%,143.8,Oct,Flux
2023-03-14,2023,3,Mar,Echo,Consumer,USA,8,163.33,73.86,1306.63,0.0,1306.63,590.92,715.71,0.5478,197.78,185.24,530.47,69.49,5000.0,1865.78,3134.22,1.25,0.99,0.6,0.1061,0-5%,590.92,1306.63,1306.63,715.71,8,163.33,73.86,0-5%,0.0,Mar,Echo
2023-12-29,2023,12,Dec,Cobalt,Enterprise,USA,10,166.38,79.34,1663.8,116.47,1547.34,793.41,753.92,0.4872,192.06,201.53,552.39,156.05,5000.0,3095.56,1904.44,1.62,1.25,1.63,0.1105,5-10%,793.41,1663.8,1547.34,753.92,10,166.38,79.34,5-10%,116.47,Dec,Cobalt
2023-07-29,2023,7,Jul,Alpha,Enterprise,India,6,204.13,82.16,1224.77,36.74,1188.02,492.94,695.09,0.5851,192.12,184.89,510.2,104.7,5000.0,2313.0,2687.0,2.24,1.86,0.86,0.102,0-5%,492.94,1224.77,1188.02,695.09,6,204.13,82.16,0-5%,36.74,Jul,Alpha
2024-11-29,2024,11,Nov,Alpha,Consumer,USA,11,269.44,133.4,2963.8,88.91,2874.89,1467.35,1407.54,0.4896,698.64,702.65,704.89,191.6,5000.0,3158.82,1841.18,2.14,1.89,1.72,0.141,0-5%,1467.35,2963.8,2874.89,1407.54,11,269.44,133.4,0-5%,88.91,Nov,Alpha
2024-10-28,2024,10,Oct,Alpha,Enterprise,USA,12,266.98,138.19,3203.78,96.11,3107.67,1658.29,1449.38,0.4664,663.22,707.76,741.62,308.4,6115.61,2928.05,3187.56,1.37,0.89,0.92,0.1213,0-5%,1658.29,3203.78,3107.67,1449.38,12,266.98,138.19,0-5%,96.11,Oct,Alpha
2025-06-14,2025,6,Jun,Flux,Consumer,USA,11,224.36,90.74,2467.97,0.0,2467.97,998.16,1469.81,0.5956,577.6,558.42,911.39,158.49,5000.0,3030.44,1969.56,1.7,1.28,1.54,0.1823,0-5%,998.16,2467.97,2467.97,1469.81,11,224.36,90.74,0-5%,0.0,Jun,Flux
2025-12-12,2025,12,Dec,Alpha,Consumer,USA,10,86.45,38.56,864.46,0.0,864.46,385.62,478.84,0.5539,159.17,165.66,313.18,56.97,5000.0,2708.13,2291.87,1.73,1.14,1.18,0.0626,0-5%,385.62,864.46,864.46,478.84,10,86.45,38.56,0-5%,0.0,Dec,Alpha
2023-09-12,2023,9,Sep,Alpha,SMB,Germany,10,251.77,91.54,2517.72,176.24,2341.48,915.43,1426.05,0.609,311.24,302.76,1123.29,94.17,5000.0,3247.74,1752.26,1.69,1.13,1.85,0.2247,5-10%,915.43,2517.72,2341.48,1426.05,10,251.77,91.54,5-10%,176.24,Sep,Alpha
2024-03-08,2024,3,Mar,Echo,SMB,USA,5,89.52,34.81,447.6,53.71,393.88,174.05,219.83,0.5581,76.29,77.51,142.33,50.0,5000.0,2305.23,2694.77,1.49,1.09,0.86,0.0285,10-20%,174.05,447.6,393.88,219.83,5,89.52,34.81,10-20%,53.71,Mar,Echo
2024-07-14,2024,7,Jul,Bravo,Consumer,USA,7,176.35,68.78,1234.42,0.0,1234.42,481.45,752.96,0.61,263.52,269.45,483.52,85.23,5000.0,3135.45,1864.55,2.09,1.77,1.68,0.0967,0-5%,481.45,1234.42,1234.42,752.96,7,176.35,68.78,0-5%,0.0,Jul,Bravo
2023-12-31,2023,12,Dec,Bravo,SMB,Canada,8,275.86,125.75,2206.91,0.0,2206.91,1005.97,1200.94,0.5442,417.43,418.32,782.62,170.91,5000.0,2421.96,2578.04,2.14,1.81,0.94,0.1565,0-5%,1005.97,2206.91,2206.91,1200.94,8,275.86,125.75,0-5%,0.0,Dec,Bravo
2024-07-16,2024,7,Jul,Bravo,SMB,Germany,5,239.33,90.03,1196.65,83.77,1112.89,450.14,662.74,0.5955,302.77,308.76,353.99,50.0,5000.0,2386.04,2613.96,1.78,1.42,0.91,0.0708,5-10%,450.14,1196.65,1112.89,662.74,5,239.33,90.03,5-10%,83.77,Jul,Bravo
2024-08-21,2024,8,Aug,Delta,Consumer,USA,13,204.71,105.86,2661.22,319.35,2341.87,1376.21,965.66,0.4123,652.92,656.39,309.27,269.77,5000.0,3146.71,1853.29,1.8,1.22,1.7,0.0619,10-20%,1376.21,2661.22,2341.87,965.66,13,204.71,105.86,10-20%,319.35,Aug,Delta
2025-01-26,2025,1,Jan,Echo,SMB,USA,12,279.26,99.74,3351.14,100.53,3250.61,1196.82,2053.79,0.6318,642.38,660.31,1393.48,177.99,5457.58,2824.65,2632.93,1.48,0.91,1.07,0.2553,0-5%,1196.82,3351.14,3250.61,2053.79,12,279.26,99.74,0-5%,100.53,Jan,Echo
2024-07-12,2024,7,Jul,Flux,Consumer,USA,9,159.82,57.4,1438.37,0.0,1438.37,516.6,921.76,0.6408,314.01,291.93,629.84,96.21,5000.0,3166.01,1833.99,2.56,2.12,1.73,0.126,0-5%,516.6,1438.37,1438.37,921.76,9,159.82,57.4,0-5%,0.0,Jul,Flux
2023-09-20,2023,9,Sep,Alpha,Consumer,USA,7,239.47,109.81,1676.32,201.16,1475.16,768.66,706.5,0.4789,218.19,219.77,486.73,164.92,5000.0,2076.61,2923.39,1.56,1.33,0.71,0.0973,10-20%,768.66,1676.32,1475.16,706.5,7,239.47,109.81,10-20%,201.16,Sep,Alpha
2024-01-31,2024,1,Jan,Bravo,Enterprise,UK,4,146.2,61.86,584.81,0.0,584.81,247.44,337.36,0.5769,110.77,107.28,230.09,50.0,5000.0,2552.01,2447.99,1.2,0.98,1.04,0.046,0-5%,247.44,584.81,584.81,337.36,4,146.2,61.86,0-5%,0.0,Jan,Bravo
2025-09-07,2025,9,Sep,Bravo,Enterprise,UK,9,222.4,89.62,2001.6,140.11,1861.49,806.62,1054.87,0.5667,304.67,313.14,741.72,161.17,5000.0,2292.91,2707.09,2.57,2.17,0.85,0.1483,5-10%,806.62,2001.6,1861.49,1054.87,9,222.4,89.62,5-10%,140.11,Sep,Bravo
2025-06-12,2025,6,Jun,Delta,Consumer,India,10,44.25,23.27,442.47,30.97,411.49,232.7,178.79,0.4345,80.28,77.91,100.89,50.0,5000.0,2188.51,2811.49,1.17,0.95,0.78,0.0202,5-10%,232.7,442.47,411.49,178.79,10,44.25,23.27,5-10%,30.97,Jun,Delta
2024-03-15,2024,3,Mar,Delta,Consumer,USA,7,203.37,86.68,1423.59,99.65,1323.94,606.74,717.19,0.5417,312.15,318.53,398.67,123.96,5000.0,3099.92,1900.08,1.96,1.55,1.63,0.0797,5-10%,606.74,1423.59,1323.94,717.19,7,203.37,86.68,5-10%,99.65,Mar,Delta
2024-12-21,2024,12,Dec,Bravo,Consumer,USA,7,300.4,149.62,2102.83,0.0,2102.83,1047.35,1055.48,0.5019,322.38,307.79,747.69,222.85,5000.0,2063.05,2936.95,1.56,1.31,0.7,0.1495,0-5%,1047.35,2102.83,2102.83,1055.48,7,300.4,149.62,0-5%,0.0,Dec,Bravo
2024-02-10,2024,2,Feb,Alpha,Consumer,UK,7,212.79,86.2,1489.52,104.27,1385.25,603.39,781.87,0.5644,342.47,319.07,462.79,123.87,5000.0,3049.73,1950.27,1.92,1.63,1.56,0.0926,5-10%,603.39,1489.52,1385.25,781.87,7,212.79,86.2,5-10%,104.27,Feb,Alpha
2025-11-26,2025,11,Nov,Bravo,Consumer,India,12,184.99,92.12,2219.92,0.0,2219.92,1105.41,1114.51,0.502,541.39,530.81,583.7,163.83,5000.0,2036.97,2963.03,1.65,1.21,0.69,0.1167,0-5%,1105.41,2219.92,2219.92,1114.51,12,184.99,92.12,0-5%,0.0,Nov,Bravo
2023-12-28,2023,12,Dec,Echo,SMB,USA,9,168.82,66.45,1519.41,45.58,1473.82,598.07,875.75,0.5942,214.43,213.25,662.5,63.65,5000.0,3085.88,1914.12,1.83,1.4,1.61,0.1325,0-5%,598.07,1519.41,1473.82,875.75,9,168.82,66.45,0-5%,45.58,Dec,Echo
2024-01-28,2024,1,Jan,Flux,Consumer,USA,6,186.19,97.24,1117.17,33.52,1083.65,583.46,500.19,0.4616,234.29,239.73,260.46,59.41,5000.0,2861.05,2138.95,1.92,1.69,1.34,0.0521,0-5%,583.46,1117.17,1083.65,500.19,6,186.19,97.24,0-5%,33.52,Jan,Flux
2025-04-09,2025,4,Apr,Cobalt,Enterprise,Germany,5,263.54,111.0,1317.72,0.0,1317.72,555.02,762.7,0.5788,264.65,257.9,504.8,117.72,5000.0,2100.57,2899.43,1.64,1.31,0.72,0.101,0-5%,555.02,1317.72,1317.72,762.7,5,263.54,111.0,0-5%,0.0,Apr,Cobalt
2023-03-08,2023,3,Mar,Bravo,Consumer,USA,6,173.01,89.38,1038.06,72.66,965.4,536.25,429.15,0.4445,206.12,196.66,232.49,100.91,5000.0,2270.28,2729.72,1.96,1.39,0.83,0.0465,5-10%,536.25,1038.06,965.4,429.15,6,173.01,89.38,5-10%,72.66,Mar,Bravo
2024-08-08,2024,8,Aug,Echo,SMB,UK,7,257.46,95.68,1802.23,0.0,1802.23,669.77,1132.47,0.6284,397.65,366.9,765.57,133.34,5000.0,2372.71,2627.29,1.7,1.47,0.9,0.1531,0-5%,669.77,1802.23,1802.23,1132.47,7,257.46,95.68,0-5%,0.0,Aug,Echo
2024-02-02,2024,2,Feb,Echo,SMB,Canada,8,167.87,84.78,1342.94,40.29,1302.66,678.26,624.39,0.4793,200.3,206.92,417.48,106.37,5000.0,2707.65,2292.35,2.18,1.73,1.18,0.0835,0-5%,678.26,1342.94,1302.66,624.39,8,167.87,84.78,0-5%,40.29,Feb,Echo
2025-06-17,2025,6,Jun,Echo,SMB,UK,10,206.51,83.01,2065.09,61.95,2003.14,830.1,1173.04,0.5856,402.31,373.8,799.24,181.39,5000.0,1855.26,3144.74,2.16,1.71,0.59,0.1598,0-5%,830.1,2065.09,2003.14,1173.04,10,206.51,83.01,0-5%,61.95,Jun,Echo
2025-11-30,2025,11,Nov,Bravo,Consumer,Germany,12,214.21,104.04,2570.5,0.0,2570.5,1248.45,1322.05,0.5143,487.2,517.78,804.27,260.18,5000.0,1782.87,3217.13,1.87,1.43,0.55,0.1609,0-5%,1248.45,2570.5,2570.5,1322.05,12,214.21,104.04,0-5%,0.0,Nov,Bravo
2023-06-22,2023,6,Jun,Bravo,SMB,India,4,249.26,91.45,997.05,0.0,997.05,365.81,631.23,0.6331,208.66,207.23,424.0,50.0,5000.0,2478.51,2521.49,2.06,1.51,0.98,0.0848,0-5%,365.81,997.05,997.05,631.23,4,249.26,91.45,0-5%,0.0,Jun,Bravo
2025-12-13,2025,12,Dec,Echo,Consumer,Canada,13,206.44,87.37,2683.67,80.51,2603.16,1135.86,1467.31,0.5637,573.81,549.37,917.93,210.68,5000.0,2657.35,2342.65,1.85,1.64,1.13,0.1836,0-5%,1135.86,2683.67,2603.16,1467.31,13,206.44,87.37,0-5%,80.51,Dec,Echo
2023-05-25,2023,5,May,Flux,Consumer,USA,12,191.29,68.87,2295.5,160.68,2134.81,826.44,1308.38,0.6129,556.0,585.83,722.55,108.15,5000.0,3000.62,1999.38,1.91,1.37,1.5,0.1445,5-10%,826.44,2295.5,2134.81,1308.38,12,191.29,68.87,5-10%,160.68,May,Flux
2024-02-12,2024,2,Feb,Cobalt,Consumer,Germany,6,192.53,99.56,1155.18,0.0,1155.18,597.38,557.79,0.4829,163.75,171.72,386.07,122.03,5000.0,2069.99,2930.01,1.49,1.23,0.71,0.0772,0-5%,597.38,1155.18,1155.18,557.79,6,192.53,99.56,0-5%,0.0,Feb,Cobalt
2023-01-12,2023,1,Jan,Delta,Consumer,UK,11,75.0,39.19,825.04,99.01,726.04,431.09,294.95,0.4062,104.14,110.19,184.76,50.85,5000.0,3105.77,1894.23,1.66,1.36,1.64,0.037,10-20%,431.09,825.04,726.04,294.95,11,75.0,39.19,10-20%,99.01,Jan,Delta
2025-03-18,2025,3,Mar,Cobalt,SMB,Canada,6,200.66,87.55,1203.96,300.99,902.97,525.27,377.7,0.4183,163.38,151.96,225.74,61.29,5000.0,1824.17,3175.83,2.23,1.79,0.57,0.0451,20%+,525.27,1203.96,902.97,377.7,6,200.66,87.55,20%+,300.99,Mar,Cobalt
2025-06-15,2025,6,Jun,Bravo,Consumer,Germany,16,204.27,94.87,3268.36,0.0,3268.36,1517.9,1750.46,0.5356,508.32,529.42,1221.05,199.79,5000.0,2817.81,2182.19,2.54,2.2,1.29,0.2442,0-5%,1517.9,3268.36,3268.36,1750.46,16,204.27,94.87,0-5%,0.0,Jun,Bravo
2024-08-02,2024,8,Aug,Alpha,Consumer,USA,3,269.21,95.62,807.63,24.23,783.4,286.86,496.53,0.6338,129.59,139.3,357.23,50.0,5000.0,1831.43,3168.57,1.98,1.59,0.58,0.0714,0-5%,286.86,807.63,783.4,496.53,3,269.21,95.62,0-5%,24.23,Aug,Alpha
2024-11-07,2024,11,Nov,Cobalt,Consumer,USA,12,269.44,97.07,3233.25,808.31,2424.93,1164.8,1260.14,0.5197,489.26,462.61,797.52,233.9,5000.0,1892.53,3107.47,1.36,0.94,0.61,0.1595,20%+,1164.8,3233.25,2424.93,1260.14,12,269.44,97.07,20%+,808.31,Nov,Cobalt
2023-12-20,2023,12,Dec,Delta,SMB,USA,7,186.18,77.9,1303.29,325.82,977.47,545.27,432.2,0.4422,246.65,250.89,181.3,77.86,5000.0,3070.41,1929.59,1.63,1.22,1.59,0.0363,20%+,545.27,1303.29,977.47,432.2,7,186.18,77.9,20%+,325.82,Dec,Delta
2023-09-24,2023,9,Sep,Flux,Consumer,UK,16,213.96,110.32,3423.38,0.0,3423.38,1765.06,1658.32,0.4844,704.89,733.48,924.85,194.24,6904.32,3889.13,3015.18,2.25,1.94,1.29,0.134,0-5%,1765.06,3423.38,3423.38,1658.32,16,213.96,110.32,0-5%,0.0,Sep,Flux
2025-07-06,2025,7,Jul,Cobalt,Consumer,USA,11,223.61,116.16,2459.71,0.0,2459.71,1277.71,1182.0,0.4805,617.18,647.7,534.3,132.28,5000.0,2363.87,2636.13,2.09,1.81,0.9,0.1069,0-5%,1277.71,2459.71,2459.71,1182.0,11,223.61,116.16,0-5%,0.0,Jul,Cobalt
2024-03-19,2024,3,Mar,Flux,Consumer,USA,11,199.62,79.19,2195.82,0.0,2195.82,871.1,1324.72,0.6033,386.46,400.15,924.57,93.81,5000.0,2778.73,2221.27,1.89,1.6,1.25,0.1849,0-5%,871.1,2195.82,2195.82,1324.72,11,199.62,79.19,0-5%,0.0,Mar,Flux
2025-09-10,2025,9,Sep,Flux,Consumer,USA,6,257.22,102.37,1543.29,108.03,1435.26,614.2,821.06,0.5721,181.08,193.19,627.87,130.33,5000.0,2377.96,2622.04,2.08,1.53,0.91,0.1256,5-10%,614.2,1543.29,1435.26,821.06,6,257.22,102.37,5-10%,108.03,Sep,Flux
2024-04-27,2024,4,Apr,Alpha,Consumer,USA,14,169.58,82.73,2374.12,166.19,2207.93,1158.26,1049.66,0.4754,327.38,348.44,701.23,146.5,5000.0,2604.33,2395.67,1.76,1.27,1.09,0.1402,5-10%,1158.26,2374.12,2207.93,1049.66,14,169.58,82.73,5-10%,166.19,Apr,Alpha
2023-03-03,2023,3,Mar,Alpha,Consumer,India,7,256.37,101.15,1794.59,125.62,1668.97,708.02,960.95,0.5758,436.11,465.92,495.03,138.05,5000.0,2935.76,2064.24,1.77,1.51,1.42,0.099,5-10%,708.02,1794.59,1668.97,960.95,7,256.37,101.15,5-10%,125.62,Mar,Alpha
2025-07-03,2025,7,Jul,Cobalt,Consumer,USA,4,214.58,76.15,858.31,0.0,858.31,304.61,553.7,0.6451,165.55,152.93,400.78,50.0,5000.0,2897.45,2102.55,1.64,1.3,1.38,0.0802,0-5%,304.61,858.31,858.31,553.7,4,214.58,76.15,0-5%,0.0,Jul,Cobalt
2023-05-21,2023,5,May,Flux,Consumer,USA,12,262.46,127.37,3149.52,0.0,3149.52,1528.49,1621.03,0.5147,647.59,687.98,933.06,296.75,5000.0,2046.51,2953.49,1.54,1.03,0.69,0.1866,0-5%,1528.49,3149.52,3149.52,1621.03,12,262.46,127.37,0-5%,0.0,May,Flux
2025-03-25,2025,3,Mar,Delta,SMB,Germany,11,198.68,103.64,2185.44,65.56,2119.88,1140.04,979.84,0.4622,342.31,340.56,639.28,126.9,5000.0,2655.95,2344.05,1.74,1.47,1.13,0.1279,0-5%,1140.04,2185.44,2119.88,979.84,11,198.68,103.64,0-5%,65.56,Mar,Delta
2024-08-13,2024,8,Aug,Bravo,Enterprise,Germany,5,151.49,81.31,757.45,22.72,734.72,406.57,328.16,0.4466,158.74,154.94,173.21,50.0,5000.0,2477.48,2522.52,2.52,2.01,0.98,0.0346,0-5%,406.57,757.45,734.72,328.16,5,151.49,81.31,0-5%,22.72,Aug,Bravo
2023-01-30,2023,1,Jan,Echo,SMB,USA,8,236.62,103.36,1892.96,473.24,1419.72,826.91,592.8,0.4176,389.14,419.51,173.29,100.36,5000.0,2769.65,2230.35,1.9,1.54,1.24,0.0347,20%+,826.91,1892.96,1419.72,592.8,8,236.62,103.36,20%+,473.24,Jan,Echo
2024-09-06,2024,9,Sep,Flux,SMB,India,8,208.89,82.32,1671.16,200.54,1470.62,658.53,812.09,0.5522,252.61,239.81,572.29,82.44,5000.0,2847.25,2152.75,2.08,1.88,1.32,0.1145,10-20%,658.53,1671.16,1470.62,812.09,8,208.89,82.32,10-20%,200.54,Sep,Flux
2025-01-11,2025,1,Jan,Echo,Consumer,USA,12,195.3,107.33,2343.59,164.05,2179.54,1288.0,891.54,0.409,270.45,261.83,629.7,171.38,5000.0,2070.24,2929.76,1.18,0.93,0.71,0.1259,5-10%,1288.0,2343.59,2179.54,891.54,12,195.3,107.33,5-10%,164.05,Jan,Echo
2024-09-19,2024,9,Sep,Cobalt,Enterprise,USA,7,188.86,101.17,1322.03,0.0,1322.03,708.22,613.82,0.4643,286.17,271.82,342.0,151.12,5000.0,2922.57,2077.43,1.81,1.47,1.41,0.0684,0-5%,708.22,1322.03,1322.03,613.82,7,188.86,101.17,0-5%,0.0,Sep,Cobalt
2023-08-17,2023,8,Aug,Delta,SMB,USA,11,291.03,124.77,3201.32,0.0,3201.32,1372.43,1828.9,0.5713,727.29,775.68,1053.22,260.91,6338.55,3601.78,2736.76,2.18,1.73,1.32,0.1662,0-5%,1372.43,3201.32,3201.32,1828.9,11,291.03,124.77,0-5%,0.0,Aug,Delta
2025-01-25,2025,1,Jan,Bravo,Consumer,UK,8,251.5,102.47,2011.98,0.0,2011.98,819.73,1192.25,0.5926,550.37,518.74,673.51,116.86,5000.0,2812.4,2187.6,2.03,1.45,1.29,0.1347,0-5%,819.73,2011.98,2011.98,1192.25,8,251.5,102.47,0-5%,0.0,Jan,Bravo
2024-05-10,2024,5,May,Alpha,Consumer,India,12,193.04,69.7,2316.53,69.5,2247.03,836.39,1410.64,0.6278,502.45,528.36,882.28,171.97,5000.0,2493.01,2506.99,2.43,2.18,0.99,0.1765,0-5%,836.39,2316.53,2247.03,1410.64,12,193.04,69.7,0-5%,69.5,May,Alpha
2025-04-07,2025,4,Apr,Echo,Consumer,Germany,6,268.4,102.91,1610.41,193.25,1417.16,617.49,799.67,0.5643,177.52,167.07,632.6,92.67,5000.0,2322.94,2677.06,1.86,1.31,0.87,0.1265,10-20%,617.49,1610.41,1417.16,799.67,6,268.4,102.91,10-20%,193.25,Apr,Echo
2023-07-12,2023,7,Jul,Flux,Consumer,India,14,253.24,112.86,3545.35,248.17,3297.18,1580.09,1717.08,0.5208,610.85,620.54,1096.54,160.78,5000.0,2926.68,2073.32,2.86,2.65,1.41,0.2193,5-10%,1580.09,3545.35,3297.18,1717.08,14,253.24,112.86,5-10%,248.17,Jul,Flux
2024-02-07,2024,2,Feb,Alpha,Consumer,USA,13,193.67,76.8,2517.73,0.0,2517.73,998.41,1519.32,0.6034,486.02,522.22,997.1,210.88,5000.0,2475.77,2524.23,1.7,1.21,0.98,0.1994,0-5%,998.41,2517.73,2517.73,1519.32,13,193.67,76.8,0-5%,0.0,Feb,Alpha
2023-12-08,2023,12,Dec,Delta,Consumer,USA,8,184.66,79.38,1477.28,0.0,1477.28,635.01,842.27,0.5701,321.84,316.36,525.91,85.42,5000.0,2069.61,2930.39,2.0,1.48,0.71,0.1052,0-5%,635.01,1477.28,1477.28,842.27,8,184.66,79.38,0-5%,0.0,Dec,Delta
2023-02-01,2023,2,Feb,Echo,Enterprise,Canada,8,228.95,88.56,1831.57,54.95,1776.62,708.45,1068.18,0.6012,405.58,399.16,669.01,124.56,5000.0,2121.49,2878.51,1.78,1.38,0.74,0.1338,0-5%,708.45,1831.57,1776.62,1068.18,8,228.95,88.56,0-5%,54.95,Feb,Echo
2024-03-05,2024,3,Mar,Flux,Consumer,USA,14,239.14,102.18,3347.93,100.44,3247.49,1430.54,1816.94,0.5595,687.74,678.56,1138.39,219.79,6213.08,2829.47,3383.6,2.07,1.54,0.84,0.1832,0-5%,1430.54,3347.93,3247.49,1816.94,14,239.14,102.18,0-5%,100.44,Mar,Flux
2025-06-28,2025,6,Jun,Alpha,Enterprise,USA,9,341.43,155.74,3072.89,92.19,2980.7,1401.68,1579.02,0.5297,607.94,583.5,995.52,300.36,5250.01,2579.81,2670.2,2.14,1.74,0.97,0.1896,0-5%,1401.68,3072.89,2980.7,1579.02,9,341.43,155.74,0-5%,92.19,Jun,Alpha
2024-10-22,2024,10,Oct,Cobalt,Consumer,India,7,136.32,48.32,954.25,0.0,954.25,338.27,615.98,0.6455,244.15,259.71,356.27,60.94,5000.0,2088.26,2911.74,1.4,1.11,0.72,0.0713,0-5%,338.27,954.25,954.25,615.98,7,136.32,48.32,0-5%,0.0,Oct,Cobalt
2025-08-30,2025,8,Aug,Alpha,SMB,Germany,6,168.24,71.6,1009.45,0.0,1009.45,429.62,579.83,0.5744,135.08,144.88,434.95,67.64,5000.0,2473.1,2526.9,1.97,1.59,0.98,0.087,0-5%,429.62,1009.45,1009.45,579.83,6,168.24,71.6,0-5%,0.0,Aug,Alpha
2025-08-07,2025,8,Aug,Alpha,Consumer,Germany,11,164.19,72.48,1806.06,0.0,1806.06,797.23,1008.83,0.5586,492.52,491.59,517.24,129.38,5000.0,2508.32,2491.68,2.19,1.69,1.01,0.1034,0-5%,797.23,1806.06,1806.06,1008.83,11,164.19,72.48,0-5%,0.0,Aug,Alpha
2024-08-17,2024,8,Aug,Bravo,SMB,USA,6,206.23,98.53,1237.36,86.62,1150.75,591.16,559.59,0.4863,164.04,153.69,405.9,125.56,5000.0,2234.06,2765.94,1.8,1.44,0.81,0.0812,5-10%,591.16,1237.36,1150.75,559.59,6,206.23,98.53,5-10%,86.62,Aug,Bravo
2024-02-10,2024,2,Feb,Delta,Consumer,USA,9,232.59,109.5,2093.27,62.8,2030.47,985.5,1044.97,0.5146,290.75,273.58,771.39,111.31,5000.0,1892.22,3107.78,1.6,1.19,0.61,0.1543,0-5%,985.5,2093.27,2030.47,1044.97,9,232.59,109.5,0-5%,62.8,Feb,Delta
2024-06-11,2024,6,Jun,Echo,Enterprise,India,5,236.2,116.33,1181.0,82.67,1098.33,581.63,516.7,0.4704,252.89,258.58,258.12,92.21,5000.0,2865.81,2134.19,2.14,1.74,1.34,0.0516,5-10%,581.63,1181.0,1098.33,516.7,5,236.2,116.33,5-10%,82.67,Jun,Echo
2025-11-12,2025,11,Nov,Cobalt,Consumer,Germany,7,269.83,106.61,1888.79,56.66,1832.13,746.24,1085.89,0.5927,359.76,381.15,704.74,76.48,5000.0,3191.86,1808.14,1.85,1.59,1.77,0.1409,0-5%,746.24,1888.79,1832.13,1085.89,7,269.83,106.61,0-5%,56.66,Nov,Cobalt
2025-07-05,2025,7,Jul,Flux,Consumer,UK,11,213.43,107.8,2347.68,70.43,2277.25,1185.75,1091.5,0.4793,291.7,291.5,800.0,144.98,5000.0,2463.59,2536.41,1.63,1.1,0.97,0.16,0-5%,1185.75,2347.68,2277.25,1091.5,11,213.43,107.8,0-5%,70.43,Jul,Flux
2025-09-03,2025,9,Sep,Flux,Consumer,UK,4,309.86,147.63,1239.43,0.0,1239.43,590.5,648.92,0.5236,277.28,291.79,357.13,70.41,5000.0,3238.57,1761.43,1.81,1.41,1.84,0.0714,0-5%,590.5,1239.43,1239.43,648.92,4,309.86,147.63,0-5%,0.0,Sep,Flux
2024-08-08,2024,8,Aug,Alpha,Enterprise,USA,11,158.26,81.97,1740.83,0.0,1740.83,901.65,839.18,0.4821,342.44,360.7,478.48,179.78,5000.0,2385.31,2614.69,1.87,1.36,0.91,0.0957,0-5%,901.65,1740.83,1740.83,839.18,11,158.26,81.97,0-5%,0.0,Aug,Alpha
2024-04-29,2024,4,Apr,Cobalt,SMB,Germany,10,272.78,137.25,2727.83,0.0,2727.83,1372.54,1355.29,0.4968,746.41,723.67,631.62,175.02,5000.0,2421.82,2578.18,1.69,1.49,0.94,0.1263,0-5%,1372.54,2727.83,2727.83,1355.29,10,272.78,137.25,0-5%,0.0,Apr,Cobalt
2025-08-31,2025,8,Aug,Delta,Consumer,Canada,6,245.4,94.54,1472.42,176.69,1295.73,567.24,728.49,0.5622,345.69,327.11,401.38,84.44,5000.0,1897.4,3102.6,1.94,1.37,0.61,0.0803,10-20%,567.24,1472.42,1295.73,728.49,6,245.4,94.54,10-20%,176.69,Aug,Delta
2024-07-15,2024,7,Jul,Delta,Consumer,USA,10,250.68,108.53,2506.83,75.2,2431.62,1085.28,1346.35,0.5537,405.28,376.64,969.71,160.2,5000.0,2182.21,2817.79,1.71,1.23,0.77,0.1939,0-5%,1085.28,2506.83,2431.62,1346.35,10,250.68,108.53,0-5%,75.2,Jul,Delta
2023-03-01,2023,3,Mar,Alpha,Enterprise,USA,16,154.9,80.86,2478.36,173.48,2304.87,1293.73,1011.14,0.4387,492.67,499.72,511.42,192.41,5000.0,2209.99,2790.01,1.4,0.93,0.79,0.1023,5-10%,1293.73,2478.36,2304.87,1011.14,16,154.9,80.86,5-10%,173.48,Mar,Alpha
2025-12-28,2025,12,Dec,Cobalt,Consumer,UK,10,155.74,60.64,1557.39,0.0,1557.39,606.39,951.0,0.6106,260.93,252.82,698.18,104.94,5000.0,1857.71,3142.29,1.51,1.1,0.59,0.1396,0-5%,606.39,1557.39,1557.39,951.0,10,155.74,60.64,0-5%,0.0,Dec,Cobalt
2023-10-25,2023,10,Oct,Flux,SMB,USA,9,229.59,102.5,2066.32,247.96,1818.36,922.53,895.83,0.4927,263.96,257.1,638.73,106.84,5000.0,2433.95,2566.05,1.36,0.92,0.95,0.1277,10-20%,922.53,2066.32,1818.36,895.83,9,229.59,102.5,10-20%,247.96,Oct,Flux
2023-02-04,2023,2,Feb,Cobalt,SMB,USA,10,174.2,73.8,1742.0,0.0,1742.0,737.96,1004.04,0.5764,310.15,327.75,676.29,99.13,5000.0,3151.41,1848.59,1.9,1.6,1.7,0.1353,0-5%,737.96,1742.0,1742.0,1004.04,10,174.2,73.8,0-5%,0.0,Feb,Cobalt
2024-02-20,2024,2,Feb,Alpha,Consumer,USA,12,228.85,95.73,2746.26,82.39,2663.87,1148.73,1515.14,0.5688,475.79,496.23,1018.91,172.16,5000.0,2723.31,2276.69,1.88,1.61,1.2,0.2038,0-5%,1148.73,2746.26,2663.87,1515.14,12,228.85,95.73,0-5%,82.39,Feb,Alpha
2024-03-16,2024,3,Mar,Delta,Consumer,Germany,5,230.01,105.85,1150.03,0.0,1150.03,529.23,620.8,0.5398,163.65,155.9,464.91,86.83,5000.0,2576.01,2423.99,2.28,2.05,1.06,0.093,0-5%,529.23,1150.03,1150.03,620.8,5,230.01,105.85,0-5%,0.0,Mar,Delta
2025-04-13,2025,4,Apr,Echo,Enterprise,Germany,9,120.94,42.67,1088.49,32.65,1055.84,384.06,671.78,0.6363,227.13,216.05,455.73,50.0,5000.0,3122.53,1877.47,2.05,1.63,1.66,0.0911,0-5%,384.06,1088.49,1055.84,671.78,9,120.94,42.67,0-5%,32.65,Apr,Echo
2024-08-31,2024,8,Aug,Delta,SMB,India,12,231.15,104.35,2773.86,332.86,2441.0,1252.2,1188.8,0.487,313.71,300.84,887.96,227.7,5000.0,3213.92,1786.08,2.45,1.91,1.8,0.1776,10-20%,1252.2,2773.86,2441.0,1188.8,12,231.15,104.35,10-20%,332.86,Aug,Delta
2024-07-18,2024,7,Jul,Alpha,SMB,USA,17,253.59,135.48,4310.99,0.0,4310.99,2303.24,2007.75,0.4657,659.55,703.65,1304.11,496.35,8472.22,4143.32,4328.9,2.06,1.7,0.96,0.1539,0-5%,2303.24,4310.99,4310.99,2007.75,17,253.59,135.48,0-5%,0.0,Jul,Alpha
2024-10-19,2024,10,Oct,Alpha,Consumer,USA,9,330.5,136.65,2974.52,0.0,2974.52,1229.89,1744.64,0.5865,525.48,488.51,1256.13,203.45,5000.0,2486.29,2513.71,1.88,1.64,0.99,0.2512,0-5%,1229.89,2974.52,2974.52,1744.64,9,330.5,136.65,0-5%,0.0,Oct,Alpha
2025-07-01,2025,7,Jul,Bravo,Consumer,UK,7,223.27,96.15,1562.92,109.4,1453.51,673.03,780.49,0.537,391.44,411.54,368.94,103.28,5000.0,2772.29,2227.71,1.58,1.32,1.24,0.0738,5-10%,673.03,1562.92,1453.51,780.49,7,223.27,96.15,5-10%,109.4,Jul,Bravo
2024-12-08,2024,12,Dec,Delta,Consumer,USA,12,226.88,98.7,2722.5,680.63,2041.88,1184.4,857.48,0.4199,271.56,269.9,587.57,207.39,5000.0,2400.62,2599.38,1.2,0.7,0.92,0.1175,20%+,1184.4,2722.5,2041.88,857.48,12,226.88,98.7,20%+,680.63,Dec,Delta
2025-12-18,2025,12,Dec,Flux,SMB,USA,9,242.51,123.18,2182.62,65.48,2117.14,1108.59,1008.55,0.4764,407.95,437.9,570.65,234.69,5000.0,2575.63,2424.37,1.96,1.59,1.06,0.1141,0-5%,1108.59,2182.62,2117.14,1008.55,9,242.51,123.18,0-5%,65.48,Dec,Flux
2023-03-02,2023,3,Mar,Bravo,SMB,USA,10,109.69,40.33,1096.86,76.78,1020.08,403.33,616.75,0.6046,259.26,252.5,364.25,58.26,5000.0,2852.18,2147.82,1.56,0.97,1.33,0.0729,5-10%,403.33,1096.86,1020.08,616.75,10,109.69,40.33,5-10%,76.78,Mar,Bravo
2025-01-04,2025,1,Jan,Echo,SMB,USA,13,213.42,115.74,2774.52,194.22,2580.3,1504.67,1075.63,0.4169,424.39,428.72,646.91,292.45,5000.0,1864.22,3135.78,2.21,1.9,0.59,0.1294,5-10%,1504.67,2774.52,2580.3,1075.63,13,213.42,115.74,5-10%,194.22,Jan,Echo
2023-12-23,2023,12,Dec,Flux,SMB,UK,7,96.72,45.5,677.05,20.31,656.74,318.52,338.21,0.515,114.74,105.82,232.39,57.66,5000.0,2190.25,2809.75,2.13,1.63,0.78,0.0465,0-5%,318.52,677.05,656.74,338.21,7,96.72,45.5,0-5%,20.31,Dec,Flux
2025-08-17,2025,8,Aug,Delta,Consumer,India,8,216.22,92.59,1729.73,0.0,1729.73,740.75,988.98,0.5718,238.07,254.11,734.86,108.12,5000.0,3033.1,1966.9,1.48,1.08,1.54,0.147,0-5%,740.75,1729.73,1729.73,988.98,8,216.22,92.59,0-5%,0.0,Aug,Delta
2024-08-24,2024,8,Aug,Flux,Consumer,USA,12,223.6,122.39,2683.16,0.0,2683.16,1468.7,1214.46,0.4526,692.24,682.56,531.9,263.95,5000.0,1828.45,3171.55,2.4,1.98,0.58,0.1064,0-5%,1468.7,2683.16,2683.16,1214.46,12,223.6,122.39,0-5%,0.0,Aug,Flux
2024-07-07,2024,7,Jul,Cobalt,Enterprise,UK,3,286.7,121.68,860.11,103.21,756.9,365.05,391.85,0.5177,202.43,204.34,187.51,72.54,5000.0,2131.78,2868.22,1.82,1.34,0.74,0.0375,10-20%,365.05,860.11,756.9,391.85,3,286.7,121.68,10-20%,103.21,Jul,Cobalt
2023-07-06,2023,7,Jul,Bravo,Consumer,India,6,243.1,93.04,1458.58,0.0,1458.58,558.21,900.37,0.6173,186.26,186.24,714.12,58.55,5000.0,2002.57,2997.43,1.32,1.08,0.67,0.1428,0-5%,558.21,1458.58,1458.58,900.37,6,243.1,93.04,0-5%,0.0,Jul,Bravo
2023-04-28,2023,4,Apr,Bravo,Consumer,USA,5,233.35,101.35,1166.74,0.0,1166.74,506.76,659.98,0.5657,273.4,290.6,369.38,81.67,5000.0,3043.48,1956.52,1.92,1.43,1.56,0.0739,0-5%,506.76,1166.74,1166.74,659.98,5,233.35,101.35,0-5%,0.0,Apr,Bravo
2024-04-18,2024,4,Apr,Bravo,Consumer,UK,10,323.31,162.11,3233.12,226.32,3006.8,1621.11,1385.69,0.4609,642.69,637.8,747.89,329.32,5262.98,3064.9,2198.08,1.53,0.98,1.39,0.1421,5-10%,1621.11,3233.12,3006.8,1385.69,10,323.31,162.11,5-10%,226.32,Apr,Bravo
2023-01-26,2023,1,Jan,Cobalt,SMB,USA,5,272.07,116.49,1360.33,163.24,1197.09,582.47,614.63,0.5134,275.66,290.81,323.81,125.86,5000.0,2118.92,2881.08,1.47,1.09,0.74,0.0648,10-20%,582.47,1360.33,1197.09,614.63,5,272.07,116.49,10-20%,163.24,Jan,Cobalt
2025-03-01,2025,3,Mar,Alpha,Enterprise,Germany,9,175.53,68.75,1579.78,394.94,1184.83,618.75,566.08,0.4778,266.66,259.42,306.66,92.89,5000.0,2084.04,2915.96,1.53,1.27,0.71,0.0613,20%+,618.75,1579.78,1184.83,566.08,9,175.53,68.75,20%+,394.94,Mar,Alpha
2025-01-19,2025,1,Jan,Cobalt,SMB,UK,6,307.18,168.47,1843.1,221.17,1621.92,1010.8,611.12,0.3768,377.97,394.75,216.37,136.9,5000.0,1778.28,3221.72,2.1,1.67,0.55,0.0433,10-20%,1010.8,1843.1,1621.92,611.12,6,307.18,168.47,10-20%,221.17,Jan,Cobalt
2024-01-26,2024,1,Jan,Echo,Consumer,Germany,11,337.57,146.7,3713.25,928.31,2784.94,1613.7,1171.25,0.4206,561.32,581.06,590.19,202.01,5000.0,3076.03,1923.97,1.21,0.71,1.6,0.118,20%+,1613.7,3713.25,2784.94,1171.25,11,337.57,146.7,20%+,928.31,Jan,Echo
2023-06-25,2023,6,Jun,Alpha,SMB,USA,11,290.86,152.95,3199.51,223.97,2975.54,1682.43,1293.12,0.4346,413.66,384.72,908.4,344.45,5000.0,2654.96,2345.04,1.68,1.41,1.13,0.1817,5-10%,1682.43,3199.51,2975.54,1293.12,11,290.86,152.95,5-10%,223.97,Jun,Alpha
2025-12-27,2025,12,Dec,Delta,Consumer,USA,8,252.47,105.88,2019.79,60.59,1959.2,847.01,1112.19,0.5677,422.78,452.87,659.33,165.51,5000.0,2122.67,2877.33,2.21,1.82,0.74,0.1319,0-5%,847.01,2019.79,1959.2,1112.19,8,252.47,105.88,0-5%,60.59,Dec,Delta
2024-12-19,2024,12,Dec,Alpha,Consumer,USA,10,195.66,91.29,1956.56,0.0,1956.56,912.88,1043.69,0.5334,270.65,281.73,761.96,186.37,5000.0,2820.5,2179.5,1.43,0.88,1.29,0.1524,0-5%,912.88,1956.56,1956.56,1043.69,10,195.66,91.29,0-5%,0.0,Dec,Alpha
2023-07-05,2023,7,Jul,Bravo,SMB,India,9,193.71,75.41,1743.35,0.0,1743.35,678.73,1064.61,0.6107,346.07,370.74,693.87,124.08,5000.0,2344.48,2655.52,1.86,1.53,0.88,0.1388,0-5%,678.73,1743.35,1743.35,1064.61,9,193.71,75.41,0-5%,0.0,Jul,Bravo
2023-08-26,2023,8,Aug,Echo,SMB,Canada,6,167.54,90.55,1005.24,30.16,975.08,543.29,431.79,0.4428,229.6,228.01,203.79,82.43,5000.0,2167.24,2832.76,1.75,1.31,0.77,0.0408,0-5%,543.29,1005.24,975.08,431.79,6,167.54,90.55,0-5%,30.16,Aug,Echo
2025-10-25,2025,10,Oct,Echo,SMB,Germany,5,112.22,40.86,561.11,67.33,493.78,204.29,289.49,0.5863,66.83,64.51,224.98,50.0,5000.0,2108.49,2891.51,1.72,1.47,0.73,0.045,10-20%,204.29,561.11,493.78,289.49,5,112.22,40.86,10-20%,67.33,Oct,Echo
2024-05-07,2024,5,May,Echo,Enterprise,India,12,176.73,61.89,2120.75,0.0,2120.75,742.62,1378.13,0.6498,505.02,468.91,909.21,112.45,5000.0,1819.56,3180.44,2.0,1.47,0.57,0.1818,0-5%,742.62,2120.75,2120.75,1378.13,12,176.73,61.89,0-5%,0.0,May,Echo
2023-06-19,2023,6,Jun,Alpha,Consumer,Germany,6,258.73,131.92,1552.37,46.57,1505.8,791.53,714.27,0.4743,340.2,355.27,358.99,97.65,5000.0,1797.32,3202.68,1.79,1.26,0.56,0.0718,0-5%,791.53,1552.37,1505.8,714.27,6,258.73,131.92,0-5%,46.57,Jun,Alpha
2024-09-21,2024,9,Sep,Cobalt,Consumer,USA,7,102.87,55.81,720.12,50.41,669.72,390.68,279.04,0.4166,118.92,126.21,152.83,57.56,5000.0,2526.86,2473.14,2.19,1.81,1.02,0.0306,5-10%,390.68,720.12,669.72,279.04,7,102.87,55.81,5-10%,50.41,Sep,Cobalt
2024-02-19,2024,2,Feb,Echo,Enterprise,USA,15,244.62,97.66,3669.25,440.31,3228.94,1464.84,1764.1,0.5463,531.64,506.25,1257.85,224.13,5768.23,3036.79,2731.44,2.31,1.73,1.11,0.2181,10-20%,1464.84,3669.25,3228.94,1764.1,15,244.62,97.66,10-20%,440.31,Feb,Echo
2024-04-30,2024,4,Apr,Cobalt,Consumer,Germany,13,291.29,153.27,3786.79,0.0,3786.79,1992.47,1794.32,0.4738,809.78,773.04,1021.28,229.43,6882.85,3639.67,3243.19,2.34,1.97,1.12,0.1484,0-5%,1992.47,3786.79,3786.79,1794.32,13,291.29,153.27,0-5%,0.0,Apr,Cobalt
2025-04-05,2025,4,Apr,Bravo,Consumer,USA,13,172.42,71.4,2241.49,156.9,2084.58,928.14,1156.44,0.5548,531.62,570.79,585.65,129.46,5000.0,2668.72,2331.28,1.85,1.5,1.14,0.1171,5-10%,928.14,2241.49,2084.58,1156.44,13,172.42,71.4,5-10%,156.9,Apr,Bravo
2023-10-14,2023,10,Oct,Alpha,SMB,UK,8,267.8,95.15,2142.38,149.97,1992.41,761.23,1231.18,0.6179,542.3,544.52,686.66,147.62,5000.0,2063.55,2936.45,1.99,1.47,0.7,0.1373,5-10%,761.23,2142.38,1992.41,1231.18,8,267.8,95.15,5-10%,149.97,Oct,Alpha
2024-07-10,2024,7,Jul,Echo,SMB,UK,8,170.75,87.38,1365.96,0.0,1365.96,699.07,666.89,0.4882,243.91,234.41,432.48,115.05,5000.0,2088.15,2911.85,2.55,2.07,0.72,0.0865,0-5%,699.07,1365.96,1365.96,666.89,8,170.75,87.38,0-5%,0.0,Jul,Echo
2025-09-06,2025,9,Sep,Flux,Consumer,India,9,324.78,137.4,2923.05,350.77,2572.28,1236.61,1335.67,0.5193,612.97,590.4,745.27,213.58,5191.5,2172.33,3019.18,2.34,1.75,0.72,0.1436,10-20%,1236.61,2923.05,2572.28,1335.67,9,324.78,137.4,10-20%,350.77,Sep,Flux
2024-02-12,2024,2,Feb,Cobalt,Consumer,UK,8,191.66,80.96,1533.3,46.0,1487.31,647.71,839.59,0.5645,319.35,337.9,501.69,135.41,5000.0,2953.07,2046.93,1.9,1.46,1.44,0.1003,0-5%,647.71,1533.3,1487.31,839.59,8,191.66,80.96,0-5%,46.0,Feb,Cobalt
2023-07-21,2023,7,Jul,Bravo,Consumer,USA,7,213.63,82.22,1495.41,0.0,1495.41,575.51,919.89,0.6151,383.52,408.94,510.95,126.12,5000.0,2154.48,2845.52,1.76,1.48,0.76,0.1022,0-5%,575.51,1495.41,1495.41,919.89,7,213.63,82.22,0-5%,0.0,Jul,Bravo
2024-11-27,2024,11,Nov,Delta,SMB,UK,5,187.78,76.66,938.88,112.67,826.22,383.31,442.9,0.5361,99.72,91.92,350.98,63.8,5000.0,1815.05,3184.95,1.63,1.15,0.57,0.0702,10-20%,383.31,938.88,826.22,442.9,5,187.78,76.66,10-20%,112.67,Nov,Delta
2025-11-07,2025,11,Nov,Delta,Consumer,UK,6,279.22,99.96,1675.3,0.0,1675.3,599.78,1075.52,0.642,376.23,382.74,692.78,127.27,5000.0,2551.88,2448.12,1.99,1.76,1.04,0.1386,0-5%,599.78,1675.3,1675.3,1075.52,6,279.22,99.96,0-5%,0.0,Nov,Delta
2023-11-01,2023,11,Nov,Echo,Consumer,India,3,151.92,56.44,455.77,31.9,423.87,169.32,254.55,0.6005,67.53,67.21,187.34,50.0,5000.0,2533.15,2466.85,1.21,0.83,1.03,0.0375,5-10%,169.32,455.77,423.87,254.55,3,151.92,56.44,5-10%,31.9,Nov,Echo
2025-08-02,2025,8,Aug,Delta,SMB,India,4,188.79,72.87,755.17,22.65,732.51,291.46,441.05,0.6021,169.01,176.02,265.02,50.0,5000.0,2812.97,2187.03,1.7,1.14,1.29,0.053,0-5%,291.46,755.17,732.51,441.05,4,188.79,72.87,0-5%,22.65,Aug,Delta
2023-10-27,2023,10,Oct,Flux,Enterprise,USA,11,147.26,79.98,1619.9,0.0,1619.9,879.82,740.07,0.4569,429.08,433.54,306.54,157.05,5000.0,2797.63,2202.37,1.58,1.28,1.27,0.0613,0-5%,879.82,1619.9,1619.9,740.07,11,147.26,79.98,0-5%,0.0,Oct,Flux
2024-04-11,2024,4,Apr,Bravo,Consumer,Germany,13,163.49,64.69,2125.37,148.78,1976.59,841.0,1135.59,0.5745,291.02,284.33,851.26,162.68,5000.0,2657.17,2342.83,1.39,0.93,1.13,0.1703,5-10%,841.0,2125.37,1976.59,1135.59,13,163.49,64.69,5-10%,148.78,Apr,Bravo
2023-04-09,2023,4,Apr,Delta,Enterprise,USA,7,225.95,107.93,1581.68,0.0,1581.68,755.49,826.19,0.5223,363.24,389.93,436.26,97.08,5000.0,2762.62,2237.38,2.01,1.8,1.23,0.0873,0-5%,755.49,1581.68,1581.68,826.19,7,225.95,107.93,0-5%,0.0,Apr,Delta
2025-11-17,2025,11,Nov,Bravo,Consumer,Germany,5,158.94,66.78,794.7,55.63,739.07,333.9,405.16,0.5482,179.05,183.51,221.65,50.0,5000.0,1809.81,3190.19,2.38,2.06,0.57,0.0443,5-10%,333.9,794.7,739.07,405.16,5,158.94,66.78,5-10%,55.63,Nov,Bravo
2025-02-18,2025,2,Feb,Alpha,SMB,USA,11,243.72,102.72,2680.96,321.72,2359.24,1129.9,1229.35,0.5211,590.39,615.88,613.47,225.52,5000.0,2628.98,2371.02,1.78,1.57,1.11,0.1227,10-20%,1129.9,2680.96,2359.24,1229.35,11,243.72,102.72,10-20%,321.72,Feb,Alpha
2024-11-16,2024,11,Nov,Bravo,Consumer,USA,9,152.84,65.48,1375.58,41.27,1334.31,589.28,745.03,0.5584,178.56,188.6,556.42,100.93,5000.0,2516.59,2483.41,1.4,0.94,1.01,0.1113,0-5%,589.28,1375.58,1334.31,745.03,9,152.84,65.48,0-5%,41.27,Nov,Bravo
2024-01-04,2024,1,Jan,Echo,SMB,USA,8,198.38,95.19,1587.04,396.76,1190.28,761.5,428.78,0.3602,264.83,262.21,166.57,151.38,5000.0,2646.03,2353.97,2.13,1.55,1.12,0.0333,20%+,761.5,1587.04,1190.28,428.78,8,198.38,95.19,20%+,396.76,Jan,Echo
2023-02-26,2023,2,Feb,Echo,SMB,USA,6,165.17,84.93,991.0,118.92,872.08,509.59,362.49,0.4157,167.6,180.98,181.51,100.06,5000.0,3190.48,1809.52,2.13,1.8,1.76,0.0363,10-20%,509.59,991.0,872.08,362.49,6,165.17,84.93,10-20%,118.92,Feb,Echo
2024-08-30,2024,8,Aug,Alpha,SMB,USA,12,194.12,84.99,2329.41,0.0,2329.41,1019.86,1309.55,0.5622,635.11,660.46,649.09,133.56,5000.0,2174.0,2826.0,1.77,1.31,0.77,0.1298,0-5%,1019.86,2329.41,2329.41,1309.55,12,194.12,84.99,0-5%,0.0,Aug,Alpha
2025-07-03,2025,7,Jul,Delta,Enterprise,UK,9,135.51,69.0,1219.55,36.59,1182.96,620.99,561.98,0.4751,287.65,299.93,262.05,99.14,5000.0,1930.08,3069.92,1.8,1.29,0.63,0.0524,0-5%,620.99,1219.55,1182.96,561.98,9,135.51,69.0,0-5%,36.59,Jul,Delta
2023-10-26,2023,10,Oct,Cobalt,SMB,USA,10,188.45,97.11,1884.49,0.0,1884.49,971.14,913.36,0.4847,342.45,323.79,589.57,182.16,5000.0,2193.99,2806.01,2.01,1.67,0.78,0.1179,0-5%,971.14,1884.49,1884.49,913.36,10,188.45,97.11,0-5%,0.0,Oct,Cobalt
2024-08-03,2024,8,Aug,Echo,Enterprise,Canada,5,201.73,96.08,1008.63,0.0,1008.63,480.42,528.21,0.5237,135.31,131.54,396.67,79.09,5000.0,2870.73,2129.27,1.57,1.34,1.35,0.0793,0-5%,480.42,1008.63,1008.63,528.21,5,201.73,96.08,0-5%,0.0,Aug,Echo
2024-11-01,2024,11,Nov,Delta,SMB,India,9,213.9,92.35,1925.08,57.75,1867.33,831.13,1036.19,0.5549,410.09,425.98,610.22,123.92,5000.0,2740.38,2259.62,1.27,0.89,1.21,0.122,0-5%,831.13,1925.08,1867.33,1036.19,9,213.9,92.35,0-5%,57.75,Nov,Delta
2023-04-16,2023,4,Apr,Alpha,Consumer,USA,9,190.53,94.72,1714.77,205.77,1509.0,852.51,656.49,0.435,390.09,369.11,287.38,180.96,5000.0,2177.88,2822.12,1.72,1.43,0.77,0.0575,10-20%,852.51,1714.77,1509.0,656.49,9,190.53,94.72,10-20%,205.77,Apr,Alpha
2025-06-23,2025,6,Jun,Bravo,SMB,Canada,9,151.08,61.89,1359.73,0.0,1359.73,556.99,802.75,0.5904,363.75,363.4,439.35,118.62,5000.0,2296.29,2703.71,1.65,1.24,0.85,0.0879,0-5%,556.99,1359.73,1359.73,802.75,9,151.08,61.89,0-5%,0.0,Jun,Bravo
2024-07-14,2024,7,Jul,Alpha,SMB,India,12,250.55,120.37,3006.55,210.46,2796.09,1444.42,1351.68,0.4834,355.3,336.61,1015.07,275.07,5286.42,3371.36,1915.06,1.79,1.49,1.76,0.192,5-10%,1444.42,3006.55,2796.09,1351.68,12,250.55,120.37,5-10%,210.46,Jul,Alpha
2023-12-22,2023,12,Dec,Cobalt,Consumer,USA,14,301.16,116.03,4216.19,295.13,3921.05,1624.46,2296.6,0.5857,513.17,550.65,1745.95,228.84,5050.7,3271.98,1778.72,2.05,1.77,1.84,0.3457,5-10%,1624.46,4216.19,3921.05,2296.6,14,301.16,116.03,5-10%,295.13,Dec,Cobalt
2024-05-02,2024,5,May,Bravo,Enterprise,USA,8,183.16,74.52,1465.25,43.96,1421.29,596.13,825.16,0.5806,360.47,382.75,442.41,88.11,5000.0,2973.46,2026.54,1.88,1.67,1.47,0.0885,0-5%,596.13,1465.25,1421.29,825.16,8,183.16,74.52,0-5%,43.96,May,Bravo
2024-09-04,2024,9,Sep,Echo,Consumer,Germany,10,193.35,82.96,1933.54,135.35,1798.19,829.62,968.58,0.5386,466.93,485.0,483.57,141.62,5000.0,3174.74,1825.26,2.19,1.78,1.74,0.0967,5-10%,829.62,1933.54,1798.19,968.58,10,193.35,82.96,5-10%,135.35,Sep,Echo
2025-10-21,2025,10,Oct,Alpha,Consumer,Canada,8,204.61,79.7,1636.91,196.43,1440.48,637.6,802.89,0.5574,206.71,219.62,583.27,135.57,5000.0,2458.26,2541.74,2.27,1.8,0.97,0.1167,10-20%,637.6,1636.91,1440.48,802.89,8,204.61,79.7,10-20%,196.43,Oct,Alpha
2025-05-19,2025,5,May,Delta,SMB,USA,7,353.75,173.27,2476.23,0.0,2476.23,1212.9,1263.33,0.5102,560.16,543.4,719.93,128.55,5048.4,2934.04,2114.36,1.92,1.52,1.39,0.1426,0-5%,1212.9,2476.23,2476.23,1263.33,7,353.75,173.27,0-5%,0.0,May,Delta
2024-05-08,2024,5,May,Bravo,Consumer,India,5,296.98,114.77,1484.92,178.19,1306.73,573.85,732.88,0.5609,338.87,363.44,369.44,125.39,5000.0,2960.09,2039.91,1.71,1.27,1.45,0.0739,10-20%,573.85,1484.92,1306.73,732.88,5,296.98,114.77,10-20%,178.19,May,Bravo
2023-12-23,2023,12,Dec,Cobalt,Consumer,India,5,233.51,121.07,1167.55,0.0,1167.55,605.34,562.22,0.4815,195.76,190.13,372.09,82.89,5000.0,1893.02,3106.98,2.51,2.18,0.61,0.0744,0-5%,605.34,1167.55,1167.55,562.22,5,233.51,121.07,0-5%,0.0,Dec,Cobalt
2023-05-06,2023,5,May,Flux,Consumer,USA,10,229.2,96.08,2292.02,0.0,2292.02,960.82,1331.2,0.5808,390.79,380.85,950.35,186.85,5000.0,2839.65,2160.35,2.26,1.84,1.31,0.1901,0-5%,960.82,2292.02,2292.02,1331.2,10,229.2,96.08,0-5%,0.0,May,Flux
2024-05-07,2024,5,May,Alpha,Consumer,Germany,9,105.0,41.95,944.97,113.4,831.58,377.51,454.07,0.546,210.1,197.56,256.5,51.98,5000.0,2487.53,2512.47,1.9,1.36,0.99,0.0513,10-20%,377.51,944.97,831.58,454.07,9,105.0,41.95,10-20%,113.4,May,Alpha
2025-04-29,2025,4,Apr,Delta,SMB,Germany,7,215.93,111.36,1511.5,181.38,1330.12,779.53,550.59,0.4139,321.67,336.82,213.77,150.29,5000.0,2624.35,2375.65,1.77,1.38,1.1,0.0428,10-20%,779.53,1511.5,1330.12,550.59,7,215.93,111.36,10-20%,181.38,Apr,Delta
2024-07-23,2024,7,Jul,Delta,SMB,USA,9,243.41,97.47,2190.67,65.72,2124.95,877.22,1247.72,0.5872,510.99,478.0,769.72,169.17,5000.0,2452.77,2547.23,2.35,2.12,0.96,0.1539,0-5%,877.22,2190.67,2124.95,1247.72,9,243.41,97.47,0-5%,65.72,Jul,Delta
2023-01-22,2023,1,Jan,Alpha,Consumer,USA,14,231.27,105.32,3237.74,226.64,3011.1,1474.46,1536.64,0.5103,805.06,867.23,669.41,169.09,5000.0,2637.84,2362.16,1.61,1.2,1.12,0.1339,5-10%,1474.46,3237.74,3011.1,1536.64,14,231.27,105.32,5-10%,226.64,Jan,Alpha
2024-03-16,2024,3,Mar,Cobalt,Enterprise,USA,9,215.18,89.1,1936.66,58.1,1878.56,801.88,1076.68,0.5731,373.02,363.3,713.38,123.88,5000.0,2867.28,2132.72,1.61,1.22,1.34,0.1427,0-5%,801.88,1936.66,1878.56,1076.68,9,215.18,89.1,0-5%,58.1,Mar,Cobalt
2024-04-07,2024,4,Apr,Cobalt,Enterprise,UK,11,180.27,74.27,1983.01,138.81,1844.2,816.99,1027.21,0.557,234.63,220.22,806.99,122.03,5000.0,2236.31,2763.69,1.52,0.98,0.81,0.1614,5-10%,816.99,1983.01,1844.2,1027.21,11,180.27,74.27,5-10%,138.81,Apr,Cobalt
2023-08-12,2023,8,Aug,Cobalt,SMB,Germany,10,241.2,96.9,2411.97,168.84,2243.13,968.96,1274.17,0.568,301.84,317.07,957.1,169.88,5000.0,3087.79,1912.21,2.15,1.66,1.61,0.1914,5-10%,968.96,2411.97,2243.13,1274.17,10,241.2,96.9,5-10%,168.84,Aug,Cobalt
2023-12-21,2023,12,Dec,Cobalt,SMB,USA,9,267.59,97.18,2408.28,0.0,2408.28,874.58,1533.7,0.6368,573.2,591.45,942.25,92.15,5000.0,1778.58,3221.42,1.73,1.28,0.55,0.1885,0-5%,874.58,2408.28,2408.28,1533.7,9,267.59,97.18,0-5%,0.0,Dec,Cobalt
2025-10-03,2025,10,Oct,Alpha,Enterprise,UK,5,270.97,126.6,1354.83,40.65,1314.19,632.98,681.21,0.5183,344.91,359.3,321.91,121.93,5000.0,2381.16,2618.84,1.73,1.39,0.91,0.0644,0-5%,632.98,1354.83,1314.19,681.21,5,270.97,126.6,0-5%,40.65,Oct,Alpha
2024-03-26,2024,3,Mar,Alpha,Consumer,UK,13,187.02,82.96,2431.31,170.19,2261.12,1078.49,1182.63,0.523,600.61,606.4,576.23,115.62,5000.0,2391.66,2608.34,1.83,1.4,0.92,0.1152,5-10%,1078.49,2431.31,2261.12,1182.63,13,187.02,82.96,5-10%,170.19,Mar,Alpha
2024-04-08,2024,4,Apr,Delta,SMB,India,16,301.39,137.5,4822.23,144.67,4677.56,2200.01,2477.56,0.5297,717.06,728.89,1748.67,417.21,8853.41,5428.49,3424.92,2.01,1.62,1.58,0.1975,0-5%,2200.01,4822.23,4677.56,2477.56,16,301.39,137.5,0-5%,144.67,Apr,Delta
2025-02-22,2025,2,Feb,Cobalt,Enterprise,USA,4,201.01,96.82,804.05,24.12,779.93,387.29,392.64,0.5034,126.77,125.2,267.44,77.26,5000.0,2654.7,2345.3,2.09,1.87,1.13,0.0535,0-5%,387.29,804.05,779.93,392.64,4,201.01,96.82,0-5%,24.12,Feb,Cobalt
2025-07-25,2025,7,Jul,Alpha,Consumer,USA,10,134.11,48.23,1341.08,335.27,1005.81,482.28,523.53,0.5205,153.37,145.3,378.22,94.58,5000.0,2664.94,2335.06,1.39,1.14,1.14,0.0756,20%+,482.28,1341.08,1005.81,523.53,10,134.11,48.23,20%+,335.27,Jul,Alpha
2024-04-18,2024,4,Apr,Cobalt,Consumer,India,9,299.79,132.15,2698.14,188.87,2509.27,1189.32,1319.95,0.526,364.47,392.95,927.0,146.47,5000.0,2315.3,2684.7,1.64,1.38,0.86,0.1854,5-10%,1189.32,2698.14,2509.27,1319.95,9,299.79,132.15,5-10%,188.87,Apr,Cobalt
2023-11-29,2023,11,Nov,Bravo,Consumer,India,10,215.25,91.36,2152.49,150.67,2001.82,913.58,1088.23,0.5436,485.25,520.04,568.19,145.7,5000.0,2706.3,2293.7,2.19,1.82,1.18,0.1136,5-10%,913.58,2152.49,2001.82,1088.23,10,215.25,91.36,5-10%,150.67,Nov,Bravo
2024-09-25,2024,9,Sep,Flux,SMB,USA,11,283.25,108.74,3115.75,0.0,3115.75,1196.19,1919.56,0.6161,805.96,783.84,1135.72,235.07,5460.5,2726.38,2734.11,1.71,1.44,1.0,0.208,0-5%,1196.19,3115.75,3115.75,1919.56,11,283.25,108.74,0-5%,0.0,Sep,Flux
2024-01-25,2024,1,Jan,Bravo,Consumer,UK,11,291.54,116.94,3206.96,801.74,2405.22,1286.29,1118.94,0.4652,648.57,615.9,503.04,171.9,5000.0,2624.49,2375.51,1.72,1.39,1.1,0.1006,20%+,1286.29,3206.96,2405.22,1118.94,11,291.54,116.94,20%+,801.74,Jan,Bravo
2023-01-18,2023,1,Jan,Delta,Consumer,Canada,7,197.79,105.41,1384.5,0.0,1384.5,737.86,646.64,0.4671,271.85,264.18,382.46,113.66,5000.0,1953.62,3046.38,1.63,1.4,0.64,0.0765,0-5%,737.86,1384.5,1384.5,646.64,7,197.79,105.41,0-5%,0.0,Jan,Delta
2025-07-17,2025,7,Jul,Echo,Consumer,Canada,12,367.89,188.9,4414.7,529.76,3884.94,2266.79,1618.14,0.4165,843.86,874.51,743.64,306.13,5660.97,2966.63,2694.34,1.94,1.36,1.1,0.1314,10-20%,2266.79,4414.7,3884.94,1618.14,12,367.89,188.9,10-20%,529.76,Jul,Echo
2025-10-22,2025,10,Oct,Delta,SMB,UK,10,299.53,161.96,2995.28,209.67,2785.61,1619.6,1166.01,0.4186,352.84,374.06,791.95,346.38,5000.0,3218.48,1781.52,1.26,0.79,1.81,0.1584,5-10%,1619.6,2995.28,2785.61,1166.01,10,299.53,161.96,5-10%,209.67,Oct,Delta
2025-05-03,2025,5,May,Echo,SMB,USA,14,152.54,76.33,2135.53,64.07,2071.47,1068.64,1002.83,0.4841,539.52,513.71,489.12,201.36,5000.0,1907.41,3092.59,1.69,1.29,0.62,0.0978,0-5%,1068.64,2135.53,2071.47,1002.83,14,152.54,76.33,0-5%,64.07,May,Echo
2023-05-13,2023,5,May,Delta,Consumer,UK,5,278.6,113.49,1393.02,0.0,1393.02,567.47,825.55,0.5926,306.06,301.33,524.23,101.63,5000.0,2660.64,2339.36,1.64,1.44,1.14,0.1048,0-5%,567.47,1393.02,1393.02,825.55,5,278.6,113.49,0-5%,0.0,May,Delta
2024-01-26,2024,1,Jan,Cobalt,Consumer,USA,11,200.83,90.28,2209.1,154.64,2054.46,993.11,1061.36,0.5166,549.94,511.31,550.04,185.67,5000.0,2809.14,2190.86,1.47,1.07,1.28,0.11,5-10%,993.11,2209.1,2054.46,1061.36,11,200.83,90.28,5-10%,154.64,Jan,Cobalt
2024-05-09,2024,5,May,Flux,Consumer,USA,8,291.91,108.58,2335.29,280.24,2055.06,868.61,1186.45,0.5773,306.99,319.66,866.79,151.95,5000.0,3139.72,1860.28,1.49,1.09,1.69,0.1734,10-20%,868.61,2335.29,2055.06,1186.45,8,291.91,108.58,10-20%,280.24,May,Flux
2023-03-28,2023,3,Mar,Cobalt,Enterprise,UK,9,238.82,115.06,2149.36,257.92,1891.44,1035.52,855.92,0.4525,272.84,285.44,570.48,210.94,5000.0,2088.16,2911.84,1.97,1.43,0.72,0.1141,10-20%,1035.52,2149.36,1891.44,855.92,9,238.82,115.06,10-20%,257.92,Mar,Cobalt
2024-06-17,2024,6,Jun,Cobalt,SMB,USA,8,249.71,101.49,1997.7,139.84,1857.86,811.93,1045.93,0.563,330.1,310.59,735.34,113.22,5000.0,2276.18,2723.82,1.66,1.34,0.84,0.1471,5-10%,811.93,1997.7,1857.86,1045.93,8,249.71,101.49,5-10%,139.84,Jun,Cobalt
2025-03-24,2025,3,Mar,Delta,Consumer,India,9,213.72,88.13,1923.48,134.64,1788.84,793.16,995.68,0.5566,375.61,353.24,642.44,143.62,5000.0,2083.17,2916.83,1.88,1.57,0.71,0.1285,5-10%,793.16,1923.48,1788.84,995.68,9,213.72,88.13,5-10%,134.64,Mar,Delta
2023-06-08,2023,6,Jun,Delta,SMB,USA,6,227.77,116.71,1366.64,0.0,1366.64,700.26,666.38,0.4876,225.2,222.22,444.16,145.6,5000.0,3166.79,1833.21,1.94,1.35,1.73,0.0888,0-5%,700.26,1366.64,1366.64,666.38,6,227.77,116.71,0-5%,0.0,Jun,Delta
2023-12-05,2023,12,Dec,Alpha,SMB,USA,13,254.99,127.36,3314.86,99.45,3215.41,1655.69,1559.73,0.4851,810.18,845.17,714.56,267.64,5000.0,2982.1,2017.9,2.19,1.64,1.48,0.1429,0-5%,1655.69,3314.86,3215.41,1559.73,13,254.99,127.36,0-5%,99.45,Dec,Alpha
2025-12-24,2025,12,Dec,Cobalt,Enterprise,UK,5,332.31,134.26,1661.57,116.31,1545.26,671.31,873.95,0.5656,313.91,327.16,546.79,142.47,5000.0,1831.15,3168.85,1.77,1.46,0.58,0.1094,5-10%,671.31,1661.57,1545.26,873.95,5,332.31,134.26,5-10%,116.31,Dec,Cobalt
2025-10-12,2025,10,Oct,Flux,Consumer,UK,10,99.98,39.23,999.83,249.96,749.87,392.26,357.61,0.4769,148.05,158.8,198.82,50.0,5000.0,1916.52,3083.48,1.63,1.04,0.62,0.0398,20%+,392.26,999.83,749.87,357.61,10,99.98,39.23,20%+,249.96,Oct,Flux
2025-09-09,2025,9,Sep,Alpha,Consumer,USA,7,214.5,90.4,1501.49,0.0,1501.49,632.83,868.66,0.5785,237.98,243.74,624.92,133.09,5000.0,2678.76,2321.24,1.6,1.15,1.15,0.125,0-5%,632.83,1501.49,1501.49,868.66,7,214.5,90.4,0-5%,0.0,Sep,Alpha
2025-08-29,2025,8,Aug,Alpha,SMB,UK,5,242.77,109.78,1213.87,84.97,1128.9,548.9,580.0,0.5138,268.11,283.04,296.95,119.6,5000.0,2865.0,2135.0,1.49,1.07,1.34,0.0594,5-10%,548.9,1213.87,1128.9,580.0,5,242.77,109.78,5-10%,84.97,Aug,Alpha
2024-10-07,2024,10,Oct,Delta,Consumer,Germany,11,240.36,99.79,2643.93,185.08,2458.86,1097.74,1361.11,0.5536,526.48,528.6,832.51,200.77,5000.0,2791.42,2208.58,1.04,0.83,1.26,0.1665,5-10%,1097.74,2643.93,2458.86,1361.11,11,240.36,99.79,5-10%,185.08,Oct,Delta
2025-09-28,2025,9,Sep,Echo,Consumer,UK,6,320.3,161.77,1921.83,57.65,1864.17,970.6,893.57,0.4793,372.39,344.52,549.05,189.16,5000.0,2962.09,2037.91,1.58,1.02,1.45,0.1098,0-5%,970.6,1921.83,1864.17,893.57,6,320.3,161.77,0-5%,57.65,Sep,Echo
2024-10-18,2024,10,Oct,Bravo,Consumer,UK,7,211.75,82.9,1482.23,0.0,1482.23,580.29,901.94,0.6085,363.22,368.81,533.13,63.34,5000.0,2657.2,2342.8,1.98,1.42,1.13,0.1066,0-5%,580.29,1482.23,1482.23,901.94,7,211.75,82.9,0-5%,0.0,Oct,Bravo
2025-02-08,2025,2,Feb,Delta,Enterprise,USA,9,227.96,94.8,2051.64,143.61,1908.02,853.24,1054.78,0.5528,494.22,526.99,527.79,94.91,5000.0,2686.5,2313.5,1.02,0.51,1.16,0.1056,5-10%,853.24,2051.64,1908.02,1054.78,9,227.96,94.8,5-10%,143.61,Feb,Delta
2025-06-12,2025,6,Jun,Bravo,Consumer,USA,10,78.76,33.19,787.57,23.63,763.94,331.87,432.08,0.5656,136.11,145.8,286.28,50.0,5000.0,1790.04,3209.96,1.56,0.99,0.56,0.0573,0-5%,331.87,787.57,763.94,432.08,10,78.76,33.19,0-5%,23.63,Jun,Bravo
2024-03-02,2024,3,Mar,Alpha,Consumer,Germany,5,252.02,111.34,1260.09,37.8,1222.28,556.7,665.58,0.5445,205.94,210.1,455.48,103.85,5000.0,2198.46,2801.54,1.57,1.35,0.78,0.0911,0-5%,556.7,1260.09,1222.28,665.58,5,252.02,111.34,0-5%,37.8,Mar,Alpha
2024-01-17,2024,1,Jan,Bravo,Consumer,USA,11,233.52,106.03,2568.72,0.0,2568.72,1166.3,1402.42,0.546,429.59,450.81,951.62,206.65,5000.0,2114.25,2885.75,1.53,1.3,0.73,0.1903,0-5%,1166.3,2568.72,2568.72,1402.42,11,233.52,106.03,0-5%,0.0,Jan,Bravo
2024-08-25,2024,8,Aug,Delta,Consumer,USA,11,172.7,79.41,1899.67,0.0,1899.67,873.5,1026.17,0.5402,365.64,365.28,660.9,176.11,5000.0,1836.7,3163.3,2.66,2.17,0.58,0.1322,0-5%,873.5,1899.67,1899.67,1026.17,11,172.7,79.41,0-5%,0.0,Aug,Delta
2023-04-29,2023,4,Apr,Echo,Consumer,USA,13,201.24,79.88,2616.16,78.48,2537.67,1038.45,1499.22,0.5908,451.9,443.17,1056.06,175.94,5000.0,1892.0,3108.0,1.42,1.02,0.61,0.2112,0-5%,1038.45,2616.16,2537.67,1499.22,13,201.24,79.88,0-5%,78.48,Apr,Echo
2023-04-15,2023,4,Apr,Cobalt,Consumer,India,7,217.98,99.71,1525.84,45.78,1480.06,697.94,782.12,0.5284,259.07,279.47,502.65,91.98,5000.0,2770.56,2229.44,1.91,1.56,1.24,0.1005,0-5%,697.94,1525.84,1480.06,782.12,7,217.98,99.71,0-5%,45.78,Apr,Cobalt
2023-04-20,2023,4,Apr,Flux,Consumer,Canada,12,163.18,78.17,1958.21,137.07,1821.14,938.09,883.05,0.4849,266.45,282.83,600.22,190.02,5000.0,3019.88,1980.12,1.71,1.2,1.53,0.12,5-10%,938.09,1958.21,1821.14,883.05,12,163.18,78.17,5-10%,137.07,Apr,Flux
2024-03-17,2024,3,Mar,Bravo,SMB,USA,10,239.81,92.01,2398.1,0.0,2398.1,920.15,1477.95,0.6163,606.8,650.1,827.85,197.53,5000.0,3223.32,1776.68,1.3,0.91,1.81,0.1656,0-5%,920.15,2398.1,2398.1,1477.95,10,239.81,92.01,0-5%,0.0,Mar,Bravo
2025-08-06,2025,8,Aug,Delta,Consumer,UK,13,209.98,97.94,2729.79,81.89,2647.9,1273.18,1374.72,0.5192,490.99,513.62,861.1,229.1,5000.0,2726.7,2273.3,2.49,2.11,1.2,0.1722,0-5%,1273.18,2729.79,2647.9,1374.72,13,209.98,97.94,0-5%,81.89,Aug,Delta
2024-01-24,2024,1,Jan,Bravo,SMB,Canada,5,160.61,76.05,803.03,56.21,746.82,380.26,366.56,0.4908,168.67,173.34,193.22,75.29,5000.0,2776.3,2223.7,1.34,0.99,1.25,0.0386,5-10%,380.26,803.03,746.82,366.56,5,160.61,76.05,5-10%,56.21,Jan,Bravo
2024-02-25,2024,2,Feb,Echo,Consumer,USA,7,248.62,89.01,1740.31,0.0,1740.31,623.05,1117.26,0.642,395.77,392.99,724.28,87.29,5000.0,1970.03,3029.97,1.83,1.35,0.65,0.1449,0-5%,623.05,1740.31,1740.31,1117.26,7,248.62,89.01,0-5%,0.0,Feb,Echo
2025-08-12,2025,8,Aug,Bravo,Consumer,USA,9,281.06,147.25,2529.58,177.07,2352.51,1325.29,1027.22,0.4367,350.3,363.74,663.48,136.62,5000.0,2659.87,2340.13,1.72,1.28,1.14,0.1327,5-10%,1325.29,2529.58,2352.51,1027.22,9,281.06,147.25,5-10%,177.07,Aug,Bravo
2025-05-17,2025,5,May,Echo,Consumer,Germany,8,175.7,66.7,1405.62,0.0,1405.62,533.62,872.0,0.6204,343.11,370.1,501.89,81.29,5000.0,2704.98,2295.02,1.57,1.17,1.18,0.1004,0-5%,533.62,1405.62,1405.62,872.0,8,175.7,66.7,0-5%,0.0,May,Echo
2023-10-27,2023,10,Oct,Bravo,Enterprise,USA,10,224.03,100.98,2240.28,67.21,2173.07,1009.77,1163.3,0.5353,346.32,333.84,829.46,186.33,5000.0,2894.12,2105.88,1.51,1.07,1.37,0.1659,0-5%,1009.77,2240.28,2173.07,1163.3,10,224.03,100.98,0-5%,67.21,Oct,Bravo
2023-12-06,2023,12,Dec,Cobalt,SMB,USA,8,166.74,79.99,1333.92,40.02,1293.91,639.92,653.98,0.5054,332.99,350.29,303.7,89.97,5000.0,3209.64,1790.36,1.51,1.04,1.79,0.0607,0-5%,639.92,1333.92,1293.91,653.98,8,166.74,79.99,0-5%,40.02,Dec,Cobalt
2025-03-18,2025,3,Mar,Delta,Consumer,Canada,10,194.88,79.19,1948.83,0.0,1948.83,791.89,1156.94,0.5937,390.09,375.61,781.33,85.65,5000.0,3126.13,1873.87,2.12,1.56,1.67,0.1563,0-5%,791.89,1948.83,1948.83,1156.94,10,194.88,79.19,0-5%,0.0,Mar,Delta
2024-07-01,2024,7,Jul,Delta,Enterprise,India,9,229.1,89.92,2061.93,61.86,2000.07,809.32,1190.75,0.5954,440.82,459.49,731.26,172.4,5000.0,1909.68,3090.32,1.74,1.17,0.62,0.1463,0-5%,809.32,2061.93,2000.07,1190.75,9,229.1,89.92,0-5%,61.86,Jul,Delta
2023-07-08,2023,7,Jul,Flux,Consumer,USA,7,203.13,74.11,1421.9,99.53,1322.36,518.77,803.6,0.6077,184.56,182.33,621.27,58.07,5000.0,2657.88,2342.12,1.88,1.53,1.13,0.1243,5-10%,518.77,1421.9,1322.36,803.6,7,203.13,74.11,5-10%,99.53,Jul,Flux
2025-04-22,2025,4,Apr,Bravo,SMB,USA,12,209.92,109.53,2519.01,302.28,2216.73,1314.41,902.32,0.4071,284.85,300.52,601.8,172.32,5000.0,2801.39,2198.61,1.65,1.22,1.27,0.1204,10-20%,1314.41,2519.01,2216.73,902.32,12,209.92,109.53,10-20%,302.28,Apr,Bravo
2023-07-27,2023,7,Jul,Echo,Consumer,USA,9,284.82,103.39,2563.36,0.0,2563.36,930.53,1632.83,0.637,423.36,414.58,1218.24,149.25,5019.64,2275.77,2743.88,1.89,1.34,0.83,0.2427,0-5%,930.53,2563.36,2563.36,1632.83,9,284.82,103.39,0-5%,0.0,Jul,Echo
2025-03-23,2025,3,Mar,Alpha,Consumer,Canada,10,328.59,121.66,3285.9,394.31,2891.59,1216.59,1675.0,0.5793,795.24,779.92,895.08,167.39,5262.99,3186.57,2076.43,2.27,1.84,1.53,0.1701,10-20%,1216.59,3285.9,2891.59,1675.0,10,328.59,121.66,10-20%,394.31,Mar,Alpha
2025-03-23,2025,3,Mar,Alpha,Enterprise,India,6,271.49,132.31,1628.96,195.48,1433.49,793.86,639.63,0.4462,344.81,338.5,301.14,87.8,5000.0,1756.56,3243.44,1.42,1.12,0.54,0.0602,10-20%,793.86,1628.96,1433.49,639.63,6,271.49,132.31,10-20%,195.48,Mar,Alpha
2023-06-21,2023,6,Jun,Cobalt,Consumer,India,9,231.0,98.03,2079.0,145.53,1933.47,882.26,1051.21,0.5437,441.89,422.9,628.31,179.76,5000.0,2453.58,2546.42,1.21,0.79,0.96,0.1257,5-10%,882.26,2079.0,1933.47,1051.21,9,231.0,98.03,5-10%,145.53,Jun,Cobalt
2025-05-11,2025,5,May,Cobalt,Consumer,UK,9,257.35,95.42,2316.13,69.48,2246.64,858.74,1387.91,0.6178,287.33,273.73,1114.17,153.18,5000.0,2143.58,2856.42,1.98,1.58,0.75,0.2228,0-5%,858.74,2316.13,2246.64,1387.91,9,257.35,95.42,0-5%,69.48,May,Cobalt
2023-10-22,2023,10,Oct,Alpha,Consumer,USA,8,319.19,124.1,2553.54,76.61,2476.94,992.83,1484.11,0.5992,436.62,403.85,1080.26,132.88,5000.0,2418.72,2581.28,1.87,1.51,0.94,0.2161,0-5%,992.83,2553.54,2476.94,1484.11,8,319.19,124.1,0-5%,76.61,Oct,Alpha
2023-01-11,2023,1,Jan,Echo,SMB,India,10,218.96,110.92,2189.59,0.0,2189.59,1109.19,1080.39,0.4934,487.0,461.52,618.87,135.75,5000.0,1813.16,3186.84,1.7,1.43,0.57,0.1238,0-5%,1109.19,2189.59,2189.59,1080.39,10,218.96,110.92,0-5%,0.0,Jan,Echo
2025-04-11,2025,4,Apr,Delta,Consumer,India,13,206.68,104.84,2686.84,80.61,2606.24,1362.91,1243.33,0.4771,412.83,410.23,833.1,179.01,5000.0,3200.59,1799.41,1.94,1.45,1.78,0.1666,0-5%,1362.91,2686.84,2606.24,1243.33,13,206.68,104.84,0-5%,80.61,Apr,Delta
2023-09-10,2023,9,Sep,Flux,Enterprise,India,7,187.47,83.44,1312.29,0.0,1312.29,584.11,728.18,0.5549,253.81,233.8,494.38,66.4,5000.0,2051.38,2948.62,1.89,1.69,0.7,0.0989,0-5%,584.11,1312.29,1312.29,728.18,7,187.47,83.44,0-5%,0.0,Sep,Flux
2023-11-15,2023,11,Nov,Bravo,Consumer,India,6,325.08,156.34,1950.5,0.0,1950.5,938.04,1012.46,0.5191,392.48,383.52,628.94,112.94,5000.0,2019.79,2980.21,1.49,0.91,0.68,0.1258,0-5%,938.04,1950.5,1950.5,1012.46,6,325.08,156.34,0-5%,0.0,Nov,Bravo
2024-08-04,2024,8,Aug,Echo,Enterprise,USA,9,259.38,141.15,2334.44,70.03,2264.4,1270.35,994.05,0.439,282.44,302.62,691.43,265.73,5000.0,2288.58,2711.42,1.61,1.29,0.84,0.1383,0-5%,1270.35,2334.44,2264.4,994.05,9,259.38,141.15,0-5%,70.03,Aug,Echo
2023-11-04,2023,11,Nov,Alpha,Enterprise,Canada,12,215.57,87.68,2586.82,181.08,2405.74,1052.22,1353.53,0.5626,568.08,590.4,763.13,162.27,5000.0,1936.54,3063.46,2.38,2.0,0.63,0.1526,5-10%,1052.22,2586.82,2405.74,1353.53,12,215.57,87.68,5-10%,181.08,Nov,Alpha
2025-02-09,2025,2,Feb,Alpha,Enterprise,USA,8,326.48,144.33,2611.87,182.83,2429.04,1154.63,1274.41,0.5247,437.61,434.28,840.12,202.87,5000.0,2294.0,2706.0,1.62,1.15,0.85,0.168,5-10%,1154.63,2611.87,2429.04,1274.41,8,326.48,144.33,5-10%,182.83,Feb,Alpha
2023-05-16,2023,5,May,Bravo,SMB,Canada,10,163.6,67.4,1635.98,49.08,1586.9,674.04,912.86,0.5752,425.08,395.26,517.6,120.67,5000.0,1765.45,3234.55,2.38,2.05,0.55,0.1035,0-5%,674.04,1635.98,1586.9,912.86,10,163.6,67.4,0-5%,49.08,May,Bravo
2025-05-04,2025,5,May,Flux,Enterprise,USA,11,198.64,103.55,2185.07,0.0,2185.07,1139.08,1045.99,0.4787,518.09,541.22,504.77,204.79,5000.0,2910.6,2089.4,1.71,1.32,1.39,0.101,0-5%,1139.08,2185.07,2185.07,1045.99,11,198.64,103.55,0-5%,0.0,May,Flux
2023-05-17,2023,5,May,Cobalt,SMB,Germany,6,87.26,40.56,523.53,36.65,486.88,243.35,243.53,0.5002,131.55,131.95,111.58,50.0,5000.0,1858.14,3141.86,1.92,1.6,0.59,0.0223,5-10%,243.35,523.53,486.88,243.53,6,87.26,40.56,5-10%,36.65,May,Cobalt
2023-10-13,2023,10,Oct,Cobalt,Consumer,USA,17,349.41,182.83,5939.97,712.8,5227.17,3108.04,2119.13,0.4054,956.04,960.83,1158.31,392.02,8532.2,4995.8,3536.4,2.19,1.61,1.41,0.1358,10-20%,3108.04,5939.97,5227.17,2119.13,17,349.41,182.83,10-20%,712.8,Oct,Cobalt
2025-11-10,2025,11,Nov,Flux,Consumer,USA,9,190.14,81.29,1711.26,0.0,1711.26,731.61,979.65,0.5725,236.88,255.75,723.91,126.63,5000.0,2120.9,2879.1,2.18,1.9,0.74,0.1448,0-5%,731.61,1711.26,1711.26,979.65,9,190.14,81.29,0-5%,0.0,Nov,Flux
2023-03-25,2023,3,Mar,Alpha,Consumer,India,11,186.39,79.18,2050.29,61.51,1988.78,870.95,1117.83,0.5621,277.97,295.49,822.34,90.84,5000.0,2836.92,2163.08,2.09,1.75,1.31,0.1645,0-5%,870.95,2050.29,1988.78,1117.83,11,186.39,79.18,0-5%,61.51,Mar,Alpha
2023-06-08,2023,6,Jun,Delta,Consumer,USA,6,187.45,88.53,1124.72,134.97,989.75,531.18,458.57,0.4633,247.38,253.43,205.14,115.93,5000.0,2522.84,2477.16,2.3,2.03,1.02,0.041,10-20%,531.18,1124.72,989.75,458.57,6,187.45,88.53,10-20%,134.97,Jun,Delta
2024-06-03,2024,6,Jun,Flux,Consumer,India,10,251.13,133.17,2511.34,301.36,2209.98,1331.68,878.3,0.3974,500.9,537.14,341.16,279.78,5000.0,2353.07,2646.93,2.2,1.74,0.89,0.0682,10-20%,1331.68,2511.34,2209.98,878.3,10,251.13,133.17,10-20%,301.36,Jun,Flux
2023-02-05,2023,2,Feb,Bravo,Consumer,USA,9,235.91,125.78,2123.2,148.62,1974.57,1132.06,842.51,0.4267,329.19,338.79,503.72,245.41,5000.0,2335.94,2664.06,1.71,1.18,0.88,0.1007,5-10%,1132.06,2123.2,1974.57,842.51,9,235.91,125.78,5-10%,148.62,Feb,Bravo
2025-10-29,2025,10,Oct,Cobalt,SMB,Canada,13,259.72,98.79,3376.31,0.0,3376.31,1284.31,2091.99,0.6196,522.64,539.31,1552.69,143.22,5945.78,3399.08,2546.71,2.12,1.88,1.33,0.2611,0-5%,1284.31,3376.31,3376.31,2091.99,13,259.72,98.79,0-5%,0.0,Oct,Cobalt
2023-04-18,2023,4,Apr,Cobalt,Consumer,Canada,10,229.66,116.96,2296.59,68.9,2227.69,1169.58,1058.11,0.475,368.6,382.18,675.93,240.36,5000.0,2262.02,2737.98,2.29,1.83,0.83,0.1352,0-5%,1169.58,2296.59,2227.69,1058.11,10,229.66,116.96,0-5%,68.9,Apr,Cobalt
2024-03-19,2024,3,Mar,Alpha,SMB,USA,6,62.13,22.32,372.8,11.18,361.62,133.94,227.68,0.6296,92.39,96.26,131.42,50.0,5000.0,2296.28,2703.72,2.04,1.46,0.85,0.0263,0-5%,133.94,372.8,361.62,227.68,6,62.13,22.32,0-5%,11.18,Mar,Alpha
2024-03-12,2024,3,Mar,Delta,Enterprise,Canada,9,157.43,75.88,1416.87,99.18,1317.69,682.91,634.78,0.4817,271.55,262.69,372.08,101.63,5000.0,3045.72,1954.28,1.92,1.33,1.56,0.0744,5-10%,682.91,1416.87,1317.69,634.78,9,157.43,75.88,5-10%,99.18,Mar,Delta
2023-09-22,2023,9,Sep,Delta,Consumer,USA,8,156.89,68.97,1255.13,0.0,1255.13,551.77,703.36,0.5604,188.46,198.3,505.06,67.71,5000.0,1921.06,3078.94,1.98,1.76,0.62,0.101,0-5%,551.77,1255.13,1255.13,703.36,8,156.89,68.97,0-5%,0.0,Sep,Delta
2023-06-05,2023,6,Jun,Delta,SMB,Germany,10,225.52,98.93,2255.24,157.87,2097.38,989.26,1108.12,0.5283,516.9,512.64,595.48,206.05,5000.0,1797.75,3202.25,1.2,0.82,0.56,0.1191,5-10%,989.26,2255.24,2097.38,1108.12,10,225.52,98.93,5-10%,157.87,Jun,Delta
2024-03-17,2024,3,Mar,Alpha,Consumer,USA,6,190.09,72.31,1140.57,0.0,1140.57,433.85,706.71,0.6196,178.5,185.98,520.73,55.12,5000.0,3204.96,1795.04,1.42,1.03,1.79,0.1041,0-5%,433.85,1140.57,1140.57,706.71,6,190.09,72.31,0-5%,0.0,Mar,Alpha
2023-07-14,2023,7,Jul,Flux,Consumer,India,8,262.07,128.03,2096.58,0.0,2096.58,1024.28,1072.3,0.5115,467.21,478.68,593.62,120.39,5000.0,2246.47,2753.53,1.62,1.36,0.82,0.1187,0-5%,1024.28,2096.58,2096.58,1072.3,8,262.07,128.03,0-5%,0.0,Jul,Flux
2023-08-01,2023,8,Aug,Alpha,SMB,Germany,11,122.54,44.23,1347.94,94.36,1253.58,486.49,767.09,0.6119,339.29,314.09,453.0,103.26,5000.0,3173.52,1826.48,2.26,1.74,1.74,0.0906,5-10%,486.49,1347.94,1253.58,767.09,11,122.54,44.23,5-10%,94.36,Aug,Alpha
2024-04-22,2024,4,Apr,Flux,Consumer,USA,10,184.85,86.88,1848.54,55.46,1793.09,868.76,924.33,0.5155,497.0,462.62,461.71,189.87,5000.0,2995.37,2004.63,1.78,1.41,1.49,0.0923,0-5%,868.76,1848.54,1793.09,924.33,10,184.85,86.88,0-5%,55.46,Apr,Flux
2024-12-10,2024,12,Dec,Cobalt,Enterprise,Canada,8,146.85,65.14,1174.8,0.0,1174.8,521.1,653.7,0.5564,176.5,190.13,463.57,96.38,5000.0,1846.03,3153.97,1.56,1.03,0.59,0.0927,0-5%,521.1,1174.8,1174.8,653.7,8,146.85,65.14,0-5%,0.0,Dec,Cobalt
2024-09-21,2024,9,Sep,Echo,Enterprise,Germany,12,276.56,128.36,3318.67,398.24,2920.43,1540.32,1380.1,0.4726,678.82,673.6,706.51,256.58,5871.91,3491.67,2380.25,1.47,1.26,1.47,0.1203,10-20%,1540.32,3318.67,2920.43,1380.1,12,276.56,128.36,10-20%,398.24,Sep,Echo
2024-03-15,2024,3,Mar,Alpha,Consumer,USA,11,239.66,127.86,2636.28,184.54,2451.74,1406.45,1045.3,0.4263,525.85,510.61,534.68,279.01,5000.0,1895.99,3104.01,1.75,1.26,0.61,0.1069,5-10%,1406.45,2636.28,2451.74,1045.3,11,239.66,127.86,5-10%,184.54,Mar,Alpha
2024-03-31,2024,3,Mar,Cobalt,SMB,USA,4,198.55,93.92,794.2,95.3,698.89,375.69,323.21,0.4625,134.13,138.66,184.55,50.0,5000.0,3009.33,1990.67,1.79,1.33,1.51,0.0369,10-20%,375.69,794.2,698.89,323.21,4,198.55,93.92,10-20%,95.3,Mar,Cobalt
2024-11-16,2024,11,Nov,Alpha,Enterprise,India,6,226.73,89.88,1360.38,40.81,1319.56,539.3,780.26,0.5913,284.04,305.91,474.35,98.24,5000.0,2939.9,2060.1,2.31,1.81,1.43,0.0949,0-5%,539.3,1360.38,1319.56,780.26,6,226.73,89.88,0-5%,40.81,Nov,Alpha
2024-02-11,2024,2,Feb,Alpha,Enterprise,UK,13,233.07,87.16,3029.92,90.9,2939.02,1133.08,1805.95,0.6145,802.06,817.31,988.64,167.96,5000.0,3025.48,1974.52,1.72,1.19,1.53,0.1977,0-5%,1133.08,3029.92,2939.02,1805.95,13,233.07,87.16,0-5%,90.9,Feb,Alpha
2025-12-27,2025,12,Dec,Echo,SMB,USA,8,199.9,84.14,1599.2,47.98,1551.22,673.15,878.07,0.566,399.55,426.13,451.94,134.53,5000.0,2474.34,2525.66,1.82,1.38,0.98,0.0904,0-5%,673.15,1599.2,1551.22,878.07,8,199.9,84.14,0-5%,47.98,Dec,Echo
2023-12-29,2023,12,Dec,Delta,SMB,USA,16,226.99,112.99,3631.81,254.23,3377.58,1807.88,1569.69,0.4647,874.58,926.51,643.18,320.46,5725.75,2646.67,3079.08,2.11,1.6,0.86,0.1123,5-10%,1807.88,3631.81,3377.58,1569.69,16,226.99,112.99,5-10%,254.23,Dec,Delta
2025-02-03,2025,2,Feb,Echo,SMB,UK,6,265.29,124.35,1591.75,397.94,1193.81,746.11,447.71,0.375,154.72,144.2,303.51,124.46,5000.0,2081.12,2918.88,1.36,0.91,0.71,0.0607,20%+,746.11,1591.75,1193.81,447.71,6,265.29,124.35,20%+,397.94,Feb,Echo
2023-02-14,2023,2,Feb,Bravo,Consumer,USA,10,239.79,103.71,2397.93,599.48,1798.45,1037.06,761.38,0.4234,343.08,316.25,445.14,169.23,5000.0,2230.37,2769.63,1.33,0.86,0.81,0.089,20%+,1037.06,2397.93,1798.45,761.38,10,239.79,103.71,20%+,599.48,Feb,Bravo
2025-11-22,2025,11,Nov,Cobalt,Consumer,USA,10,231.38,86.66,2313.82,277.66,2036.16,866.57,1169.59,0.5744,346.63,351.19,818.39,187.27,5000.0,2307.54,2692.46,1.37,0.8,0.86,0.1637,10-20%,866.57,2313.82,2036.16,1169.59,10,231.38,86.66,10-20%,277.66,Nov,Cobalt
2025-11-19,2025,11,Nov,Cobalt,Consumer,USA,13,239.07,116.94,3107.92,0.0,3107.92,1520.16,1587.77,0.5109,649.73,628.27,959.5,208.29,5783.16,3050.67,2732.49,1.63,1.11,1.12,0.1659,0-5%,1520.16,3107.92,3107.92,1587.77,13,239.07,116.94,0-5%,0.0,Nov,Cobalt
2024-12-14,2024,12,Dec,Echo,SMB,USA,10,331.25,138.89,3312.55,99.38,3213.17,1388.92,1824.25,0.5677,810.06,758.99,1065.26,226.59,6104.25,2950.63,3153.62,2.18,1.79,0.94,0.1745,0-5%,1388.92,3312.55,3213.17,1824.25,10,331.25,138.89,0-5%,99.38,Dec,Echo
2025-11-28,2025,11,Nov,Bravo,Consumer,USA,11,227.53,120.78,2502.8,75.08,2427.71,1328.54,1099.17,0.4528,577.57,622.35,476.82,208.05,5000.0,1922.34,3077.66,1.94,1.72,0.62,0.0954,0-5%,1328.54,2502.8,2427.71,1099.17,11,227.53,120.78,0-5%,75.08,Nov,Bravo
2025-05-19,2025,5,May,Echo,Consumer,USA,8,215.81,101.44,1726.48,120.85,1605.63,811.49,794.14,0.4946,345.4,325.07,469.07,104.58,5000.0,2341.61,2658.39,1.3,1.03,0.88,0.0938,5-10%,811.49,1726.48,1605.63,794.14,8,215.81,101.44,5-10%,120.85,May,Echo
2025-04-29,2025,4,Apr,Bravo,SMB,USA,11,237.59,121.43,2613.46,313.62,2299.84,1335.72,964.12,0.4192,525.29,507.77,456.35,214.25,5000.0,2648.18,2351.82,1.36,1.11,1.13,0.0913,10-20%,1335.72,2613.46,2299.84,964.12,11,237.59,121.43,10-20%,313.62,Apr,Bravo
2025-06-09,2025,6,Jun,Flux,SMB,USA,6,226.38,117.75,1358.26,40.75,1317.52,706.51,611.01,0.4638,165.41,162.07,448.94,131.08,5000.0,2676.97,2323.03,1.53,1.02,1.15,0.0898,0-5%,706.51,1358.26,1317.52,611.01,6,226.38,117.75,0-5%,40.75,Jun,Flux
2025-02-03,2025,2,Feb,Flux,SMB,USA,9,232.9,106.18,2096.12,146.73,1949.39,955.59,993.8,0.5098,461.49,427.94,565.86,205.76,5000.0,2802.37,2197.63,1.83,1.49,1.28,0.1132,5-10%,955.59,2096.12,1949.39,993.8,9,232.9,106.18,5-10%,146.73,Feb,Flux
2023-11-22,2023,11,Nov,Cobalt,SMB,Canada,10,287.87,149.63,2878.73,0.0,2878.73,1496.33,1382.4,0.4802,372.02,383.39,999.01,262.11,5000.0,2560.87,2439.13,2.01,1.59,1.05,0.1998,0-5%,1496.33,2878.73,2878.73,1382.4,10,287.87,149.63,0-5%,0.0,Nov,Cobalt
2024-08-10,2024,8,Aug,Flux,Consumer,USA,10,242.78,111.99,2427.83,72.83,2354.99,1119.86,1235.14,0.5245,533.93,505.69,729.44,195.34,5000.0,2164.54,2835.46,1.78,1.58,0.76,0.1459,0-5%,1119.86,2427.83,2354.99,1235.14,10,242.78,111.99,0-5%,72.83,Aug,Flux
2024-04-11,2024,4,Apr,Bravo,Consumer,Germany,12,288.99,124.53,3467.93,242.76,3225.17,1494.32,1730.85,0.5367,415.02,407.87,1322.98,219.66,5064.12,2748.07,2316.05,2.45,2.21,1.19,0.2612,5-10%,1494.32,3467.93,3225.17,1730.85,12,288.99,124.53,5-10%,242.76,Apr,Bravo
2025-01-27,2025,1,Jan,Cobalt,Consumer,USA,12,238.6,128.39,2863.22,343.59,2519.63,1540.64,979.0,0.3885,507.18,487.36,491.63,315.22,5000.0,2577.43,2422.57,1.68,1.47,1.06,0.0983,10-20%,1540.64,2863.22,2519.63,979.0,12,238.6,128.39,10-20%,343.59,Jan,Cobalt
2025-09-21,2025,9,Sep,Flux,Consumer,UK,11,154.14,74.47,1695.57,118.69,1576.88,819.2,757.68,0.4805,428.75,441.48,316.2,174.78,5000.0,2440.76,2559.24,2.09,1.54,0.95,0.0632,5-10%,819.2,1695.57,1576.88,757.68,11,154.14,74.47,5-10%,118.69,Sep,Flux
2023-08-13,2023,8,Aug,Echo,Enterprise,UK,10,142.31,75.08,1423.07,42.69,1380.38,750.82,629.56,0.4561,252.4,254.17,375.39,118.97,5000.0,2804.3,2195.7,1.95,1.36,1.28,0.0751,0-5%,750.82,1423.07,1380.38,629.56,10,142.31,75.08,0-5%,42.69,Aug,Echo
2024-05-19,2024,5,May,Flux,SMB,UK,5,238.51,124.51,1192.57,0.0,1192.57,622.57,570.0,0.478,312.69,332.67,237.33,77.98,5000.0,3105.85,1894.15,1.2,0.89,1.64,0.0475,0-5%,622.57,1192.57,1192.57,570.0,5,238.51,124.51,0-5%,0.0,May,Flux
2023-10-11,2023,10,Oct,Echo,SMB,Canada,8,158.32,73.77,1266.54,0.0,1266.54,590.18,676.36,0.534,316.36,324.17,352.18,71.29,5000.0,3088.2,1911.8,1.64,1.35,1.62,0.0704,0-5%,590.18,1266.54,1266.54,676.36,8,158.32,73.77,0-5%,0.0,Oct,Echo
2024-01-02,2024,1,Jan,Delta,SMB,USA,9,324.44,120.84,2919.98,0.0,2919.98,1087.53,1832.45,0.6276,411.9,384.45,1448.01,206.74,5401.82,2810.52,2591.31,1.86,1.44,1.08,0.2681,0-5%,1087.53,2919.98,2919.98,1832.45,9,324.44,120.84,0-5%,0.0,Jan,Delta
2023-01-29,2023,1,Jan,Flux,Consumer,UK,5,237.31,93.49,1186.57,142.39,1044.18,467.47,576.71,0.5523,162.12,159.34,417.37,59.36,5000.0,2125.7,2874.3,1.62,1.35,0.74,0.0835,10-20%,467.47,1186.57,1044.18,576.71,5,237.31,93.49,10-20%,142.39,Jan,Flux
2024-08-13,2024,8,Aug,Cobalt,SMB,USA,17,260.12,101.21,4421.96,0.0,4421.96,1720.62,2701.34,0.6109,669.69,650.55,2050.78,266.27,8804.81,3546.42,5258.4,1.25,0.99,0.67,0.2329,0-5%,1720.62,4421.96,4421.96,2701.34,17,260.12,101.21,0-5%,0.0,Aug,Cobalt
2023-07-17,2023,7,Jul,Echo,Enterprise,UK,12,258.2,106.91,3098.38,371.81,2726.57,1282.96,1443.61,0.5295,737.49,748.88,694.73,226.67,5000.0,2396.26,2603.74,2.28,1.78,0.92,0.1389,10-20%,1282.96,3098.38,2726.57,1443.61,12,258.2,106.91,10-20%,371.81,Jul,Echo
2025-02-21,2025,2,Feb,Cobalt,Consumer,USA,6,283.48,137.94,1700.87,0.0,1700.87,827.62,873.24,0.5134,326.72,302.31,570.94,117.78,5000.0,2496.64,2503.36,2.19,1.76,1.0,0.1142,0-5%,827.62,1700.87,1700.87,873.24,6,283.48,137.94,0-5%,0.0,Feb,Cobalt
2024-06-27,2024,6,Jun,Bravo,Consumer,India,9,229.14,92.32,2062.24,61.87,2000.37,830.86,1169.51,0.5846,402.91,398.78,770.74,146.74,5000.0,2226.24,2773.76,2.21,1.85,0.8,0.1541,0-5%,830.86,2062.24,2000.37,1169.51,9,229.14,92.32,0-5%,61.87,Jun,Bravo
2025-02-09,2025,2,Feb,Cobalt,Enterprise,USA,9,208.78,77.61,1878.98,225.48,1653.5,698.47,955.03,0.5776,410.74,439.65,515.38,75.23,5000.0,2081.56,2918.44,1.72,1.43,0.71,0.1031,10-20%,698.47,1878.98,1653.5,955.03,9,208.78,77.61,10-20%,225.48,Feb,Cobalt
2023-04-03,2023,4,Apr,Echo,Enterprise,India,9,226.17,90.93,2035.49,61.06,1974.43,818.33,1156.1,0.5855,238.0,246.92,909.18,172.08,5000.0,2812.01,2187.99,1.53,1.08,1.29,0.1818,0-5%,818.33,2035.49,1974.43,1156.1,9,226.17,90.93,0-5%,61.06,Apr,Echo
2024-11-04,2024,11,Nov,Alpha,Consumer,USA,6,277.06,100.06,1662.33,116.36,1545.97,600.39,945.59,0.6116,357.95,357.93,587.65,80.02,5000.0,2817.16,2182.84,2.37,1.97,1.29,0.1175,5-10%,600.39,1662.33,1545.97,945.59,6,277.06,100.06,5-10%,116.36,Nov,Alpha
2025-05-21,2025,5,May,Cobalt,Consumer,USA,9,163.38,88.39,1470.45,176.45,1294.0,795.51,498.49,0.3852,326.0,311.03,187.46,160.76,5000.0,1828.45,3171.55,1.35,1.12,0.58,0.0375,10-20%,795.51,1470.45,1294.0,498.49,9,163.38,88.39,10-20%,176.45,May,Cobalt
2023-12-06,2023,12,Dec,Cobalt,SMB,USA,9,185.81,99.81,1672.28,50.17,1622.11,898.31,723.81,0.4462,351.02,375.05,348.76,172.2,5000.0,2307.62,2692.38,1.48,1.02,0.86,0.0698,0-5%,898.31,1672.28,1622.11,723.81,9,185.81,99.81,0-5%,50.17,Dec,Cobalt
2023-06-07,2023,6,Jun,Delta,Consumer,India,13,240.28,98.76,3123.68,93.71,3029.97,1283.87,1746.1,0.5763,393.39,414.02,1332.09,228.25,5000.0,3189.07,1810.93,1.74,1.27,1.76,0.2664,0-5%,1283.87,3123.68,3029.97,1746.1,13,240.28,98.76,0-5%,93.71,Jun,Delta
2024-03-23,2024,3,Mar,Echo,Consumer,USA,15,88.76,42.21,1331.34,39.94,1291.4,633.08,658.32,0.5098,259.18,266.26,392.05,105.94,5000.0,2514.54,2485.46,1.04,0.74,1.01,0.0784,0-5%,633.08,1331.34,1291.4,658.32,15,88.76,42.21,0-5%,39.94,Mar,Echo
2024-09-11,2024,9,Sep,Bravo,Consumer,USA,8,201.46,95.04,1611.67,0.0,1611.67,760.32,851.35,0.5282,294.61,305.84,545.51,114.82,5000.0,1946.99,3053.01,2.32,2.05,0.64,0.1091,0-5%,760.32,1611.67,1611.67,851.35,8,201.46,95.04,0-5%,0.0,Sep,Bravo
2025-11-03,2025,11,Nov,Cobalt,Consumer,USA,7,204.1,95.51,1428.72,171.45,1257.28,668.59,588.69,0.4682,225.3,232.25,356.44,122.39,5000.0,2669.86,2330.14,2.31,2.0,1.15,0.0713,10-20%,668.59,1428.72,1257.28,588.69,7,204.1,95.51,10-20%,171.45,Nov,Cobalt
2025-07-30,2025,7,Jul,Bravo,Consumer,USA,6,303.88,155.52,1823.28,0.0,1823.28,933.14,890.13,0.4882,488.83,498.68,391.46,133.85,5000.0,3248.84,1751.16,1.76,1.19,1.86,0.0783,0-5%,933.14,1823.28,1823.28,890.13,6,303.88,155.52,0-5%,0.0,Jul,Bravo
2023-09-21,2023,9,Sep,Flux,SMB,UK,6,247.1,98.2,1482.58,0.0,1482.58,589.18,893.4,0.6026,236.78,251.11,642.3,109.75,5000.0,3045.89,1954.11,2.75,2.19,1.56,0.1285,0-5%,589.18,1482.58,1482.58,893.4,6,247.1,98.2,0-5%,0.0,Sep,Flux
2025-02-04,2025,2,Feb,Flux,Consumer,USA,9,284.41,152.32,2559.7,76.79,2482.91,1370.88,1112.03,0.4479,320.0,310.03,801.99,271.46,5000.0,2737.72,2262.28,1.33,0.9,1.21,0.1604,0-5%,1370.88,2559.7,2482.91,1112.03,9,284.41,152.32,0-5%,76.79,Feb,Flux
2023-09-27,2023,9,Sep,Bravo,Enterprise,USA,8,261.95,131.92,2095.62,146.69,1948.92,1055.35,893.58,0.4585,455.11,479.73,413.84,185.4,5000.0,2525.15,2474.85,2.03,1.69,1.02,0.0828,5-10%,1055.35,2095.62,1948.92,893.58,8,261.95,131.92,5-10%,146.69,Sep,Bravo
2024-03-21,2024,3,Mar,Echo,Consumer,India,6,260.95,123.96,1565.73,46.97,1518.76,743.73,775.02,0.5103,393.84,381.26,393.76,108.46,5000.0,3249.63,1750.37,2.09,1.83,1.86,0.0788,0-5%,743.73,1565.73,1518.76,775.02,6,260.95,123.96,0-5%,46.97,Mar,Echo
2023-09-02,2023,9,Sep,Flux,Consumer,USA,7,264.03,133.79,1848.23,0.0,1848.23,936.51,911.72,0.4933,302.25,324.26,587.45,94.31,5000.0,2996.33,2003.67,1.87,1.62,1.5,0.1175,0-5%,936.51,1848.23,1848.23,911.72,7,264.03,133.79,0-5%,0.0,Sep,Flux
2024-09-20,2024,9,Sep,Bravo,SMB,UK,14,169.9,76.4,2378.56,166.5,2212.06,1069.64,1142.42,0.5164,420.74,423.4,719.02,209.27,5000.0,2826.05,2173.95,1.87,1.31,1.3,0.1438,5-10%,1069.64,2378.56,2212.06,1142.42,14,169.9,76.4,5-10%,166.5,Sep,Bravo
2024-05-20,2024,5,May,Bravo,Consumer,Canada,6,239.82,86.75,1438.93,0.0,1438.93,520.48,918.44,0.6383,184.91,190.37,728.07,114.21,5000.0,2568.73,2431.27,1.65,1.43,1.06,0.1456,0-5%,520.48,1438.93,1438.93,918.44,6,239.82,86.75,0-5%,0.0,May,Bravo
2025-04-18,2025,4,Apr,Bravo,Consumer,USA,7,172.81,64.48,1209.64,0.0,1209.64,451.39,758.25,0.6268,298.41,311.76,446.49,50.0,5000.0,3232.36,1767.64,1.79,1.3,1.83,0.0893,0-5%,451.39,1209.64,1209.64,758.25,7,172.81,64.48,0-5%,0.0,Apr,Bravo
2025-05-24,2025,5,May,Flux,Consumer,UK,10,231.78,103.34,2317.78,0.0,2317.78,1033.4,1284.38,0.5541,640.69,664.67,619.71,114.61,5000.0,2712.03,2287.97,1.85,1.63,1.19,0.1239,0-5%,1033.4,2317.78,2317.78,1284.38,10,231.78,103.34,0-5%,0.0,May,Flux
2023-05-09,2023,5,May,Alpha,Consumer,USA,4,186.58,73.96,746.32,0.0,746.32,295.84,450.48,0.6036,172.57,185.11,265.37,55.32,5000.0,1767.22,3232.78,2.19,1.6,0.55,0.0531,0-5%,295.84,746.32,746.32,450.48,4,186.58,73.96,0-5%,0.0,May,Alpha
2025-07-16,2025,7,Jul,Bravo,Consumer,USA,10,149.61,67.89,1496.07,44.88,1451.19,678.94,772.25,0.5321,305.77,323.35,448.9,111.74,5000.0,2437.01,2562.99,2.13,1.83,0.95,0.0898,0-5%,678.94,1496.07,1451.19,772.25,10,149.61,67.89,0-5%,44.88,Jul,Bravo
2023-05-09,2023,5,May,Flux,Consumer,Canada,6,264.89,107.23,1589.34,47.68,1541.66,643.41,898.25,0.5827,240.94,245.63,652.62,87.14,5000.0,2134.32,2865.68,1.99,1.77,0.74,0.1305,0-5%,643.41,1589.34,1541.66,898.25,6,264.89,107.23,0-5%,47.68,May,Flux
2023-11-29,2023,11,Nov,Alpha,SMB,USA,5,126.52,61.61,632.62,0.0,632.62,308.06,324.56,0.513,161.59,154.22,170.34,54.88,5000.0,2059.91,2940.09,1.8,1.46,0.7,0.0341,0-5%,308.06,632.62,632.62,324.56,5,126.52,61.61,0-5%,0.0,Nov,Alpha
2023-07-15,2023,7,Jul,Echo,Consumer,UK,8,189.97,93.28,1519.72,379.93,1139.79,746.28,393.51,0.3453,202.91,208.58,184.93,102.8,5000.0,2534.42,2465.58,1.21,0.92,1.03,0.037,20%+,746.28,1519.72,1139.79,393.51,8,189.97,93.28,20%+,379.93,Jul,Echo
2025-07-03,2025,7,Jul,Delta,SMB,USA,5,258.68,125.79,1293.39,90.54,1202.85,628.94,573.91,0.4771,282.49,265.73,308.19,84.17,5000.0,1858.88,3141.12,1.58,1.18,0.59,0.0616,5-10%,628.94,1293.39,1202.85,573.91,5,258.68,125.79,5-10%,90.54,Jul,Delta
2023-02-18,2023,2,Feb,Flux,Consumer,USA,8,128.17,45.72,1025.36,0.0,1025.36,365.73,659.63,0.6433,209.23,194.9,464.72,72.59,5000.0,3206.62,1793.38,1.8,1.58,1.79,0.0929,0-5%,365.73,1025.36,1025.36,659.63,8,128.17,45.72,0-5%,0.0,Feb,Flux
2024-11-21,2024,11,Nov,Flux,SMB,USA,12,199.83,105.67,2397.97,167.86,2230.11,1267.98,962.13,0.4314,612.06,635.02,327.11,197.02,5000.0,1818.04,3181.96,1.66,1.32,0.57,0.0654,5-10%,1267.98,2397.97,2230.11,962.13,12,199.83,105.67,5-10%,167.86,Nov,Flux
2023-04-18,2023,4,Apr,Delta,Consumer,Germany,11,203.45,99.92,2237.96,0.0,2237.96,1099.11,1138.85,0.5089,563.16,549.39,589.46,234.32,5000.0,1794.53,3205.47,1.57,1.12,0.56,0.1179,0-5%,1099.11,2237.96,2237.96,1138.85,11,203.45,99.92,0-5%,0.0,Apr,Delta
2024-10-27,2024,10,Oct,Flux,SMB,Canada,7,169.89,66.27,1189.23,142.71,1046.53,463.88,582.65,0.5567,221.57,234.5,348.15,79.45,5000.0,2744.92,2255.08,1.71,1.51,1.22,0.0696,10-20%,463.88,1189.23,1046.53,582.65,7,169.89,66.27,10-20%,142.71,Oct,Flux
2024-09-16,2024,9,Sep,Flux,Consumer,UK,6,173.0,80.43,1037.98,72.66,965.32,482.59,482.73,0.5001,208.73,211.72,271.01,92.21,5000.0,2248.88,2751.12,1.83,1.42,0.82,0.0542,5-10%,482.59,1037.98,965.32,482.73,6,173.0,80.43,5-10%,72.66,Sep,Flux
2023-07-23,2023,7,Jul,Cobalt,Consumer,USA,7,128.18,47.53,897.27,26.92,870.35,332.72,537.63,0.6177,133.38,129.2,408.42,64.84,5000.0,2968.92,2031.08,1.89,1.66,1.46,0.0817,0-5%,332.72,897.27,870.35,537.63,7,128.18,47.53,0-5%,26.92,Jul,Cobalt
2024-02-21,2024,2,Feb,Cobalt,Consumer,India,10,171.84,74.78,1718.38,51.55,1666.83,747.83,919.0,0.5513,375.1,384.27,534.73,86.64,5000.0,3060.67,1939.33,1.74,1.22,1.58,0.1069,0-5%,747.83,1718.38,1666.83,919.0,10,171.84,74.78,0-5%,51.55,Feb,Cobalt
2023-12-23,2023,12,Dec,Echo,SMB,India,7,150.96,72.7,1056.7,73.97,982.73,508.88,473.85,0.4822,258.22,267.47,206.38,108.83,5000.0,3108.28,1891.72,1.87,1.61,1.64,0.0413,5-10%,508.88,1056.7,982.73,473.85,7,150.96,72.7,5-10%,73.97,Dec,Echo
2024-05-03,2024,5,May,Echo,Consumer,Germany,10,150.7,78.18,1506.96,0.0,1506.96,781.83,725.14,0.4812,379.31,389.71,335.42,155.27,5000.0,1909.82,3090.18,2.38,2.17,0.62,0.0671,0-5%,781.83,1506.96,1506.96,725.14,10,150.7,78.18,0-5%,0.0,May,Echo
2025-03-22,2025,3,Mar,Flux,Consumer,India,6,191.25,85.65,1147.49,0.0,1147.49,513.88,633.62,0.5522,144.36,146.83,486.79,105.15,5000.0,3228.83,1771.17,1.26,0.66,1.82,0.0974,0-5%,513.88,1147.49,1147.49,633.62,6,191.25,85.65,0-5%,0.0,Mar,Flux
2024-12-02,2024,12,Dec,Cobalt,SMB,USA,9,216.18,96.75,1945.6,233.47,1712.13,870.78,841.35,0.4914,403.64,375.04,466.31,93.18,5000.0,2770.94,2229.06,2.02,1.53,1.24,0.0933,10-20%,870.78,1945.6,1712.13,841.35,9,216.18,96.75,10-20%,233.47,Dec,Cobalt
2024-12-05,2024,12,Dec,Alpha,Consumer,India,10,272.91,128.44,2729.14,191.04,2538.1,1284.42,1253.69,0.4939,566.58,572.07,681.62,137.67,5000.0,2276.73,2723.27,1.9,1.52,0.84,0.1363,5-10%,1284.42,2729.14,2538.1,1253.69,10,272.91,128.44,5-10%,191.04,Dec,Alpha
2025-08-25,2025,8,Aug,Cobalt,Consumer,Canada,8,297.8,151.65,2382.43,0.0,2382.43,1213.18,1169.25,0.4908,412.75,420.27,748.98,226.79,5000.0,1808.3,3191.7,1.65,1.07,0.57,0.1498,0-5%,1213.18,2382.43,2382.43,1169.25,8,297.8,151.65,0-5%,0.0,Aug,Cobalt
2025-09-04,2025,9,Sep,Bravo,Consumer,Canada,12,148.76,71.88,1785.14,0.0,1785.14,862.53,922.61,0.5168,445.03,425.67,496.94,131.93,5000.0,1807.6,3192.4,1.45,0.99,0.57,0.0994,0-5%,862.53,1785.14,1785.14,922.61,12,148.76,71.88,0-5%,0.0,Sep,Bravo
2025-11-04,2025,11,Nov,Alpha,SMB,USA,9,211.22,107.61,1900.98,0.0,1900.98,968.48,932.5,0.4905,334.99,327.04,605.45,140.61,5000.0,2914.43,2085.57,1.51,1.26,1.4,0.1211,0-5%,968.48,1900.98,1900.98,932.5,9,211.22,107.61,0-5%,0.0,Nov,Alpha
2023-04-02,2023,4,Apr,Delta,Consumer,USA,9,223.39,91.18,2010.52,0.0,2010.52,820.59,1189.92,0.5919,560.02,519.44,670.49,99.39,5000.0,2774.25,2225.75,1.98,1.78,1.25,0.1341,0-5%,820.59,2010.52,2010.52,1189.92,9,223.39,91.18,0-5%,0.0,Apr,Delta
2023-06-18,2023,6,Jun,Flux,SMB,USA,9,221.6,118.16,1994.39,498.6,1495.8,1063.46,432.34,0.289,246.86,262.25,170.08,165.18,5000.0,2462.16,2537.84,2.1,1.53,0.97,0.034,20%+,1063.46,1994.39,1495.8,432.34,9,221.6,118.16,20%+,498.6,Jun,Flux
2024-07-30,2024,7,Jul,Bravo,Consumer,USA,6,251.96,115.49,1511.76,105.82,1405.93,692.94,713.0,0.5071,257.94,266.75,446.25,103.98,5000.0,2694.42,2305.58,1.4,0.97,1.17,0.0892,5-10%,692.94,1511.76,1405.93,713.0,6,251.96,115.49,5-10%,105.82,Jul,Bravo
2024-01-14,2024,1,Jan,Delta,Consumer,USA,6,194.28,79.46,1165.69,34.97,1130.72,476.77,653.94,0.5783,235.44,243.13,410.81,90.01,5000.0,1983.3,3016.7,2.15,1.78,0.66,0.0822,0-5%,476.77,1165.69,1130.72,653.94,6,194.28,79.46,0-5%,34.97,Jan,Delta
2024-10-26,2024,10,Oct,Bravo,SMB,USA,11,164.4,64.75,1808.42,54.25,1754.17,712.21,1041.96,0.594,482.54,464.41,577.55,140.52,5000.0,2813.77,2186.23,2.12,1.69,1.29,0.1155,0-5%,712.21,1808.42,1754.17,1041.96,11,164.4,64.75,0-5%,54.25,Oct,Bravo
2025-03-04,2025,3,Mar,Cobalt,SMB,USA,6,268.4,103.99,1610.41,48.31,1562.09,623.94,938.16,0.6006,291.73,304.77,633.39,103.77,5000.0,3047.19,1952.81,2.28,1.73,1.56,0.1267,0-5%,623.94,1610.41,1562.09,938.16,6,268.4,103.99,0-5%,48.31,Mar,Cobalt
2025-05-25,2025,5,May,Echo,Consumer,UK,10,217.24,87.0,2172.37,0.0,2172.37,869.95,1302.42,0.5995,287.65,303.7,998.72,87.97,5000.0,3086.73,1913.27,2.26,1.69,1.61,0.1997,0-5%,869.95,2172.37,2172.37,1302.42,10,217.24,87.0,0-5%,0.0,May,Echo
2023-02-10,2023,2,Feb,Alpha,Consumer,USA,10,189.55,81.78,1895.46,132.68,1762.78,817.76,945.01,0.5361,453.75,487.14,457.87,171.78,5000.0,3028.49,1971.51,1.92,1.6,1.54,0.0916,5-10%,817.76,1895.46,1762.78,945.01,10,189.55,81.78,5-10%,132.68,Feb,Alpha
2024-06-15,2024,6,Jun,Flux,Consumer,Canada,15,236.3,124.59,3544.45,886.11,2658.34,1868.92,789.42,0.297,608.23,584.52,204.91,191.68,5173.42,1902.19,3271.24,2.19,1.73,0.58,0.0396,20%+,1868.92,3544.45,2658.34,789.42,15,236.3,124.59,20%+,886.11,Jun,Flux
2023-10-08,2023,10,Oct,Bravo,Consumer,USA,7,231.7,118.18,1621.88,113.53,1508.35,827.27,681.08,0.4515,416.94,433.8,247.28,168.97,5000.0,2085.69,2914.31,1.33,0.86,0.72,0.0495,5-10%,827.27,1621.88,1508.35,681.08,7,231.7,118.18,5-10%,113.53,Oct,Bravo
2025-05-10,2025,5,May,Flux,Consumer,USA,9,151.76,60.0,1365.85,163.9,1201.95,540.03,661.92,0.5507,207.75,202.52,459.4,111.51,5000.0,2736.06,2263.94,1.71,1.47,1.21,0.0919,10-20%,540.03,1365.85,1201.95,661.92,9,151.76,60.0,10-20%,163.9,May,Flux
2023-09-22,2023,9,Sep,Alpha,SMB,UK,11,281.2,126.16,3093.16,92.79,3000.37,1387.81,1612.56,0.5375,405.53,429.21,1183.35,268.96,5000.0,3183.54,1816.46,2.06,1.7,1.75,0.2367,0-5%,1387.81,3093.16,3000.37,1612.56,11,281.2,126.16,0-5%,92.79,Sep,Alpha
2023-10-07,2023,10,Oct,Delta,SMB,USA,13,265.42,100.34,3450.43,414.05,3036.38,1304.43,1731.95,0.5704,554.31,548.61,1183.33,274.95,5663.66,2719.01,2944.65,1.86,1.44,0.92,0.2089,10-20%,1304.43,3450.43,3036.38,1731.95,13,265.42,100.34,10-20%,414.05,Oct,Delta
2024-07-22,2024,7,Jul,Cobalt,Consumer,USA,8,205.25,80.22,1642.04,0.0,1642.04,641.75,1000.29,0.6092,276.03,289.26,711.03,111.88,5000.0,3185.41,1814.59,1.86,1.43,1.76,0.1422,0-5%,641.75,1642.04,1642.04,1000.29,8,205.25,80.22,0-5%,0.0,Jul,Cobalt
2023-11-15,2023,11,Nov,Bravo,SMB,Canada,13,277.5,130.29,3607.47,0.0,3607.47,1693.78,1913.69,0.5305,505.7,495.17,1418.52,230.44,5863.39,3613.74,2249.65,2.17,1.86,1.61,0.2419,0-5%,1693.78,3607.47,3607.47,1913.69,13,277.5,130.29,0-5%,0.0,Nov,Bravo
2025-10-17,2025,10,Oct,Alpha,Consumer,USA,8,223.71,83.41,1789.72,0.0,1789.72,667.24,1122.48,0.6272,325.42,331.31,791.16,112.22,5000.0,1837.9,3162.1,1.76,1.17,0.58,0.1582,0-5%,667.24,1789.72,1789.72,1122.48,8,223.71,83.41,0-5%,0.0,Oct,Alpha
2025-12-06,2025,12,Dec,Cobalt,Consumer,Canada,8,208.57,91.78,1668.56,0.0,1668.56,734.23,934.33,0.56,202.03,196.34,737.99,129.39,5000.0,2136.21,2863.79,1.44,1.01,0.75,0.1476,0-5%,734.23,1668.56,1668.56,934.33,8,208.57,91.78,0-5%,0.0,Dec,Cobalt
2024-03-30,2024,3,Mar,Cobalt,Consumer,USA,10,140.35,70.11,1403.5,0.0,1403.5,701.06,702.44,0.5005,293.53,278.07,424.38,107.07,5000.0,2883.92,2116.08,1.59,1.39,1.36,0.0849,0-5%,701.06,1403.5,1403.5,702.44,10,140.35,70.11,0-5%,0.0,Mar,Cobalt
2024-11-27,2024,11,Nov,Bravo,Consumer,UK,9,158.67,71.88,1428.05,171.37,1256.68,646.9,609.79,0.4852,218.82,233.68,376.11,94.4,5000.0,3122.43,1877.57,2.1,1.81,1.66,0.0752,10-20%,646.9,1428.05,1256.68,609.79,9,158.67,71.88,10-20%,171.37,Nov,Bravo
2024-05-18,2024,5,May,Echo,Consumer,Germany,8,194.74,92.0,1557.94,46.74,1511.2,735.99,775.22,0.513,352.72,334.07,441.14,139.81,5000.0,3067.97,1932.03,1.69,1.39,1.59,0.0882,0-5%,735.99,1557.94,1511.2,775.22,8,194.74,92.0,0-5%,46.74,May,Echo
2024-07-14,2024,7,Jul,Alpha,Consumer,Germany,8,212.14,89.64,1697.09,203.65,1493.44,717.11,776.33,0.5198,260.95,252.59,523.74,112.65,5000.0,2897.45,2102.55,1.7,1.25,1.38,0.1047,10-20%,717.11,1697.09,1493.44,776.33,8,212.14,89.64,10-20%,203.65,Jul,Alpha
2024-10-21,2024,10,Oct,Bravo,Consumer,USA,7,211.91,103.66,1483.36,103.84,1379.52,725.64,653.88,0.474,285.18,272.03,381.85,85.17,5000.0,2946.61,2053.39,1.56,1.21,1.44,0.0764,5-10%,725.64,1483.36,1379.52,653.88,7,211.91,103.66,5-10%,103.84,Oct,Bravo
2023-04-04,2023,4,Apr,Echo,Consumer,India,6,229.72,107.24,1378.32,41.35,1336.97,643.41,693.56,0.5188,342.44,317.24,376.32,112.5,5000.0,3189.79,1810.21,1.91,1.45,1.76,0.0753,0-5%,643.41,1378.32,1336.97,693.56,6,229.72,107.24,0-5%,41.35,Apr,Echo
2023-08-16,2023,8,Aug,Bravo,SMB,USA,12,191.77,102.36,2301.29,0.0,2301.29,1228.27,1073.01,0.4663,512.6,480.72,592.3,149.48,5000.0,2281.9,2718.1,1.75,1.26,0.84,0.1185,0-5%,1228.27,2301.29,2301.29,1073.01,12,191.77,102.36,0-5%,0.0,Aug,Bravo
2025-04-23,2025,4,Apr,Echo,SMB,USA,14,189.09,72.62,2647.22,79.42,2567.8,1016.71,1551.09,0.6041,703.06,753.57,797.51,192.59,5000.0,2281.62,2718.38,1.81,1.5,0.84,0.1595,0-5%,1016.71,2647.22,2567.8,1551.09,14,189.09,72.62,0-5%,79.42,Apr,Echo
2024-05-23,2024,5,May,Flux,Enterprise,USA,8,188.28,79.73,1506.27,105.44,1400.83,637.87,762.96,0.5446,282.83,299.15,463.81,64.96,5000.0,2163.13,2836.87,2.09,1.53,0.76,0.0928,5-10%,637.87,1506.27,1400.83,762.96,8,188.28,79.73,5-10%,105.44,May,Flux
2024-02-09,2024,2,Feb,Delta,Consumer,USA,5,200.98,98.5,1004.9,0.0,1004.9,492.49,512.41,0.5099,123.87,131.93,380.48,107.01,5000.0,2656.06,2343.94,1.96,1.46,1.13,0.0761,0-5%,492.49,1004.9,1004.9,512.41,5,200.98,98.5,0-5%,0.0,Feb,Delta
2024-12-30,2024,12,Dec,Delta,Consumer,USA,13,330.97,144.88,4302.62,0.0,4302.62,1883.38,2419.24,0.5623,632.62,612.0,1807.24,401.62,8785.06,4032.78,4752.28,1.94,1.59,0.85,0.2057,0-5%,1883.38,4302.62,4302.62,2419.24,13,330.97,144.88,0-5%,0.0,Dec,Delta
2025-08-17,2025,8,Aug,Cobalt,Consumer,Germany,14,204.99,75.32,2869.93,200.89,2669.03,1054.44,1614.59,0.6049,515.11,478.02,1136.57,154.8,5000.0,1811.44,3188.56,2.27,1.74,0.57,0.2273,5-10%,1054.44,2869.93,2669.03,1614.59,14,204.99,75.32,5-10%,200.89,Aug,Cobalt
2023-12-23,2023,12,Dec,Flux,SMB,USA,8,117.68,57.09,941.4,235.35,706.05,456.7,249.35,0.3532,158.81,158.03,91.32,64.75,5000.0,2168.42,2831.58,1.93,1.59,0.77,0.0183,20%+,456.7,941.4,706.05,249.35,8,117.68,57.09,20%+,235.35,Dec,Flux
2023-09-17,2023,9,Sep,Delta,SMB,UK,4,261.45,132.39,1045.81,0.0,1045.81,529.56,516.25,0.4936,249.68,260.97,255.28,96.41,5000.0,2720.69,2279.31,1.04,0.59,1.19,0.0511,0-5%,529.56,1045.81,1045.81,516.25,4,261.45,132.39,0-5%,0.0,Sep,Delta
2023-10-29,2023,10,Oct,Bravo,Consumer,Canada,11,250.97,102.25,2760.71,0.0,2760.71,1124.7,1636.01,0.5926,603.7,615.07,1020.94,186.35,5000.0,2508.18,2491.82,2.13,1.91,1.01,0.2042,0-5%,1124.7,2760.71,2760.71,1636.01,11,250.97,102.25,0-5%,0.0,Oct,Bravo
2025-11-03,2025,11,Nov,Alpha,Consumer,USA,6,351.16,145.57,2106.94,0.0,2106.94,873.43,1233.51,0.5855,445.33,469.06,764.46,128.87,5000.0,1910.91,3089.09,1.99,1.5,0.62,0.1529,0-5%,873.43,2106.94,2106.94,1233.51,6,351.16,145.57,0-5%,0.0,Nov,Alpha
2023-07-06,2023,7,Jul,Alpha,Consumer,UK,16,350.72,145.01,5611.59,0.0,5611.59,2320.23,3291.36,0.5865,1506.4,1594.82,1696.54,252.9,8372.15,4118.57,4253.58,2.06,1.64,0.97,0.2026,0-5%,2320.23,5611.59,5611.59,3291.36,16,350.72,145.01,0-5%,0.0,Jul,Alpha
2023-08-05,2023,8,Aug,Cobalt,Consumer,Germany,8,310.16,152.09,2481.26,297.75,2183.51,1216.72,966.78,0.4428,609.07,657.61,309.17,133.16,5000.0,2991.39,2008.61,1.52,1.12,1.49,0.0618,10-20%,1216.72,2481.26,2183.51,966.78,8,310.16,152.09,10-20%,297.75,Aug,Cobalt
2024-05-09,2024,5,May,Flux,Consumer,UK,7,229.53,88.79,1606.74,0.0,1606.74,621.56,985.18,0.6132,313.81,313.71,671.46,88.59,5000.0,2152.76,2847.24,1.63,1.32,0.76,0.1343,0-5%,621.56,1606.74,1606.74,985.18,7,229.53,88.79,0-5%,0.0,May,Flux
2024-06-24,2024,6,Jun,Bravo,Consumer,UK,8,185.69,97.14,1485.55,0.0,1485.55,777.1,708.45,0.4769,354.56,358.92,349.53,150.78,5000.0,1992.55,3007.45,2.08,1.79,0.66,0.0699,0-5%,777.1,1485.55,1485.55,708.45,8,185.69,97.14,0-5%,0.0,Jun,Bravo
2025-05-25,2025,5,May,Echo,SMB,USA,10,386.25,161.49,3862.47,463.5,3398.97,1614.93,1784.04,0.5249,885.67,934.37,849.68,263.5,5000.0,2439.12,2560.88,1.94,1.71,0.95,0.1699,10-20%,1614.93,3862.47,3398.97,1784.04,10,386.25,161.49,10-20%,463.5,May,Echo
2025-07-13,2025,7,Jul,Flux,Consumer,UK,11,131.52,47.64,1446.73,361.68,1085.05,524.07,560.97,0.517,187.68,181.39,379.58,67.7,5000.0,2306.74,2693.26,1.95,1.59,0.86,0.0759,20%+,524.07,1446.73,1085.05,560.97,11,131.52,47.64,20%+,361.68,Jul,Flux
2025-09-13,2025,9,Sep,Flux,Consumer,USA,9,175.17,94.09,1576.57,0.0,1576.57,846.81,729.76,0.4629,285.71,289.74,440.03,101.7,5000.0,2176.48,2823.52,1.78,1.27,0.77,0.088,0-5%,846.81,1576.57,1576.57,729.76,9,175.17,94.09,0-5%,0.0,Sep,Flux
2024-05-07,2024,5,May,Cobalt,Enterprise,USA,8,168.13,78.97,1345.02,40.35,1304.67,631.73,672.94,0.5158,259.54,248.59,424.35,79.86,5000.0,1958.81,3041.19,1.68,1.41,0.64,0.0849,0-5%,631.73,1345.02,1304.67,672.94,8,168.13,78.97,0-5%,40.35,May,Cobalt
2025-01-26,2025,1,Jan,Cobalt,Enterprise,USA,11,155.12,72.51,1706.37,204.76,1501.61,797.58,704.03,0.4688,386.54,405.7,298.33,153.91,5000.0,2442.14,2557.86,1.14,0.65,0.95,0.0597,10-20%,797.58,1706.37,1501.61,704.03,11,155.12,72.51,10-20%,204.76,Jan,Cobalt
2023-12-15,2023,12,Dec,Delta,SMB,USA,7,219.69,89.76,1537.82,184.54,1353.28,628.29,724.99,0.5357,374.93,350.92,374.07,135.78,5000.0,2755.23,2244.77,1.98,1.46,1.23,0.0748,10-20%,628.29,1537.82,1353.28,724.99,7,219.69,89.76,10-20%,184.54,Dec,Delta
2025-12-27,2025,12,Dec,Flux,Consumer,USA,8,269.61,100.5,2156.87,0.0,2156.87,804.04,1352.83,0.6272,521.99,528.12,824.71,173.97,5000.0,2813.06,2186.94,2.12,1.88,1.29,0.1649,0-5%,804.04,2156.87,2156.87,1352.83,8,269.61,100.5,0-5%,0.0,Dec,Flux
2023-12-31,2023,12,Dec,Flux,Enterprise,USA,10,210.66,101.01,2106.56,252.79,1853.77,1010.13,843.64,0.4551,309.92,306.76,536.89,196.12,5000.0,2483.05,2516.95,1.4,1.01,0.99,0.1074,10-20%,1010.13,2106.56,1853.77,843.64,10,210.66,101.01,10-20%,252.79,Dec,Flux
2025-09-20,2025,9,Sep,Echo,SMB,USA,8,253.76,121.28,2030.06,142.1,1887.95,970.21,917.74,0.4861,301.29,317.45,600.29,101.22,5000.0,2394.35,2605.65,1.67,1.1,0.92,0.1201,5-10%,970.21,2030.06,1887.95,917.74,8,253.76,121.28,5-10%,142.1,Sep,Echo
2024-05-03,2024,5,May,Delta,Consumer,USA,7,187.89,86.08,1315.26,0.0,1315.26,602.57,712.69,0.5419,341.76,349.48,363.21,104.1,5000.0,2019.3,2980.7,2.16,1.91,0.68,0.0726,0-5%,602.57,1315.26,1315.26,712.69,7,187.89,86.08,0-5%,0.0,May,Delta
2025-12-04,2025,12,Dec,Bravo,SMB,USA,10,172.3,88.53,1722.96,206.76,1516.21,885.26,630.94,0.4161,300.37,303.8,327.15,116.48,5000.0,2032.15,2967.85,1.33,0.94,0.68,0.0654,10-20%,885.26,1722.96,1516.21,630.94,10,172.3,88.53,10-20%,206.76,Dec,Bravo
2024-09-19,2024,9,Sep,Alpha,Consumer,USA,8,243.14,122.12,1945.13,233.42,1711.71,976.97,734.74,0.4292,306.9,299.05,435.7,112.64,5000.0,2021.43,2978.57,1.55,1.13,0.68,0.0871,10-20%,976.97,1945.13,1711.71,734.74,8,243.14,122.12,10-20%,233.42,Sep,Alpha
2024-09-13,2024,9,Sep,Flux,Consumer,India,9,230.2,103.31,2071.82,62.15,2009.67,929.79,1079.87,0.5373,306.17,324.34,755.53,163.34,5000.0,3170.42,1829.58,1.53,1.28,1.73,0.1511,0-5%,929.79,2071.82,2009.67,1079.87,9,230.2,103.31,0-5%,62.15,Sep,Flux
2023-05-31,2023,5,May,Alpha,Consumer,USA,8,256.42,119.71,2051.36,0.0,2051.36,957.64,1093.72,0.5332,566.79,524.87,568.84,125.45,5000.0,1808.82,3191.18,1.68,1.27,0.57,0.1138,0-5%,957.64,2051.36,2051.36,1093.72,8,256.42,119.71,0-5%,0.0,May,Alpha
2025-09-23,2025,9,Sep,Flux,Consumer,USA,9,194.16,71.63,1747.4,0.0,1747.4,644.68,1102.72,0.6311,435.11,447.65,655.07,139.07,5000.0,3086.8,1913.2,2.14,1.81,1.61,0.131,0-5%,644.68,1747.4,1747.4,1102.72,9,194.16,71.63,0-5%,0.0,Sep,Flux
2024-03-03,2024,3,Mar,Cobalt,SMB,Canada,9,179.57,79.94,1616.14,0.0,1616.14,719.49,896.65,0.5548,283.8,286.42,610.23,103.56,5000.0,2180.79,2819.21,2.13,1.71,0.77,0.122,0-5%,719.49,1616.14,1616.14,896.65,9,179.57,79.94,0-5%,0.0,Mar,Cobalt
2023-01-05,2023,1,Jan,Flux,SMB,USA,11,174.61,61.15,1920.7,134.45,1786.25,672.68,1113.57,0.6234,390.31,366.19,747.38,78.39,5000.0,2759.92,2240.08,1.88,1.35,1.23,0.1495,5-10%,672.68,1920.7,1786.25,1113.57,11,174.61,61.15,5-10%,134.45,Jan,Flux
2024-10-15,2024,10,Oct,Bravo,Consumer,USA,10,277.21,107.22,2772.12,194.05,2578.07,1072.22,1505.85,0.5841,702.01,699.16,806.69,176.27,5000.0,2259.68,2740.32,1.63,1.41,0.82,0.1613,5-10%,1072.22,2772.12,2578.07,1505.85,10,277.21,107.22,5-10%,194.05,Oct,Bravo
2024-10-21,2024,10,Oct,Alpha,SMB,Canada,10,174.68,76.71,1746.8,209.62,1537.19,767.1,770.09,0.501,358.7,341.48,428.61,114.17,5000.0,1971.4,3028.6,1.2,0.78,0.65,0.0857,10-20%,767.1,1746.8,1537.19,770.09,10,174.68,76.71,10-20%,209.62,Oct,Alpha
2023-06-12,2023,6,Jun,Bravo,SMB,USA,5,134.23,61.2,671.15,0.0,671.15,305.98,365.17,0.5441,116.93,108.91,256.26,50.0,5000.0,2014.53,2985.47,1.8,1.29,0.67,0.0513,0-5%,305.98,671.15,671.15,365.17,5,134.23,61.2,0-5%,0.0,Jun,Bravo
2025-07-22,2025,7,Jul,Cobalt,SMB,USA,8,246.55,135.26,1972.37,0.0,1972.37,1082.08,890.29,0.4514,377.66,352.52,537.77,121.86,5000.0,2071.05,2928.95,1.91,1.39,0.71,0.1076,0-5%,1082.08,1972.37,1972.37,890.29,8,246.55,135.26,0-5%,0.0,Jul,Cobalt
2025-08-24,2025,8,Aug,Bravo,Consumer,USA,10,165.95,80.68,1659.49,199.14,1460.35,806.8,653.55,0.4475,248.54,247.44,406.11,97.25,5000.0,3068.37,1931.63,0.95,0.5,1.59,0.0812,10-20%,806.8,1659.49,1460.35,653.55,10,165.95,80.68,10-20%,199.14,Aug,Bravo
2025-07-15,2025,7,Jul,Flux,SMB,USA,6,178.62,75.34,1071.75,32.15,1039.6,452.04,587.55,0.5652,219.73,217.18,370.38,86.48,5000.0,2484.77,2515.23,2.18,1.66,0.99,0.0741,0-5%,452.04,1071.75,1039.6,587.55,6,178.62,75.34,0-5%,32.15,Jul,Flux
2023-12-20,2023,12,Dec,Echo,Consumer,USA,6,182.11,86.47,1092.66,0.0,1092.66,518.8,573.86,0.5252,180.74,191.02,382.84,76.85,5000.0,2637.31,2362.69,2.2,1.71,1.12,0.0766,0-5%,518.8,1092.66,1092.66,573.86,6,182.11,86.47,0-5%,0.0,Dec,Echo
2024-02-07,2024,2,Feb,Cobalt,Consumer,India,10,167.0,91.17,1670.04,0.0,1670.04,911.66,758.39,0.4541,434.65,449.49,308.89,183.88,5000.0,3064.77,1935.23,1.7,1.31,1.58,0.0618,0-5%,911.66,1670.04,1670.04,758.39,10,167.0,91.17,0-5%,0.0,Feb,Cobalt
2025-08-21,2025,8,Aug,Delta,Consumer,Germany,9,258.71,126.74,2328.36,69.85,2258.51,1140.64,1117.87,0.495,280.25,267.47,850.4,123.96,5000.0,3173.72,1826.28,1.76,1.38,1.74,0.1701,0-5%,1140.64,2328.36,2258.51,1117.87,9,258.71,126.74,0-5%,69.85,Aug,Delta
2025-03-22,2025,3,Mar,Bravo,Consumer,USA,13,113.07,43.15,1469.87,44.1,1425.77,560.89,864.88,0.6066,355.5,364.41,500.48,91.13,5000.0,2497.23,2502.77,1.95,1.4,1.0,0.1001,0-5%,560.89,1469.87,1425.77,864.88,13,113.07,43.15,0-5%,44.1,Mar,Bravo
2023-02-17,2023,2,Feb,Delta,SMB,Germany,5,242.49,99.33,1212.45,84.87,1127.58,496.64,630.94,0.5596,157.09,160.37,470.57,75.27,5000.0,1819.95,3180.05,1.66,1.35,0.57,0.0941,5-10%,496.64,1212.45,1127.58,630.94,5,242.49,99.33,5-10%,84.87,Feb,Delta
2024-07-13,2024,7,Jul,Bravo,Consumer,USA,8,316.16,118.55,2529.29,75.88,2453.41,948.44,1504.97,0.6134,337.12,355.33,1149.64,171.71,5000.0,2362.48,2637.52,2.04,1.46,0.9,0.2299,0-5%,948.44,2529.29,2453.41,1504.97,8,316.16,118.55,0-5%,75.88,Jul,Bravo
2023-03-18,2023,3,Mar,Cobalt,Consumer,USA,11,295.71,135.78,3252.78,97.58,3155.2,1493.6,1661.6,0.5266,546.43,521.87,1139.73,168.08,5000.0,2642.85,2357.15,1.59,1.37,1.12,0.2279,0-5%,1493.6,3252.78,3155.2,1661.6,11,295.71,135.78,0-5%,97.58,Mar,Cobalt
2023-09-17,2023,9,Sep,Bravo,Consumer,India,7,243.86,129.8,1707.03,51.21,1655.81,908.59,747.22,0.4513,269.27,264.27,482.95,175.22,5000.0,2665.59,2334.41,2.07,1.86,1.14,0.0966,0-5%,908.59,1707.03,1655.81,747.22,7,243.86,129.8,0-5%,51.21,Sep,Bravo
2023-05-16,2023,5,May,Delta,Enterprise,Canada,12,259.76,94.2,3117.16,93.51,3023.64,1130.36,1893.28,0.6262,509.56,491.97,1401.31,212.58,5000.0,2273.4,2726.6,1.89,1.5,0.83,0.2803,0-5%,1130.36,3117.16,3023.64,1893.28,12,259.76,94.2,0-5%,93.51,May,Delta
2023-06-15,2023,6,Jun,Bravo,SMB,USA,13,178.02,96.58,2314.21,277.71,2036.5,1255.48,781.02,0.3835,466.09,434.14,346.88,149.87,5000.0,2068.17,2931.83,2.02,1.47,0.71,0.0694,10-20%,1255.48,2314.21,2036.5,781.02,13,178.02,96.58,10-20%,277.71,Jun,Bravo
2023-06-01,2023,6,Jun,Cobalt,Consumer,USA,9,222.34,79.29,2001.03,60.03,1941.0,713.64,1227.36,0.6323,447.24,412.33,815.03,90.13,5000.0,2494.38,2505.62,1.0,0.5,1.0,0.163,0-5%,713.64,2001.03,1941.0,1227.36,9,222.34,79.29,0-5%,60.03,Jun,Cobalt
2025-01-19,2025,1,Jan,Alpha,Consumer,Canada,7,193.93,81.64,1357.54,0.0,1357.54,571.5,786.03,0.579,190.17,201.2,584.84,64.9,5000.0,2029.02,2970.98,1.83,1.5,0.68,0.117,0-5%,571.5,1357.54,1357.54,786.03,7,193.93,81.64,0-5%,0.0,Jan,Alpha
2024-06-04,2024,6,Jun,Flux,Consumer,Canada,8,226.29,123.39,1810.36,0.0,1810.36,987.09,823.26,0.4548,408.29,404.34,418.92,104.79,5000.0,2977.39,2022.61,1.61,1.14,1.47,0.0838,0-5%,987.09,1810.36,1810.36,823.26,8,226.29,123.39,0-5%,0.0,Jun,Flux
2023-01-17,2023,1,Jan,Cobalt,Consumer,USA,8,69.1,30.62,552.82,16.58,536.23,244.98,291.26,0.5432,102.06,105.61,185.65,50.0,5000.0,2701.27,2298.73,2.16,1.75,1.18,0.0371,0-5%,244.98,552.82,536.23,291.26,8,69.1,30.62,0-5%,16.58,Jan,Cobalt
2023-09-01,2023,9,Sep,Cobalt,Consumer,USA,9,282.89,117.09,2545.99,0.0,2545.99,1053.85,1492.14,0.5861,691.39,668.0,824.13,196.02,5000.0,3018.16,1981.84,1.31,0.79,1.52,0.1648,0-5%,1053.85,2545.99,2545.99,1492.14,9,282.89,117.09,0-5%,0.0,Sep,Cobalt
2025-10-17,2025,10,Oct,Echo,Enterprise,USA,13,307.38,113.23,3995.92,279.71,3716.2,1471.93,2244.28,0.6039,960.49,978.81,1265.47,294.99,5922.61,3486.37,2436.24,1.04,0.81,1.43,0.2137,5-10%,1471.93,3995.92,3716.2,2244.28,13,307.38,113.23,5-10%,279.71,Oct,Echo
2025-03-05,2025,3,Mar,Alpha,SMB,USA,12,173.69,66.92,2084.33,62.53,2021.8,803.07,1218.73,0.6028,528.48,558.93,659.8,90.26,5000.0,2211.9,2788.1,1.73,1.37,0.79,0.132,0-5%,803.07,2084.33,2021.8,1218.73,12,173.69,66.92,0-5%,62.53,Mar,Alpha
2025-03-30,2025,3,Mar,Bravo,SMB,USA,7,199.75,102.45,1398.24,0.0,1398.24,717.18,681.06,0.4871,354.96,356.12,324.94,153.12,5000.0,2025.15,2974.85,1.93,1.36,0.68,0.065,0-5%,717.18,1398.24,1398.24,681.06,7,199.75,102.45,0-5%,0.0,Mar,Bravo
2024-11-26,2024,11,Nov,Delta,Consumer,Germany,9,243.11,89.12,2187.97,262.56,1925.42,802.08,1123.34,0.5834,389.89,377.17,746.17,152.61,5000.0,2670.62,2329.38,2.08,1.69,1.15,0.1492,10-20%,802.08,2187.97,1925.42,1123.34,9,243.11,89.12,10-20%,262.56,Nov,Delta
2025-12-20,2025,12,Dec,Flux,Consumer,USA,9,266.62,130.3,2399.61,167.97,2231.64,1172.73,1058.91,0.4745,358.92,355.14,703.77,217.43,5000.0,2534.28,2465.72,1.93,1.68,1.03,0.1408,5-10%,1172.73,2399.61,2231.64,1058.91,9,266.62,130.3,5-10%,167.97,Dec,Flux
2024-07-13,2024,7,Jul,Bravo,Consumer,USA,12,136.27,52.49,1635.27,0.0,1635.27,629.85,1005.43,0.6148,408.02,383.18,622.25,81.8,5000.0,2467.83,2532.17,1.31,0.74,0.97,0.1244,0-5%,629.85,1635.27,1635.27,1005.43,12,136.27,52.49,0-5%,0.0,Jul,Bravo
2023-05-12,2023,5,May,Bravo,Consumer,USA,9,249.16,128.39,2242.43,269.09,1973.34,1155.53,817.81,0.4144,284.28,284.14,533.67,211.15,5000.0,2100.99,2899.01,1.84,1.32,0.72,0.1067,10-20%,1155.53,2242.43,1973.34,817.81,9,249.16,128.39,10-20%,269.09,May,Bravo
2025-03-22,2025,3,Mar,Flux,Consumer,USA,3,231.05,100.2,693.16,0.0,693.16,300.59,392.57,0.5663,193.01,204.81,187.76,57.17,5000.0,1958.78,3041.22,1.91,1.59,0.64,0.0376,0-5%,300.59,693.16,693.16,392.57,3,231.05,100.2,0-5%,0.0,Mar,Flux
2023-02-14,2023,2,Feb,Cobalt,Consumer,India,12,108.24,38.0,1298.92,0.0,1298.92,455.95,842.98,0.649,199.31,214.96,628.02,77.89,5000.0,3214.97,1785.03,1.8,1.49,1.8,0.1256,0-5%,455.95,1298.92,1298.92,842.98,12,108.24,38.0,0-5%,0.0,Feb,Cobalt
2025-03-30,2025,3,Mar,Bravo,SMB,Germany,10,179.05,69.08,1790.51,447.63,1342.88,690.83,652.05,0.4856,297.16,288.74,363.31,97.01,5000.0,2677.14,2322.86,2.03,1.52,1.15,0.0727,20%+,690.83,1790.51,1342.88,652.05,10,179.05,69.08,20%+,447.63,Mar,Bravo
2023-03-11,2023,3,Mar,Delta,Enterprise,UK,11,141.6,51.61,1557.6,109.03,1448.56,567.76,880.81,0.6081,196.61,185.29,695.51,103.93,5000.0,1922.82,3077.18,1.64,1.17,0.62,0.1391,5-10%,567.76,1557.6,1448.56,880.81,11,141.6,51.61,5-10%,109.03,Mar,Delta
2024-08-11,2024,8,Aug,Cobalt,Consumer,India,10,261.69,115.89,2616.92,0.0,2616.92,1158.86,1458.05,0.5572,517.01,544.11,913.94,134.19,5061.49,3007.64,2053.85,1.66,1.18,1.46,0.1806,0-5%,1158.86,2616.92,2616.92,1458.05,10,261.69,115.89,0-5%,0.0,Aug,Cobalt
2023-09-03,2023,9,Sep,Cobalt,Enterprise,UK,9,208.69,78.74,1878.18,225.38,1652.8,708.65,944.15,0.5712,425.11,427.18,516.97,136.55,5000.0,2429.86,2570.14,1.33,0.78,0.95,0.1034,10-20%,708.65,1878.18,1652.8,944.15,9,208.69,78.74,10-20%,225.38,Sep,Cobalt
2024-04-10,2024,4,Apr,Alpha,SMB,USA,9,216.85,96.8,1951.66,0.0,1951.66,871.21,1080.45,0.5536,495.23,500.69,579.76,188.81,5000.0,2739.59,2260.41,1.65,1.21,1.21,0.116,0-5%,871.21,1951.66,1951.66,1080.45,9,216.85,96.8,0-5%,0.0,Apr,Alpha
2025-11-21,2025,11,Nov,Flux,SMB,Canada,17,247.69,89.15,4210.66,0.0,4210.66,1515.59,2695.07,0.6401,1008.83,982.7,1712.37,323.84,5455.87,2116.13,3339.74,2.18,1.68,0.63,0.3139,0-5%,1515.59,4210.66,4210.66,2695.07,17,247.69,89.15,0-5%,0.0,Nov,Flux
2025-11-30,2025,11,Nov,Delta,Consumer,India,16,180.17,77.27,2882.73,720.68,2162.05,1236.27,925.78,0.4282,600.98,628.8,296.98,149.89,5000.0,2923.4,2076.6,1.84,1.61,1.41,0.0594,20%+,1236.27,2882.73,2162.05,925.78,16,180.17,77.27,20%+,720.68,Nov,Delta
2024-08-10,2024,8,Aug,Alpha,SMB,USA,9,213.92,90.91,1925.28,0.0,1925.28,818.15,1107.13,0.5751,529.95,518.27,588.87,174.42,5000.0,2563.83,2436.17,2.08,1.85,1.05,0.1178,0-5%,818.15,1925.28,1925.28,1107.13,9,213.92,90.91,0-5%,0.0,Aug,Alpha
2025-06-29,2025,6,Jun,Echo,Consumer,Canada,8,162.13,62.1,1297.01,38.91,1258.1,496.8,761.3,0.6051,154.98,155.74,605.56,67.6,5000.0,1891.66,3108.34,1.85,1.49,0.61,0.1211,0-5%,496.8,1297.01,1258.1,761.3,8,162.13,62.1,0-5%,38.91,Jun,Echo
2023-11-03,2023,11,Nov,Delta,Consumer,USA,4,253.78,132.74,1015.12,0.0,1015.12,530.98,484.15,0.4769,259.6,254.24,229.91,83.01,5000.0,1860.76,3139.24,1.77,1.4,0.59,0.046,0-5%,530.98,1015.12,1015.12,484.15,4,253.78,132.74,0-5%,0.0,Nov,Delta
2024-06-15,2024,6,Jun,Flux,SMB,Canada,12,201.73,110.17,2420.7,169.45,2251.25,1322.03,929.22,0.4128,460.07,472.71,456.51,146.1,5000.0,2884.35,2115.65,2.57,2.36,1.36,0.0913,5-10%,1322.03,2420.7,2251.25,929.22,12,201.73,110.17,5-10%,169.45,Jun,Flux
2024-01-18,2024,1,Jan,Echo,SMB,UK,8,243.9,94.48,1951.17,136.58,1814.59,755.82,1058.77,0.5835,472.83,478.98,579.79,153.48,5000.0,2715.17,2284.83,2.16,1.67,1.19,0.116,5-10%,755.82,1951.17,1814.59,1058.77,8,243.9,94.48,5-10%,136.58,Jan,Echo
2024-01-26,2024,1,Jan,Cobalt,SMB,UK,7,273.47,123.13,1914.27,134.0,1780.27,861.9,918.37,0.5159,396.12,403.17,515.2,109.54,5000.0,2851.67,2148.33,1.69,1.44,1.33,0.103,5-10%,861.9,1914.27,1780.27,918.37,7,273.47,123.13,5-10%,134.0,Jan,Cobalt
2025-02-04,2025,2,Feb,Flux,SMB,India,11,134.63,48.3,1480.97,0.0,1480.97,531.31,949.66,0.6412,378.82,362.7,586.96,57.07,5000.0,2128.95,2871.05,1.8,1.58,0.74,0.1174,0-5%,531.31,1480.97,1480.97,949.66,11,134.63,48.3,0-5%,0.0,Feb,Flux
2024-04-04,2024,4,Apr,Flux,Consumer,USA,7,106.73,52.45,747.1,0.0,747.1,367.13,379.97,0.5086,152.74,146.89,233.08,50.0,5000.0,2347.06,2652.94,1.81,1.38,0.88,0.0466,0-5%,367.13,747.1,747.1,379.97,7,106.73,52.45,0-5%,0.0,Apr,Flux
2024-03-31,2024,3,Mar,Flux,SMB,Germany,6,175.07,86.38,1050.39,126.05,924.34,518.25,406.09,0.4393,217.56,214.38,191.71,108.2,5000.0,1955.02,3044.98,1.65,1.08,0.64,0.0383,10-20%,518.25,1050.39,924.34,406.09,6,175.07,86.38,10-20%,126.05,Mar,Flux
2024-09-25,2024,9,Sep,Bravo,Consumer,India,12,230.24,121.3,2762.83,690.71,2072.12,1455.65,616.47,0.2975,341.3,341.42,275.05,189.08,5000.0,2314.47,2685.53,1.76,1.52,0.86,0.055,20%+,1455.65,2762.83,2072.12,616.47,12,230.24,121.3,20%+,690.71,Sep,Bravo
2023-08-06,2023,8,Aug,Cobalt,Consumer,Germany,9,320.06,174.32,2880.57,720.14,2160.43,1568.87,591.55,0.2738,598.41,600.02,-8.47,234.83,5000.0,2372.14,2627.86,1.42,1.21,0.9,-0.0017,20%+,1568.87,2880.57,2160.43,591.55,9,320.06,174.32,20%+,720.14,Aug,Cobalt
2024-05-31,2024,5,May,Flux,Consumer,USA,7,148.15,65.04,1037.08,31.11,1005.97,455.28,550.69,0.5474,165.05,162.81,387.88,97.95,5000.0,2379.82,2620.18,1.89,1.48,0.91,0.0776,0-5%,455.28,1037.08,1005.97,550.69,7,148.15,65.04,0-5%,31.11,May,Flux
2025-12-04,2025,12,Dec,Alpha,SMB,USA,8,163.71,57.71,1309.65,157.16,1152.49,461.71,690.78,0.5994,154.11,163.44,527.34,90.01,5000.0,2892.1,2107.9,1.53,1.17,1.37,0.1055,10-20%,461.71,1309.65,1152.49,690.78,8,163.71,57.71,10-20%,157.16,Dec,Alpha
2024-05-08,2024,5,May,Alpha,Enterprise,USA,10,273.34,95.81,2733.37,0.0,2733.37,958.07,1775.3,0.6495,550.97,579.23,1196.07,120.96,5573.36,2068.95,3504.4,2.12,1.66,0.59,0.2146,0-5%,958.07,2733.37,2733.37,1775.3,10,273.34,95.81,0-5%,0.0,May,Alpha
2024-12-08,2024,12,Dec,Bravo,SMB,USA,9,206.25,74.9,1856.26,0.0,1856.26,674.13,1182.13,0.6368,447.95,453.0,729.13,86.2,5000.0,2405.95,2594.05,1.53,1.26,0.93,0.1458,0-5%,674.13,1856.26,1856.26,1182.13,9,206.25,74.9,0-5%,0.0,Dec,Bravo
2025-10-06,2025,10,Oct,Delta,SMB,USA,8,295.81,157.07,2366.47,283.98,2082.5,1256.56,825.93,0.3966,392.21,374.36,451.58,257.04,5000.0,2054.92,2945.08,1.66,1.14,0.7,0.0903,10-20%,1256.56,2366.47,2082.5,825.93,8,295.81,157.07,10-20%,283.98,Oct,Delta
2023-11-23,2023,11,Nov,Flux,Enterprise,USA,12,202.69,108.05,2432.33,170.26,2262.07,1296.59,965.47,0.4268,444.58,452.78,512.69,217.02,5000.0,2228.85,2771.15,1.78,1.52,0.8,0.1025,5-10%,1296.59,2432.33,2262.07,965.47,12,202.69,108.05,5-10%,170.26,Nov,Flux
2024-11-26,2024,11,Nov,Delta,Enterprise,USA,19,258.26,91.04,4906.92,0.0,4906.92,1729.84,3177.08,0.6475,861.33,900.81,2276.27,331.85,8682.33,3205.86,5476.48,2.62,2.23,0.59,0.2622,0-5%,1729.84,4906.92,4906.92,3177.08,19,258.26,91.04,0-5%,0.0,Nov,Delta
2024-03-23,2024,3,Mar,Cobalt,Enterprise,USA,8,269.75,141.82,2158.04,64.74,2093.3,1134.55,958.75,0.458,460.97,439.15,519.6,203.28,5000.0,2061.03,2938.97,1.51,1.2,0.7,0.1039,0-5%,1134.55,2158.04,2093.3,958.75,8,269.75,141.82,0-5%,64.74,Mar,Cobalt
2025-05-01,2025,5,May,Flux,SMB,USA,4,326.2,139.07,1304.78,156.57,1148.21,556.29,591.92,0.5155,214.3,220.92,371.0,98.93,5000.0,1917.78,3082.22,1.55,1.34,0.62,0.0742,10-20%,556.29,1304.78,1148.21,591.92,4,326.2,139.07,10-20%,156.57,May,Flux
2025-11-10,2025,11,Nov,Bravo,Consumer,USA,10,140.48,75.98,1404.8,42.14,1362.66,759.81,602.85,0.4424,338.11,352.16,250.69,93.92,5000.0,2134.26,2865.74,1.54,1.15,0.74,0.0501,0-5%,759.81,1404.8,1362.66,602.85,10,140.48,75.98,0-5%,42.14,Nov,Bravo
2024-11-18,2024,11,Nov,Delta,Consumer,USA,10,195.33,77.07,1953.29,488.32,1464.97,770.66,694.31,0.4739,351.63,334.44,359.87,169.44,5000.0,2651.81,2348.19,1.58,1.23,1.13,0.072,20%+,770.66,1953.29,1464.97,694.31,10,195.33,77.07,20%+,488.32,Nov,Delta
2025-04-26,2025,4,Apr,Bravo,Consumer,USA,4,327.35,116.26,1309.41,327.35,982.06,465.06,517.0,0.5264,250.75,231.37,285.63,57.03,5000.0,2907.43,2092.57,1.21,0.85,1.39,0.0571,20%+,465.06,1309.41,982.06,517.0,4,327.35,116.26,20%+,327.35,Apr,Bravo
2025-09-09,2025,9,Sep,Delta,Consumer,USA,6,227.84,122.65,1367.07,0.0,1367.07,735.92,631.15,0.4617,382.53,412.46,218.69,158.28,5000.0,2579.35,2420.65,1.49,1.04,1.07,0.0437,0-5%,735.92,1367.07,1367.07,631.15,6,227.84,122.65,0-5%,0.0,Sep,Delta
2025-12-25,2025,12,Dec,Bravo,SMB,USA,9,206.92,83.15,1862.27,130.36,1731.92,748.31,983.61,0.5679,330.19,352.58,631.03,96.1,5000.0,2853.36,2146.64,1.83,1.41,1.33,0.1262,5-10%,748.31,1862.27,1731.92,983.61,9,206.92,83.15,5-10%,130.36,Dec,Bravo
2023-08-11,2023,8,Aug,Delta,Consumer,USA,6,193.26,92.33,1159.55,34.79,1124.76,553.97,570.79,0.5075,153.65,150.21,420.59,94.21,5000.0,2667.83,2332.17,2.14,1.87,1.14,0.0841,0-5%,553.97,1159.55,1124.76,570.79,6,193.26,92.33,0-5%,34.79,Aug,Delta
2024-08-22,2024,8,Aug,Delta,Enterprise,USA,12,155.48,73.7,1865.78,0.0,1865.78,884.37,981.41,0.526,480.34,474.64,506.76,171.76,5000.0,2678.35,2321.65,1.75,1.25,1.15,0.1014,0-5%,884.37,1865.78,1865.78,981.41,12,155.48,73.7,0-5%,0.0,Aug,Delta
2024-05-30,2024,5,May,Bravo,Consumer,UK,13,111.21,47.28,1445.76,173.49,1272.27,614.58,657.69,0.5169,291.18,273.5,384.19,65.72,5000.0,2683.24,2316.76,2.09,1.79,1.16,0.0768,10-20%,614.58,1445.76,1272.27,657.69,13,111.21,47.28,10-20%,173.49,May,Bravo
2025-12-15,2025,12,Dec,Bravo,SMB,USA,5,157.57,82.8,787.86,196.97,590.9,413.98,176.92,0.2994,155.13,156.77,20.14,69.48,5000.0,2200.45,2799.55,1.67,1.44,0.79,0.004,20%+,413.98,787.86,590.9,176.92,5,157.57,82.8,20%+,196.97,Dec,Bravo
2023-03-19,2023,3,Mar,Bravo,Consumer,USA,5,151.62,82.38,758.1,0.0,758.1,411.91,346.2,0.4567,138.41,143.62,202.58,64.43,5000.0,2844.34,2155.66,1.72,1.38,1.32,0.0405,0-5%,411.91,758.1,758.1,346.2,5,151.62,82.38,0-5%,0.0,Mar,Bravo
2024-09-30,2024,9,Sep,Delta,Consumer,UK,6,278.68,107.49,1672.11,418.03,1254.08,644.91,609.17,0.4857,278.46,266.95,342.22,128.15,5000.0,1789.22,3210.78,2.19,1.64,0.56,0.0684,20%+,644.91,1672.11,1254.08,609.17,6,278.68,107.49,20%+,418.03,Sep,Delta
2025-03-08,2025,3,Mar,Delta,Consumer,India,11,242.48,119.82,2667.26,80.02,2587.25,1318.05,1269.2,0.4906,440.1,438.9,830.3,146.37,5000.0,1803.65,3196.35,2.03,1.58,0.56,0.1661,0-5%,1318.05,2667.26,2587.25,1269.2,11,242.48,119.82,0-5%,80.02,Mar,Delta
2025-09-09,2025,9,Sep,Cobalt,Consumer,USA,7,274.38,147.36,1920.63,134.44,1786.19,1031.51,754.68,0.4225,403.64,429.07,325.61,196.57,5000.0,2431.61,2568.39,1.73,1.47,0.95,0.0651,5-10%,1031.51,1920.63,1786.19,754.68,7,274.38,147.36,5-10%,134.44,Sep,Cobalt
2025-01-08,2025,1,Jan,Bravo,Consumer,Germany,7,184.86,91.92,1294.05,38.82,1255.23,643.41,611.82,0.4874,222.46,205.02,406.8,118.96,5000.0,2758.16,2241.84,1.43,0.98,1.23,0.0814,0-5%,643.41,1294.05,1255.23,611.82,7,184.86,91.92,0-5%,38.82,Jan,Bravo
2024-07-06,2024,7,Jul,Cobalt,Consumer,Canada,5,173.06,80.45,865.31,103.84,761.47,402.24,359.23,0.4718,142.78,140.87,218.36,50.0,5000.0,2851.99,2148.01,1.82,1.38,1.33,0.0437,10-20%,402.24,865.31,761.47,359.23,5,173.06,80.45,10-20%,103.84,Jul,Cobalt
2025-03-28,2025,3,Mar,Flux,SMB,UK,13,215.44,93.35,2800.78,336.09,2464.69,1213.61,1251.08,0.5076,361.41,347.77,903.31,219.83,5000.0,2497.42,2502.58,1.81,1.41,1.0,0.1807,10-20%,1213.61,2800.78,2464.69,1251.08,13,215.44,93.35,10-20%,336.09,Mar,Flux
2025-10-10,2025,10,Oct,Echo,SMB,UK,8,193.24,83.93,1545.96,108.22,1437.74,671.41,766.33,0.533,233.85,220.48,545.85,79.43,5000.0,2298.75,2701.25,2.01,1.68,0.85,0.1092,5-10%,671.41,1545.96,1437.74,766.33,8,193.24,83.93,5-10%,108.22,Oct,Echo
2025-03-12,2025,3,Mar,Delta,Consumer,USA,6,261.31,128.28,1567.84,188.14,1379.7,769.7,610.0,0.4421,264.88,281.03,328.97,88.91,5000.0,1766.94,3233.06,1.77,1.18,0.55,0.0658,10-20%,769.7,1567.84,1379.7,610.0,6,261.31,128.28,10-20%,188.14,Mar,Delta
2024-05-23,2024,5,May,Flux,SMB,USA,7,236.99,102.82,1658.95,0.0,1658.95,719.75,939.2,0.5661,359.99,384.93,554.28,87.35,5000.0,1768.68,3231.32,1.72,1.39,0.55,0.1109,0-5%,719.75,1658.95,1658.95,939.2,7,236.99,102.82,0-5%,0.0,May,Flux
2024-10-30,2024,10,Oct,Alpha,SMB,USA,8,263.97,135.72,2111.76,0.0,2111.76,1085.75,1026.01,0.4859,338.53,347.56,678.44,208.39,5000.0,2360.28,2639.72,2.13,1.58,0.89,0.1357,0-5%,1085.75,2111.76,2111.76,1026.01,8,263.97,135.72,0-5%,0.0,Oct,Alpha
2023-04-19,2023,4,Apr,Flux,SMB,USA,7,326.94,119.97,2288.61,572.15,1716.46,839.79,876.67,0.5107,391.95,393.36,483.31,90.38,5000.0,2826.41,2173.59,1.53,0.95,1.3,0.0967,20%+,839.79,2288.61,1716.46,876.67,7,326.94,119.97,20%+,572.15,Apr,Flux
2024-08-16,2024,8,Aug,Echo,Consumer,Germany,11,325.79,145.2,3583.64,430.04,3153.61,1597.25,1556.36,0.4935,434.68,406.7,1149.66,320.8,6557.28,3508.72,3048.56,1.82,1.4,1.15,0.1753,10-20%,1597.25,3583.64,3153.61,1556.36,11,325.79,145.2,10-20%,430.04,Aug,Echo
2024-10-24,2024,10,Oct,Bravo,Consumer,USA,6,280.01,98.31,1680.08,50.4,1629.68,589.83,1039.85,0.6381,203.57,201.56,838.29,102.55,5000.0,2649.16,2350.84,2.81,2.22,1.13,0.1677,0-5%,589.83,1680.08,1629.68,1039.85,6,280.01,98.31,0-5%,50.4,Oct,Bravo
2025-12-21,2025,12,Dec,Flux,Consumer,India,10,213.32,90.8,2133.22,64.0,2069.23,908.01,1161.21,0.5612,399.19,387.97,773.24,163.16,5000.0,2355.68,2644.32,2.19,1.62,0.89,0.1546,0-5%,908.01,2133.22,2069.23,1161.21,10,213.32,90.8,0-5%,64.0,Dec,Flux
2023-11-19,2023,11,Nov,Flux,Enterprise,Canada,4,266.11,95.75,1064.44,31.93,1032.51,383.01,649.5,0.6291,138.96,141.26,508.25,69.23,5000.0,3188.64,1811.36,2.03,1.74,1.76,0.1016,0-5%,383.01,1064.44,1032.51,649.5,4,266.11,95.75,0-5%,31.93,Nov,Flux
2023-10-29,2023,10,Oct,Flux,Enterprise,USA,12,123.99,58.9,1487.88,0.0,1487.88,706.81,781.07,0.525,276.1,255.4,525.66,124.85,5000.0,2542.21,2457.79,1.58,1.33,1.03,0.1051,0-5%,706.81,1487.88,1487.88,781.07,12,123.99,58.9,0-5%,0.0,Oct,Flux
2024-10-18,2024,10,Oct,Echo,Enterprise,USA,7,183.22,66.1,1282.51,89.78,1192.73,462.72,730.01,0.612,197.16,192.79,537.23,83.09,5000.0,2909.19,2090.81,2.01,1.49,1.39,0.1074,5-10%,462.72,1282.51,1192.73,730.01,7,183.22,66.1,5-10%,89.78,Oct,Echo
2023-07-26,2023,7,Jul,Cobalt,Consumer,India,8,210.46,92.01,1683.65,420.91,1262.73,736.05,526.69,0.4171,185.2,171.05,355.64,127.16,5000.0,2459.68,2540.32,2.42,1.91,0.97,0.0711,20%+,736.05,1683.65,1262.73,526.69,8,210.46,92.01,20%+,420.91,Jul,Cobalt
2024-09-15,2024,9,Sep,Echo,Consumer,India,10,254.46,126.03,2544.59,0.0,2544.59,1260.35,1284.24,0.5047,367.51,344.42,939.82,141.19,5000.0,2250.08,2749.92,1.31,0.89,0.82,0.188,0-5%,1260.35,2544.59,2544.59,1284.24,10,254.46,126.03,0-5%,0.0,Sep,Echo
2024-10-14,2024,10,Oct,Cobalt,SMB,USA,8,187.9,73.49,1503.18,105.22,1397.95,587.95,810.0,0.5794,345.3,345.8,464.2,93.67,5000.0,3103.81,1896.19,0.98,0.5,1.64,0.0928,5-10%,587.95,1503.18,1397.95,810.0,8,187.9,73.49,5-10%,105.22,Oct,Cobalt
2025-03-11,2025,3,Mar,Cobalt,Enterprise,USA,8,305.83,124.57,2446.65,73.4,2373.25,996.58,1376.67,0.5801,652.64,646.69,729.98,145.3,5000.0,1945.83,3054.17,1.87,1.52,0.64,0.146,0-5%,996.58,2446.65,2373.25,1376.67,8,305.83,124.57,0-5%,73.4,Mar,Cobalt
2023-07-02,2023,7,Jul,Bravo,Consumer,USA,6,296.93,108.76,1781.6,53.45,1728.16,652.58,1075.58,0.6224,328.06,334.27,741.31,85.34,5000.0,2370.71,2629.29,2.22,1.72,0.9,0.1483,0-5%,652.58,1781.6,1728.16,1075.58,6,296.93,108.76,0-5%,53.45,Jul,Bravo
2023-05-11,2023,5,May,Bravo,Enterprise,UK,13,229.8,88.39,2987.39,0.0,2987.39,1149.09,1838.29,0.6154,534.79,572.76,1265.53,231.99,5353.1,2969.24,2383.86,1.35,0.77,1.25,0.2364,0-5%,1149.09,2987.39,2987.39,1838.29,13,229.8,88.39,0-5%,0.0,May,Bravo
2024-12-30,2024,12,Dec,Delta,SMB,UK,8,176.88,82.6,1415.06,99.05,1316.01,660.8,655.2,0.4979,252.02,252.17,403.03,103.75,5000.0,2124.63,2875.37,1.97,1.51,0.74,0.0806,5-10%,660.8,1415.06,1316.01,655.2,8,176.88,82.6,5-10%,99.05,Dec,Delta
2025-04-02,2025,4,Apr,Flux,Enterprise,India,12,168.01,84.92,2016.17,141.13,1875.04,1019.02,856.02,0.4565,297.09,277.57,578.45,162.18,5000.0,2520.01,2479.99,2.13,1.89,1.02,0.1157,5-10%,1019.02,2016.17,1875.04,856.02,12,168.01,84.92,5-10%,141.13,Apr,Flux
2023-09-12,2023,9,Sep,Delta,SMB,USA,7,190.11,74.06,1330.79,159.7,1171.1,518.43,652.67,0.5573,302.39,318.2,334.46,112.35,5000.0,1951.04,3048.96,1.84,1.53,0.64,0.0669,10-20%,518.43,1330.79,1171.1,652.67,7,190.11,74.06,10-20%,159.7,Sep,Delta
2023-12-02,2023,12,Dec,Cobalt,SMB,USA,10,224.19,122.52,2241.92,156.93,2084.99,1225.16,859.83,0.4124,427.91,450.03,409.81,191.11,5000.0,2105.46,2894.54,2.08,1.51,0.73,0.082,5-10%,1225.16,2241.92,2084.99,859.83,10,224.19,122.52,5-10%,156.93,Dec,Cobalt
2024-06-27,2024,6,Jun,Bravo,Consumer,USA,8,229.11,123.92,1832.86,128.3,1704.56,991.37,713.2,0.4184,246.53,253.06,460.13,165.5,5000.0,2532.8,2467.2,1.78,1.47,1.03,0.092,5-10%,991.37,1832.86,1704.56,713.2,8,229.11,123.92,5-10%,128.3,Jun,Bravo
2024-05-31,2024,5,May,Alpha,Consumer,USA,10,212.07,83.43,2120.71,0.0,2120.71,834.28,1286.43,0.6066,381.68,365.51,920.92,131.49,5000.0,2320.49,2679.51,1.37,0.92,0.87,0.1842,0-5%,834.28,2120.71,2120.71,1286.43,10,212.07,83.43,0-5%,0.0,May,Alpha
2024-04-23,2024,4,Apr,Echo,Consumer,UK,10,232.7,95.5,2327.0,0.0,2327.0,955.05,1371.95,0.5896,502.87,532.73,839.22,186.09,5000.0,2505.8,2494.2,2.23,1.95,1.0,0.1678,0-5%,955.05,2327.0,2327.0,1371.95,10,232.7,95.5,0-5%,0.0,Apr,Echo
2025-03-01,2025,3,Mar,Alpha,SMB,USA,10,196.41,97.78,1964.1,137.49,1826.61,977.76,848.85,0.4647,280.93,301.43,547.42,156.42,5000.0,2739.94,2260.06,1.35,1.08,1.21,0.1095,5-10%,977.76,1964.1,1826.61,848.85,10,196.41,97.78,5-10%,137.49,Mar,Alpha
2023-10-26,2023,10,Oct,Bravo,SMB,UK,9,201.67,73.57,1815.0,0.0,1815.0,662.1,1152.89,0.6352,373.69,358.84,794.05,95.95,5000.0,1821.62,3178.38,1.68,1.18,0.57,0.1588,0-5%,662.1,1815.0,1815.0,1152.89,9,201.67,73.57,0-5%,0.0,Oct,Bravo
2025-06-29,2025,6,Jun,Flux,SMB,Canada,11,216.15,97.22,2377.69,285.32,2092.37,1069.43,1022.93,0.4889,546.17,522.98,499.96,172.57,5000.0,2725.02,2274.98,1.6,1.24,1.2,0.1,10-20%,1069.43,2377.69,2092.37,1022.93,11,216.15,97.22,10-20%,285.32,Jun,Flux
2023-04-02,2023,4,Apr,Alpha,Consumer,UK,11,238.14,126.25,2619.56,0.0,2619.56,1388.77,1230.8,0.4698,319.95,295.34,935.46,223.02,5278.14,2885.16,2392.98,1.56,1.17,1.21,0.1772,0-5%,1388.77,2619.56,2619.56,1230.8,11,238.14,126.25,0-5%,0.0,Apr,Alpha
2025-04-15,2025,4,Apr,Bravo,SMB,USA,10,201.75,104.48,2017.5,0.0,2017.5,1044.79,972.71,0.4821,339.88,333.04,639.66,113.86,5000.0,2902.82,2097.18,2.19,1.6,1.38,0.1279,0-5%,1044.79,2017.5,2017.5,972.71,10,201.75,104.48,0-5%,0.0,Apr,Bravo
2025-07-23,2025,7,Jul,Cobalt,Consumer,USA,9,259.23,139.57,2333.03,0.0,2333.03,1256.12,1076.92,0.4616,384.15,412.32,664.6,273.08,5000.0,2150.87,2849.13,1.18,0.59,0.75,0.1329,0-5%,1256.12,2333.03,2333.03,1076.92,9,259.23,139.57,0-5%,0.0,Jul,Cobalt
2024-06-03,2024,6,Jun,Echo,Consumer,USA,15,380.77,166.56,5711.48,0.0,5711.48,2498.44,3213.04,0.5626,1439.15,1507.12,1705.92,439.18,9339.52,3422.34,5917.18,2.49,2.18,0.58,0.1827,0-5%,2498.44,5711.48,5711.48,3213.04,15,380.77,166.56,0-5%,0.0,Jun,Echo
2023-06-20,2023,6,Jun,Delta,Enterprise,India,9,227.08,104.59,2043.7,0.0,2043.7,941.29,1102.41,0.5394,524.41,528.92,573.48,140.96,5000.0,2928.79,2071.21,1.99,1.43,1.41,0.1147,0-5%,941.29,2043.7,2043.7,1102.41,9,227.08,104.59,0-5%,0.0,Jun,Delta
2025-03-06,2025,3,Mar,Echo,Consumer,USA,9,181.27,75.91,1631.42,114.2,1517.22,683.21,834.01,0.5497,382.45,412.99,421.02,144.43,5000.0,1968.41,3031.59,1.37,1.08,0.65,0.0842,5-10%,683.21,1631.42,1517.22,834.01,9,181.27,75.91,5-10%,114.2,Mar,Echo
2024-02-09,2024,2,Feb,Echo,SMB,Canada,9,174.77,95.0,1572.95,188.75,1384.2,855.01,529.19,0.3823,338.49,350.28,178.91,162.08,5000.0,3157.12,1842.88,1.7,1.37,1.71,0.0358,10-20%,855.01,1572.95,1384.2,529.19,9,174.77,95.0,10-20%,188.75,Feb,Echo
2025-11-24,2025,11,Nov,Echo,Consumer,Germany,9,188.0,83.43,1691.98,0.0,1691.98,750.86,941.12,0.5562,380.28,358.69,582.44,92.52,5000.0,3167.42,1832.58,1.71,1.13,1.73,0.1165,0-5%,750.86,1691.98,1691.98,941.12,9,188.0,83.43,0-5%,0.0,Nov,Echo
2025-09-10,2025,9,Sep,Alpha,SMB,USA,5,186.41,98.19,932.04,27.96,904.08,490.96,413.12,0.457,156.67,151.93,261.19,80.78,5000.0,3043.21,1956.79,1.82,1.59,1.56,0.0522,0-5%,490.96,932.04,904.08,413.12,5,186.41,98.19,0-5%,27.96,Sep,Alpha
2023-07-22,2023,7,Jul,Bravo,Enterprise,USA,13,265.98,141.54,3457.7,103.73,3353.96,1840.03,1513.93,0.4514,498.29,528.12,985.81,203.41,5201.4,2739.33,2462.07,1.69,1.35,1.11,0.1895,0-5%,1840.03,3457.7,3353.96,1513.93,13,265.98,141.54,0-5%,103.73,Jul,Bravo
2023-02-07,2023,2,Feb,Echo,Consumer,USA,8,195.13,90.54,1561.02,109.27,1451.74,724.35,727.39,0.501,293.55,283.09,444.3,107.33,5000.0,1991.98,3008.02,1.92,1.71,0.66,0.0889,5-10%,724.35,1561.02,1451.74,727.39,8,195.13,90.54,5-10%,109.27,Feb,Echo
2024-01-25,2024,1,Jan,Bravo,Enterprise,USA,11,190.66,70.93,2097.25,146.81,1950.45,780.26,1170.18,0.6,470.62,482.23,687.96,158.07,5000.0,2749.94,2250.06,1.61,1.35,1.22,0.1376,5-10%,780.26,2097.25,1950.45,1170.18,11,190.66,70.93,5-10%,146.81,Jan,Bravo
2025-03-29,2025,3,Mar,Bravo,Consumer,USA,9,111.59,57.39,1004.34,0.0,1004.34,516.54,487.8,0.4857,261.42,276.64,211.17,108.85,5000.0,2474.31,2525.69,1.72,1.15,0.98,0.0422,0-5%,516.54,1004.34,1004.34,487.8,9,111.59,57.39,0-5%,0.0,Mar,Bravo
2023-12-31,2023,12,Dec,Echo,SMB,USA,11,228.09,94.28,2508.97,0.0,2508.97,1037.04,1471.93,0.5867,342.46,339.68,1132.25,126.97,5000.0,3228.22,1771.78,1.83,1.27,1.82,0.2264,0-5%,1037.04,2508.97,2508.97,1471.93,11,228.09,94.28,0-5%,0.0,Dec,Echo
2024-11-30,2024,11,Nov,Alpha,SMB,UK,5,152.72,56.01,763.61,53.45,710.15,280.05,430.1,0.6056,86.31,92.28,337.83,50.0,5000.0,1807.31,3192.69,1.82,1.61,0.57,0.0676,5-10%,280.05,763.61,710.15,430.1,5,152.72,56.01,5-10%,53.45,Nov,Alpha
2024-04-17,2024,4,Apr,Delta,Consumer,Canada,10,189.3,86.32,1892.97,132.51,1760.47,863.18,897.29,0.5097,253.82,242.68,654.61,120.87,5000.0,3229.48,1770.52,2.3,1.96,1.82,0.1309,5-10%,863.18,1892.97,1760.47,897.29,10,189.3,86.32,5-10%,132.51,Apr,Delta
2024-03-15,2024,3,Mar,Bravo,Consumer,USA,12,265.94,94.37,3191.27,382.95,2808.32,1132.5,1675.82,0.5967,354.43,373.31,1302.51,226.89,5410.65,2174.47,3236.18,1.93,1.58,0.67,0.2407,10-20%,1132.5,3191.27,2808.32,1675.82,12,265.94,94.37,10-20%,382.95,Mar,Bravo
2023-02-11,2023,2,Feb,Delta,SMB,USA,12,137.11,62.18,1645.34,0.0,1645.34,746.21,899.14,0.5465,366.41,339.28,559.85,100.08,5000.0,2565.47,2434.53,1.98,1.51,1.05,0.112,0-5%,746.21,1645.34,1645.34,899.14,12,137.11,62.18,0-5%,0.0,Feb,Delta
2024-11-26,2024,11,Nov,Alpha,SMB,Canada,14,285.72,130.99,4000.08,120.0,3880.08,1833.8,2046.29,0.5274,653.36,650.78,1395.51,318.22,7423.28,4388.5,3034.78,2.11,1.67,1.45,0.188,0-5%,1833.8,4000.08,3880.08,2046.29,14,285.72,130.99,0-5%,120.0,Nov,Alpha
2023-09-24,2023,9,Sep,Flux,Consumer,USA,11,109.25,58.1,1201.73,0.0,1201.73,639.14,562.59,0.4682,280.86,264.6,297.99,83.39,5000.0,3176.83,1823.17,1.29,0.75,1.74,0.0596,0-5%,639.14,1201.73,1201.73,562.59,11,109.25,58.1,0-5%,0.0,Sep,Flux
2023-08-08,2023,8,Aug,Delta,SMB,Germany,7,250.41,112.03,1752.85,52.59,1700.27,784.18,916.09,0.5388,264.74,281.7,634.38,155.67,5000.0,2361.2,2638.8,2.01,1.45,0.89,0.1269,0-5%,784.18,1752.85,1700.27,916.09,7,250.41,112.03,0-5%,52.59,Aug,Delta
2023-05-19,2023,5,May,Delta,SMB,Germany,11,279.91,115.77,3078.96,369.48,2709.49,1273.52,1435.96,0.53,551.0,548.92,887.05,198.45,5489.62,2921.3,2568.32,2.61,2.09,1.14,0.1616,10-20%,1273.52,3078.96,2709.49,1435.96,11,279.91,115.77,10-20%,369.48,May,Delta
2023-12-05,2023,12,Dec,Cobalt,Consumer,USA,8,288.65,153.73,2309.23,69.28,2239.95,1229.86,1010.09,0.4509,508.83,497.25,512.84,193.26,5000.0,2276.15,2723.85,2.22,2.0,0.84,0.1026,0-5%,1229.86,2309.23,2239.95,1010.09,8,288.65,153.73,0-5%,69.28,Dec,Cobalt
2024-05-30,2024,5,May,Echo,SMB,India,9,283.78,107.62,2553.99,76.62,2477.37,968.57,1508.8,0.609,487.6,515.4,993.4,151.03,5000.0,3088.8,1911.2,2.01,1.72,1.62,0.1987,0-5%,968.57,2553.99,2477.37,1508.8,9,283.78,107.62,0-5%,76.62,May,Echo
2024-12-19,2024,12,Dec,Echo,Enterprise,USA,9,236.06,92.35,2124.54,0.0,2124.54,831.18,1293.36,0.6088,255.65,258.98,1034.38,86.73,5000.0,2274.5,2725.5,1.47,1.05,0.83,0.2069,0-5%,831.18,2124.54,2124.54,1293.36,9,236.06,92.35,0-5%,0.0,Dec,Echo
2024-03-29,2024,3,Mar,Alpha,Consumer,UK,8,238.77,95.79,1910.16,57.3,1852.85,766.29,1086.56,0.5864,245.08,239.18,847.39,80.45,5000.0,1792.27,3207.73,1.89,1.35,0.56,0.1695,0-5%,766.29,1910.16,1852.85,1086.56,8,238.77,95.79,0-5%,57.3,Mar,Alpha
2023-07-26,2023,7,Jul,Alpha,Consumer,USA,7,205.04,111.91,1435.27,0.0,1435.27,783.36,651.91,0.4542,362.95,349.34,302.57,160.97,5000.0,2160.55,2839.45,2.17,1.79,0.76,0.0605,0-5%,783.36,1435.27,1435.27,651.91,7,205.04,111.91,0-5%,0.0,Jul,Alpha
2023-12-14,2023,12,Dec,Alpha,Consumer,India,6,264.88,102.67,1589.27,0.0,1589.27,616.02,973.25,0.6124,402.12,389.23,584.02,76.67,5000.0,2646.81,2353.19,1.77,1.42,1.12,0.1168,0-5%,616.02,1589.27,1589.27,973.25,6,264.88,102.67,0-5%,0.0,Dec,Alpha
2025-03-16,2025,3,Mar,Delta,SMB,USA,12,169.33,71.74,2031.92,60.96,1970.96,860.91,1110.05,0.5632,500.4,487.9,622.15,115.28,5000.0,2416.94,2583.06,1.08,0.68,0.94,0.1244,0-5%,860.91,2031.92,1970.96,1110.05,12,169.33,71.74,0-5%,60.96,Mar,Delta
2024-01-08,2024,1,Jan,Echo,SMB,USA,9,222.63,114.3,2003.65,0.0,2003.65,1028.7,974.95,0.4866,310.78,327.46,647.49,222.91,5000.0,2270.66,2729.34,0.88,0.5,0.83,0.1295,0-5%,1028.7,2003.65,2003.65,974.95,9,222.63,114.3,0-5%,0.0,Jan,Echo
2023-02-13,2023,2,Feb,Alpha,Consumer,UK,9,261.06,114.9,2349.54,70.49,2279.06,1034.09,1244.97,0.5463,517.36,488.4,756.56,144.47,5000.0,2324.96,2675.04,1.83,1.4,0.87,0.1513,0-5%,1034.09,2349.54,2279.06,1244.97,9,261.06,114.9,0-5%,70.49,Feb,Alpha
2023-10-31,2023,10,Oct,Flux,Consumer,USA,7,177.76,94.52,1244.34,87.1,1157.24,661.62,495.62,0.4283,278.43,259.56,236.07,67.61,5000.0,3229.41,1770.59,1.41,1.03,1.82,0.0472,5-10%,661.62,1244.34,1157.24,495.62,7,177.76,94.52,5-10%,87.1,Oct,Flux
2025-02-28,2025,2,Feb,Cobalt,SMB,USA,8,286.76,125.26,2294.12,275.29,2018.82,1002.11,1016.72,0.5036,518.39,522.2,494.52,114.36,5000.0,2986.32,2013.68,2.29,1.99,1.48,0.0989,10-20%,1002.11,2294.12,2018.82,1016.72,8,286.76,125.26,10-20%,275.29,Feb,Cobalt
2023-01-17,2023,1,Jan,Cobalt,Consumer,Canada,8,204.04,107.36,1632.33,48.97,1583.36,858.9,724.46,0.4575,305.28,296.8,427.65,182.36,5000.0,2840.04,2159.96,2.12,1.58,1.31,0.0855,0-5%,858.9,1632.33,1583.36,724.46,8,204.04,107.36,0-5%,48.97,Jan,Cobalt
2023-08-18,2023,8,Aug,Cobalt,SMB,USA,15,295.43,129.7,4431.42,0.0,4431.42,1945.51,2485.91,0.561,533.25,524.05,1961.86,265.19,8255.32,4845.54,3409.79,2.22,1.8,1.42,0.2376,0-5%,1945.51,4431.42,4431.42,2485.91,15,295.43,129.7,0-5%,0.0,Aug,Cobalt
2024-04-28,2024,4,Apr,Cobalt,Consumer,USA,10,350.19,178.66,3501.92,0.0,3501.92,1786.56,1715.36,0.4898,551.56,563.24,1152.12,356.45,5745.09,3520.34,2224.75,2.39,1.95,1.58,0.2005,0-5%,1786.56,3501.92,3501.92,1715.36,10,350.19,178.66,0-5%,0.0,Apr,Cobalt
2025-09-19,2025,9,Sep,Delta,Consumer,USA,15,128.47,59.15,1927.0,57.81,1869.19,887.18,982.01,0.5254,237.78,234.97,747.04,182.93,5000.0,2707.28,2292.72,1.39,0.98,1.18,0.1494,0-5%,887.18,1927.0,1869.19,982.01,15,128.47,59.15,0-5%,57.81,Sep,Delta
2023-11-14,2023,11,Nov,Alpha,Consumer,USA,15,238.4,119.91,3576.04,107.28,3468.76,1798.6,1670.16,0.4815,968.56,1001.33,668.83,256.92,6428.26,2795.77,3632.49,1.97,1.53,0.77,0.104,0-5%,1798.6,3576.04,3468.76,1670.16,15,238.4,119.91,0-5%,107.28,Nov,Alpha
2023-10-07,2023,10,Oct,Alpha,SMB,USA,12,195.17,78.92,2342.01,281.04,2060.97,947.06,1113.91,0.5405,506.19,483.05,630.86,140.66,5000.0,2347.29,2652.71,1.95,1.58,0.88,0.1262,10-20%,947.06,2342.01,2060.97,1113.91,12,195.17,78.92,10-20%,281.04,Oct,Alpha
2025-05-08,2025,5,May,Delta,Consumer,USA,7,197.72,92.16,1384.03,96.88,1287.15,645.12,642.03,0.4988,337.75,361.19,280.83,138.33,5000.0,2591.17,2408.83,1.97,1.66,1.08,0.0562,5-10%,645.12,1384.03,1287.15,642.03,7,197.72,92.16,5-10%,96.88,May,Delta
2025-03-25,2025,3,Mar,Flux,Consumer,USA,8,165.43,64.09,1323.43,92.64,1230.79,512.74,718.05,0.5834,295.06,312.48,405.57,51.59,5000.0,2449.36,2550.64,2.19,1.65,0.96,0.0811,5-10%,512.74,1323.43,1230.79,718.05,8,165.43,64.09,5-10%,92.64,Mar,Flux
2024-03-31,2024,3,Mar,Delta,Consumer,Canada,18,203.01,76.87,3654.17,255.79,3398.38,1383.61,2014.77,0.5929,923.77,849.96,1164.81,280.59,6163.57,3450.23,2713.35,1.95,1.62,1.27,0.189,5-10%,1383.61,3654.17,3398.38,2014.77,18,203.01,76.87,5-10%,255.79,Mar,Delta
2023-01-07,2023,1,Jan,Bravo,Consumer,Canada,9,245.77,113.2,2211.96,0.0,2211.96,1018.8,1193.16,0.5394,433.94,399.43,793.72,173.25,5000.0,1947.53,3052.47,1.37,0.97,0.64,0.1587,0-5%,1018.8,2211.96,2211.96,1193.16,9,245.77,113.2,0-5%,0.0,Jan,Bravo
2023-11-16,2023,11,Nov,Alpha,SMB,Germany,7,198.91,107.51,1392.4,167.09,1225.31,752.55,472.76,0.3858,262.54,258.38,214.38,150.99,5000.0,2025.74,2974.26,1.81,1.3,0.68,0.0429,10-20%,752.55,1392.4,1225.31,472.76,7,198.91,107.51,10-20%,167.09,Nov,Alpha
2024-06-29,2024,6,Jun,Cobalt,Consumer,Canada,8,257.03,128.66,2056.21,0.0,2056.21,1029.31,1026.9,0.4994,499.14,498.45,528.45,106.47,5000.0,2303.09,2696.91,1.84,1.45,0.85,0.1057,0-5%,1029.31,2056.21,2056.21,1026.9,8,257.03,128.66,0-5%,0.0,Jun,Cobalt
2024-02-13,2024,2,Feb,Alpha,Consumer,USA,9,255.87,92.17,2302.85,0.0,2302.85,829.53,1473.32,0.6398,351.6,370.95,1102.37,165.33,5000.0,1783.86,3216.14,1.46,1.24,0.55,0.2205,0-5%,829.53,2302.85,2302.85,1473.32,9,255.87,92.17,0-5%,0.0,Feb,Alpha
2024-03-18,2024,3,Mar,Flux,Consumer,India,7,152.32,64.86,1066.23,31.99,1034.24,454.0,580.24,0.561,185.35,184.26,395.98,50.0,5000.0,2279.5,2720.5,1.56,1.06,0.84,0.0792,0-5%,454.0,1066.23,1034.24,580.24,7,152.32,64.86,0-5%,31.99,Mar,Flux
2025-05-07,2025,5,May,Delta,SMB,USA,8,176.96,83.56,1415.72,42.47,1373.25,668.51,704.74,0.5132,326.73,317.43,387.31,121.35,5000.0,2177.42,2822.58,1.86,1.29,0.77,0.0775,0-5%,668.51,1415.72,1373.25,704.74,8,176.96,83.56,0-5%,42.47,May,Delta
2024-03-23,2024,3,Mar,Cobalt,Consumer,Canada,11,237.95,119.16,2617.46,183.22,2434.23,1310.73,1123.51,0.4615,548.57,549.53,573.98,279.9,5000.0,1801.08,3198.92,1.97,1.58,0.56,0.1148,5-10%,1310.73,2617.46,2434.23,1123.51,11,237.95,119.16,5-10%,183.22,Mar,Cobalt
2025-11-13,2025,11,Nov,Flux,Consumer,USA,13,174.79,77.27,2272.31,68.17,2204.14,1004.5,1199.64,0.5443,540.46,517.66,681.98,102.08,5000.0,1802.11,3197.89,0.8,0.5,0.56,0.1364,0-5%,1004.5,2272.31,2204.14,1199.64,13,174.79,77.27,0-5%,68.17,Nov,Flux
2023-03-03,2023,3,Mar,Alpha,Consumer,India,9,219.38,90.27,1974.39,59.23,1915.16,812.47,1102.69,0.5758,231.71,229.15,873.54,140.22,5000.0,2895.55,2104.45,2.52,2.01,1.38,0.1747,0-5%,812.47,1974.39,1915.16,1102.69,9,219.38,90.27,0-5%,59.23,Mar,Alpha
2023-04-04,2023,4,Apr,Echo,Consumer,UK,8,244.28,103.93,1954.27,0.0,1954.27,831.44,1122.83,0.5746,320.28,330.41,792.42,181.48,5000.0,2499.82,2500.18,2.08,1.52,1.0,0.1585,0-5%,831.44,1954.27,1954.27,1122.83,8,244.28,103.93,0-5%,0.0,Apr,Echo
2025-02-23,2025,2,Feb,Delta,SMB,USA,6,222.93,100.3,1337.57,160.51,1177.06,601.82,575.24,0.4887,227.99,210.28,364.97,64.5,5000.0,2347.51,2652.49,1.94,1.67,0.89,0.073,10-20%,601.82,1337.57,1177.06,575.24,6,222.93,100.3,10-20%,160.51,Feb,Delta
2024-02-11,2024,2,Feb,Bravo,Enterprise,UK,7,213.53,76.6,1494.7,179.36,1315.34,536.17,779.17,0.5924,219.52,223.66,555.51,74.49,5000.0,3058.52,1941.48,1.92,1.37,1.58,0.1111,10-20%,536.17,1494.7,1315.34,779.17,7,213.53,76.6,10-20%,179.36,Feb,Bravo
2023-03-09,2023,3,Mar,Flux,Consumer,USA,12,260.91,132.44,3130.93,375.71,2755.22,1589.22,1166.0,0.4232,544.48,512.94,653.06,160.62,5000.0,1871.45,3128.55,1.45,1.06,0.6,0.1306,10-20%,1589.22,3130.93,2755.22,1166.0,12,260.91,132.44,10-20%,375.71,Mar,Flux
2023-08-05,2023,8,Aug,Delta,SMB,USA,9,313.12,167.93,2818.1,84.54,2733.56,1511.36,1222.2,0.4471,654.26,618.87,603.33,151.77,5000.0,2020.11,2979.89,1.66,1.23,0.68,0.1207,0-5%,1511.36,2818.1,2733.56,1222.2,9,313.12,167.93,0-5%,84.54,Aug,Delta
2024-08-03,2024,8,Aug,Flux,SMB,Canada,9,264.1,138.62,2376.9,285.23,2091.67,1247.61,844.06,0.4035,435.13,415.47,428.59,134.44,5000.0,2778.57,2221.43,1.85,1.36,1.25,0.0857,10-20%,1247.61,2376.9,2091.67,844.06,9,264.1,138.62,10-20%,285.23,Aug,Flux
2023-02-21,2023,2,Feb,Echo,Consumer,UK,9,248.71,110.25,2238.41,268.61,1969.8,992.27,977.52,0.4963,319.64,306.35,671.17,203.73,5000.0,2085.74,2914.26,1.71,1.44,0.72,0.1342,10-20%,992.27,2238.41,1969.8,977.52,9,248.71,110.25,10-20%,268.61,Feb,Echo
2024-04-15,2024,4,Apr,Bravo,SMB,India,6,265.43,129.08,1592.6,47.78,1544.82,774.49,770.33,0.4987,253.05,258.46,511.88,124.23,5000.0,2916.19,2083.81,2.28,2.04,1.4,0.1024,0-5%,774.49,1592.6,1544.82,770.33,6,265.43,129.08,0-5%,47.78,Apr,Bravo
2023-12-31,2023,12,Dec,Flux,Consumer,UK,7,205.23,95.91,1436.58,43.1,1393.49,671.39,722.1,0.5182,381.59,356.89,365.21,88.39,5000.0,2717.55,2282.45,2.36,2.06,1.19,0.073,0-5%,671.39,1436.58,1393.49,722.1,7,205.23,95.91,0-5%,43.1,Dec,Flux
2025-12-13,2025,12,Dec,Bravo,Consumer,USA,10,175.28,82.91,1752.81,52.58,1700.22,829.13,871.09,0.5123,247.32,248.88,622.21,106.4,5000.0,2394.19,2605.81,2.0,1.64,0.92,0.1244,0-5%,829.13,1752.81,1700.22,871.09,10,175.28,82.91,0-5%,52.58,Dec,Bravo
2023-03-21,2023,3,Mar,Flux,SMB,Germany,10,242.54,103.14,2425.38,169.78,2255.6,1031.44,1224.16,0.5427,403.08,426.74,797.41,105.45,5000.0,2812.88,2187.12,1.84,1.27,1.29,0.1595,5-10%,1031.44,2425.38,2255.6,1224.16,10,242.54,103.14,5-10%,169.78,Mar,Flux
2024-10-02,2024,10,Oct,Delta,Consumer,UK,8,284.54,150.85,2276.28,159.34,2116.94,1206.79,910.15,0.4299,495.75,530.67,379.48,139.0,5000.0,2320.17,2679.83,1.93,1.45,0.87,0.0759,5-10%,1206.79,2276.28,2116.94,910.15,8,284.54,150.85,5-10%,159.34,Oct,Delta
2025-09-09,2025,9,Sep,Delta,SMB,Canada,6,275.24,149.64,1651.43,49.54,1601.89,897.84,704.05,0.4395,366.5,389.73,314.32,121.63,5000.0,1878.47,3121.53,2.24,1.88,0.6,0.0629,0-5%,897.84,1651.43,1601.89,704.05,6,275.24,149.64,0-5%,49.54,Sep,Delta
2023-03-07,2023,3,Mar,Cobalt,Consumer,Germany,10,230.92,83.91,2309.2,69.28,2239.93,839.1,1400.82,0.6254,432.33,406.4,994.42,170.85,5000.0,2040.76,2959.24,1.78,1.51,0.69,0.1989,0-5%,839.1,2309.2,2239.93,1400.82,10,230.92,83.91,0-5%,69.28,Mar,Cobalt
2025-02-22,2025,2,Feb,Flux,SMB,Germany,6,223.65,93.22,1341.92,0.0,1341.92,559.33,782.59,0.5832,375.53,397.39,385.2,91.04,5000.0,2576.57,2423.43,2.05,1.77,1.06,0.077,0-5%,559.33,1341.92,1341.92,782.59,6,223.65,93.22,0-5%,0.0,Feb,Flux
2023-04-30,2023,4,Apr,Alpha,Consumer,USA,10,118.74,51.5,1187.41,0.0,1187.41,515.0,672.41,0.5663,265.03,270.8,401.61,101.68,5000.0,3025.5,1974.5,1.23,0.69,1.53,0.0803,0-5%,515.0,1187.41,1187.41,672.41,10,118.74,51.5,0-5%,0.0,Apr,Alpha
2023-05-02,2023,5,May,Alpha,Consumer,USA,8,279.64,150.21,2237.08,156.6,2080.49,1201.7,878.79,0.4224,258.18,241.76,637.03,135.09,5000.0,2152.96,2847.04,2.3,1.94,0.76,0.1274,5-10%,1201.7,2237.08,2080.49,878.79,8,279.64,150.21,5-10%,156.6,May,Alpha
2024-12-20,2024,12,Dec,Flux,SMB,USA,11,142.8,70.31,1570.78,109.95,1460.82,773.36,687.46,0.4706,208.34,195.14,492.32,158.68,5000.0,2840.26,2159.74,1.65,1.09,1.32,0.0985,5-10%,773.36,1570.78,1460.82,687.46,11,142.8,70.31,5-10%,109.95,Dec,Flux
2024-04-29,2024,4,Apr,Delta,Enterprise,Germany,11,182.34,82.58,2005.77,0.0,2005.77,908.38,1097.39,0.5471,375.83,401.75,695.64,111.46,5000.0,3169.7,1830.3,1.97,1.61,1.73,0.1391,0-5%,908.38,2005.77,2005.77,1097.39,11,182.34,82.58,0-5%,0.0,Apr,Delta
2025-07-31,2025,7,Jul,Alpha,Consumer,India,7,207.14,107.34,1449.98,0.0,1449.98,751.4,698.58,0.4818,364.92,344.84,353.74,97.03,5000.0,2109.82,2890.18,1.27,0.72,0.73,0.0707,0-5%,751.4,1449.98,1449.98,698.58,7,207.14,107.34,0-5%,0.0,Jul,Alpha
2025-02-28,2025,2,Feb,Bravo,Consumer,UK,10,81.49,41.53,814.94,97.79,717.15,415.28,301.86,0.4209,89.51,83.91,217.96,81.3,5000.0,1841.47,3158.53,0.81,0.59,0.58,0.0436,10-20%,415.28,814.94,717.15,301.86,10,81.49,41.53,10-20%,97.79,Feb,Bravo
2023-07-03,2023,7,Jul,Delta,SMB,USA,10,168.83,72.52,1688.31,202.6,1485.71,725.18,760.53,0.5119,253.09,247.64,512.89,142.19,5000.0,2783.39,2216.61,2.02,1.44,1.26,0.1026,10-20%,725.18,1688.31,1485.71,760.53,10,168.83,72.52,10-20%,202.6,Jul,Delta
2024-03-18,2024,3,Mar,Delta,Consumer,USA,9,185.08,85.38,1665.74,0.0,1665.74,768.45,897.29,0.5387,293.15,307.57,589.71,120.72,5000.0,2865.85,2134.15,1.91,1.32,1.34,0.1179,0-5%,768.45,1665.74,1665.74,897.29,9,185.08,85.38,0-5%,0.0,Mar,Delta
2025-12-29,2025,12,Dec,Delta,Consumer,USA,10,216.97,98.77,2169.74,151.88,2017.85,987.66,1030.19,0.5105,343.75,357.89,672.3,162.99,5000.0,2659.16,2340.84,2.03,1.53,1.14,0.1345,5-10%,987.66,2169.74,2017.85,1030.19,10,216.97,98.77,5-10%,151.88,Dec,Delta
2023-07-26,2023,7,Jul,Echo,Consumer,Canada,9,211.52,83.03,1903.7,57.11,1846.59,747.31,1099.28,0.5953,489.68,482.42,616.85,121.21,5000.0,2862.81,2137.19,1.26,0.83,1.34,0.1234,0-5%,747.31,1903.7,1846.59,1099.28,9,211.52,83.03,0-5%,57.11,Jul,Echo
2024-06-05,2024,6,Jun,Bravo,Consumer,India,10,237.52,119.34,2375.18,285.02,2090.16,1193.4,896.75,0.429,389.04,379.69,517.06,156.78,5000.0,2823.99,2176.01,1.46,1.08,1.3,0.1034,10-20%,1193.4,2375.18,2090.16,896.75,10,237.52,119.34,10-20%,285.02,Jun,Bravo
2023-04-10,2023,4,Apr,Cobalt,SMB,USA,11,203.85,102.63,2242.34,0.0,2242.34,1128.97,1113.37,0.4965,455.62,422.49,690.89,145.26,5000.0,3127.3,1872.7,1.54,0.95,1.67,0.1382,0-5%,1128.97,2242.34,2242.34,1113.37,11,203.85,102.63,0-5%,0.0,Apr,Cobalt
2025-07-02,2025,7,Jul,Bravo,Consumer,UK,11,232.23,82.23,2554.53,0.0,2554.53,904.55,1649.99,0.6459,613.24,567.44,1082.54,119.69,5000.0,2167.53,2832.47,2.2,1.74,0.77,0.2165,0-5%,904.55,2554.53,2554.53,1649.99,11,232.23,82.23,0-5%,0.0,Jul,Bravo
2025-11-27,2025,11,Nov,Alpha,SMB,USA,2,176.96,86.25,353.93,10.62,343.31,172.5,170.81,0.4975,94.18,86.95,83.86,50.0,5000.0,1821.88,3178.12,1.83,1.34,0.57,0.0168,0-5%,172.5,353.93,343.31,170.81,2,176.96,86.25,0-5%,10.62,Nov,Alpha
2023-05-02,2023,5,May,Cobalt,SMB,USA,8,226.18,121.78,1809.48,126.66,1682.81,974.21,708.61,0.4211,370.86,349.49,359.12,205.36,5000.0,2945.74,2054.26,1.88,1.52,1.43,0.0718,5-10%,974.21,1809.48,1682.81,708.61,8,226.18,121.78,5-10%,126.66,May,Cobalt
2023-01-28,2023,1,Jan,Echo,Consumer,USA,12,342.04,126.17,4104.46,492.54,3611.93,1514.08,2097.85,0.5808,906.2,920.5,1177.35,315.03,5000.0,1948.49,3051.51,1.77,1.3,0.64,0.2355,10-20%,1514.08,4104.46,3611.93,2097.85,12,342.04,126.17,10-20%,492.54,Jan,Echo
2024-12-04,2024,12,Dec,Cobalt,Enterprise,USA,13,220.86,82.76,2871.17,86.14,2785.03,1075.92,1709.11,0.6137,351.11,377.06,1332.05,120.66,5590.98,2419.09,3171.89,1.82,1.56,0.76,0.2382,0-5%,1075.92,2871.17,2785.03,1709.11,13,220.86,82.76,0-5%,86.14,Dec,Cobalt
2025-12-07,2025,12,Dec,Alpha,SMB,USA,16,164.6,65.42,2633.62,316.03,2317.58,1046.71,1270.87,0.5484,489.33,524.41,746.46,152.13,5000.0,2981.2,2018.8,2.03,1.44,1.48,0.1493,10-20%,1046.71,2633.62,2317.58,1270.87,16,164.6,65.42,10-20%,316.03,Dec,Alpha
2025-02-14,2025,2,Feb,Alpha,Consumer,USA,8,307.82,162.75,2462.57,0.0,2462.57,1302.0,1160.57,0.4713,592.26,597.23,563.34,151.51,5000.0,2022.32,2977.68,2.15,1.63,0.68,0.1127,0-5%,1302.0,2462.57,2462.57,1160.57,8,307.82,162.75,0-5%,0.0,Feb,Alpha
2025-04-18,2025,4,Apr,Bravo,SMB,Canada,12,226.87,104.71,2722.41,0.0,2722.41,1256.55,1465.87,0.5384,627.23,593.99,871.88,173.76,5000.0,2635.78,2364.22,2.47,2.25,1.11,0.1744,0-5%,1256.55,2722.41,2722.41,1465.87,12,226.87,104.71,0-5%,0.0,Apr,Bravo
2024-04-05,2024,4,Apr,Echo,SMB,USA,8,222.26,115.78,1778.08,124.47,1653.62,926.21,727.4,0.4399,406.5,374.96,352.44,120.95,5000.0,2921.62,2078.38,2.25,1.72,1.41,0.0705,5-10%,926.21,1778.08,1653.62,727.4,8,222.26,115.78,5-10%,124.47,Apr,Echo
2025-08-08,2025,8,Aug,Flux,Consumer,Germany,13,182.28,89.24,2369.7,71.09,2298.61,1160.12,1138.49,0.4953,435.47,455.13,683.36,181.65,5000.0,2755.46,2244.54,1.85,1.63,1.23,0.1367,0-5%,1160.12,2369.7,2298.61,1138.49,13,182.28,89.24,0-5%,71.09,Aug,Flux
2024-11-19,2024,11,Nov,Bravo,SMB,India,5,157.56,72.02,787.8,196.95,590.85,360.11,230.73,0.3905,77.33,78.76,151.98,50.0,5000.0,2572.26,2427.74,1.31,0.74,1.06,0.0304,20%+,360.11,787.8,590.85,230.73,5,157.56,72.02,20%+,196.95,Nov,Bravo
2024-02-07,2024,2,Feb,Cobalt,SMB,USA,6,131.09,63.68,786.55,94.39,692.16,382.07,310.09,0.448,138.9,130.4,179.69,76.21,5000.0,2774.8,2225.2,1.9,1.44,1.25,0.0359,10-20%,382.07,786.55,692.16,310.09,6,131.09,63.68,10-20%,94.39,Feb,Cobalt
2023-02-04,2023,2,Feb,Alpha,SMB,USA,7,240.93,98.65,1686.54,50.6,1635.95,690.55,945.4,0.5779,209.35,203.02,742.38,150.85,5000.0,2740.76,2259.24,2.02,1.54,1.21,0.1485,0-5%,690.55,1686.54,1635.95,945.4,7,240.93,98.65,0-5%,50.6,Feb,Alpha
2024-03-16,2024,3,Mar,Echo,Consumer,USA,6,294.95,128.97,1769.72,123.88,1645.84,773.83,872.01,0.5298,260.73,245.32,626.69,142.8,5000.0,3110.34,1889.66,1.77,1.22,1.65,0.1253,5-10%,773.83,1769.72,1645.84,872.01,6,294.95,128.97,5-10%,123.88,Mar,Echo
2024-06-02,2024,6,Jun,Alpha,Consumer,Canada,7,279.8,103.22,1958.58,489.64,1468.93,722.53,746.4,0.5081,409.95,432.19,314.21,112.31,5000.0,2334.21,2665.79,1.67,1.27,0.88,0.0628,20%+,722.53,1958.58,1468.93,746.4,7,279.8,103.22,20%+,489.64,Jun,Alpha
2023-02-27,2023,2,Feb,Echo,Consumer,USA,4,161.74,79.56,646.96,45.29,601.67,318.22,283.45,0.4711,153.34,159.9,123.55,62.52,5000.0,2413.82,2586.18,1.92,1.68,0.93,0.0247,5-10%,318.22,646.96,601.67,283.45,4,161.74,79.56,5-10%,45.29,Feb,Echo
2024-05-06,2024,5,May,Delta,SMB,India,13,175.52,95.12,2281.82,159.73,2122.1,1236.5,885.6,0.4173,299.57,306.93,578.67,201.93,5000.0,1896.22,3103.78,1.53,0.95,0.61,0.1157,5-10%,1236.5,2281.82,2122.1,885.6,13,175.52,95.12,5-10%,159.73,May,Delta
2025-04-28,2025,4,Apr,Bravo,Consumer,USA,8,185.92,100.49,1487.32,44.62,1442.7,803.94,638.76,0.4428,327.25,332.79,305.97,151.65,5000.0,2484.91,2515.09,1.56,0.98,0.99,0.0612,0-5%,803.94,1487.32,1442.7,638.76,8,185.92,100.49,0-5%,44.62,Apr,Bravo
2025-02-13,2025,2,Feb,Alpha,SMB,UK,10,194.51,92.98,1945.11,233.41,1711.7,929.77,781.93,0.4568,207.68,224.04,557.89,119.04,5000.0,2491.86,2508.14,1.64,1.08,0.99,0.1116,10-20%,929.77,1945.11,1711.7,781.93,10,194.51,92.98,10-20%,233.41,Feb,Alpha
2023-09-22,2023,9,Sep,Flux,SMB,USA,6,116.69,60.92,700.11,21.0,679.11,365.5,313.61,0.4618,120.31,114.56,199.05,50.0,5000.0,3172.24,1827.76,2.5,1.93,1.74,0.0398,0-5%,365.5,700.11,679.11,313.61,6,116.69,60.92,0-5%,21.0,Sep,Flux
2023-06-26,2023,6,Jun,Echo,SMB,USA,8,166.73,74.68,1333.85,40.02,1293.83,597.47,696.36,0.5382,227.85,241.06,455.3,115.03,5000.0,2048.63,2951.37,1.84,1.29,0.69,0.0911,0-5%,597.47,1333.85,1293.83,696.36,8,166.73,74.68,0-5%,40.02,Jun,Echo
2024-08-31,2024,8,Aug,Alpha,Consumer,Canada,7,225.16,96.3,1576.14,0.0,1576.14,674.13,902.01,0.5723,250.22,241.44,660.57,132.22,5000.0,2410.84,2589.16,1.99,1.44,0.93,0.1321,0-5%,674.13,1576.14,1576.14,902.01,7,225.16,96.3,0-5%,0.0,Aug,Alpha
2025-10-27,2025,10,Oct,Alpha,SMB,USA,6,169.2,66.81,1015.22,0.0,1015.22,400.84,614.38,0.6052,233.86,239.04,375.34,76.87,5000.0,1981.15,3018.85,1.12,0.88,0.66,0.0751,0-5%,400.84,1015.22,1015.22,614.38,6,169.2,66.81,0-5%,0.0,Oct,Alpha
2023-08-04,2023,8,Aug,Flux,SMB,India,7,187.28,92.0,1310.93,91.76,1219.16,643.99,575.17,0.4718,165.71,167.42,407.75,105.72,5000.0,2590.51,2409.49,1.52,0.99,1.08,0.0815,5-10%,643.99,1310.93,1219.16,575.17,7,187.28,92.0,5-10%,91.76,Aug,Flux
2023-12-14,2023,12,Dec,Delta,Consumer,UK,8,140.43,55.64,1123.45,78.64,1044.8,445.15,599.65,0.5739,270.29,288.2,311.45,60.85,5000.0,2310.47,2689.53,1.58,1.19,0.86,0.0623,5-10%,445.15,1123.45,1044.8,599.65,8,140.43,55.64,5-10%,78.64,Dec,Delta
2024-04-22,2024,4,Apr,Flux,Consumer,UK,7,117.3,61.6,821.1,24.63,796.47,431.22,365.25,0.4586,213.99,213.62,151.63,89.16,5000.0,2856.43,2143.57,1.23,0.72,1.33,0.0303,0-5%,431.22,821.1,796.47,365.25,7,117.3,61.6,0-5%,24.63,Apr,Flux
2025-06-21,2025,6,Jun,Alpha,Consumer,Canada,6,258.03,139.98,1548.15,46.44,1501.71,839.86,661.85,0.4407,392.63,388.22,273.62,143.79,5000.0,2466.05,2533.95,1.88,1.46,0.97,0.0547,0-5%,839.86,1548.15,1501.71,661.85,6,258.03,139.98,0-5%,46.44,Jun,Alpha
2023-12-07,2023,12,Dec,Delta,Consumer,USA,11,168.05,91.75,1848.5,0.0,1848.5,1009.24,839.26,0.454,505.75,543.8,295.46,166.19,5000.0,2400.33,2599.67,1.97,1.38,0.92,0.0591,0-5%,1009.24,1848.5,1848.5,839.26,11,168.05,91.75,0-5%,0.0,Dec,Delta
2024-11-01,2024,11,Nov,Flux,Consumer,USA,11,251.25,133.07,2763.79,82.91,2680.88,1463.79,1217.09,0.454,356.11,341.14,875.95,321.52,5000.0,1758.01,3241.99,1.75,1.44,0.54,0.1752,0-5%,1463.79,2763.79,2680.88,1217.09,11,251.25,133.07,0-5%,82.91,Nov,Flux
2025-06-13,2025,6,Jun,Bravo,SMB,India,8,334.49,171.32,2675.95,187.32,2488.63,1370.56,1118.07,0.4493,477.44,469.26,648.81,279.77,5000.0,2604.84,2395.16,2.0,1.56,1.09,0.1298,5-10%,1370.56,2675.95,2488.63,1118.07,8,334.49,171.32,5-10%,187.32,Jun,Bravo
2025-02-14,2025,2,Feb,Delta,Consumer,USA,8,199.45,100.99,1595.61,111.69,1483.92,807.91,676.01,0.4556,184.62,194.28,481.72,156.12,5000.0,2463.09,2536.91,1.76,1.46,0.97,0.0963,5-10%,807.91,1595.61,1483.92,676.01,8,199.45,100.99,5-10%,111.69,Feb,Delta
2023-07-29,2023,7,Jul,Echo,Consumer,USA,6,254.61,114.62,1527.66,183.32,1344.34,687.71,656.64,0.4884,206.1,198.55,458.08,73.0,5000.0,3232.09,1767.91,1.55,1.3,1.83,0.0916,10-20%,687.71,1527.66,1344.34,656.64,6,254.61,114.62,10-20%,183.32,Jul,Echo
2025-10-13,2025,10,Oct,Cobalt,Enterprise,India,8,216.15,84.12,1729.22,0.0,1729.22,672.95,1056.26,0.6108,258.53,274.63,781.63,91.77,5000.0,2789.39,2210.61,2.24,1.65,1.26,0.1563,0-5%,672.95,1729.22,1729.22,1056.26,8,216.15,84.12,0-5%,0.0,Oct,Cobalt
2024-09-09,2024,9,Sep,Bravo,Consumer,USA,6,231.65,85.6,1389.9,41.7,1348.2,513.61,834.59,0.619,250.81,257.59,577.0,61.93,5000.0,2657.13,2342.87,2.24,1.66,1.13,0.1154,0-5%,513.61,1389.9,1348.2,834.59,6,231.65,85.6,0-5%,41.7,Sep,Bravo
2023-07-08,2023,7,Jul,Bravo,SMB,Canada,9,217.38,104.71,1956.38,0.0,1956.38,942.41,1013.97,0.5183,402.01,371.14,642.83,133.86,5000.0,2835.79,2164.21,1.7,1.26,1.31,0.1286,0-5%,942.41,1956.38,1956.38,1013.97,9,217.38,104.71,0-5%,0.0,Jul,Bravo
2024-01-20,2024,1,Jan,Delta,SMB,Germany,9,236.31,101.53,2126.78,148.87,1977.91,913.78,1064.13,0.538,242.41,234.09,830.04,102.97,5000.0,3089.85,1910.15,2.16,1.86,1.62,0.166,5-10%,913.78,2126.78,1977.91,1064.13,9,236.31,101.53,5-10%,148.87,Jan,Delta
2023-02-06,2023,2,Feb,Delta,SMB,USA,12,199.14,73.46,2389.65,0.0,2389.65,881.51,1508.14,0.6311,431.76,457.99,1050.15,105.08,5000.0,2149.52,2850.48,1.97,1.45,0.75,0.21,0-5%,881.51,2389.65,2389.65,1508.14,12,199.14,73.46,0-5%,0.0,Feb,Delta
2024-06-03,2024,6,Jun,Cobalt,Consumer,USA,8,205.88,86.74,1647.02,0.0,1647.02,693.91,953.11,0.5787,423.92,433.39,519.72,100.79,5000.0,3195.11,1804.89,1.9,1.45,1.77,0.1039,0-5%,693.91,1647.02,1647.02,953.11,8,205.88,86.74,0-5%,0.0,Jun,Cobalt
2025-02-21,2025,2,Feb,Bravo,SMB,USA,13,236.11,90.94,3069.38,368.33,2701.05,1182.17,1518.88,0.5623,709.58,714.59,804.29,215.88,5000.0,2380.94,2619.06,1.77,1.22,0.91,0.1609,10-20%,1182.17,3069.38,2701.05,1518.88,13,236.11,90.94,10-20%,368.33,Feb,Bravo
2023-05-27,2023,5,May,Echo,Consumer,USA,16,225.78,109.17,3612.41,0.0,3612.41,1746.73,1865.69,0.5165,517.59,543.02,1322.67,270.16,5000.0,2799.36,2200.64,2.06,1.58,1.27,0.2645,0-5%,1746.73,3612.41,3612.41,1865.69,16,225.78,109.17,0-5%,0.0,May,Echo
2024-05-31,2024,5,May,Echo,SMB,USA,11,224.2,106.11,2466.19,616.55,1849.65,1167.21,682.43,0.369,337.34,332.92,349.51,211.86,5000.0,2394.36,2605.64,2.02,1.42,0.92,0.0699,20%+,1167.21,2466.19,1849.65,682.43,11,224.2,106.11,20%+,616.55,May,Echo
2024-11-02,2024,11,Nov,Echo,Consumer,Canada,10,132.41,56.55,1324.09,39.72,1284.36,565.55,718.82,0.5597,224.97,238.54,480.28,93.87,5000.0,1833.92,3166.08,2.07,1.67,0.58,0.0961,0-5%,565.55,1324.09,1284.36,718.82,10,132.41,56.55,0-5%,39.72,Nov,Echo
2023-11-08,2023,11,Nov,Delta,Consumer,USA,15,232.83,100.74,3492.5,0.0,3492.5,1511.16,1981.34,0.5673,693.9,681.65,1299.69,319.56,6248.66,2406.69,3841.98,1.68,1.23,0.63,0.208,0-5%,1511.16,3492.5,3492.5,1981.34,15,232.83,100.74,0-5%,0.0,Nov,Delta
2023-04-27,2023,4,Apr,Cobalt,Consumer,USA,7,190.27,95.33,1331.9,0.0,1331.9,667.28,664.62,0.499,260.13,268.14,396.48,145.97,5000.0,3182.22,1817.78,1.96,1.69,1.75,0.0793,0-5%,667.28,1331.9,1331.9,664.62,7,190.27,95.33,0-5%,0.0,Apr,Cobalt
2024-05-19,2024,5,May,Echo,SMB,UK,10,304.64,162.95,3046.35,213.24,2833.11,1629.47,1203.64,0.4248,552.43,553.75,649.88,269.7,5354.93,3236.4,2118.54,1.64,1.11,1.53,0.1214,5-10%,1629.47,3046.35,2833.11,1203.64,10,304.64,162.95,5-10%,213.24,May,Echo
2023-03-26,2023,3,Mar,Bravo,Enterprise,USA,12,299.8,148.99,3597.55,0.0,3597.55,1787.83,1809.73,0.503,829.88,818.99,990.74,343.15,6205.15,3573.65,2631.5,2.04,1.57,1.36,0.1597,0-5%,1787.83,3597.55,3597.55,1809.73,12,299.8,148.99,0-5%,0.0,Mar,Bravo
2025-11-24,2025,11,Nov,Echo,Consumer,USA,13,236.05,88.74,3068.59,214.8,2853.79,1153.67,1700.12,0.5957,510.58,544.47,1155.65,180.83,5000.0,1819.64,3180.36,2.21,1.77,0.57,0.2311,5-10%,1153.67,3068.59,2853.79,1700.12,13,236.05,88.74,5-10%,214.8,Nov,Echo
2023-09-20,2023,9,Sep,Echo,Enterprise,USA,12,149.7,68.31,1796.42,215.57,1580.85,819.75,761.11,0.4815,318.77,331.28,429.83,91.26,5000.0,2074.64,2925.36,1.97,1.77,0.71,0.086,10-20%,819.75,1796.42,1580.85,761.11,12,149.7,68.31,10-20%,215.57,Sep,Echo
2025-12-10,2025,12,Dec,Flux,SMB,India,8,192.59,92.44,1540.74,107.85,1432.88,739.56,693.32,0.4839,391.42,392.06,301.26,159.59,5000.0,2562.02,2437.98,1.15,0.94,1.05,0.0603,5-10%,739.56,1540.74,1432.88,693.32,8,192.59,92.44,5-10%,107.85,Dec,Flux
2023-10-06,2023,10,Oct,Bravo,SMB,USA,12,217.26,110.93,2607.11,78.21,2528.9,1331.15,1197.75,0.4736,542.26,550.58,647.17,258.39,5000.0,2785.69,2214.31,1.97,1.67,1.26,0.1294,0-5%,1331.15,2607.11,2528.9,1197.75,12,217.26,110.93,0-5%,78.21,Oct,Bravo
2025-08-04,2025,8,Aug,Delta,Consumer,USA,7,293.38,160.47,2053.69,0.0,2053.69,1123.31,930.39,0.453,247.72,229.99,700.4,183.67,5000.0,3173.14,1826.86,1.87,1.31,1.74,0.1401,0-5%,1123.31,2053.69,2053.69,930.39,7,293.38,160.47,0-5%,0.0,Aug,Delta
2025-09-25,2025,9,Sep,Bravo,Consumer,USA,12,233.45,103.22,2801.36,0.0,2801.36,1238.58,1562.78,0.5579,456.78,455.7,1107.07,269.81,5000.0,2349.37,2650.63,1.82,1.39,0.89,0.2214,0-5%,1238.58,2801.36,2801.36,1562.78,12,233.45,103.22,0-5%,0.0,Sep,Bravo
2024-01-22,2024,1,Jan,Delta,SMB,USA,9,188.86,78.87,1699.73,50.99,1648.74,709.8,938.94,0.5695,431.22,419.91,519.03,118.0,5000.0,2314.64,2685.36,2.07,1.62,0.86,0.1038,0-5%,709.8,1699.73,1648.74,938.94,9,188.86,78.87,0-5%,50.99,Jan,Delta
2023-12-14,2023,12,Dec,Alpha,Consumer,USA,12,219.03,88.64,2628.34,78.85,2549.49,1063.72,1485.77,0.5828,648.36,680.93,804.84,128.29,5127.49,3061.93,2065.56,1.97,1.56,1.48,0.157,0-5%,1063.72,2628.34,2549.49,1485.77,12,219.03,88.64,0-5%,78.85,Dec,Alpha
2023-09-28,2023,9,Sep,Delta,SMB,USA,9,196.57,100.0,1769.14,123.84,1645.3,900.0,745.3,0.453,427.6,444.65,300.65,162.71,5000.0,2093.82,2906.18,1.38,1.17,0.72,0.0601,5-10%,900.0,1769.14,1645.3,745.3,9,196.57,100.0,5-10%,123.84,Sep,Delta
2023-06-21,2023,6,Jun,Delta,SMB,USA,7,269.32,129.24,1885.22,56.56,1828.67,904.69,923.98,0.5053,423.04,406.47,517.51,141.69,5000.0,3091.03,1908.97,1.37,0.83,1.62,0.1035,0-5%,904.69,1885.22,1828.67,923.98,7,269.32,129.24,0-5%,56.56,Jun,Delta
2025-01-25,2025,1,Jan,Alpha,Enterprise,USA,9,211.49,97.87,1903.39,0.0,1903.39,880.85,1022.53,0.5372,437.59,407.48,615.05,162.52,5000.0,1802.85,3197.15,2.02,1.61,0.56,0.123,0-5%,880.85,1903.39,1903.39,1022.53,9,211.49,97.87,0-5%,0.0,Jan,Alpha
2025-07-14,2025,7,Jul,Delta,Enterprise,USA,9,257.43,122.0,2316.87,579.22,1737.65,1098.03,639.62,0.3681,453.57,450.31,189.31,188.1,5000.0,1923.63,3076.37,2.43,1.84,0.63,0.0379,20%+,1098.03,2316.87,1737.65,639.62,9,257.43,122.0,20%+,579.22,Jul,Delta
2025-10-03,2025,10,Oct,Alpha,Consumer,USA,6,178.3,88.67,1069.79,128.37,941.42,532.0,409.42,0.4349,160.33,157.89,251.52,95.72,5000.0,2423.35,2576.65,1.82,1.43,0.94,0.0503,10-20%,532.0,1069.79,941.42,409.42,6,178.3,88.67,10-20%,128.37,Oct,Alpha
2025-06-02,2025,6,Jun,Delta,Consumer,USA,11,230.23,123.62,2532.52,0.0,2532.52,1359.83,1172.68,0.4631,352.94,339.37,833.31,169.73,5000.0,2650.81,2349.19,1.44,0.92,1.13,0.1667,0-5%,1359.83,2532.52,2532.52,1172.68,11,230.23,123.62,0-5%,0.0,Jun,Delta
2023-02-07,2023,2,Feb,Alpha,Consumer,USA,10,187.58,96.12,1875.8,225.1,1650.7,961.15,689.55,0.4177,375.75,373.64,315.91,206.4,5000.0,2432.32,2567.68,1.62,1.36,0.95,0.0632,10-20%,961.15,1875.8,1650.7,689.55,10,187.58,96.12,10-20%,225.1,Feb,Alpha
2024-12-30,2024,12,Dec,Cobalt,Consumer,Canada,3,204.56,99.03,613.68,18.41,595.27,297.08,298.19,0.5009,72.91,76.54,221.65,53.92,5000.0,2008.53,2991.47,2.19,1.66,0.67,0.0443,0-5%,297.08,613.68,595.27,298.19,3,204.56,99.03,0-5%,18.41,Dec,Cobalt
2024-05-26,2024,5,May,Delta,SMB,India,13,176.24,62.33,2291.14,68.73,2222.41,810.29,1412.12,0.6354,598.2,616.67,795.45,96.71,5000.0,2672.72,2327.28,1.65,1.29,1.15,0.1591,0-5%,810.29,2291.14,2222.41,1412.12,13,176.24,62.33,0-5%,68.73,May,Delta
2024-02-29,2024,2,Feb,Alpha,Consumer,USA,6,166.51,62.23,999.05,0.0,999.05,373.39,625.66,0.6263,249.24,236.14,389.53,50.57,5000.0,2056.38,2943.62,1.28,1.04,0.7,0.0779,0-5%,373.39,999.05,999.05,625.66,6,166.51,62.23,0-5%,0.0,Feb,Alpha
2023-05-13,2023,5,May,Flux,Consumer,USA,5,224.7,119.49,1123.51,134.82,988.69,597.44,391.25,0.3957,134.76,138.25,253.0,86.61,5000.0,2463.78,2536.22,2.09,1.62,0.97,0.0506,10-20%,597.44,1123.51,988.69,391.25,5,224.7,119.49,10-20%,134.82,May,Flux
2025-10-03,2025,10,Oct,Bravo,Consumer,UK,8,212.93,87.5,1703.47,0.0,1703.47,699.98,1003.49,0.5891,356.95,367.49,635.99,94.58,5000.0,2034.81,2965.19,2.19,1.82,0.69,0.1272,0-5%,699.98,1703.47,1703.47,1003.49,8,212.93,87.5,0-5%,0.0,Oct,Bravo
2025-12-31,2025,12,Dec,Delta,Consumer,Germany,16,215.98,102.13,3455.7,0.0,3455.7,1634.03,1821.66,0.5271,432.27,421.83,1399.83,259.24,5643.69,3173.39,2470.3,2.05,1.73,1.28,0.248,0-5%,1634.03,3455.7,3455.7,1821.66,16,215.98,102.13,0-5%,0.0,Dec,Delta
2025-01-13,2025,1,Jan,Echo,Consumer,USA,11,201.11,76.79,2212.21,66.37,2145.85,844.64,1301.2,0.6064,581.47,537.56,763.65,123.55,5000.0,1779.8,3220.2,1.37,1.13,0.55,0.1527,0-5%,844.64,2212.21,2145.85,1301.2,11,201.11,76.79,0-5%,66.37,Jan,Echo
2023-02-25,2023,2,Feb,Flux,Consumer,India,7,266.86,98.53,1868.05,130.76,1737.28,689.69,1047.6,0.603,398.13,387.65,659.94,134.34,5000.0,2336.36,2663.64,1.91,1.7,0.88,0.132,5-10%,689.69,1868.05,1737.28,1047.6,7,266.86,98.53,5-10%,130.76,Feb,Flux
2024-12-17,2024,12,Dec,Echo,SMB,Germany,7,193.55,73.43,1354.87,94.84,1260.03,514.03,745.99,0.592,309.72,312.67,433.32,106.81,5000.0,2573.22,2426.78,1.78,1.31,1.06,0.0867,5-10%,514.03,1354.87,1260.03,745.99,7,193.55,73.43,5-10%,94.84,Dec,Echo
2024-01-25,2024,1,Jan,Bravo,Enterprise,India,8,189.6,78.61,1516.79,0.0,1516.79,628.91,887.88,0.5854,316.93,321.13,566.76,65.99,5000.0,2942.92,2057.08,1.78,1.22,1.43,0.1134,0-5%,628.91,1516.79,1516.79,887.88,8,189.6,78.61,0-5%,0.0,Jan,Bravo
2023-05-27,2023,5,May,Cobalt,Enterprise,UK,13,189.58,99.82,2464.5,172.51,2291.98,1297.61,994.37,0.4338,449.41,433.28,561.09,162.95,5000.0,2194.42,2805.58,1.23,0.93,0.78,0.1122,5-10%,1297.61,2464.5,2291.98,994.37,13,189.58,99.82,5-10%,172.51,May,Cobalt
2023-11-26,2023,11,Nov,Cobalt,Consumer,USA,8,167.27,66.66,1338.18,93.67,1244.5,533.28,711.22,0.5715,160.43,154.14,557.08,54.84,5000.0,2973.27,2026.73,2.04,1.7,1.47,0.1114,5-10%,533.28,1338.18,1244.5,711.22,8,167.27,66.66,5-10%,93.67,Nov,Cobalt
2024-04-06,2024,4,Apr,Bravo,Consumer,UK,12,155.05,66.29,1860.66,0.0,1860.66,795.54,1065.12,0.5724,458.01,487.3,577.82,99.01,5000.0,2718.64,2281.36,1.92,1.61,1.19,0.1156,0-5%,795.54,1860.66,1860.66,1065.12,12,155.05,66.29,0-5%,0.0,Apr,Bravo
2023-06-26,2023,6,Jun,Cobalt,Enterprise,USA,9,225.15,100.65,2026.35,0.0,2026.35,905.89,1120.46,0.5529,338.3,337.79,782.67,114.36,5000.0,2053.44,2946.56,1.87,1.35,0.7,0.1565,0-5%,905.89,2026.35,2026.35,1120.46,9,225.15,100.65,0-5%,0.0,Jun,Cobalt
2025-11-01,2025,11,Nov,Alpha,Consumer,Canada,12,208.24,75.87,2498.86,0.0,2498.86,910.4,1588.46,0.6357,496.55,535.7,1052.76,171.89,5000.0,1837.17,3162.83,1.89,1.48,0.58,0.2106,0-5%,910.4,2498.86,2498.86,1588.46,12,208.24,75.87,0-5%,0.0,Nov,Alpha
2024-01-09,2024,1,Jan,Bravo,Consumer,USA,11,275.4,121.89,3029.44,212.06,2817.38,1340.82,1476.56,0.5241,497.01,493.07,983.49,233.64,5000.0,1891.93,3108.07,1.91,1.67,0.61,0.1967,5-10%,1340.82,3029.44,2817.38,1476.56,11,275.4,121.89,5-10%,212.06,Jan,Bravo
2025-12-29,2025,12,Dec,Echo,Enterprise,Germany,8,322.79,173.19,2582.34,0.0,2582.34,1385.5,1196.85,0.4635,626.38,633.19,563.66,148.98,5000.0,2056.37,2943.63,1.61,1.15,0.7,0.1127,0-5%,1385.5,2582.34,2582.34,1196.85,8,322.79,173.19,0-5%,0.0,Dec,Echo
2023-09-13,2023,9,Sep,Delta,SMB,UK,5,212.71,98.19,1063.56,74.45,989.11,490.93,498.18,0.5037,266.14,254.17,244.02,57.56,5000.0,2877.51,2122.49,2.02,1.62,1.36,0.0488,5-10%,490.93,1063.56,989.11,498.18,5,212.71,98.19,5-10%,74.45,Sep,Delta
2025-07-30,2025,7,Jul,Bravo,SMB,USA,11,232.7,107.77,2559.75,76.79,2482.96,1185.44,1297.52,0.5226,524.86,531.03,766.49,186.68,5000.0,3182.26,1817.74,2.13,1.88,1.75,0.1533,0-5%,1185.44,2559.75,2482.96,1297.52,11,232.7,107.77,0-5%,76.79,Jul,Bravo
2023-04-18,2023,4,Apr,Flux,SMB,USA,7,237.96,93.55,1665.71,0.0,1665.71,654.84,1010.87,0.6069,363.66,359.59,651.28,103.89,5000.0,1891.17,3108.83,1.7,1.14,0.61,0.1303,0-5%,654.84,1665.71,1665.71,1010.87,7,237.96,93.55,0-5%,0.0,Apr,Flux
2025-03-05,2025,3,Mar,Alpha,SMB,India,7,179.63,63.82,1257.39,88.02,1169.38,446.77,722.61,0.6179,150.93,162.77,559.83,50.0,5000.0,3188.36,1811.64,1.83,1.55,1.76,0.112,5-10%,446.77,1257.39,1169.38,722.61,7,179.63,63.82,5-10%,88.02,Mar,Alpha
2023-06-18,2023,6,Jun,Cobalt,Consumer,Canada,9,261.16,115.78,2350.42,70.51,2279.9,1042.01,1237.9,0.543,411.78,421.0,816.9,198.39,5000.0,2512.03,2487.97,2.02,1.62,1.01,0.1634,0-5%,1042.01,2350.42,2279.9,1237.9,9,261.16,115.78,0-5%,70.51,Jun,Cobalt
2025-09-20,2025,9,Sep,Echo,SMB,USA,12,259.02,127.16,3108.22,0.0,3108.22,1525.97,1582.25,0.5091,392.97,366.92,1215.34,273.62,5000.0,2702.32,2297.68,1.67,1.27,1.18,0.2431,0-5%,1525.97,3108.22,3108.22,1582.25,12,259.02,127.16,0-5%,0.0,Sep,Echo
2025-03-04,2025,3,Mar,Flux,SMB,USA,12,257.96,120.32,3095.49,92.86,3002.62,1443.85,1558.78,0.5191,786.27,753.55,805.23,242.84,5757.22,2899.63,2857.6,1.87,1.35,1.01,0.1399,0-5%,1443.85,3095.49,3002.62,1558.78,12,257.96,120.32,0-5%,92.86,Mar,Flux
2023-10-18,2023,10,Oct,Bravo,SMB,USA,8,91.85,34.63,734.84,183.71,551.13,277.02,274.11,0.4974,77.02,79.74,194.37,50.0,5000.0,3126.34,1873.66,2.17,1.61,1.67,0.0389,20%+,277.02,734.84,551.13,274.11,8,91.85,34.63,20%+,183.71,Oct,Bravo
2025-10-15,2025,10,Oct,Echo,Consumer,Germany,15,366.47,176.13,5497.03,384.79,5112.24,2641.92,2470.32,0.4832,1344.0,1439.6,1030.72,360.7,9494.58,4617.79,4876.79,1.49,1.13,0.95,0.1086,5-10%,2641.92,5497.03,5112.24,2470.32,15,366.47,176.13,5-10%,384.79,Oct,Echo
2024-06-06,2024,6,Jun,Alpha,SMB,USA,8,259.11,141.8,2072.89,0.0,2072.89,1134.36,938.53,0.4528,408.28,395.77,542.76,145.56,5000.0,3008.92,1991.08,1.57,1.29,1.51,0.1086,0-5%,1134.36,2072.89,2072.89,938.53,8,259.11,141.8,0-5%,0.0,Jun,Alpha
2025-07-23,2025,7,Jul,Echo,Enterprise,USA,12,185.74,96.24,2228.89,156.02,2072.87,1154.86,918.01,0.4429,316.28,320.69,597.32,240.48,5000.0,2440.05,2559.95,2.31,1.73,0.95,0.1195,5-10%,1154.86,2228.89,2072.87,918.01,12,185.74,96.24,5-10%,156.02,Jul,Echo
2025-01-16,2025,1,Jan,Echo,SMB,USA,12,191.63,68.71,2299.51,160.97,2138.54,824.48,1314.06,0.6145,457.04,453.02,861.05,134.0,5000.0,2062.66,2937.34,2.07,1.8,0.7,0.1722,5-10%,824.48,2299.51,2138.54,1314.06,12,191.63,68.71,5-10%,160.97,Jan,Echo
2025-01-28,2025,1,Jan,Flux,Consumer,Germany,8,159.65,57.38,1277.16,89.4,1187.76,459.08,728.69,0.6135,216.34,225.06,503.63,56.08,5000.0,2393.36,2606.64,1.33,0.94,0.92,0.1007,5-10%,459.08,1277.16,1187.76,728.69,8,159.65,57.38,5-10%,89.4,Jan,Flux
2023-10-07,2023,10,Oct,Cobalt,Consumer,USA,14,221.04,90.71,3094.62,0.0,3094.62,1269.89,1824.73,0.5896,424.88,449.78,1374.95,252.33,5000.0,1835.05,3164.95,1.5,1.11,0.58,0.275,0-5%,1269.89,3094.62,3094.62,1824.73,14,221.04,90.71,0-5%,0.0,Oct,Cobalt
2024-11-13,2024,11,Nov,Echo,SMB,India,14,239.91,110.49,3358.72,0.0,3358.72,1546.81,1811.91,0.5395,862.91,900.93,910.98,266.87,6323.16,3129.07,3194.09,2.62,2.25,0.98,0.1441,0-5%,1546.81,3358.72,3358.72,1811.91,14,239.91,110.49,0-5%,0.0,Nov,Echo
2025-05-14,2025,5,May,Alpha,Consumer,USA,10,244.0,125.71,2439.99,73.2,2366.79,1257.09,1109.69,0.4689,294.71,276.42,833.27,240.26,5000.0,2051.43,2948.57,1.34,0.91,0.7,0.1667,0-5%,1257.09,2439.99,2366.79,1109.69,10,244.0,125.71,0-5%,73.2,May,Alpha
2025-12-16,2025,12,Dec,Bravo,Enterprise,USA,8,264.86,137.9,2118.86,148.32,1970.54,1103.21,867.33,0.4401,505.82,527.54,339.79,144.06,5000.0,1999.76,3000.24,1.61,1.33,0.67,0.068,5-10%,1103.21,2118.86,1970.54,867.33,8,264.86,137.9,5-10%,148.32,Dec,Bravo
2023-02-24,2023,2,Feb,Flux,SMB,USA,7,309.65,154.32,2167.57,0.0,2167.57,1080.23,1087.34,0.5016,393.44,421.25,666.09,113.11,5000.0,1889.2,3110.8,0.8,0.5,0.61,0.1332,0-5%,1080.23,2167.57,2167.57,1087.34,7,309.65,154.32,0-5%,0.0,Feb,Flux
2025-06-18,2025,6,Jun,Delta,Consumer,Germany,8,177.85,93.32,1422.77,0.0,1422.77,746.55,676.22,0.4753,296.77,287.02,389.21,98.4,5000.0,1938.1,3061.9,1.51,0.98,0.63,0.0778,0-5%,746.55,1422.77,1422.77,676.22,8,177.85,93.32,0-5%,0.0,Jun,Delta
2025-11-03,2025,11,Nov,Echo,SMB,USA,9,267.83,99.62,2410.47,289.26,2121.21,896.58,1224.64,0.5773,471.65,470.14,754.5,127.51,5000.0,2037.78,2962.22,1.99,1.56,0.69,0.1509,10-20%,896.58,2410.47,2121.21,1224.64,9,267.83,99.62,10-20%,289.26,Nov,Echo
2025-06-19,2025,6,Jun,Echo,SMB,Germany,10,210.65,111.6,2106.51,0.0,2106.51,1116.01,990.5,0.4702,314.86,294.88,695.62,214.57,5000.0,1990.77,3009.23,2.25,1.78,0.66,0.1391,0-5%,1116.01,2106.51,2106.51,990.5,10,210.65,111.6,0-5%,0.0,Jun,Echo
2023-02-21,2023,2,Feb,Delta,SMB,Germany,7,213.51,91.77,1494.58,179.35,1315.23,642.37,672.85,0.5116,249.76,240.58,432.28,76.17,5000.0,3063.37,1936.63,1.68,1.4,1.58,0.0865,10-20%,642.37,1494.58,1315.23,672.85,7,213.51,91.77,10-20%,179.35,Feb,Delta
2023-10-27,2023,10,Oct,Alpha,Enterprise,USA,5,235.94,113.43,1179.71,0.0,1179.71,567.13,612.58,0.5193,195.33,191.65,420.93,124.52,5000.0,1755.16,3244.84,1.22,1.0,0.54,0.0842,0-5%,567.13,1179.71,1179.71,612.58,5,235.94,113.43,0-5%,0.0,Oct,Alpha
2024-06-09,2024,6,Jun,Cobalt,Consumer,UK,12,189.95,73.55,2279.4,68.38,2211.01,882.55,1328.46,0.6008,334.23,313.55,1014.91,150.53,5000.0,2356.52,2643.48,1.56,1.2,0.89,0.203,0-5%,882.55,2279.4,2211.01,1328.46,12,189.95,73.55,0-5%,68.38,Jun,Cobalt
2025-08-02,2025,8,Aug,Alpha,Consumer,USA,9,242.79,132.49,2185.15,262.22,1922.93,1192.39,730.55,0.3799,412.2,396.43,334.12,152.2,5000.0,2326.6,2673.4,2.35,1.96,0.87,0.0668,10-20%,1192.39,2185.15,1922.93,730.55,9,242.79,132.49,10-20%,262.22,Aug,Alpha
2023-02-12,2023,2,Feb,Bravo,SMB,USA,13,252.38,96.63,3280.99,0.0,3280.99,1256.24,2024.75,0.6171,731.93,718.17,1306.58,186.67,5000.0,2347.1,2652.9,2.0,1.47,0.88,0.2613,0-5%,1256.24,3280.99,3280.99,2024.75,13,252.38,96.63,0-5%,0.0,Feb,Bravo
2025-05-21,2025,5,May,Flux,Consumer,Germany,9,173.0,91.24,1557.01,46.71,1510.3,821.14,689.17,0.4563,283.37,282.49,406.67,179.16,5000.0,2408.34,2591.66,1.66,1.24,0.93,0.0813,0-5%,821.14,1557.01,1510.3,689.17,9,173.0,91.24,0-5%,46.71,May,Flux
2023-02-25,2023,2,Feb,Echo,SMB,USA,12,150.19,59.71,1802.3,0.0,1802.3,716.48,1085.83,0.6025,369.65,369.46,716.37,125.3,5000.0,2789.13,2210.87,2.24,2.0,1.26,0.1433,0-5%,716.48,1802.3,1802.3,1085.83,12,150.19,59.71,0-5%,0.0,Feb,Echo
2024-09-18,2024,9,Sep,Alpha,Consumer,USA,5,232.13,95.27,1160.66,81.25,1079.41,476.37,603.05,0.5587,230.79,241.63,361.42,82.3,5000.0,3244.02,1755.98,1.86,1.39,1.85,0.0723,5-10%,476.37,1160.66,1079.41,603.05,5,232.13,95.27,5-10%,81.25,Sep,Alpha
2023-07-09,2023,7,Jul,Flux,Consumer,Germany,7,195.06,99.77,1365.45,0.0,1365.45,698.37,667.08,0.4885,190.51,192.76,474.32,142.04,5000.0,2518.25,2481.75,1.77,1.41,1.01,0.0949,0-5%,698.37,1365.45,1365.45,667.08,7,195.06,99.77,0-5%,0.0,Jul,Flux
2023-06-06,2023,6,Jun,Bravo,SMB,USA,7,187.57,99.05,1312.97,0.0,1312.97,693.34,619.62,0.4719,282.1,300.77,318.85,100.78,5000.0,3209.68,1790.32,1.37,1.14,1.79,0.0638,0-5%,693.34,1312.97,1312.97,619.62,7,187.57,99.05,0-5%,0.0,Jun,Bravo
2024-03-30,2024,3,Mar,Echo,Consumer,USA,9,194.88,93.58,1753.96,52.62,1701.34,842.2,859.14,0.505,233.04,225.63,633.51,163.64,5000.0,2761.39,2238.61,1.8,1.22,1.23,0.1267,0-5%,842.2,1753.96,1701.34,859.14,9,194.88,93.58,0-5%,52.62,Mar,Echo
2023-12-25,2023,12,Dec,Bravo,SMB,UK,5,219.41,84.57,1097.05,32.91,1064.14,422.85,641.29,0.6026,182.28,192.44,448.85,61.83,5000.0,2995.21,2004.79,1.58,1.3,1.49,0.0898,0-5%,422.85,1097.05,1064.14,641.29,5,219.41,84.57,0-5%,32.91,Dec,Bravo
2025-09-14,2025,9,Sep,Echo,SMB,UK,12,204.34,92.5,2452.13,294.26,2157.87,1109.96,1047.91,0.4856,334.03,333.28,714.63,195.58,5000.0,1781.3,3218.7,1.95,1.65,0.55,0.1429,10-20%,1109.96,2452.13,2157.87,1047.91,12,204.34,92.5,10-20%,294.26,Sep,Echo
2025-11-13,2025,11,Nov,Delta,SMB,India,11,61.63,25.47,677.9,81.35,596.56,280.13,316.43,0.5304,136.48,140.24,176.18,50.0,5000.0,1961.36,3038.64,2.77,2.45,0.65,0.0352,10-20%,280.13,677.9,596.56,316.43,11,61.63,25.47,10-20%,81.35,Nov,Delta
2023-01-15,2023,1,Jan,Cobalt,Consumer,USA,9,147.84,70.45,1330.53,0.0,1330.53,634.06,696.46,0.5234,175.27,179.67,516.79,110.48,5000.0,2087.65,2912.35,2.14,1.89,0.72,0.1034,0-5%,634.06,1330.53,1330.53,696.46,9,147.84,70.45,0-5%,0.0,Jan,Cobalt
2024-06-07,2024,6,Jun,Delta,Consumer,USA,8,206.84,79.35,1654.71,0.0,1654.71,634.81,1019.9,0.6164,246.97,261.35,758.55,99.82,5000.0,2302.68,2697.32,2.12,1.82,0.85,0.1517,0-5%,634.81,1654.71,1654.71,1019.9,8,206.84,79.35,0-5%,0.0,Jun,Delta
2024-08-27,2024,8,Aug,Cobalt,Consumer,USA,8,289.01,123.02,2312.11,277.45,2034.65,984.14,1050.52,0.5163,247.96,259.73,790.79,154.16,5000.0,2541.2,2458.8,1.51,1.28,1.03,0.1582,10-20%,984.14,2312.11,2034.65,1050.52,8,289.01,123.02,10-20%,277.45,Aug,Cobalt
2025-02-19,2025,2,Feb,Alpha,Consumer,USA,7,239.6,92.14,1677.22,0.0,1677.22,644.96,1032.26,0.6155,374.01,350.07,682.19,92.79,5000.0,2968.84,2031.16,1.72,1.16,1.46,0.1364,0-5%,644.96,1677.22,1677.22,1032.26,7,239.6,92.14,0-5%,0.0,Feb,Alpha
2023-07-31,2023,7,Jul,Alpha,Consumer,USA,16,285.59,152.07,4569.46,0.0,4569.46,2433.17,2136.29,0.4675,1038.43,994.62,1141.67,294.42,6230.15,3549.65,2680.51,1.94,1.34,1.32,0.1832,0-5%,2433.17,4569.46,4569.46,2136.29,16,285.59,152.07,0-5%,0.0,Jul,Alpha
2023-10-09,2023,10,Oct,Echo,Enterprise,Canada,4,173.72,68.53,694.86,48.64,646.22,274.11,372.11,0.5758,89.61,82.99,289.13,50.0,5000.0,2755.16,2244.84,1.16,0.79,1.23,0.0578,5-10%,274.11,694.86,646.22,372.11,4,173.72,68.53,5-10%,48.64,Oct,Echo
2025-10-18,2025,10,Oct,Flux,Consumer,India,10,80.71,37.03,807.13,56.5,750.63,370.29,380.34,0.5067,162.3,151.57,228.77,59.44,5000.0,2030.09,2969.91,2.4,1.89,0.68,0.0458,5-10%,370.29,807.13,750.63,380.34,10,80.71,37.03,5-10%,56.5,Oct,Flux
2023-09-03,2023,9,Sep,Alpha,Consumer,USA,14,249.74,124.41,3496.32,244.74,3251.58,1741.77,1509.81,0.4643,893.17,932.54,577.27,176.72,5000.0,1877.9,3122.1,1.96,1.64,0.6,0.1155,5-10%,1741.77,3496.32,3251.58,1509.81,14,249.74,124.41,5-10%,244.74,Sep,Alpha
2023-08-18,2023,8,Aug,Flux,SMB,Germany,7,271.03,122.92,1897.24,56.92,1840.32,860.42,979.9,0.5325,421.96,441.38,538.52,100.1,5000.0,2304.45,2695.55,1.79,1.19,0.85,0.1077,0-5%,860.42,1897.24,1840.32,979.9,7,271.03,122.92,0-5%,56.92,Aug,Flux
2023-07-16,2023,7,Jul,Cobalt,SMB,USA,9,247.34,114.6,2226.05,155.82,2070.22,1031.44,1038.79,0.5018,361.08,356.27,682.52,137.61,5000.0,2325.68,2674.32,2.11,1.77,0.87,0.1365,5-10%,1031.44,2226.05,2070.22,1038.79,9,247.34,114.6,5-10%,155.82,Jul,Cobalt
2025-05-05,2025,5,May,Delta,Consumer,USA,8,148.85,59.03,1190.8,35.72,1155.08,472.23,682.85,0.5912,238.07,246.0,436.84,74.61,5000.0,1808.39,3191.61,1.44,1.01,0.57,0.0874,0-5%,472.23,1190.8,1155.08,682.85,8,148.85,59.03,0-5%,35.72,May,Delta
2023-11-03,2023,11,Nov,Bravo,Consumer,USA,9,275.63,122.33,2480.71,0.0,2480.71,1101.0,1379.71,0.5562,506.48,542.05,837.67,110.69,5000.0,1787.02,3212.98,0.81,0.5,0.56,0.1675,0-5%,1101.0,2480.71,2480.71,1379.71,9,275.63,122.33,0-5%,0.0,Nov,Bravo
2025-07-16,2025,7,Jul,Flux,Consumer,India,7,216.81,84.72,1517.67,0.0,1517.67,593.02,924.65,0.6093,340.19,354.55,570.1,82.4,5000.0,2078.75,2921.25,2.43,2.01,0.71,0.114,0-5%,593.02,1517.67,1517.67,924.65,7,216.81,84.72,0-5%,0.0,Jul,Flux
2024-09-16,2024,9,Sep,Alpha,Consumer,USA,11,214.45,89.87,2358.95,0.0,2358.95,988.57,1370.38,0.5809,449.64,480.54,889.84,112.91,5000.0,2569.63,2430.37,2.05,1.55,1.06,0.178,0-5%,988.57,2358.95,2358.95,1370.38,11,214.45,89.87,0-5%,0.0,Sep,Alpha
2023-06-19,2023,6,Jun,Flux,SMB,USA,8,163.93,88.5,1311.45,157.37,1154.07,707.99,446.08,0.3865,162.31,159.23,286.86,111.93,5000.0,2326.62,2673.38,2.01,1.71,0.87,0.0574,10-20%,707.99,1311.45,1154.07,446.08,8,163.93,88.5,10-20%,157.37,Jun,Flux
2024-01-19,2024,1,Jan,Alpha,Consumer,USA,12,305.93,114.53,3671.2,110.14,3561.07,1374.31,2186.76,0.6141,613.3,592.96,1593.8,238.84,7109.61,3166.33,3943.28,1.74,1.41,0.8,0.2242,0-5%,1374.31,3671.2,3561.07,2186.76,12,305.93,114.53,0-5%,110.14,Jan,Alpha
2025-12-14,2025,12,Dec,Cobalt,Consumer,USA,6,233.97,96.14,1403.8,350.95,1052.85,576.85,475.99,0.4521,184.07,171.73,304.26,107.18,5000.0,2305.5,2694.5,2.12,1.81,0.86,0.0609,20%+,576.85,1403.8,1052.85,475.99,6,233.97,96.14,20%+,350.95,Dec,Cobalt
2024-05-10,2024,5,May,Bravo,SMB,USA,13,178.98,78.88,2326.75,69.8,2256.94,1025.48,1231.46,0.5456,368.88,386.26,845.2,213.95,5000.0,1779.77,3220.23,2.18,1.84,0.55,0.169,0-5%,1025.48,2326.75,2256.94,1231.46,13,178.98,78.88,0-5%,69.8,May,Bravo
2025-03-18,2025,3,Mar,Bravo,Consumer,Canada,5,285.26,142.73,1426.29,42.79,1383.5,713.65,669.85,0.4842,213.14,202.06,467.79,148.05,5000.0,2575.03,2424.97,1.7,1.24,1.06,0.0936,0-5%,713.65,1426.29,1383.5,669.85,5,285.26,142.73,0-5%,42.79,Mar,Bravo
2024-07-09,2024,7,Jul,Delta,Consumer,USA,9,261.49,120.16,2353.38,70.6,2282.78,1081.4,1201.38,0.5263,414.12,433.13,768.25,175.14,5000.0,2941.72,2058.28,1.75,1.43,1.43,0.1536,0-5%,1081.4,2353.38,2282.78,1201.38,9,261.49,120.16,0-5%,70.6,Jul,Delta
2025-03-08,2025,3,Mar,Cobalt,SMB,UK,9,228.37,111.48,2055.33,0.0,2055.33,1003.36,1051.97,0.5118,447.88,443.84,608.13,164.04,5000.0,2956.48,2043.52,2.44,2.21,1.45,0.1216,0-5%,1003.36,2055.33,2055.33,1051.97,9,228.37,111.48,0-5%,0.0,Mar,Cobalt
2023-04-07,2023,4,Apr,Bravo,Consumer,Canada,7,194.57,95.04,1361.99,0.0,1361.99,665.29,696.7,0.5115,306.41,313.0,383.7,87.6,5000.0,1872.35,3127.65,1.49,0.92,0.6,0.0767,0-5%,665.29,1361.99,1361.99,696.7,7,194.57,95.04,0-5%,0.0,Apr,Bravo
2024-03-22,2024,3,Mar,Alpha,Consumer,USA,7,250.87,102.58,1756.06,122.92,1633.14,718.07,915.06,0.5603,198.65,186.2,728.87,110.96,5000.0,2969.02,2030.98,1.75,1.18,1.46,0.1458,5-10%,718.07,1756.06,1633.14,915.06,7,250.87,102.58,5-10%,122.92,Mar,Alpha
2025-03-07,2025,3,Mar,Bravo,Consumer,UK,6,231.02,123.8,1386.13,0.0,1386.13,742.82,643.31,0.4641,305.03,281.72,361.6,117.18,5000.0,3047.05,1952.95,2.0,1.58,1.56,0.0723,0-5%,742.82,1386.13,1386.13,643.31,6,231.02,123.8,0-5%,0.0,Mar,Bravo
2024-02-13,2024,2,Feb,Cobalt,SMB,India,12,182.86,80.24,2194.33,65.83,2128.5,962.88,1165.62,0.5476,478.44,504.05,661.56,120.2,5000.0,2499.14,2500.86,1.86,1.48,1.0,0.1323,0-5%,962.88,2194.33,2128.5,1165.62,12,182.86,80.24,0-5%,65.83,Feb,Cobalt
2023-06-30,2023,6,Jun,Flux,Enterprise,Germany,13,313.38,144.52,4073.95,488.87,3585.08,1878.77,1706.31,0.4759,854.19,850.12,856.19,275.29,5715.98,2986.88,2729.1,2.25,2.0,1.09,0.1498,10-20%,1878.77,4073.95,3585.08,1706.31,13,313.38,144.52,10-20%,488.87,Jun,Flux
2025-03-24,2025,3,Mar,Echo,Consumer,USA,9,142.11,73.48,1279.0,0.0,1279.0,661.28,617.72,0.483,304.71,287.27,330.46,89.21,5000.0,2515.19,2484.81,1.84,1.53,1.01,0.0661,0-5%,661.28,1279.0,1279.0,617.72,9,142.11,73.48,0-5%,0.0,Mar,Echo
2025-09-04,2025,9,Sep,Cobalt,Consumer,Canada,8,215.35,105.04,1722.79,0.0,1722.79,840.32,882.47,0.5122,451.23,450.88,431.59,84.24,5000.0,1761.49,3238.51,1.48,1.11,0.54,0.0863,0-5%,840.32,1722.79,1722.79,882.47,8,215.35,105.04,0-5%,0.0,Sep,Cobalt
2024-02-05,2024,2,Feb,Delta,Enterprise,USA,4,267.08,100.88,1068.33,32.05,1036.28,403.52,632.76,0.6106,196.7,203.82,428.94,78.04,5000.0,2345.16,2654.84,1.18,0.75,0.88,0.0858,0-5%,403.52,1068.33,1036.28,632.76,4,267.08,100.88,0-5%,32.05,Feb,Delta
2025-08-17,2025,8,Aug,Delta,Consumer,USA,6,187.98,82.76,1127.86,78.95,1048.91,496.53,552.38,0.5266,237.82,219.51,332.87,102.16,5000.0,1949.36,3050.64,1.18,0.8,0.64,0.0666,5-10%,496.53,1127.86,1048.91,552.38,6,187.98,82.76,5-10%,78.95,Aug,Delta
2023-11-25,2023,11,Nov,Echo,Consumer,India,9,294.46,116.34,2650.14,79.5,2570.64,1047.06,1523.58,0.5927,311.14,319.18,1204.4,121.16,5000.0,3200.44,1799.56,1.1,0.6,1.78,0.2409,0-5%,1047.06,2650.14,2570.64,1523.58,9,294.46,116.34,0-5%,79.5,Nov,Echo
2023-05-30,2023,5,May,Echo,Enterprise,India,12,249.38,91.73,2992.6,209.48,2783.12,1100.73,1682.39,0.6045,675.78,638.4,1043.99,145.7,5679.91,3282.0,2397.92,1.44,0.98,1.37,0.1838,5-10%,1100.73,2992.6,2783.12,1682.39,12,249.38,91.73,5-10%,209.48,May,Echo
2024-12-01,2024,12,Dec,Alpha,Consumer,USA,8,172.17,70.41,1377.32,41.32,1336.0,563.24,772.76,0.5784,171.44,170.67,602.09,104.52,5000.0,2586.33,2413.67,1.39,1.01,1.07,0.1204,0-5%,563.24,1377.32,1336.0,772.76,8,172.17,70.41,0-5%,41.32,Dec,Alpha
2025-05-12,2025,5,May,Cobalt,Consumer,USA,12,133.98,50.19,1607.75,48.23,1559.52,602.31,957.2,0.6138,363.6,348.16,609.04,130.64,5000.0,1822.12,3177.88,2.24,1.66,0.57,0.1218,0-5%,602.31,1607.75,1559.52,957.2,12,133.98,50.19,0-5%,48.23,May,Cobalt
2023-07-01,2023,7,Jul,Bravo,Enterprise,USA,10,289.75,116.7,2897.48,202.82,2694.66,1167.01,1527.64,0.5669,401.69,427.97,1099.67,119.0,5000.0,2880.02,2119.98,1.96,1.44,1.36,0.2199,5-10%,1167.01,2897.48,2694.66,1527.64,10,289.75,116.7,5-10%,202.82,Jul,Bravo
2025-02-01,2025,2,Feb,Flux,Consumer,USA,8,155.1,64.84,1240.79,148.89,1091.89,518.76,573.14,0.5249,147.29,143.82,429.32,85.27,5000.0,3123.13,1876.87,1.57,1.02,1.66,0.0859,10-20%,518.76,1240.79,1091.89,573.14,8,155.1,64.84,10-20%,148.89,Feb,Flux
2023-03-18,2023,3,Mar,Echo,Consumer,USA,2,214.29,90.28,428.58,0.0,428.58,180.56,248.02,0.5787,87.71,86.02,162.0,50.0,5000.0,2212.07,2787.93,1.85,1.49,0.79,0.0324,0-5%,180.56,428.58,428.58,248.02,2,214.29,90.28,0-5%,0.0,Mar,Echo
2025-03-07,2025,3,Mar,Bravo,Consumer,USA,17,142.08,50.2,2415.44,169.08,2246.36,853.44,1392.92,0.6201,408.39,420.76,972.17,148.56,5000.0,2826.27,2173.73,1.38,0.81,1.3,0.1944,5-10%,853.44,2415.44,2246.36,1392.92,17,142.08,50.2,5-10%,169.08,Mar,Bravo
2023-01-30,2023,1,Jan,Cobalt,Consumer,India,13,262.89,143.31,3417.53,0.0,3417.53,1863.0,1554.53,0.4549,655.4,635.05,919.48,390.95,5221.98,2361.53,2860.45,2.31,1.91,0.83,0.1761,0-5%,1863.0,3417.53,3417.53,1554.53,13,262.89,143.31,0-5%,0.0,Jan,Cobalt
2024-07-02,2024,7,Jul,Flux,SMB,India,5,200.97,76.07,1004.86,120.58,884.27,380.36,503.92,0.5699,188.86,184.86,319.06,56.01,5000.0,2468.35,2531.65,2.04,1.67,0.97,0.0638,10-20%,380.36,1004.86,884.27,503.92,5,200.97,76.07,10-20%,120.58,Jul,Flux
2024-10-22,2024,10,Oct,Cobalt,Enterprise,UK,5,247.54,121.86,1237.7,0.0,1237.7,609.29,628.41,0.5077,241.48,252.72,375.69,67.65,5000.0,3239.69,1760.31,2.3,1.98,1.84,0.0751,0-5%,609.29,1237.7,1237.7,628.41,5,247.54,121.86,0-5%,0.0,Oct,Cobalt
2025-08-07,2025,8,Aug,Delta,SMB,UK,9,140.65,75.66,1265.89,316.47,949.42,680.91,268.51,0.2828,172.78,160.45,108.06,114.26,5000.0,3127.41,1872.59,1.66,1.24,1.67,0.0216,20%+,680.91,1265.89,949.42,268.51,9,140.65,75.66,20%+,316.47,Aug,Delta
2023-03-25,2023,3,Mar,Cobalt,Enterprise,USA,12,289.62,121.32,3475.42,0.0,3475.42,1455.84,2019.59,0.5811,964.83,1020.89,998.7,190.01,6166.26,3522.53,2643.73,2.0,1.47,1.33,0.162,0-5%,1455.84,3475.42,3475.42,2019.59,12,289.62,121.32,0-5%,0.0,Mar,Cobalt
2025-12-21,2025,12,Dec,Cobalt,SMB,USA,3,197.81,102.63,593.43,17.8,575.62,307.89,267.73,0.4651,142.77,131.9,135.83,50.0,5000.0,2535.83,2464.17,2.08,1.73,1.03,0.0272,0-5%,307.89,593.43,575.62,267.73,3,197.81,102.63,0-5%,17.8,Dec,Cobalt
2023-08-29,2023,8,Aug,Cobalt,Consumer,Canada,10,186.32,82.93,1863.2,130.42,1732.77,829.3,903.47,0.5214,323.87,317.23,586.24,116.8,5000.0,2351.16,2648.84,1.94,1.52,0.89,0.1172,5-10%,829.3,1863.2,1732.77,903.47,10,186.32,82.93,5-10%,130.42,Aug,Cobalt
2025-06-02,2025,6,Jun,Flux,Consumer,India,11,153.0,78.98,1682.99,420.75,1262.24,868.79,393.45,0.3117,161.05,165.23,228.22,127.45,5000.0,1954.5,3045.5,2.22,2.01,0.64,0.0456,20%+,868.79,1682.99,1262.24,393.45,11,153.0,78.98,20%+,420.75,Jun,Flux
2023-09-21,2023,9,Sep,Bravo,Consumer,India,8,195.86,97.83,1566.92,47.01,1519.91,782.65,737.26,0.4851,196.44,187.14,550.12,140.6,5000.0,2676.41,2323.59,2.14,1.69,1.15,0.11,0-5%,782.65,1566.92,1519.91,737.26,8,195.86,97.83,0-5%,47.01,Sep,Bravo
2024-11-08,2024,11,Nov,Alpha,Consumer,India,8,243.71,131.18,1949.68,233.96,1715.72,1049.42,666.3,0.3884,428.52,456.58,209.72,171.45,5000.0,1774.97,3225.03,1.65,1.43,0.55,0.0419,10-20%,1049.42,1949.68,1715.72,666.3,8,243.71,131.18,10-20%,233.96,Nov,Alpha
2025-04-25,2025,4,Apr,Flux,Consumer,USA,11,300.36,130.6,3303.99,0.0,3303.99,1436.57,1867.42,0.5652,455.61,441.08,1426.33,277.27,5000.0,2168.52,2831.48,1.64,1.23,0.77,0.2853,0-5%,1436.57,3303.99,3303.99,1867.42,11,300.36,130.6,0-5%,0.0,Apr,Flux
2024-11-15,2024,11,Nov,Delta,Enterprise,USA,6,201.11,96.55,1206.67,84.47,1122.21,579.32,542.89,0.4838,283.88,297.06,245.83,85.45,5000.0,2806.76,2193.24,2.07,1.85,1.28,0.0492,5-10%,579.32,1206.67,1122.21,542.89,6,201.11,96.55,5-10%,84.47,Nov,Delta
2025-02-01,2025,2,Feb,Cobalt,Consumer,USA,8,261.91,115.62,2095.26,146.67,1948.59,924.93,1023.66,0.5253,531.02,572.37,451.29,107.12,5000.0,2774.4,2225.6,2.05,1.5,1.25,0.0903,5-10%,924.93,2095.26,1948.59,1023.66,8,261.91,115.62,5-10%,146.67,Feb,Cobalt
2024-05-10,2024,5,May,Cobalt,Consumer,USA,11,167.07,73.84,1837.77,0.0,1837.77,812.23,1025.53,0.558,512.79,485.09,540.45,102.75,5000.0,1941.59,3058.41,2.14,1.56,0.63,0.1081,0-5%,812.23,1837.77,1837.77,1025.53,11,167.07,73.84,0-5%,0.0,May,Cobalt
2025-04-18,2025,4,Apr,Flux,Consumer,India,9,281.75,121.67,2535.77,304.29,2231.47,1095.03,1136.44,0.5093,483.35,520.96,615.49,127.62,5000.0,2307.07,2692.93,2.11,1.54,0.86,0.1231,10-20%,1095.03,2535.77,2231.47,1136.44,9,281.75,121.67,10-20%,304.29,Apr,Flux
2023-12-15,2023,12,Dec,Alpha,SMB,USA,7,318.57,166.89,2229.99,267.6,1962.39,1168.26,794.13,0.4047,278.0,296.86,497.27,168.44,5000.0,2672.22,2327.78,1.57,1.2,1.15,0.0995,10-20%,1168.26,2229.99,1962.39,794.13,7,318.57,166.89,10-20%,267.6,Dec,Alpha
2025-10-01,2025,10,Oct,Echo,Consumer,USA,13,222.35,104.86,2890.57,0.0,2890.57,1363.16,1527.41,0.5284,665.97,623.93,903.48,156.95,5000.0,2932.49,2067.51,1.6,1.1,1.42,0.1807,0-5%,1363.16,2890.57,2890.57,1527.41,13,222.35,104.86,0-5%,0.0,Oct,Echo
2025-10-22,2025,10,Oct,Bravo,Enterprise,USA,13,262.86,122.43,3417.21,102.52,3314.7,1591.58,1723.12,0.5198,787.38,752.53,970.59,306.75,6689.44,3519.34,3170.1,2.06,1.71,1.11,0.1451,0-5%,1591.58,3417.21,3314.7,1723.12,13,262.86,122.43,0-5%,102.52,Oct,Bravo
2025-11-01,2025,11,Nov,Bravo,Consumer,USA,6,219.71,104.25,1318.28,0.0,1318.28,625.48,692.81,0.5255,262.43,267.06,425.75,84.53,5000.0,2244.27,2755.73,1.64,1.37,0.81,0.0851,0-5%,625.48,1318.28,1318.28,692.81,6,219.71,104.25,0-5%,0.0,Nov,Bravo
2023-08-26,2023,8,Aug,Echo,Consumer,USA,8,283.58,143.25,2268.63,0.0,2268.63,1145.98,1122.65,0.4949,512.46,498.48,624.17,195.25,5000.0,1893.55,3106.45,1.95,1.61,0.61,0.1248,0-5%,1145.98,2268.63,2268.63,1122.65,8,283.58,143.25,0-5%,0.0,Aug,Echo
2025-02-26,2025,2,Feb,Cobalt,Consumer,USA,11,267.24,95.21,2939.68,205.78,2733.9,1047.33,1686.57,0.6169,484.73,515.82,1170.75,155.11,5000.0,2165.19,2834.81,1.9,1.69,0.76,0.2341,5-10%,1047.33,2939.68,2733.9,1686.57,11,267.24,95.21,5-10%,205.78,Feb,Cobalt
2024-12-13,2024,12,Dec,Cobalt,Enterprise,India,10,258.55,135.42,2585.46,77.56,2507.9,1354.19,1153.71,0.46,645.7,636.61,517.1,234.16,5000.0,2811.3,2188.7,2.18,1.81,1.28,0.1034,0-5%,1354.19,2585.46,2507.9,1153.71,10,258.55,135.42,0-5%,77.56,Dec,Cobalt
2024-11-18,2024,11,Nov,Delta,Consumer,USA,10,241.49,120.88,2414.94,72.45,2342.5,1208.75,1133.74,0.484,430.26,440.77,692.97,239.09,5000.0,2582.34,2417.66,1.52,1.09,1.07,0.1386,0-5%,1208.75,2414.94,2342.5,1133.74,10,241.49,120.88,0-5%,72.45,Nov,Delta
2023-05-01,2023,5,May,Alpha,Enterprise,UK,6,95.45,45.46,572.73,17.18,555.55,272.77,282.77,0.509,114.17,106.13,176.64,50.0,5000.0,2983.63,2016.37,1.63,1.35,1.48,0.0353,0-5%,272.77,572.73,555.55,282.77,6,95.45,45.46,0-5%,17.18,May,Alpha
2023-04-29,2023,4,Apr,Flux,Consumer,USA,8,218.49,77.68,1747.92,209.75,1538.17,621.41,916.76,0.596,237.46,250.44,666.33,111.27,5000.0,1993.3,3006.7,1.63,1.38,0.66,0.1333,10-20%,621.41,1747.92,1538.17,916.76,8,218.49,77.68,10-20%,209.75,Apr,Flux
2024-07-31,2024,7,Jul,Flux,Consumer,USA,7,262.27,139.33,1835.86,55.08,1780.78,975.28,805.5,0.4523,384.74,367.56,437.94,108.16,5000.0,2093.88,2906.12,1.83,1.61,0.72,0.0876,0-5%,975.28,1835.86,1780.78,805.5,7,262.27,139.33,0-5%,55.08,Jul,Flux
2025-01-12,2025,1,Jan,Delta,Consumer,Canada,10,208.58,73.62,2085.78,62.57,2023.21,736.24,1286.96,0.6361,364.71,380.35,906.61,96.91,5000.0,1952.73,3047.27,2.11,1.86,0.64,0.1813,0-5%,736.24,2085.78,2023.21,1286.96,10,208.58,73.62,0-5%,62.57,Jan,Delta
2023-04-02,2023,4,Apr,Cobalt,Enterprise,USA,8,304.55,131.96,2436.38,73.09,2363.29,1055.65,1307.63,0.5533,473.54,451.35,856.29,118.99,5000.0,2363.25,2636.75,1.54,1.12,0.9,0.1713,0-5%,1055.65,2436.38,2363.29,1307.63,8,304.55,131.96,0-5%,73.09,Apr,Cobalt
2025-09-10,2025,9,Sep,Delta,Consumer,USA,12,160.6,87.03,1927.22,231.27,1695.95,1044.39,651.56,0.3842,359.29,369.66,281.9,134.32,5000.0,2869.69,2130.31,1.83,1.28,1.35,0.0564,10-20%,1044.39,1927.22,1695.95,651.56,12,160.6,87.03,10-20%,231.27,Sep,Delta
2023-10-08,2023,10,Oct,Echo,SMB,Canada,9,407.11,159.74,3664.03,439.68,3224.35,1437.66,1786.69,0.5541,796.57,817.74,968.95,228.88,5769.98,2203.37,3566.61,2.13,1.61,0.62,0.1679,10-20%,1437.66,3664.03,3224.35,1786.69,9,407.11,159.74,10-20%,439.68,Oct,Echo
2023-05-07,2023,5,May,Alpha,Consumer,USA,5,200.78,87.57,1003.89,0.0,1003.89,437.87,566.02,0.5638,144.54,148.67,417.34,61.45,5000.0,2458.7,2541.3,1.16,0.56,0.97,0.0835,0-5%,437.87,1003.89,1003.89,566.02,5,200.78,87.57,0-5%,0.0,May,Alpha
2025-02-03,2025,2,Feb,Alpha,Consumer,India,9,300.35,144.06,2703.16,324.38,2378.78,1296.53,1082.25,0.455,557.0,581.2,501.05,163.38,5000.0,2897.15,2102.85,1.8,1.25,1.38,0.1002,10-20%,1296.53,2703.16,2378.78,1082.25,9,300.35,144.06,10-20%,324.38,Feb,Alpha
2024-05-08,2024,5,May,Echo,SMB,Canada,7,290.24,139.41,2031.68,243.8,1787.88,975.9,811.98,0.4542,482.6,502.98,309.0,107.76,5000.0,2876.88,2123.12,1.82,1.33,1.36,0.0618,10-20%,975.9,2031.68,1787.88,811.98,7,290.24,139.41,10-20%,243.8,May,Echo
2023-03-12,2023,3,Mar,Alpha,SMB,USA,8,234.18,96.18,1873.43,56.2,1817.23,769.47,1047.76,0.5766,322.02,314.72,733.04,143.09,5000.0,3014.01,1985.99,1.15,0.81,1.52,0.1466,0-5%,769.47,1873.43,1817.23,1047.76,8,234.18,96.18,0-5%,56.2,Mar,Alpha
2025-02-16,2025,2,Feb,Echo,Consumer,USA,10,269.58,138.83,2695.79,80.87,2614.92,1388.34,1226.58,0.4691,497.45,487.67,738.91,271.5,5000.0,3102.28,1897.72,1.54,1.31,1.63,0.1478,0-5%,1388.34,2695.79,2614.92,1226.58,10,269.58,138.83,0-5%,80.87,Feb,Echo
2023-05-20,2023,5,May,Cobalt,Enterprise,USA,5,283.26,114.22,1416.32,0.0,1416.32,571.09,845.22,0.5968,354.36,380.81,464.42,97.32,5000.0,2523.05,2476.95,1.59,1.11,1.02,0.0929,0-5%,571.09,1416.32,1416.32,845.22,5,283.26,114.22,0-5%,0.0,May,Cobalt
2024-11-25,2024,11,Nov,Flux,Consumer,USA,7,133.55,64.62,934.88,0.0,934.88,452.33,482.54,0.5162,198.34,202.61,279.93,97.75,5000.0,2673.35,2326.65,1.58,1.04,1.15,0.056,0-5%,452.33,934.88,934.88,482.54,7,133.55,64.62,0-5%,0.0,Nov,Flux
2023-06-15,2023,6,Jun,Cobalt,Enterprise,India,9,186.99,92.48,1682.93,50.49,1632.44,832.36,800.08,0.4901,404.63,375.5,424.58,116.2,5000.0,1936.42,3063.58,1.75,1.45,0.63,0.0849,0-5%,832.36,1682.93,1632.44,800.08,9,186.99,92.48,0-5%,50.49,Jun,Cobalt
2024-02-25,2024,2,Feb,Echo,Consumer,USA,11,183.2,89.66,2015.19,60.46,1954.73,986.26,968.47,0.4954,246.21,244.33,724.14,187.89,5000.0,2470.87,2529.13,1.6,1.02,0.98,0.1448,0-5%,986.26,2015.19,1954.73,968.47,11,183.2,89.66,0-5%,60.46,Feb,Echo
2023-07-11,2023,7,Jul,Flux,Enterprise,USA,11,233.67,101.82,2570.36,308.44,2261.91,1119.98,1141.93,0.5049,632.14,624.74,517.19,235.62,5000.0,2863.01,2136.99,2.18,1.8,1.34,0.1034,10-20%,1119.98,2570.36,2261.91,1141.93,11,233.67,101.82,10-20%,308.44,Jul,Flux
2025-06-12,2025,6,Jun,Echo,Consumer,UK,11,222.82,80.81,2450.99,0.0,2450.99,888.86,1562.14,0.6373,481.12,446.12,1116.02,112.49,5000.0,2174.38,2825.62,1.72,1.23,0.77,0.2232,0-5%,888.86,2450.99,2450.99,1562.14,11,222.82,80.81,0-5%,0.0,Jun,Echo
2025-11-13,2025,11,Nov,Bravo,Consumer,USA,6,293.78,122.06,1762.68,0.0,1762.68,732.36,1030.32,0.5845,484.47,492.58,537.75,138.7,5000.0,1935.13,3064.87,1.98,1.41,0.63,0.1075,0-5%,732.36,1762.68,1762.68,1030.32,6,293.78,122.06,0-5%,0.0,Nov,Bravo
2023-08-07,2023,8,Aug,Delta,SMB,USA,7,235.29,122.33,1647.06,197.65,1449.41,856.33,593.08,0.4092,334.31,323.55,269.53,178.26,5000.0,2624.93,2375.07,1.39,0.86,1.11,0.0539,10-20%,856.33,1647.06,1449.41,593.08,7,235.29,122.33,10-20%,197.65,Aug,Delta
2023-04-19,2023,4,Apr,Flux,Consumer,USA,9,204.76,81.14,1842.82,129.0,1713.82,730.28,983.55,0.5739,238.37,249.02,734.53,105.81,5000.0,2196.62,2803.38,1.63,1.06,0.78,0.1469,5-10%,730.28,1842.82,1713.82,983.55,9,204.76,81.14,5-10%,129.0,Apr,Flux
2023-03-27,2023,3,Mar,Delta,SMB,Germany,9,251.3,133.41,2261.68,271.4,1990.28,1200.71,789.57,0.3967,427.45,401.5,388.06,153.95,5000.0,1869.87,3130.13,2.16,1.73,0.6,0.0776,10-20%,1200.71,2261.68,1990.28,789.57,9,251.3,133.41,10-20%,271.4,Mar,Delta
2025-01-18,2025,1,Jan,Flux,Consumer,USA,12,221.33,113.19,2656.01,185.92,2470.09,1358.28,1111.81,0.4501,529.2,509.19,602.62,237.62,5000.0,2665.47,2334.53,1.63,1.4,1.14,0.1205,5-10%,1358.28,2656.01,2470.09,1111.81,12,221.33,113.19,5-10%,185.92,Jan,Flux
2025-09-08,2025,9,Sep,Echo,Enterprise,USA,9,219.15,109.91,1972.38,0.0,1972.38,989.19,983.19,0.4985,306.47,297.52,685.67,108.38,5000.0,2969.6,2030.4,1.46,1.16,1.46,0.1371,0-5%,989.19,1972.38,1972.38,983.19,9,219.15,109.91,0-5%,0.0,Sep,Echo
2024-10-13,2024,10,Oct,Bravo,Consumer,USA,10,261.5,93.84,2615.02,313.8,2301.22,938.36,1362.86,0.5922,524.28,541.74,821.12,189.59,5000.0,2749.15,2250.85,1.51,0.92,1.22,0.1642,10-20%,938.36,2615.02,2301.22,1362.86,10,261.5,93.84,10-20%,313.8,Oct,Bravo
2024-06-07,2024,6,Jun,Alpha,Enterprise,USA,8,128.76,54.38,1030.09,123.61,906.48,435.03,471.44,0.5201,179.28,188.3,283.14,62.37,5000.0,2192.04,2807.96,2.4,1.96,0.78,0.0566,10-20%,435.03,1030.09,906.48,471.44,8,128.76,54.38,10-20%,123.61,Jun,Alpha
2023-07-10,2023,7,Jul,Delta,Enterprise,USA,9,160.39,87.16,1443.51,173.22,1270.29,784.4,485.88,0.3825,200.8,208.94,276.95,135.09,5000.0,2720.18,2279.82,1.36,0.95,1.19,0.0554,10-20%,784.4,1443.51,1270.29,485.88,9,160.39,87.16,10-20%,173.22,Jul,Delta
2023-04-23,2023,4,Apr,Cobalt,SMB,Germany,8,175.05,88.49,1400.42,350.11,1050.32,707.91,342.4,0.326,188.68,190.5,151.9,121.86,5000.0,2476.14,2523.86,2.08,1.62,0.98,0.0304,20%+,707.91,1400.42,1050.32,342.4,8,175.05,88.49,20%+,350.11,Apr,Cobalt
2024-07-21,2024,7,Jul,Echo,SMB,USA,7,228.34,106.46,1598.36,191.8,1406.56,745.23,661.33,0.4702,216.45,202.72,458.6,151.85,5000.0,2531.24,2468.76,1.81,1.56,1.03,0.0917,10-20%,745.23,1598.36,1406.56,661.33,7,228.34,106.46,10-20%,191.8,Jul,Echo
2023-02-13,2023,2,Feb,Delta,Consumer,India,11,88.0,46.01,968.02,29.04,938.98,506.07,432.91,0.461,120.29,128.12,304.78,94.93,5000.0,2763.66,2236.34,1.94,1.57,1.24,0.061,0-5%,506.07,968.02,938.98,432.91,11,88.0,46.01,0-5%,29.04,Feb,Delta
2025-06-08,2025,6,Jun,Echo,Consumer,UK,11,217.26,117.68,2389.82,0.0,2389.82,1294.47,1095.35,0.4583,419.95,429.71,665.64,278.35,5000.0,1991.2,3008.8,1.15,0.86,0.66,0.1331,0-5%,1294.47,2389.82,2389.82,1095.35,11,217.26,117.68,0-5%,0.0,Jun,Echo
2024-08-24,2024,8,Aug,Echo,SMB,Canada,7,189.38,84.75,1325.64,159.08,1166.56,593.24,573.32,0.4915,206.03,215.19,358.13,123.68,5000.0,1952.99,3047.01,1.44,0.99,0.64,0.0716,10-20%,593.24,1325.64,1166.56,573.32,7,189.38,84.75,10-20%,159.08,Aug,Echo
2024-07-15,2024,7,Jul,Echo,Consumer,Germany,16,254.18,123.71,4066.93,122.01,3944.92,1979.36,1965.56,0.4983,723.9,690.94,1274.61,410.77,7012.93,4098.31,2914.61,1.81,1.24,1.41,0.1818,0-5%,1979.36,4066.93,3944.92,1965.56,16,254.18,123.71,0-5%,122.01,Jul,Echo
2025-09-25,2025,9,Sep,Bravo,Consumer,USA,9,114.99,42.29,1034.89,124.19,910.7,380.58,530.13,0.5821,127.54,135.68,394.45,67.55,5000.0,1768.68,3231.32,1.82,1.45,0.55,0.0789,10-20%,380.58,1034.89,910.7,530.13,9,114.99,42.29,10-20%,124.19,Sep,Bravo
2023-05-12,2023,5,May,Bravo,Consumer,USA,12,259.33,95.77,3111.97,217.84,2894.13,1149.19,1744.94,0.6029,725.37,769.05,975.89,182.18,5452.8,2117.8,3335.0,1.8,1.29,0.64,0.179,5-10%,1149.19,3111.97,2894.13,1744.94,12,259.33,95.77,5-10%,217.84,May,Bravo
2024-04-20,2024,4,Apr,Flux,SMB,USA,7,196.99,70.19,1378.95,96.53,1282.42,491.36,791.06,0.6169,203.11,207.91,583.15,85.34,5000.0,2841.03,2158.97,1.91,1.49,1.32,0.1166,5-10%,491.36,1378.95,1282.42,791.06,7,196.99,70.19,5-10%,96.53,Apr,Flux
2023-08-04,2023,8,Aug,Delta,Consumer,India,6,267.49,108.2,1604.95,0.0,1604.95,649.18,955.77,0.5955,195.21,200.71,755.06,127.88,5000.0,3124.46,1875.54,1.48,1.05,1.67,0.151,0-5%,649.18,1604.95,1604.95,955.77,6,267.49,108.2,0-5%,0.0,Aug,Delta
2025-02-16,2025,2,Feb,Alpha,Consumer,UK,12,214.31,105.27,2571.74,180.02,2391.72,1263.21,1128.51,0.4718,347.39,352.12,776.39,220.38,5000.0,2217.05,2782.95,1.37,1.11,0.8,0.1553,5-10%,1263.21,2571.74,2391.72,1128.51,12,214.31,105.27,5-10%,180.02,Feb,Alpha
2023-02-03,2023,2,Feb,Bravo,Consumer,Germany,13,182.23,76.9,2368.93,0.0,2368.93,999.64,1369.29,0.578,563.31,546.09,823.21,203.24,5000.0,2374.06,2625.94,2.03,1.81,0.9,0.1646,0-5%,999.64,2368.93,2368.93,1369.29,13,182.23,76.9,0-5%,0.0,Feb,Bravo
2025-10-22,2025,10,Oct,Flux,SMB,India,10,194.11,83.93,1941.08,485.27,1455.81,839.27,616.54,0.4235,184.97,192.98,423.56,118.71,5000.0,2219.8,2780.2,2.19,1.72,0.8,0.0847,20%+,839.27,1941.08,1455.81,616.54,10,194.11,83.93,20%+,485.27,Oct,Flux
2025-01-21,2025,1,Jan,Bravo,SMB,Germany,6,244.04,118.52,1464.24,366.06,1098.18,711.14,387.04,0.3524,163.33,174.1,212.94,93.83,5000.0,1824.79,3175.21,1.74,1.19,0.57,0.0426,20%+,711.14,1464.24,1098.18,387.04,6,244.04,118.52,20%+,366.06,Jan,Bravo
2024-05-08,2024,5,May,Bravo,SMB,USA,12,202.34,97.63,2428.08,72.84,2355.24,1171.62,1183.62,0.5025,367.74,392.14,791.49,196.24,5000.0,2193.38,2806.62,2.01,1.56,0.78,0.1583,0-5%,1171.62,2428.08,2355.24,1183.62,12,202.34,97.63,0-5%,72.84,May,Bravo
2025-08-05,2025,8,Aug,Delta,Consumer,India,7,243.33,104.4,1703.28,119.23,1584.05,730.78,853.28,0.5387,315.77,294.95,558.32,155.32,5000.0,2701.24,2298.76,2.04,1.72,1.18,0.1117,5-10%,730.78,1703.28,1584.05,853.28,7,243.33,104.4,5-10%,119.23,Aug,Delta
2025-08-26,2025,8,Aug,Cobalt,SMB,USA,6,138.0,71.1,827.98,0.0,827.98,426.61,401.37,0.4848,165.41,155.27,246.1,50.0,5000.0,1996.11,3003.89,2.35,1.96,0.66,0.0492,0-5%,426.61,827.98,827.98,401.37,6,138.0,71.1,0-5%,0.0,Aug,Cobalt
2023-07-06,2023,7,Jul,Echo,Consumer,USA,9,225.41,94.92,2028.73,0.0,2028.73,854.27,1174.46,0.5789,332.14,316.1,858.36,121.05,5000.0,2431.87,2568.13,1.58,1.2,0.95,0.1717,0-5%,854.27,2028.73,2028.73,1174.46,9,225.41,94.92,0-5%,0.0,Jul,Echo
2025-08-16,2025,8,Aug,Delta,Enterprise,USA,5,223.92,95.43,1119.6,134.35,985.25,477.16,508.09,0.5157,216.02,229.15,278.93,63.04,5000.0,2651.01,2348.99,1.31,1.08,1.13,0.0558,10-20%,477.16,1119.6,985.25,508.09,5,223.92,95.43,10-20%,134.35,Aug,Delta
2023-04-29,2023,4,Apr,Cobalt,Consumer,Germany,10,234.01,86.83,2340.14,163.81,2176.33,868.3,1308.04,0.601,455.69,466.17,841.87,145.1,5000.0,2424.53,2575.47,1.92,1.46,0.94,0.1684,5-10%,868.3,2340.14,2176.33,1308.04,10,234.01,86.83,5-10%,163.81,Apr,Cobalt
2023-04-15,2023,4,Apr,Bravo,SMB,Germany,10,98.99,43.22,989.94,0.0,989.94,432.17,557.77,0.5634,198.03,203.19,354.58,62.57,5000.0,2393.8,2606.2,2.04,1.74,0.92,0.0709,0-5%,432.17,989.94,989.94,557.77,10,98.99,43.22,0-5%,0.0,Apr,Bravo
2024-07-21,2024,7,Jul,Echo,Consumer,USA,7,168.43,75.85,1179.01,0.0,1179.01,530.98,648.03,0.5496,268.3,251.71,396.32,107.7,5000.0,2034.27,2965.73,1.48,1.15,0.69,0.0793,0-5%,530.98,1179.01,1179.01,648.03,7,168.43,75.85,0-5%,0.0,Jul,Echo
2024-10-15,2024,10,Oct,Bravo,Consumer,USA,11,242.26,113.74,2664.82,0.0,2664.82,1251.19,1413.63,0.5305,626.05,594.33,819.29,245.1,5172.79,3322.59,1850.19,1.98,1.45,1.8,0.1584,0-5%,1251.19,2664.82,2664.82,1413.63,11,242.26,113.74,0-5%,0.0,Oct,Bravo
2023-10-10,2023,10,Oct,Cobalt,SMB,India,14,202.68,101.86,2837.45,0.0,2837.45,1426.05,1411.4,0.4974,579.33,592.26,819.14,298.41,5524.05,2926.26,2597.79,1.76,1.43,1.13,0.1483,0-5%,1426.05,2837.45,2837.45,1411.4,14,202.68,101.86,0-5%,0.0,Oct,Cobalt
2023-11-07,2023,11,Nov,Alpha,Consumer,India,13,298.93,142.8,3886.15,272.03,3614.12,1856.36,1757.76,0.4864,933.1,860.4,897.35,401.26,7471.97,2664.54,4807.43,1.6,1.18,0.55,0.1201,5-10%,1856.36,3886.15,3614.12,1757.76,13,298.93,142.8,5-10%,272.03,Nov,Alpha
2024-05-08,2024,5,May,Cobalt,Consumer,UK,13,280.52,149.33,3646.82,255.28,3391.54,1941.35,1450.19,0.4276,710.99,708.35,741.84,228.32,6393.74,2695.28,3698.46,1.45,0.96,0.73,0.116,5-10%,1941.35,3646.82,3391.54,1450.19,13,280.52,149.33,5-10%,255.28,May,Cobalt
2023-11-18,2023,11,Nov,Cobalt,Consumer,UK,10,313.04,164.79,3130.45,93.91,3036.54,1647.92,1388.61,0.4573,552.11,542.16,846.46,347.46,6094.49,3197.81,2896.68,2.0,1.8,1.1,0.1389,0-5%,1647.92,3130.45,3036.54,1388.61,10,313.04,164.79,0-5%,93.91,Nov,Cobalt
2025-10-31,2025,10,Oct,Echo,SMB,USA,7,308.95,144.03,2162.65,0.0,2162.65,1008.22,1154.43,0.5338,567.0,530.47,623.95,176.91,5000.0,1915.2,3084.8,2.31,1.79,0.62,0.1248,0-5%,1008.22,2162.65,2162.65,1154.43,7,308.95,144.03,0-5%,0.0,Oct,Echo
2024-02-28,2024,2,Feb,Bravo,SMB,USA,11,239.31,86.37,2632.39,184.27,2448.12,950.09,1498.03,0.6119,376.69,401.49,1096.54,152.87,5000.0,3154.04,1845.96,1.97,1.67,1.71,0.2193,5-10%,950.09,2632.39,2448.12,1498.03,11,239.31,86.37,5-10%,184.27,Feb,Bravo
2023-07-29,2023,7,Jul,Echo,Consumer,USA,8,222.05,85.5,1776.43,0.0,1776.43,684.03,1092.39,0.6149,340.04,367.09,725.3,84.83,5000.0,2524.96,2475.04,1.85,1.45,1.02,0.1451,0-5%,684.03,1776.43,1776.43,1092.39,8,222.05,85.5,0-5%,0.0,Jul,Echo
2023-03-26,2023,3,Mar,Echo,Consumer,USA,6,174.27,66.33,1045.65,125.48,920.17,397.97,522.19,0.5675,231.5,247.64,274.56,75.03,5000.0,2893.58,2106.42,1.73,1.41,1.37,0.0549,10-20%,397.97,1045.65,920.17,522.19,6,174.27,66.33,10-20%,125.48,Mar,Echo
2025-11-27,2025,11,Nov,Cobalt,SMB,USA,5,216.21,110.59,1081.07,270.27,810.8,552.94,257.86,0.318,105.34,103.66,154.2,100.33,5000.0,1778.44,3221.56,1.48,1.1,0.55,0.0308,20%+,552.94,1081.07,810.8,257.86,5,216.21,110.59,20%+,270.27,Nov,Cobalt
2025-06-27,2025,6,Jun,Echo,Consumer,USA,9,199.83,77.12,1798.46,449.62,1348.85,694.08,654.76,0.4854,307.8,317.71,337.06,109.66,5000.0,2504.3,2495.7,1.86,1.3,1.0,0.0674,20%+,694.08,1798.46,1348.85,654.76,9,199.83,77.12,20%+,449.62,Jun,Echo
2024-09-03,2024,9,Sep,Flux,Consumer,Germany,8,178.1,65.97,1424.79,170.97,1253.81,527.73,726.08,0.5791,174.53,183.65,542.43,63.02,5000.0,3123.83,1876.17,1.98,1.63,1.66,0.1085,10-20%,527.73,1424.79,1253.81,726.08,8,178.1,65.97,10-20%,170.97,Sep,Flux
2025-05-10,2025,5,May,Delta,Consumer,USA,10,73.62,31.37,736.23,0.0,736.23,313.71,422.52,0.5739,89.32,96.35,326.17,50.0,5000.0,2558.7,2441.3,1.95,1.52,1.05,0.0652,0-5%,313.71,736.23,736.23,422.52,10,73.62,31.37,0-5%,0.0,May,Delta
2023-04-03,2023,4,Apr,Bravo,Consumer,India,9,235.19,115.99,2116.73,0.0,2116.73,1043.9,1072.83,0.5068,569.61,610.36,462.47,205.88,5000.0,2423.97,2576.03,2.04,1.69,0.94,0.0925,0-5%,1043.9,2116.73,2116.73,1072.83,9,235.19,115.99,0-5%,0.0,Apr,Bravo
2025-06-23,2025,6,Jun,Flux,Consumer,India,10,127.06,55.28,1270.59,0.0,1270.59,552.84,717.75,0.5649,156.42,168.06,549.69,119.57,5000.0,3063.72,1936.28,1.37,0.79,1.58,0.1099,0-5%,552.84,1270.59,1270.59,717.75,10,127.06,55.28,0-5%,0.0,Jun,Flux
2023-10-16,2023,10,Oct,Alpha,SMB,USA,5,201.61,90.85,1008.07,70.57,937.51,454.25,483.26,0.5155,157.72,165.31,317.95,92.86,5000.0,2269.49,2730.51,1.69,1.23,0.83,0.0636,5-10%,454.25,1008.07,937.51,483.26,5,201.61,90.85,5-10%,70.57,Oct,Alpha
2023-05-30,2023,5,May,Bravo,Consumer,USA,13,148.23,69.74,1926.97,0.0,1926.97,906.61,1020.36,0.5295,391.66,399.81,620.55,170.28,5000.0,2839.34,2160.66,2.12,1.75,1.31,0.1241,0-5%,906.61,1926.97,1926.97,1020.36,13,148.23,69.74,0-5%,0.0,May,Bravo
2025-09-16,2025,9,Sep,Bravo,Consumer,Canada,9,287.72,127.71,2589.44,0.0,2589.44,1149.39,1440.06,0.5561,579.11,592.47,847.59,182.38,5000.0,1910.44,3089.56,1.86,1.27,0.62,0.1695,0-5%,1149.39,2589.44,2589.44,1440.06,9,287.72,127.71,0-5%,0.0,Sep,Bravo
2025-04-30,2025,4,Apr,Bravo,Consumer,Canada,10,232.1,119.23,2320.99,0.0,2320.99,1192.31,1128.68,0.4863,645.2,685.92,442.75,153.86,5000.0,2638.53,2361.47,1.72,1.5,1.12,0.0886,0-5%,1192.31,2320.99,2320.99,1128.68,10,232.1,119.23,0-5%,0.0,Apr,Bravo
2023-05-30,2023,5,May,Alpha,SMB,USA,7,290.03,120.99,2030.2,0.0,2030.2,846.92,1183.28,0.5828,518.8,527.38,655.9,176.81,5000.0,2606.66,2393.34,1.43,1.06,1.09,0.1312,0-5%,846.92,2030.2,2030.2,1183.28,7,290.03,120.99,0-5%,0.0,May,Alpha
2025-01-07,2025,1,Jan,Cobalt,Consumer,USA,8,173.7,88.82,1389.57,0.0,1389.57,710.56,679.01,0.4886,192.01,206.83,472.18,73.18,5000.0,3013.8,1986.2,1.7,1.49,1.52,0.0944,0-5%,710.56,1389.57,1389.57,679.01,8,173.7,88.82,0-5%,0.0,Jan,Cobalt
2025-11-06,2025,11,Nov,Delta,SMB,USA,4,278.3,142.45,1113.19,0.0,1113.19,569.79,543.4,0.4881,290.33,272.84,270.56,64.53,5000.0,1816.71,3183.29,1.31,0.9,0.57,0.0541,0-5%,569.79,1113.19,1113.19,543.4,4,278.3,142.45,0-5%,0.0,Nov,Delta
2025-02-05,2025,2,Feb,Echo,Consumer,USA,11,198.18,83.05,2180.02,65.4,2114.62,913.51,1201.11,0.568,330.94,305.97,895.14,126.29,5000.0,2695.76,2304.24,1.39,0.95,1.17,0.179,0-5%,913.51,2180.02,2114.62,1201.11,11,198.18,83.05,0-5%,65.4,Feb,Echo
2023-02-07,2023,2,Feb,Bravo,Consumer,Germany,10,193.27,71.79,1932.71,135.29,1797.42,717.91,1079.51,0.6006,373.47,377.7,701.81,72.5,5000.0,1895.48,3104.52,2.46,1.87,0.61,0.1404,5-10%,717.91,1932.71,1797.42,1079.51,10,193.27,71.79,5-10%,135.29,Feb,Bravo
2024-08-02,2024,8,Aug,Echo,Consumer,USA,10,277.44,98.08,2774.4,83.23,2691.17,980.84,1710.33,0.6355,534.59,573.46,1136.87,177.79,5000.0,1766.84,3233.16,1.73,1.39,0.55,0.2274,0-5%,980.84,2774.4,2691.17,1710.33,10,277.44,98.08,0-5%,83.23,Aug,Echo
2025-12-08,2025,12,Dec,Flux,Consumer,USA,7,184.8,81.14,1293.62,90.55,1203.07,567.96,635.11,0.5279,332.95,344.11,291.0,64.52,5000.0,2380.42,2619.58,1.17,0.77,0.91,0.0582,5-10%,567.96,1293.62,1203.07,635.11,7,184.8,81.14,5-10%,90.55,Dec,Flux
2025-07-17,2025,7,Jul,Echo,Consumer,India,2,215.24,108.2,430.47,30.13,400.34,216.41,183.93,0.4594,70.53,71.73,112.2,50.0,5000.0,2619.51,2380.49,2.1,1.62,1.1,0.0224,5-10%,216.41,430.47,400.34,183.93,2,215.24,108.2,5-10%,30.13,Jul,Echo
2025-02-11,2025,2,Feb,Echo,SMB,India,9,153.4,59.01,1380.6,0.0,1380.6,531.11,849.5,0.6153,328.47,321.97,527.52,87.27,5000.0,2280.78,2719.22,0.93,0.68,0.84,0.1055,0-5%,531.11,1380.6,1380.6,849.5,9,153.4,59.01,0-5%,0.0,Feb,Echo
2024-05-05,2024,5,May,Delta,Enterprise,Canada,8,259.89,103.48,2079.09,249.49,1829.6,827.86,1001.75,0.5475,233.25,243.1,758.64,166.96,5000.0,2089.46,2910.54,2.08,1.62,0.72,0.1517,10-20%,827.86,2079.09,1829.6,1001.75,8,259.89,103.48,10-20%,249.49,May,Delta
2024-07-15,2024,7,Jul,Bravo,Consumer,India,6,166.07,75.1,996.42,69.75,926.67,450.58,476.09,0.5138,242.84,248.62,227.47,95.67,5000.0,2017.41,2982.59,1.75,1.33,0.68,0.0455,5-10%,450.58,996.42,926.67,476.09,6,166.07,75.1,5-10%,69.75,Jul,Bravo
2025-10-19,2025,10,Oct,Alpha,Consumer,Germany,6,254.21,116.98,1525.26,0.0,1525.26,701.89,823.36,0.5398,267.63,266.64,556.72,94.67,5000.0,2009.13,2990.87,2.29,2.05,0.67,0.1113,0-5%,701.89,1525.26,1525.26,823.36,6,254.21,116.98,0-5%,0.0,Oct,Alpha
2023-07-23,2023,7,Jul,Flux,Enterprise,USA,9,213.63,97.74,1922.68,57.68,1865.0,879.67,985.33,0.5283,267.77,250.26,735.07,100.13,5000.0,1913.73,3086.27,1.24,0.84,0.62,0.147,0-5%,879.67,1922.68,1865.0,985.33,9,213.63,97.74,0-5%,57.68,Jul,Flux
2024-07-24,2024,7,Jul,Cobalt,SMB,USA,10,219.82,94.12,2198.22,0.0,2198.22,941.15,1257.07,0.5719,410.17,386.92,870.15,163.84,5000.0,2104.57,2895.43,2.09,1.88,0.73,0.174,0-5%,941.15,2198.22,2198.22,1257.07,10,219.82,94.12,0-5%,0.0,Jul,Cobalt
2025-04-03,2025,4,Apr,Delta,SMB,USA,6,132.43,63.65,794.57,95.35,699.22,381.88,317.34,0.4538,94.0,101.37,215.97,57.59,5000.0,2604.13,2395.87,2.24,2.03,1.09,0.0432,10-20%,381.88,794.57,699.22,317.34,6,132.43,63.65,10-20%,95.35,Apr,Delta
2025-08-22,2025,8,Aug,Flux,Consumer,USA,3,210.0,115.05,630.01,0.0,630.01,345.16,284.86,0.4521,122.66,122.59,162.26,73.89,5000.0,3204.73,1795.27,1.39,1.1,1.79,0.0325,0-5%,345.16,630.01,630.01,284.86,3,210.0,115.05,0-5%,0.0,Aug,Flux
2024-11-28,2024,11,Nov,Delta,SMB,USA,10,166.41,69.7,1664.12,49.92,1614.2,696.99,917.21,0.5682,239.13,236.34,680.87,139.77,5000.0,2687.03,2312.97,2.11,1.65,1.16,0.1362,0-5%,696.99,1664.12,1614.2,917.21,10,166.41,69.7,0-5%,49.92,Nov,Delta
2023-06-07,2023,6,Jun,Bravo,Consumer,Germany,12,150.51,78.39,1806.11,0.0,1806.11,940.62,865.49,0.4792,313.92,289.11,576.38,110.76,5000.0,2421.95,2578.05,1.99,1.44,0.94,0.1153,0-5%,940.62,1806.11,1806.11,865.49,12,150.51,78.39,0-5%,0.0,Jun,Bravo
2023-09-06,2023,9,Sep,Echo,Consumer,Germany,11,243.76,125.04,2681.36,187.69,2493.66,1375.4,1118.26,0.4484,574.59,594.44,523.81,251.14,5000.0,2169.51,2830.49,2.03,1.44,0.77,0.1048,5-10%,1375.4,2681.36,2493.66,1118.26,11,243.76,125.04,5-10%,187.69,Sep,Echo
2025-07-20,2025,7,Jul,Alpha,Consumer,USA,13,217.7,83.81,2830.16,84.9,2745.26,1089.58,1655.68,0.6031,592.06,558.94,1096.74,153.94,5000.0,1843.08,3156.92,1.54,1.3,0.58,0.2193,0-5%,1089.58,2830.16,2745.26,1655.68,13,217.7,83.81,0-5%,84.9,Jul,Alpha
2023-01-31,2023,1,Jan,Flux,Consumer,USA,8,156.7,56.8,1253.59,87.75,1165.84,454.42,711.42,0.6102,278.43,288.75,422.67,76.38,5000.0,2914.62,2085.38,1.26,0.79,1.4,0.0845,5-10%,454.42,1253.59,1165.84,711.42,8,156.7,56.8,5-10%,87.75,Jan,Flux
2023-06-10,2023,6,Jun,Bravo,Enterprise,USA,4,258.62,142.12,1034.49,124.14,910.36,568.48,341.88,0.3755,233.1,218.88,122.99,115.98,5000.0,2386.02,2613.98,2.41,1.97,0.91,0.0246,10-20%,568.48,1034.49,910.36,341.88,4,258.62,142.12,10-20%,124.14,Jun,Bravo
2025-12-20,2025,12,Dec,Flux,SMB,Canada,16,218.51,92.88,3496.13,419.54,3076.59,1486.08,1590.51,0.517,624.74,664.99,925.52,174.09,5148.43,2606.4,2542.03,0.8,0.5,1.03,0.1798,10-20%,1486.08,3496.13,3076.59,1590.51,16,218.51,92.88,10-20%,419.54,Dec,Flux
2023-06-12,2023,6,Jun,Bravo,SMB,India,3,210.54,98.57,631.63,18.95,612.68,295.72,316.97,0.5173,78.89,79.44,237.53,60.82,5000.0,2646.4,2353.6,1.91,1.55,1.12,0.0475,0-5%,295.72,631.63,612.68,316.97,3,210.54,98.57,0-5%,18.95,Jun,Bravo
2023-04-14,2023,4,Apr,Alpha,Enterprise,USA,10,245.25,116.59,2452.46,171.67,2280.79,1165.91,1114.88,0.4888,441.56,420.62,694.26,184.43,5000.0,3062.39,1937.61,1.82,1.36,1.58,0.1389,5-10%,1165.91,2452.46,2280.79,1114.88,10,245.25,116.59,5-10%,171.67,Apr,Alpha
2023-12-31,2023,12,Dec,Alpha,Consumer,USA,10,282.84,144.75,2828.44,84.85,2743.59,1447.54,1296.05,0.4724,759.33,707.1,588.94,299.85,5315.68,2016.39,3299.29,1.47,1.2,0.61,0.1108,0-5%,1447.54,2828.44,2743.59,1296.05,10,282.84,144.75,0-5%,84.85,Dec,Alpha
2024-03-12,2024,3,Mar,Flux,SMB,Canada,16,143.46,71.24,2295.42,0.0,2295.42,1139.86,1155.57,0.5034,371.84,359.87,795.7,191.39,5000.0,3044.8,1955.2,2.03,1.44,1.56,0.1591,0-5%,1139.86,2295.42,2295.42,1155.57,16,143.46,71.24,0-5%,0.0,Mar,Flux
2023-10-22,2023,10,Oct,Bravo,SMB,USA,4,317.77,151.05,1271.09,0.0,1271.09,604.21,666.88,0.5246,239.58,252.68,414.2,89.58,5000.0,2406.43,2593.57,1.74,1.29,0.93,0.0828,0-5%,604.21,1271.09,1271.09,666.88,4,317.77,151.05,0-5%,0.0,Oct,Bravo
2025-11-12,2025,11,Nov,Flux,Consumer,Canada,11,298.8,141.89,3286.84,98.61,3188.23,1560.77,1627.46,0.5105,546.97,524.89,1102.56,261.38,5426.04,2933.15,2492.9,1.69,1.27,1.18,0.2032,0-5%,1560.77,3286.84,3188.23,1627.46,11,298.8,141.89,0-5%,98.61,Nov,Flux
2025-04-02,2025,4,Apr,Echo,Consumer,Canada,9,317.65,142.46,2858.84,343.06,2515.78,1282.17,1233.61,0.4903,372.37,387.51,846.1,226.25,5000.0,2872.87,2127.13,0.93,0.71,1.35,0.1692,10-20%,1282.17,2858.84,2515.78,1233.61,9,317.65,142.46,10-20%,343.06,Apr,Echo
2024-04-08,2024,4,Apr,Echo,Enterprise,USA,7,197.3,94.3,1381.08,41.43,1339.64,660.13,679.52,0.5072,198.87,200.19,479.33,100.48,5000.0,2587.82,2412.18,1.39,1.1,1.07,0.0959,0-5%,660.13,1381.08,1339.64,679.52,7,197.3,94.3,0-5%,41.43,Apr,Echo
2025-03-07,2025,3,Mar,Alpha,SMB,USA,15,216.33,89.64,3244.92,97.35,3147.57,1344.61,1802.96,0.5728,762.12,722.48,1080.47,181.79,5375.08,3361.78,2013.3,1.87,1.43,1.67,0.201,0-5%,1344.61,3244.92,3147.57,1802.96,15,216.33,89.64,0-5%,97.35,Mar,Alpha
2025-01-11,2025,1,Jan,Delta,Enterprise,USA,12,335.73,137.36,4028.72,282.01,3746.71,1648.29,2098.42,0.5601,752.02,761.74,1336.69,271.75,7713.84,4934.09,2779.75,2.21,1.94,1.78,0.1733,5-10%,1648.29,4028.72,3746.71,2098.42,12,335.73,137.36,5-10%,282.01,Jan,Delta
2023-06-11,2023,6,Jun,Cobalt,Consumer,India,8,228.44,94.98,1827.55,0.0,1827.55,759.8,1067.74,0.5842,259.5,251.8,815.94,165.11,5000.0,3191.17,1808.83,1.5,1.18,1.76,0.1632,0-5%,759.8,1827.55,1827.55,1067.74,8,228.44,94.98,0-5%,0.0,Jun,Cobalt
2024-12-18,2024,12,Dec,Delta,Enterprise,Germany,15,101.04,49.31,1515.6,45.47,1470.13,739.6,730.53,0.4969,222.43,210.47,520.07,142.6,5000.0,3147.86,1852.14,1.37,0.86,1.7,0.104,0-5%,739.6,1515.6,1470.13,730.53,15,101.04,49.31,0-5%,45.47,Dec,Delta
2023-11-05,2023,11,Nov,Bravo,SMB,UK,10,230.94,87.2,2309.43,277.13,2032.3,872.01,1160.28,0.5709,293.59,270.3,889.98,135.87,5000.0,2257.15,2742.85,2.24,1.8,0.82,0.178,10-20%,872.01,2309.43,2032.3,1160.28,10,230.94,87.2,10-20%,277.13,Nov,Bravo
2024-08-15,2024,8,Aug,Bravo,SMB,India,11,307.12,127.52,3378.35,0.0,3378.35,1402.76,1975.6,0.5848,552.81,578.33,1397.27,273.34,6384.97,3587.19,2797.78,1.59,1.25,1.28,0.2188,0-5%,1402.76,3378.35,3378.35,1975.6,11,307.12,127.52,0-5%,0.0,Aug,Bravo
2024-08-22,2024,8,Aug,Bravo,Enterprise,USA,8,172.26,62.88,1378.11,344.53,1033.58,503.04,530.55,0.5133,282.41,284.95,245.6,99.55,5000.0,2484.81,2515.19,1.4,1.04,0.99,0.0491,20%+,503.04,1378.11,1033.58,530.55,8,172.26,62.88,20%+,344.53,Aug,Bravo
2024-09-05,2024,9,Sep,Cobalt,Consumer,India,9,94.1,35.14,846.9,101.63,745.27,316.29,428.98,0.5756,119.93,122.54,306.44,50.0,5000.0,2974.82,2025.18,1.74,1.38,1.47,0.0613,10-20%,316.29,846.9,745.27,428.98,9,94.1,35.14,10-20%,101.63,Sep,Cobalt
2023-06-11,2023,6,Jun,Delta,Consumer,India,12,236.36,91.36,2836.33,85.09,2751.24,1096.36,1654.88,0.6015,569.5,547.39,1107.49,115.02,5000.0,3105.72,1894.28,1.29,0.86,1.64,0.2215,0-5%,1096.36,2836.33,2751.24,1654.88,12,236.36,91.36,0-5%,85.09,Jun,Delta
2023-07-17,2023,7,Jul,Delta,Consumer,USA,7,183.5,90.25,1284.52,0.0,1284.52,631.75,652.77,0.5082,236.31,254.95,397.83,112.55,5000.0,1948.84,3051.16,1.43,1.01,0.64,0.0796,0-5%,631.75,1284.52,1284.52,652.77,7,183.5,90.25,0-5%,0.0,Jul,Delta
2025-06-09,2025,6,Jun,Flux,Consumer,Germany,6,217.06,110.05,1302.36,325.59,976.77,660.32,316.44,0.324,130.73,128.62,187.83,133.24,5000.0,2339.23,2660.77,2.03,1.47,0.88,0.0376,20%+,660.32,1302.36,976.77,316.44,6,217.06,110.05,20%+,325.59,Jun,Flux
2025-01-01,2025,1,Jan,Bravo,Enterprise,USA,6,234.45,90.93,1406.68,98.47,1308.21,545.58,762.63,0.583,360.17,342.22,420.41,74.13,5000.0,2641.81,2358.19,2.16,1.76,1.12,0.0841,5-10%,545.58,1406.68,1308.21,762.63,6,234.45,90.93,5-10%,98.47,Jan,Bravo
2023-03-30,2023,3,Mar,Echo,SMB,USA,7,193.65,84.53,1355.57,94.89,1260.68,591.69,668.99,0.5307,195.4,190.9,478.09,115.64,5000.0,2525.22,2474.78,2.31,1.96,1.02,0.0956,5-10%,591.69,1355.57,1260.68,668.99,7,193.65,84.53,5-10%,94.89,Mar,Echo
2025-04-09,2025,4,Apr,Delta,Consumer,Canada,13,178.16,65.96,2316.04,0.0,2316.04,857.47,1458.57,0.6298,382.12,373.29,1085.28,156.02,5000.0,2251.91,2748.09,2.24,1.79,0.82,0.2171,0-5%,857.47,2316.04,2316.04,1458.57,13,178.16,65.96,0-5%,0.0,Apr,Delta
2024-07-27,2024,7,Jul,Flux,Consumer,USA,13,265.69,130.62,3454.03,0.0,3454.03,1698.1,1755.93,0.5084,420.2,393.55,1362.38,286.9,5723.99,2931.72,2792.27,1.95,1.57,1.05,0.238,0-5%,1698.1,3454.03,3454.03,1755.93,13,265.69,130.62,0-5%,0.0,Jul,Flux
2024-03-28,2024,3,Mar,Cobalt,SMB,UK,11,246.69,100.49,2713.55,81.41,2632.15,1105.34,1526.8,0.5801,608.84,627.84,898.97,206.13,5000.0,1902.66,3097.34,1.49,1.02,0.61,0.1798,0-5%,1105.34,2713.55,2632.15,1526.8,11,246.69,100.49,0-5%,81.41,Mar,Cobalt
2023-08-12,2023,8,Aug,Cobalt,Consumer,India,6,275.19,113.81,1651.14,0.0,1651.14,682.85,968.29,0.5864,238.94,241.05,727.24,113.48,5000.0,2159.66,2840.34,1.54,1.33,0.76,0.1454,0-5%,682.85,1651.14,1651.14,968.29,6,275.19,113.81,0-5%,0.0,Aug,Cobalt
2024-07-14,2024,7,Jul,Cobalt,SMB,USA,10,192.29,73.24,1922.9,57.69,1865.21,732.41,1132.8,0.6073,477.64,473.09,659.71,88.52,5000.0,2048.35,2951.65,2.11,1.7,0.69,0.1319,0-5%,732.41,1922.9,1865.21,1132.8,10,192.29,73.24,0-5%,57.69,Jul,Cobalt
2025-09-27,2025,9,Sep,Bravo,SMB,USA,10,217.32,113.69,2173.15,65.19,2107.96,1136.92,971.04,0.4607,550.44,550.45,420.59,176.95,5000.0,1835.32,3164.68,1.87,1.63,0.58,0.0841,0-5%,1136.92,2173.15,2107.96,971.04,10,217.32,113.69,0-5%,65.19,Sep,Bravo
2023-10-14,2023,10,Oct,Bravo,Consumer,USA,10,240.99,90.63,2409.92,168.69,2241.22,906.25,1334.97,0.5956,524.91,494.67,840.3,169.17,5000.0,3215.5,1784.5,2.06,1.49,1.8,0.1681,5-10%,906.25,2409.92,2241.22,1334.97,10,240.99,90.63,5-10%,168.69,Oct,Bravo
2023-05-19,2023,5,May,Alpha,SMB,USA,8,164.43,72.59,1315.42,0.0,1315.42,580.74,734.68,0.5585,174.93,185.92,548.76,85.96,5000.0,1928.4,3071.6,1.99,1.75,0.63,0.1098,0-5%,580.74,1315.42,1315.42,734.68,8,164.43,72.59,0-5%,0.0,May,Alpha
2025-05-25,2025,5,May,Bravo,Consumer,USA,5,267.35,137.77,1336.77,40.1,1296.67,688.84,607.82,0.4688,297.73,281.4,326.42,146.97,5000.0,2287.83,2712.17,1.88,1.37,0.84,0.0653,0-5%,688.84,1336.77,1296.67,607.82,5,267.35,137.77,0-5%,40.1,May,Bravo
2023-11-17,2023,11,Nov,Alpha,Consumer,USA,6,195.88,100.35,1175.3,0.0,1175.3,602.13,573.18,0.4877,176.24,173.6,399.58,92.31,5000.0,2567.66,2432.34,1.61,1.27,1.06,0.0799,0-5%,602.13,1175.3,1175.3,573.18,6,195.88,100.35,0-5%,0.0,Nov,Alpha
2025-01-25,2025,1,Jan,Echo,SMB,USA,5,281.17,143.75,1405.85,351.46,1054.39,718.74,335.64,0.3183,173.76,173.75,161.89,103.04,5000.0,2086.5,2913.5,2.35,2.07,0.72,0.0324,20%+,718.74,1405.85,1054.39,335.64,5,281.17,143.75,20%+,351.46,Jan,Echo
2023-11-25,2023,11,Nov,Cobalt,Consumer,India,14,162.63,69.06,2276.8,0.0,2276.8,966.8,1310.0,0.5754,359.55,350.9,959.11,159.54,5000.0,3196.92,1803.08,2.28,1.99,1.77,0.1918,0-5%,966.8,2276.8,2276.8,1310.0,14,162.63,69.06,0-5%,0.0,Nov,Cobalt
2023-02-21,2023,2,Feb,Alpha,Enterprise,USA,11,285.18,147.61,3136.94,219.59,2917.35,1623.66,1293.7,0.4434,371.79,376.0,917.69,262.96,5000.0,2516.1,2483.9,1.81,1.48,1.01,0.1835,5-10%,1623.66,3136.94,2917.35,1293.7,11,285.18,147.61,5-10%,219.59,Feb,Alpha
2025-08-19,2025,8,Aug,Echo,SMB,India,9,261.25,109.3,2351.27,70.54,2280.73,983.69,1297.05,0.5687,306.32,289.44,1007.61,198.09,5000.0,3134.01,1865.99,1.41,0.86,1.68,0.2015,0-5%,983.69,2351.27,2280.73,1297.05,9,261.25,109.3,0-5%,70.54,Aug,Echo
2025-06-13,2025,6,Jun,Delta,Consumer,USA,14,238.63,108.83,3340.79,100.22,3240.56,1523.65,1716.91,0.5298,724.14,675.15,1041.76,171.27,5503.78,2977.64,2526.14,2.13,1.9,1.18,0.1893,0-5%,1523.65,3340.79,3240.56,1716.91,14,238.63,108.83,0-5%,100.22,Jun,Delta
2023-10-19,2023,10,Oct,Echo,SMB,USA,10,234.63,122.17,2346.31,0.0,2346.31,1221.67,1124.64,0.4793,466.77,494.83,629.82,166.84,5000.0,1911.8,3088.2,1.5,1.11,0.62,0.126,0-5%,1221.67,2346.31,2346.31,1124.64,10,234.63,122.17,0-5%,0.0,Oct,Echo
2025-05-27,2025,5,May,Alpha,Enterprise,Canada,16,267.05,137.28,4272.73,128.18,4144.55,2196.49,1948.05,0.47,747.35,778.37,1169.68,458.48,7546.9,4623.08,2923.83,1.67,1.1,1.58,0.155,0-5%,2196.49,4272.73,4144.55,1948.05,16,267.05,137.28,0-5%,128.18,May,Alpha
2024-02-09,2024,2,Feb,Cobalt,SMB,USA,4,192.49,103.57,769.96,0.0,769.96,414.26,355.7,0.462,177.23,186.19,169.5,58.91,5000.0,1752.96,3247.04,1.26,0.91,0.54,0.0339,0-5%,414.26,769.96,769.96,355.7,4,192.49,103.57,0-5%,0.0,Feb,Cobalt
2023-10-28,2023,10,Oct,Cobalt,Consumer,India,9,243.91,116.96,2195.15,263.42,1931.73,1052.62,879.11,0.4551,332.68,347.29,531.82,202.48,5000.0,1964.98,3035.02,2.4,2.06,0.65,0.1064,10-20%,1052.62,2195.15,1931.73,879.11,9,243.91,116.96,10-20%,263.42,Oct,Cobalt
2024-09-10,2024,9,Sep,Cobalt,SMB,USA,5,290.7,159.57,1453.5,0.0,1453.5,797.86,655.64,0.4511,294.61,314.66,340.98,139.84,5000.0,2883.59,2116.41,1.47,1.02,1.36,0.0682,0-5%,797.86,1453.5,1453.5,655.64,5,290.7,159.57,0-5%,0.0,Sep,Cobalt
2025-10-11,2025,10,Oct,Alpha,SMB,India,11,172.92,79.66,1902.17,57.07,1845.11,876.29,968.82,0.5251,375.44,373.69,595.12,139.9,5000.0,2002.28,2997.72,2.1,1.56,0.67,0.119,0-5%,876.29,1902.17,1845.11,968.82,11,172.92,79.66,0-5%,57.07,Oct,Alpha
2025-03-06,2025,3,Mar,Echo,SMB,USA,6,184.21,90.6,1105.28,0.0,1105.28,543.61,561.67,0.5082,248.2,260.28,301.39,112.94,5000.0,2642.09,2357.91,1.83,1.29,1.12,0.0603,0-5%,543.61,1105.28,1105.28,561.67,6,184.21,90.6,0-5%,0.0,Mar,Echo
2024-08-07,2024,8,Aug,Flux,SMB,USA,13,241.18,118.85,3135.29,0.0,3135.29,1545.09,1590.2,0.5072,845.97,879.85,710.35,219.99,5000.0,3152.63,1847.37,1.39,1.01,1.71,0.1421,0-5%,1545.09,3135.29,3135.29,1590.2,13,241.18,118.85,0-5%,0.0,Aug,Flux
2025-04-26,2025,4,Apr,Cobalt,Enterprise,USA,7,96.79,40.67,677.55,47.43,630.12,284.68,345.44,0.5482,172.97,160.4,185.04,50.0,5000.0,2270.61,2729.39,1.43,0.86,0.83,0.037,5-10%,284.68,677.55,630.12,345.44,7,96.79,40.67,5-10%,47.43,Apr,Cobalt
2023-03-01,2023,3,Mar,Alpha,Consumer,USA,9,256.49,137.59,2308.43,577.11,1731.33,1238.32,493.01,0.2848,253.99,243.73,249.28,248.92,5000.0,3240.94,1759.06,1.84,1.31,1.84,0.0499,20%+,1238.32,2308.43,1731.33,493.01,9,256.49,137.59,20%+,577.11,Mar,Alpha
2023-02-16,2023,2,Feb,Echo,Consumer,Germany,7,275.96,136.28,1931.7,135.22,1796.48,953.97,842.51,0.469,297.67,277.45,565.06,125.31,5000.0,2419.14,2580.86,1.83,1.44,0.94,0.113,5-10%,953.97,1931.7,1796.48,842.51,7,275.96,136.28,5-10%,135.22,Feb,Echo
2025-02-27,2025,2,Feb,Delta,SMB,USA,9,249.3,111.23,2243.72,0.0,2243.72,1001.08,1242.64,0.5538,390.91,382.91,859.74,191.4,5000.0,1930.36,3069.64,1.86,1.43,0.63,0.1719,0-5%,1001.08,2243.72,2243.72,1242.64,9,249.3,111.23,0-5%,0.0,Feb,Delta
2023-01-03,2023,1,Jan,Delta,Enterprise,USA,13,233.34,120.24,3033.43,0.0,3033.43,1563.11,1470.33,0.4847,601.37,584.65,885.67,240.83,5000.0,3183.31,1816.69,0.82,0.61,1.75,0.1771,0-5%,1563.11,3033.43,3033.43,1470.33,13,233.34,120.24,0-5%,0.0,Jan,Delta
2024-07-04,2024,7,Jul,Alpha,SMB,USA,13,304.15,135.13,3953.96,0.0,3953.96,1756.7,2197.27,0.5557,500.66,505.86,1691.41,239.97,7582.49,3806.17,3776.32,1.23,0.69,1.01,0.2231,0-5%,1756.7,3953.96,3953.96,2197.27,13,304.15,135.13,0-5%,0.0,Jul,Alpha
2023-11-12,2023,11,Nov,Flux,SMB,USA,12,242.19,91.29,2906.24,87.19,2819.05,1095.49,1723.57,0.6114,681.96,722.88,1000.68,185.21,5000.0,2902.55,2097.45,2.15,1.77,1.38,0.2001,0-5%,1095.49,2906.24,2819.05,1723.57,12,242.19,91.29,0-5%,87.19,Nov,Flux
2025-11-16,2025,11,Nov,Echo,Consumer,USA,13,177.51,80.74,2307.67,576.92,1730.75,1049.66,681.09,0.3935,453.68,469.76,211.34,158.27,5000.0,2070.57,2929.43,1.99,1.78,0.71,0.0423,20%+,1049.66,2307.67,1730.75,681.09,13,177.51,80.74,20%+,576.92,Nov,Echo
2024-04-19,2024,4,Apr,Alpha,Consumer,USA,10,268.66,144.17,2686.63,671.66,2014.98,1441.71,573.27,0.2845,429.58,411.54,161.73,311.49,5000.0,2091.6,2908.4,1.78,1.38,0.72,0.0323,20%+,1441.71,2686.63,2014.98,573.27,10,268.66,144.17,20%+,671.66,Apr,Alpha
2024-04-29,2024,4,Apr,Cobalt,SMB,USA,9,281.86,137.62,2536.73,76.1,2460.63,1238.57,1222.06,0.4966,354.94,343.23,878.83,190.43,5000.0,2472.02,2527.98,2.26,1.96,0.98,0.1758,0-5%,1238.57,2536.73,2460.63,1222.06,9,281.86,137.62,0-5%,76.1,Apr,Cobalt
2024-11-10,2024,11,Nov,Alpha,Consumer,USA,7,290.55,146.51,2033.86,508.46,1525.39,1025.56,499.83,0.3277,251.06,254.88,244.96,115.35,5000.0,2732.33,2267.67,1.7,1.16,1.2,0.049,20%+,1025.56,2033.86,1525.39,499.83,7,290.55,146.51,20%+,508.46,Nov,Alpha
2024-08-15,2024,8,Aug,Alpha,Consumer,USA,15,286.07,100.26,4291.1,128.73,4162.37,1503.9,2658.47,0.6387,979.65,901.95,1756.53,257.29,7766.47,3700.62,4065.85,2.31,1.97,0.91,0.2262,0-5%,1503.9,4291.1,4162.37,2658.47,15,286.07,100.26,0-5%,128.73,Aug,Alpha
2023-01-05,2023,1,Jan,Delta,Consumer,Canada,12,250.74,134.43,3008.83,90.27,2918.57,1613.18,1305.39,0.4473,763.8,724.24,581.15,201.51,5000.0,2024.83,2975.17,2.17,1.64,0.68,0.1162,0-5%,1613.18,3008.83,2918.57,1305.39,12,250.74,134.43,0-5%,90.27,Jan,Delta
2024-02-16,2024,2,Feb,Cobalt,Consumer,USA,12,193.82,68.24,2325.8,69.77,2256.03,818.89,1437.13,0.637,348.41,350.71,1086.43,141.04,5000.0,1942.03,3057.97,1.53,1.12,0.64,0.2173,0-5%,818.89,2325.8,2256.03,1437.13,12,193.82,68.24,0-5%,69.77,Feb,Cobalt
2025-01-10,2025,1,Jan,Cobalt,Consumer,India,13,195.07,90.84,2535.92,177.51,2358.4,1180.9,1177.5,0.4993,515.25,484.47,693.03,123.69,5000.0,2318.74,2681.26,1.25,0.94,0.86,0.1386,5-10%,1180.9,2535.92,2358.4,1177.5,13,195.07,90.84,5-10%,177.51,Jan,Cobalt
2024-01-07,2024,1,Jan,Delta,Consumer,USA,8,208.94,101.1,1671.51,0.0,1671.51,808.77,862.74,0.5161,426.55,405.13,457.61,139.95,5000.0,3067.49,1932.51,1.84,1.43,1.59,0.0915,0-5%,808.77,1671.51,1671.51,862.74,8,208.94,101.1,0-5%,0.0,Jan,Delta
2023-04-16,2023,4,Apr,Bravo,SMB,USA,11,314.37,122.68,3458.03,103.74,3354.28,1349.49,2004.8,0.5977,446.89,437.75,1567.05,236.19,6506.76,2763.19,3743.57,2.07,1.76,0.74,0.2408,0-5%,1349.49,3458.03,3354.28,2004.8,11,314.37,122.68,0-5%,103.74,Apr,Bravo
2024-10-25,2024,10,Oct,Flux,Consumer,USA,7,195.85,93.12,1370.98,0.0,1370.98,651.84,719.14,0.5245,280.27,265.82,453.32,111.93,5000.0,2226.17,2773.83,1.67,1.09,0.8,0.0907,0-5%,651.84,1370.98,1370.98,719.14,7,195.85,93.12,0-5%,0.0,Oct,Flux
2024-12-18,2024,12,Dec,Echo,Consumer,USA,4,250.25,99.78,1000.98,0.0,1000.98,399.1,601.88,0.6013,242.03,257.18,344.69,60.0,5000.0,2255.66,2744.34,2.08,1.58,0.82,0.0689,0-5%,399.1,1000.98,1000.98,601.88,4,250.25,99.78,0-5%,0.0,Dec,Echo
2024-05-17,2024,5,May,Alpha,Consumer,USA,9,257.26,135.55,2315.3,0.0,2315.3,1219.92,1095.38,0.4731,586.59,614.58,480.8,175.58,5000.0,2871.8,2128.2,1.77,1.25,1.35,0.0962,0-5%,1219.92,2315.3,2315.3,1095.38,9,257.26,135.55,0-5%,0.0,May,Alpha
2025-10-08,2025,10,Oct,Alpha,Consumer,USA,7,157.32,55.7,1101.24,0.0,1101.24,389.87,711.37,0.646,301.05,292.72,418.64,50.0,5000.0,2766.63,2233.37,1.83,1.55,1.24,0.0837,0-5%,389.87,1101.24,1101.24,711.37,7,157.32,55.7,0-5%,0.0,Oct,Alpha
2025-10-20,2025,10,Oct,Echo,Consumer,USA,11,269.52,118.33,2964.7,355.76,2608.93,1301.64,1307.29,0.5011,680.37,631.25,676.04,244.7,5000.0,2347.99,2652.01,1.6,1.09,0.89,0.1352,10-20%,1301.64,2964.7,2608.93,1307.29,11,269.52,118.33,10-20%,355.76,Oct,Echo
2023-11-04,2023,11,Nov,Delta,Consumer,USA,12,236.22,87.59,2834.66,708.67,2126.0,1051.11,1074.89,0.5056,559.56,557.95,516.94,112.83,5000.0,2139.97,2860.03,1.39,1.13,0.75,0.1034,20%+,1051.11,2834.66,2126.0,1074.89,12,236.22,87.59,20%+,708.67,Nov,Delta
2023-11-11,2023,11,Nov,Flux,Enterprise,USA,4,143.41,71.92,573.66,17.21,556.45,287.68,268.77,0.483,141.49,146.86,121.91,58.22,5000.0,3028.01,1971.99,0.8,0.5,1.54,0.0244,0-5%,287.68,573.66,556.45,268.77,4,143.41,71.92,0-5%,17.21,Nov,Flux
2025-11-26,2025,11,Nov,Delta,SMB,USA,6,173.29,80.84,1039.76,72.78,966.97,485.01,481.96,0.4984,255.87,255.23,226.73,52.04,5000.0,2722.75,2277.25,1.62,1.39,1.2,0.0453,5-10%,485.01,1039.76,966.97,481.96,6,173.29,80.84,5-10%,72.78,Nov,Delta
2023-08-13,2023,8,Aug,Bravo,SMB,USA,4,189.31,67.19,757.25,90.87,666.38,268.75,397.63,0.5967,121.11,119.66,277.98,50.0,5000.0,2685.28,2314.72,2.07,1.78,1.16,0.0556,10-20%,268.75,757.25,666.38,397.63,4,189.31,67.19,10-20%,90.87,Aug,Bravo
2023-08-29,2023,8,Aug,Bravo,Enterprise,India,9,162.8,88.68,1465.16,175.82,1289.34,798.09,491.25,0.381,219.07,214.05,277.2,162.35,5000.0,2189.0,2811.0,1.97,1.43,0.78,0.0554,10-20%,798.09,1465.16,1289.34,491.25,9,162.8,88.68,10-20%,175.82,Aug,Bravo
2025-03-03,2025,3,Mar,Bravo,Consumer,USA,5,119.52,63.74,597.6,17.93,579.67,318.71,260.96,0.4502,72.19,71.95,189.01,50.0,5000.0,2827.31,2172.69,1.89,1.56,1.3,0.0378,0-5%,318.71,597.6,579.67,260.96,5,119.52,63.74,0-5%,17.93,Mar,Bravo
2023-11-05,2023,11,Nov,Flux,SMB,USA,11,190.56,73.69,2096.19,62.89,2033.3,810.64,1222.66,0.6013,416.33,430.45,792.21,124.37,5000.0,2061.74,2938.26,2.31,1.85,0.7,0.1584,0-5%,810.64,2096.19,2033.3,1222.66,11,190.56,73.69,0-5%,62.89,Nov,Flux
2024-10-07,2024,10,Oct,Flux,SMB,India,11,216.97,93.04,2386.63,0.0,2386.63,1023.41,1363.22,0.5712,629.15,648.7,714.52,143.73,5000.0,2105.25,2894.75,1.13,0.59,0.73,0.1429,0-5%,1023.41,2386.63,2386.63,1363.22,11,216.97,93.04,0-5%,0.0,Oct,Flux
2023-01-10,2023,1,Jan,Alpha,Enterprise,USA,13,271.56,132.59,3530.23,0.0,3530.23,1723.69,1806.54,0.5117,871.8,818.3,988.24,192.72,5928.82,3148.21,2780.61,2.06,1.72,1.13,0.1667,0-5%,1723.69,3530.23,3530.23,1806.54,13,271.56,132.59,0-5%,0.0,Jan,Alpha
2023-02-12,2023,2,Feb,Echo,Consumer,Canada,8,221.09,79.19,1768.7,53.06,1715.64,633.49,1082.16,0.6308,437.62,428.79,653.37,74.2,5000.0,3072.53,1927.47,1.5,1.18,1.59,0.1307,0-5%,633.49,1768.7,1715.64,1082.16,8,221.09,79.19,0-5%,53.06,Feb,Echo
2025-12-20,2025,12,Dec,Delta,SMB,USA,15,65.85,33.95,987.82,0.0,987.82,509.26,478.56,0.4845,262.21,273.54,205.02,111.9,5000.0,2834.4,2165.6,2.61,2.38,1.31,0.041,0-5%,509.26,987.82,987.82,478.56,15,65.85,33.95,0-5%,0.0,Dec,Delta
2023-09-26,2023,9,Sep,Flux,Consumer,Germany,13,218.38,78.19,2838.94,0.0,2838.94,1016.52,1822.42,0.6419,723.62,672.88,1149.54,128.9,5552.25,2235.11,3317.15,2.18,1.77,0.67,0.207,0-5%,1016.52,2838.94,2838.94,1822.42,13,218.38,78.19,0-5%,0.0,Sep,Flux
2025-07-07,2025,7,Jul,Alpha,Consumer,India,3,219.97,95.57,659.9,19.8,640.11,286.7,353.41,0.5521,122.18,127.21,226.2,53.37,5000.0,3038.6,1961.4,1.5,1.19,1.55,0.0452,0-5%,286.7,659.9,640.11,353.41,3,219.97,95.57,0-5%,19.8,Jul,Alpha
2025-08-19,2025,8,Aug,Delta,Enterprise,India,12,246.36,106.37,2956.29,88.69,2867.6,1276.43,1591.17,0.5549,760.45,777.39,813.78,271.39,5000.0,2164.02,2835.98,1.95,1.58,0.76,0.1628,0-5%,1276.43,2956.29,2867.6,1591.17,12,246.36,106.37,0-5%,88.69,Aug,Delta
2024-07-26,2024,7,Jul,Alpha,Consumer,USA,9,273.51,148.31,2461.57,0.0,2461.57,1334.77,1126.8,0.4578,572.28,541.02,585.78,223.27,5000.0,1782.02,3217.98,1.5,1.15,0.55,0.1172,0-5%,1334.77,2461.57,2461.57,1126.8,9,273.51,148.31,0-5%,0.0,Jul,Alpha
2024-12-24,2024,12,Dec,Alpha,Enterprise,Canada,11,245.87,109.87,2704.6,324.55,2380.04,1208.58,1171.47,0.4922,501.79,536.09,635.38,183.4,5000.0,1978.08,3021.92,1.68,1.2,0.65,0.1271,10-20%,1208.58,2704.6,2380.04,1171.47,11,245.87,109.87,10-20%,324.55,Dec,Alpha
2025-01-11,2025,1,Jan,Cobalt,Consumer,Germany,13,214.9,102.05,2793.76,0.0,2793.76,1326.63,1467.12,0.5251,522.8,562.55,904.58,287.71,5000.0,2829.78,2170.22,1.48,1.02,1.3,0.1809,0-5%,1326.63,2793.76,2793.76,1467.12,13,214.9,102.05,0-5%,0.0,Jan,Cobalt
2025-01-01,2025,1,Jan,Cobalt,Enterprise,UK,8,246.9,120.33,1975.2,59.26,1915.95,962.67,953.28,0.4976,384.03,407.69,545.59,198.39,5000.0,2785.07,2214.93,2.17,1.62,1.26,0.1091,0-5%,962.67,1975.2,1915.95,953.28,8,246.9,120.33,0-5%,59.26,Jan,Cobalt
2023-01-17,2023,1,Jan,Cobalt,Consumer,USA,7,249.71,122.61,1747.94,122.36,1625.58,858.3,767.28,0.472,278.28,272.84,494.44,128.23,5000.0,2208.9,2791.1,1.66,1.23,0.79,0.0989,5-10%,858.3,1747.94,1625.58,767.28,7,249.71,122.61,5-10%,122.36,Jan,Cobalt
2025-06-14,2025,6,Jun,Flux,Consumer,Germany,10,236.55,104.81,2365.53,70.97,2294.56,1048.05,1246.51,0.5432,458.87,446.27,800.24,161.36,5000.0,2416.87,2583.13,1.89,1.58,0.94,0.16,0-5%,1048.05,2365.53,2294.56,1246.51,10,236.55,104.81,0-5%,70.97,Jun,Flux
2023-04-12,2023,4,Apr,Flux,Consumer,USA,14,293.38,137.64,4107.36,0.0,4107.36,1926.91,2180.45,0.5309,1024.26,1073.85,1106.6,383.06,7604.23,3301.01,4303.22,1.86,1.39,0.77,0.1455,0-5%,1926.91,4107.36,4107.36,2180.45,14,293.38,137.64,0-5%,0.0,Apr,Flux
2023-11-30,2023,11,Nov,Bravo,SMB,India,3,296.43,140.44,889.28,0.0,889.28,421.32,467.95,0.5262,173.12,161.42,306.54,85.71,5000.0,2892.49,2107.51,1.16,0.69,1.37,0.0613,0-5%,421.32,889.28,889.28,467.95,3,296.43,140.44,0-5%,0.0,Nov,Bravo
2023-07-21,2023,7,Jul,Cobalt,Consumer,USA,4,250.57,91.81,1002.29,0.0,1002.29,367.25,635.04,0.6336,168.86,162.08,472.96,50.0,5000.0,2696.51,2303.49,1.94,1.44,1.17,0.0946,0-5%,367.25,1002.29,1002.29,635.04,4,250.57,91.81,0-5%,0.0,Jul,Cobalt
2023-06-16,2023,6,Jun,Bravo,SMB,India,10,268.61,107.81,2686.14,0.0,2686.14,1078.14,1608.0,0.5986,698.24,750.75,857.25,188.09,5165.26,3018.85,2146.41,1.63,1.17,1.41,0.166,0-5%,1078.14,2686.14,2686.14,1608.0,10,268.61,107.81,0-5%,0.0,Jun,Bravo
2025-11-22,2025,11,Nov,Cobalt,SMB,USA,16,176.85,63.93,2829.66,84.89,2744.77,1022.84,1721.93,0.6273,580.77,627.15,1094.78,189.73,5000.0,2810.77,2189.23,1.93,1.34,1.28,0.219,0-5%,1022.84,2829.66,2744.77,1721.93,16,176.85,63.93,0-5%,84.89,Nov,Cobalt
2024-09-09,2024,9,Sep,Flux,Consumer,Germany,7,223.87,96.38,1567.07,188.05,1379.02,674.69,704.34,0.5107,169.31,169.04,535.29,124.29,5000.0,1883.99,3116.01,1.47,1.16,0.6,0.1071,10-20%,674.69,1567.07,1379.02,704.34,7,223.87,96.38,10-20%,188.05,Sep,Flux
2025-04-20,2025,4,Apr,Flux,Consumer,India,11,234.66,88.07,2581.22,0.0,2581.22,968.79,1612.43,0.6247,385.07,381.85,1230.58,203.17,5000.0,1832.04,3167.96,1.8,1.29,0.58,0.2461,0-5%,968.79,2581.22,2581.22,1612.43,11,234.66,88.07,0-5%,0.0,Apr,Flux
2023-11-03,2023,11,Nov,Cobalt,Consumer,Canada,10,241.24,104.22,2412.41,289.49,2122.92,1042.21,1080.71,0.5091,403.73,372.47,708.24,220.32,5000.0,2819.3,2180.7,1.69,1.34,1.29,0.1416,10-20%,1042.21,2412.41,2122.92,1080.71,10,241.24,104.22,10-20%,289.49,Nov,Cobalt
2023-11-13,2023,11,Nov,Alpha,SMB,USA,7,373.46,155.27,2614.24,0.0,2614.24,1086.91,1527.33,0.5842,717.95,713.76,813.57,210.16,5237.46,2864.08,2373.38,2.43,2.19,1.21,0.1553,0-5%,1086.91,2614.24,2614.24,1527.33,7,373.46,155.27,0-5%,0.0,Nov,Alpha
2025-01-01,2025,1,Jan,Alpha,Enterprise,UK,8,244.85,97.57,1958.79,0.0,1958.79,780.54,1178.25,0.6015,417.3,413.36,764.9,102.49,5000.0,2745.58,2254.42,1.27,0.93,1.22,0.153,0-5%,780.54,1958.79,1958.79,1178.25,8,244.85,97.57,0-5%,0.0,Jan,Alpha
2025-07-12,2025,7,Jul,Alpha,SMB,USA,5,224.74,101.05,1123.68,134.84,988.84,505.26,483.58,0.489,156.11,161.24,322.34,71.78,5000.0,2730.77,2269.23,1.46,1.18,1.2,0.0645,10-20%,505.26,1123.68,988.84,483.58,5,224.74,101.05,10-20%,134.84,Jul,Alpha
2024-07-21,2024,7,Jul,Flux,SMB,USA,9,185.41,76.12,1668.73,50.06,1618.67,685.04,933.63,0.5768,418.18,387.25,546.38,114.2,5000.0,2349.42,2650.58,1.37,0.78,0.89,0.1093,0-5%,685.04,1668.73,1618.67,933.63,9,185.41,76.12,0-5%,50.06,Jul,Flux
2025-06-04,2025,6,Jun,Echo,Enterprise,Canada,12,203.59,78.94,2443.08,171.02,2272.07,947.33,1324.74,0.5831,609.12,590.02,734.72,203.59,5000.0,1791.66,3208.34,1.48,1.25,0.56,0.1469,5-10%,947.33,2443.08,2272.07,1324.74,12,203.59,78.94,5-10%,171.02,Jun,Echo
2025-08-05,2025,8,Aug,Alpha,Enterprise,Canada,9,269.86,118.52,2428.76,170.01,2258.75,1066.68,1192.06,0.5278,552.14,516.48,675.59,158.45,5000.0,2017.63,2982.37,1.56,1.08,0.68,0.1351,5-10%,1066.68,2428.76,2258.75,1192.06,9,269.86,118.52,5-10%,170.01,Aug,Alpha
2025-01-04,2025,1,Jan,Flux,Enterprise,USA,9,212.46,85.18,1912.11,0.0,1912.11,766.61,1145.5,0.5991,380.64,390.0,755.49,167.85,5000.0,2279.27,2720.73,1.57,1.36,0.84,0.1511,0-5%,766.61,1912.11,1912.11,1145.5,9,212.46,85.18,0-5%,0.0,Jan,Flux
2025-07-18,2025,7,Jul,Alpha,SMB,USA,8,268.51,118.14,2148.07,64.44,2083.63,945.09,1138.54,0.5464,553.21,543.59,594.95,190.1,5000.0,2211.51,2788.49,1.62,1.12,0.79,0.119,0-5%,945.09,2148.07,2083.63,1138.54,8,268.51,118.14,0-5%,64.44,Jul,Alpha
2025-12-03,2025,12,Dec,Alpha,Consumer,USA,7,214.76,93.23,1503.35,180.4,1322.95,652.61,670.34,0.5067,208.03,216.69,453.66,85.39,5000.0,1777.96,3222.04,1.76,1.19,0.55,0.0907,10-20%,652.61,1503.35,1322.95,670.34,7,214.76,93.23,10-20%,180.4,Dec,Alpha
2024-05-17,2024,5,May,Flux,Consumer,USA,12,193.84,78.85,2326.06,69.78,2256.28,946.19,1310.08,0.5806,581.19,607.74,702.35,142.84,5000.0,1833.42,3166.58,1.46,0.95,0.58,0.1405,0-5%,946.19,2326.06,2256.28,1310.08,12,193.84,78.85,0-5%,69.78,May,Flux
2023-03-19,2023,3,Mar,Flux,SMB,USA,8,221.89,115.04,1775.13,53.25,1721.88,920.31,801.57,0.4655,216.55,222.24,579.33,160.46,5000.0,2324.24,2675.76,2.23,1.82,0.87,0.1159,0-5%,920.31,1775.13,1721.88,801.57,8,221.89,115.04,0-5%,53.25,Mar,Flux
2023-01-20,2023,1,Jan,Delta,Enterprise,UK,5,192.36,97.21,961.78,67.32,894.45,486.04,408.41,0.4566,238.88,225.06,183.34,87.79,5000.0,2999.79,2000.21,1.75,1.39,1.5,0.0367,5-10%,486.04,961.78,894.45,408.41,5,192.36,97.21,5-10%,67.32,Jan,Delta
2025-12-12,2025,12,Dec,Bravo,Consumer,Canada,11,259.97,98.29,2859.63,85.79,2773.84,1081.22,1692.63,0.6102,514.07,528.63,1163.99,216.39,5539.07,2310.55,3228.52,2.28,1.79,0.72,0.2101,0-5%,1081.22,2859.63,2773.84,1692.63,11,259.97,98.29,0-5%,85.79,Dec,Bravo
2023-12-20,2023,12,Dec,Flux,Consumer,USA,5,223.22,120.21,1116.11,133.93,982.18,601.03,381.14,0.3881,245.16,259.76,121.38,92.59,5000.0,2128.02,2871.98,1.29,0.77,0.74,0.0243,10-20%,601.03,1116.11,982.18,381.14,5,223.22,120.21,10-20%,133.93,Dec,Flux
2025-12-20,2025,12,Dec,Flux,Enterprise,India,9,234.63,90.47,2111.69,63.35,2048.34,814.25,1234.1,0.6025,375.23,361.54,872.56,168.19,5000.0,2653.29,2346.71,1.61,1.13,1.13,0.1745,0-5%,814.25,2111.69,2048.34,1234.1,9,234.63,90.47,0-5%,63.35,Dec,Flux
2025-02-18,2025,2,Feb,Echo,Consumer,Canada,11,292.02,148.55,3212.23,0.0,3212.23,1634.03,1578.2,0.4913,726.0,733.42,844.78,208.32,6254.4,3065.9,3188.5,1.36,0.9,0.96,0.1351,0-5%,1634.03,3212.23,3212.23,1578.2,11,292.02,148.55,0-5%,0.0,Feb,Echo
2025-07-17,2025,7,Jul,Echo,SMB,India,11,203.2,87.57,2235.2,156.46,2078.74,963.31,1115.43,0.5366,560.4,593.5,521.93,130.96,5000.0,2670.43,2329.57,1.84,1.4,1.15,0.1044,5-10%,963.31,2235.2,2078.74,1115.43,11,203.2,87.57,5-10%,156.46,Jul,Echo
2025-03-01,2025,3,Mar,Alpha,Consumer,USA,10,126.76,66.48,1267.63,38.03,1229.6,664.77,564.84,0.4594,255.46,267.51,297.33,88.48,5000.0,2957.07,2042.93,1.89,1.59,1.45,0.0595,0-5%,664.77,1267.63,1229.6,564.84,10,126.76,66.48,0-5%,38.03,Mar,Alpha
2023-09-04,2023,9,Sep,Bravo,SMB,Canada,5,193.54,103.34,967.68,29.03,938.65,516.68,421.97,0.4495,123.54,125.1,296.87,71.63,5000.0,1834.4,3165.6,1.24,0.72,0.58,0.0594,0-5%,516.68,967.68,938.65,421.97,5,193.54,103.34,0-5%,29.03,Sep,Bravo
2024-01-03,2024,1,Jan,Delta,Consumer,UK,11,207.36,98.06,2281.0,273.72,2007.28,1078.68,928.6,0.4626,325.06,349.53,579.07,174.57,5000.0,2199.08,2800.92,1.56,1.07,0.79,0.1158,10-20%,1078.68,2281.0,2007.28,928.6,11,207.36,98.06,10-20%,273.72,Jan,Delta
2023-03-18,2023,3,Mar,Echo,Consumer,India,5,187.56,75.87,937.78,0.0,937.78,379.37,558.41,0.5955,205.77,202.26,356.16,50.0,5000.0,2477.64,2522.36,2.4,1.85,0.98,0.0712,0-5%,379.37,937.78,937.78,558.41,5,187.56,75.87,0-5%,0.0,Mar,Echo
2024-05-30,2024,5,May,Flux,Consumer,India,14,260.58,107.59,3648.11,109.44,3538.66,1506.24,2032.43,0.5743,562.81,565.79,1466.64,154.39,6526.74,4021.67,2505.07,1.8,1.48,1.61,0.2247,0-5%,1506.24,3648.11,3538.66,2032.43,14,260.58,107.59,0-5%,109.44,May,Flux
2023-10-11,2023,10,Oct,Flux,SMB,USA,12,232.38,93.69,2788.61,0.0,2788.61,1124.26,1664.35,0.5968,666.88,626.74,1037.62,225.77,5367.27,1937.27,3430.0,1.09,0.5,0.56,0.1933,0-5%,1124.26,2788.61,2788.61,1664.35,12,232.38,93.69,0-5%,0.0,Oct,Flux
2024-01-08,2024,1,Jan,Bravo,Consumer,UK,6,175.68,68.72,1054.1,31.62,1022.48,412.32,610.16,0.5967,229.67,230.96,379.2,77.84,5000.0,2028.82,2971.18,1.93,1.68,0.68,0.0758,0-5%,412.32,1054.1,1022.48,610.16,6,175.68,68.72,0-5%,31.62,Jan,Bravo
2025-10-27,2025,10,Oct,Cobalt,SMB,USA,7,344.97,132.31,2414.79,289.78,2125.02,926.18,1198.83,0.5642,450.89,435.77,763.06,155.89,5000.0,2793.03,2206.97,2.08,1.62,1.27,0.1526,10-20%,926.18,2414.79,2125.02,1198.83,7,344.97,132.31,10-20%,289.78,Oct,Cobalt
2023-06-22,2023,6,Jun,Cobalt,Enterprise,USA,6,305.39,132.35,1832.33,219.88,1612.45,794.12,818.33,0.5075,234.03,236.64,581.7,118.93,5000.0,2905.33,2094.67,1.89,1.48,1.39,0.1163,10-20%,794.12,1832.33,1612.45,818.33,6,305.39,132.35,10-20%,219.88,Jun,Cobalt
2025-12-22,2025,12,Dec,Cobalt,Consumer,UK,8,169.31,84.55,1354.5,40.63,1313.86,676.44,637.42,0.4852,365.42,351.14,286.29,105.45,5000.0,3021.01,1978.99,1.93,1.47,1.53,0.0573,0-5%,676.44,1354.5,1313.86,637.42,8,169.31,84.55,0-5%,40.63,Dec,Cobalt
2023-01-13,2023,1,Jan,Flux,Consumer,India,8,246.12,109.61,1968.99,0.0,1968.99,876.85,1092.14,0.5547,311.63,303.58,788.56,97.33,5000.0,2883.0,2117.0,1.13,0.6,1.36,0.1577,0-5%,876.85,1968.99,1968.99,1092.14,8,246.12,109.61,0-5%,0.0,Jan,Flux
2025-11-19,2025,11,Nov,Flux,Consumer,Germany,15,174.63,73.76,2619.41,0.0,2619.41,1106.4,1513.0,0.5776,478.68,497.28,1015.72,240.81,5000.0,1853.89,3146.11,1.72,1.27,0.59,0.2031,0-5%,1106.4,2619.41,2619.41,1513.0,15,174.63,73.76,0-5%,0.0,Nov,Flux
2025-06-29,2025,6,Jun,Delta,SMB,USA,6,216.47,95.11,1298.83,90.92,1207.91,570.65,637.26,0.5276,161.62,154.12,483.14,91.62,5000.0,1873.04,3126.96,1.24,0.76,0.6,0.0966,5-10%,570.65,1298.83,1207.91,637.26,6,216.47,95.11,5-10%,90.92,Jun,Delta
2025-08-27,2025,8,Aug,Alpha,Consumer,Germany,7,125.35,56.87,877.43,0.0,877.43,398.09,479.33,0.5463,128.44,135.43,343.9,50.0,5000.0,3120.91,1879.09,2.13,1.85,1.66,0.0688,0-5%,398.09,877.43,877.43,479.33,7,125.35,56.87,0-5%,0.0,Aug,Alpha
2025-06-17,2025,6,Jun,Flux,Consumer,India,9,262.05,115.39,2358.47,165.09,2193.38,1038.54,1154.84,0.5265,311.22,317.61,837.23,181.78,5000.0,1921.23,3078.77,1.35,0.91,0.62,0.1674,5-10%,1038.54,2358.47,2193.38,1154.84,9,262.05,115.39,5-10%,165.09,Jun,Flux
2024-05-11,2024,5,May,Delta,SMB,USA,9,204.43,106.43,1839.89,0.0,1839.89,957.91,881.98,0.4794,388.9,367.47,514.51,206.74,5000.0,2017.47,2982.53,1.75,1.16,0.68,0.1029,0-5%,957.91,1839.89,1839.89,881.98,9,204.43,106.43,0-5%,0.0,May,Delta
2024-08-11,2024,8,Aug,Cobalt,Consumer,Canada,6,207.76,109.98,1246.55,0.0,1246.55,659.9,586.66,0.4706,166.55,170.52,416.13,77.59,5000.0,2992.95,2007.05,2.11,1.62,1.49,0.0832,0-5%,659.9,1246.55,1246.55,586.66,6,207.76,109.98,0-5%,0.0,Aug,Cobalt
2023-10-26,2023,10,Oct,Cobalt,SMB,USA,11,179.43,76.92,1973.71,0.0,1973.71,846.14,1127.57,0.5713,459.75,480.43,647.14,87.29,5000.0,2249.21,2750.79,2.26,1.85,0.82,0.1294,0-5%,846.14,1973.71,1973.71,1127.57,11,179.43,76.92,0-5%,0.0,Oct,Cobalt
2024-06-12,2024,6,Jun,Echo,Consumer,USA,5,272.77,104.57,1363.87,40.92,1322.96,522.83,800.12,0.6048,254.73,255.64,544.49,80.17,5000.0,2669.05,2330.95,1.91,1.54,1.15,0.1089,0-5%,522.83,1363.87,1322.96,800.12,5,272.77,104.57,0-5%,40.92,Jun,Echo
2025-07-28,2025,7,Jul,Echo,Consumer,USA,15,281.06,111.96,4215.87,1053.97,3161.9,1679.43,1482.47,0.4689,532.03,570.89,911.59,261.77,6049.03,3240.78,2808.25,1.22,0.9,1.15,0.1507,20%+,1679.43,4215.87,3161.9,1482.47,15,281.06,111.96,20%+,1053.97,Jul,Echo
2025-03-21,2025,3,Mar,Echo,SMB,India,14,184.65,78.79,2585.09,0.0,2585.09,1103.08,1482.01,0.5733,544.3,519.37,962.64,189.19,5000.0,2646.18,2353.82,2.15,1.84,1.12,0.1925,0-5%,1103.08,2585.09,2585.09,1482.01,14,184.65,78.79,0-5%,0.0,Mar,Echo
2024-06-14,2024,6,Jun,Cobalt,Consumer,USA,14,277.34,125.58,3882.76,0.0,3882.76,1758.16,2124.6,0.5472,810.61,751.86,1372.74,232.35,5000.0,3077.92,1922.08,0.85,0.5,1.6,0.2745,0-5%,1758.16,3882.76,3882.76,2124.6,14,277.34,125.58,0-5%,0.0,Jun,Cobalt
2024-05-11,2024,5,May,Echo,Consumer,USA,8,227.71,103.07,1821.7,218.6,1603.09,824.52,778.57,0.4857,380.94,364.81,413.77,94.21,5000.0,1808.07,3191.93,2.52,2.06,0.57,0.0828,10-20%,824.52,1821.7,1603.09,778.57,8,227.71,103.07,10-20%,218.6,May,Echo
2024-09-02,2024,9,Sep,Delta,Enterprise,USA,11,262.06,108.95,2882.63,0.0,2882.63,1198.45,1684.18,0.5843,497.71,504.32,1179.86,244.52,5223.14,2514.69,2708.44,2.37,1.82,0.93,0.2259,0-5%,1198.45,2882.63,2882.63,1684.18,11,262.06,108.95,0-5%,0.0,Sep,Delta
2024-10-26,2024,10,Oct,Delta,SMB,USA,8,224.24,106.75,1793.89,125.57,1668.32,853.98,814.34,0.4881,444.9,419.92,394.42,156.22,5000.0,3153.55,1846.45,1.91,1.71,1.71,0.0789,5-10%,853.98,1793.89,1668.32,814.34,8,224.24,106.75,5-10%,125.57,Oct,Delta
2025-12-12,2025,12,Dec,Echo,SMB,India,9,238.08,113.4,2142.72,64.28,2078.44,1020.6,1057.84,0.509,576.8,601.56,456.28,224.04,5000.0,2663.36,2336.64,1.99,1.77,1.14,0.0913,0-5%,1020.6,2142.72,2078.44,1057.84,9,238.08,113.4,0-5%,64.28,Dec,Echo
2024-06-10,2024,6,Jun,Delta,Consumer,USA,5,270.55,102.62,1352.74,40.58,1312.15,513.12,799.03,0.6089,202.91,209.64,589.39,74.01,5000.0,1761.05,3238.95,1.54,1.25,0.54,0.1179,0-5%,513.12,1352.74,1312.15,799.03,5,270.55,102.62,0-5%,40.58,Jun,Delta
2025-02-16,2025,2,Feb,Echo,Enterprise,Canada,14,141.31,52.9,1978.37,237.4,1740.97,740.54,1000.43,0.5746,433.13,402.55,597.88,124.06,5000.0,2386.6,2613.4,1.74,1.16,0.91,0.1196,10-20%,740.54,1978.37,1740.97,1000.43,14,141.31,52.9,10-20%,237.4,Feb,Echo
2024-04-05,2024,4,Apr,Cobalt,Consumer,USA,12,121.42,59.42,1457.07,0.0,1457.07,713.09,743.98,0.5106,202.2,210.39,533.59,116.36,5000.0,2234.36,2765.64,1.42,1.06,0.81,0.1067,0-5%,713.09,1457.07,1457.07,743.98,12,121.42,59.42,0-5%,0.0,Apr,Cobalt
2025-01-27,2025,1,Jan,Flux,SMB,USA,10,231.7,89.25,2317.02,162.19,2154.82,892.45,1262.37,0.5858,568.43,604.54,657.83,190.16,5000.0,2679.43,2320.57,2.3,2.03,1.15,0.1316,5-10%,892.45,2317.02,2154.82,1262.37,10,231.7,89.25,5-10%,162.19,Jan,Flux
2024-12-07,2024,12,Dec,Alpha,Consumer,Canada,6,231.98,112.6,1391.86,97.43,1294.43,675.57,618.86,0.4781,255.28,275.5,343.36,73.69,5000.0,2637.17,2362.83,2.03,1.56,1.12,0.0687,5-10%,675.57,1391.86,1294.43,618.86,6,231.98,112.6,5-10%,97.43,Dec,Alpha
2024-12-09,2024,12,Dec,Alpha,SMB,Canada,6,129.66,57.2,777.95,23.34,754.61,343.17,411.44,0.5452,93.04,94.92,316.52,50.0,5000.0,3130.22,1869.78,1.97,1.41,1.67,0.0633,0-5%,343.17,777.95,754.61,411.44,6,129.66,57.2,0-5%,23.34,Dec,Alpha
2023-10-04,2023,10,Oct,Delta,Enterprise,USA,7,173.87,70.4,1217.12,0.0,1217.12,492.82,724.3,0.5951,326.64,336.68,387.62,65.93,5000.0,1960.12,3039.88,1.5,0.94,0.64,0.0775,0-5%,492.82,1217.12,1217.12,724.3,7,173.87,70.4,0-5%,0.0,Oct,Delta
2023-11-22,2023,11,Nov,Bravo,SMB,USA,9,266.22,104.55,2395.96,287.52,2108.44,940.93,1167.52,0.5537,263.52,260.17,907.35,178.82,5000.0,1956.08,3043.92,1.73,1.45,0.64,0.1815,10-20%,940.93,2395.96,2108.44,1167.52,9,266.22,104.55,10-20%,287.52,Nov,Bravo
2025-09-02,2025,9,Sep,Flux,Consumer,Germany,6,201.38,94.99,1208.28,144.99,1063.29,569.97,493.32,0.464,133.02,130.84,362.48,60.84,5000.0,1876.14,3123.86,2.19,1.78,0.6,0.0725,10-20%,569.97,1208.28,1063.29,493.32,6,201.38,94.99,10-20%,144.99,Sep,Flux
2025-09-15,2025,9,Sep,Cobalt,Consumer,USA,10,224.08,97.16,2240.83,0.0,2240.83,971.61,1269.22,0.5664,469.11,479.81,789.41,204.06,5000.0,2535.02,2464.98,1.77,1.48,1.03,0.1579,0-5%,971.61,2240.83,2240.83,1269.22,10,224.08,97.16,0-5%,0.0,Sep,Cobalt
2025-12-15,2025,12,Dec,Delta,Consumer,USA,9,219.79,108.66,1978.11,0.0,1978.11,977.92,1000.19,0.5056,283.25,291.38,708.81,164.25,5000.0,2082.48,2917.52,1.5,1.19,0.71,0.1418,0-5%,977.92,1978.11,1978.11,1000.19,9,219.79,108.66,0-5%,0.0,Dec,Delta
2025-04-14,2025,4,Apr,Flux,Enterprise,India,9,235.53,113.77,2119.79,254.37,1865.41,1023.94,841.48,0.4511,434.31,466.41,375.07,129.7,5000.0,2606.38,2393.62,1.85,1.43,1.09,0.075,10-20%,1023.94,2119.79,1865.41,841.48,9,235.53,113.77,10-20%,254.37,Apr,Flux
2024-06-28,2024,6,Jun,Alpha,Consumer,USA,10,290.99,136.09,2909.92,203.69,2706.23,1360.95,1345.28,0.4971,344.93,370.44,974.84,230.47,5071.4,2487.11,2584.29,2.26,1.69,0.96,0.1922,5-10%,1360.95,2909.92,2706.23,1345.28,10,290.99,136.09,5-10%,203.69,Jun,Alpha
2025-10-30,2025,10,Oct,Alpha,SMB,USA,7,148.57,64.14,1039.97,0.0,1039.97,449.0,590.97,0.5683,159.72,157.48,433.49,70.61,5000.0,2309.62,2690.38,1.3,0.72,0.86,0.0867,0-5%,449.0,1039.97,1039.97,590.97,7,148.57,64.14,0-5%,0.0,Oct,Alpha
2023-11-02,2023,11,Nov,Flux,Consumer,USA,12,252.47,112.48,3029.62,363.55,2666.07,1349.77,1316.3,0.4937,625.25,643.13,673.17,254.55,5041.2,1933.61,3107.58,1.47,1.17,0.62,0.1335,10-20%,1349.77,3029.62,2666.07,1316.3,12,252.47,112.48,10-20%,363.55,Nov,Flux
2024-01-05,2024,1,Jan,Echo,SMB,India,5,143.71,57.38,718.55,21.56,696.99,286.91,410.09,0.5884,145.11,144.77,265.32,50.0,5000.0,2905.33,2094.67,1.59,1.14,1.39,0.0531,0-5%,286.91,718.55,696.99,410.09,5,143.71,57.38,0-5%,21.56,Jan,Echo
2024-09-09,2024,9,Sep,Flux,SMB,USA,12,221.08,92.58,2652.93,663.23,1989.7,1110.98,878.72,0.4416,334.44,357.32,521.4,149.12,5000.0,2351.98,2648.02,1.64,1.41,0.89,0.1043,20%+,1110.98,2652.93,1989.7,878.72,12,221.08,92.58,20%+,663.23,Sep,Flux
2025-04-22,2025,4,Apr,Echo,SMB,UK,4,320.16,131.48,1280.66,38.42,1242.24,525.91,716.33,0.5766,219.52,205.43,510.9,112.31,5000.0,2973.73,2026.27,1.88,1.38,1.47,0.1022,0-5%,525.91,1280.66,1242.24,716.33,4,320.16,131.48,0-5%,38.42,Apr,Echo
2024-07-27,2024,7,Jul,Echo,Consumer,USA,7,224.79,122.2,1573.51,0.0,1573.51,855.39,718.12,0.4564,197.89,212.23,505.89,176.92,5000.0,2305.33,2694.67,1.83,1.39,0.86,0.1012,0-5%,855.39,1573.51,1573.51,718.12,7,224.79,122.2,0-5%,0.0,Jul,Echo
2025-12-01,2025,12,Dec,Bravo,Consumer,UK,6,337.01,147.48,2022.08,0.0,2022.08,884.9,1137.18,0.5624,244.42,251.31,885.87,132.36,5000.0,1915.71,3084.29,1.14,0.6,0.62,0.1772,0-5%,884.9,2022.08,2022.08,1137.18,6,337.01,147.48,0-5%,0.0,Dec,Bravo
2023-02-21,2023,2,Feb,Cobalt,Enterprise,UK,15,195.62,104.78,2934.36,352.12,2582.23,1571.64,1010.59,0.3914,502.38,526.92,483.67,157.78,5000.0,2495.88,2504.12,1.92,1.62,1.0,0.0967,10-20%,1571.64,2934.36,2582.23,1010.59,15,195.62,104.78,10-20%,352.12,Feb,Cobalt
2024-12-15,2024,12,Dec,Delta,SMB,USA,6,190.18,102.14,1141.06,136.93,1004.13,612.82,391.32,0.3897,237.07,218.48,172.84,121.36,5000.0,2007.7,2992.3,2.01,1.52,0.67,0.0346,10-20%,612.82,1141.06,1004.13,391.32,6,190.18,102.14,10-20%,136.93,Dec,Delta
2023-03-13,2023,3,Mar,Echo,Consumer,USA,7,253.29,99.66,1773.01,0.0,1773.01,697.65,1075.36,0.6065,363.46,342.76,732.61,147.62,5000.0,2585.24,2414.76,1.88,1.54,1.07,0.1465,0-5%,697.65,1773.01,1773.01,1075.36,7,253.29,99.66,0-5%,0.0,Mar,Echo
2023-03-30,2023,3,Mar,Echo,Consumer,USA,9,190.65,76.46,1715.84,120.11,1595.73,688.17,907.56,0.5687,406.05,395.09,512.47,136.5,5000.0,2740.31,2259.69,1.65,1.43,1.21,0.1025,5-10%,688.17,1715.84,1595.73,907.56,9,190.65,76.46,5-10%,120.11,Mar,Echo
2024-07-26,2024,7,Jul,Flux,Consumer,USA,13,302.77,118.41,3935.99,472.32,3463.67,1539.37,1924.29,0.5556,899.17,916.21,1008.08,288.08,5008.2,3000.45,2007.75,1.91,1.65,1.49,0.2013,10-20%,1539.37,3935.99,3463.67,1924.29,13,302.77,118.41,10-20%,472.32,Jul,Flux
2024-04-21,2024,4,Apr,Echo,SMB,USA,7,288.99,145.98,2022.94,141.61,1881.34,1021.85,859.48,0.4568,455.56,458.26,401.22,180.26,5000.0,2993.15,2006.85,2.36,1.87,1.49,0.0802,5-10%,1021.85,2022.94,1881.34,859.48,7,288.99,145.98,5-10%,141.61,Apr,Echo
2025-11-09,2025,11,Nov,Bravo,Consumer,USA,10,226.18,90.33,2261.76,565.44,1696.32,903.33,792.99,0.4675,322.49,315.35,477.64,129.11,5000.0,3118.68,1881.32,1.89,1.58,1.66,0.0955,20%+,903.33,2261.76,1696.32,792.99,10,226.18,90.33,20%+,565.44,Nov,Bravo
2024-12-03,2024,12,Dec,Cobalt,Consumer,Canada,7,237.12,107.11,1659.84,49.8,1610.05,749.8,860.25,0.5343,318.45,310.71,549.53,92.31,5000.0,2910.11,2089.89,2.11,1.78,1.39,0.1099,0-5%,749.8,1659.84,1610.05,860.25,7,237.12,107.11,0-5%,49.8,Dec,Cobalt
2024-07-28,2024,7,Jul,Echo,SMB,USA,10,240.21,98.4,2402.07,0.0,2402.07,984.0,1418.07,0.5904,460.87,449.75,968.32,179.09,5000.0,2010.81,2989.19,0.91,0.68,0.67,0.1937,0-5%,984.0,2402.07,2402.07,1418.07,10,240.21,98.4,0-5%,0.0,Jul,Echo
2023-12-27,2023,12,Dec,Cobalt,Consumer,USA,7,222.94,89.43,1560.61,0.0,1560.61,626.02,934.59,0.5989,412.02,405.34,529.25,74.2,5000.0,2777.89,2222.11,1.77,1.56,1.25,0.1059,0-5%,626.02,1560.61,1560.61,934.59,7,222.94,89.43,0-5%,0.0,Dec,Cobalt
2025-08-04,2025,8,Aug,Flux,SMB,USA,14,166.17,60.48,2326.37,581.59,1744.78,846.73,898.05,0.5147,302.47,287.18,610.87,158.46,5000.0,2762.61,2237.39,1.83,1.56,1.23,0.1222,20%+,846.73,2326.37,1744.78,898.05,14,166.17,60.48,20%+,581.59,Aug,Flux
2024-07-10,2024,7,Jul,Cobalt,Consumer,UK,10,259.34,136.79,2593.39,311.21,2282.19,1367.85,914.34,0.4006,510.78,498.65,415.69,194.11,5000.0,3012.94,1987.06,1.94,1.61,1.52,0.0831,10-20%,1367.85,2593.39,2282.19,914.34,10,259.34,136.79,10-20%,311.21,Jul,Cobalt
2023-12-25,2023,12,Dec,Delta,SMB,Germany,13,214.4,82.7,2787.23,0.0,2787.23,1075.13,1712.1,0.6143,447.47,419.29,1292.81,214.54,5182.15,2661.18,2520.97,2.18,1.93,1.06,0.2495,0-5%,1075.13,2787.23,2787.23,1712.1,13,214.4,82.7,0-5%,0.0,Dec,Delta
2025-03-01,2025,3,Mar,Alpha,Enterprise,USA,8,262.82,130.39,2102.59,63.08,2039.51,1043.13,996.38,0.4885,509.25,497.59,498.78,172.02,5000.0,2576.36,2423.64,1.65,1.21,1.06,0.0998,0-5%,1043.13,2102.59,2039.51,996.38,8,262.82,130.39,0-5%,63.08,Mar,Alpha
2025-07-20,2025,7,Jul,Bravo,SMB,India,9,179.02,96.6,1611.16,0.0,1611.16,869.39,741.77,0.4604,362.47,372.46,369.31,100.39,5000.0,3158.3,1841.7,1.74,1.18,1.71,0.0739,0-5%,869.39,1611.16,1611.16,741.77,9,179.02,96.6,0-5%,0.0,Jul,Bravo
2025-10-28,2025,10,Oct,Bravo,SMB,USA,7,259.85,130.3,1818.92,54.57,1764.35,912.08,852.27,0.483,340.54,343.3,508.97,184.23,5000.0,3074.49,1925.51,1.67,1.19,1.6,0.1018,0-5%,912.08,1818.92,1764.35,852.27,7,259.85,130.3,0-5%,54.57,Oct,Bravo
2024-07-29,2024,7,Jul,Alpha,Consumer,USA,13,323.82,139.19,4209.6,0.0,4209.6,1809.51,2400.1,0.5701,723.5,739.64,1660.46,305.74,7268.93,3285.89,3983.04,2.18,1.84,0.82,0.2284,0-5%,1809.51,4209.6,4209.6,2400.1,13,323.82,139.19,0-5%,0.0,Jul,Alpha
2023-08-27,2023,8,Aug,Alpha,Consumer,UK,8,131.37,63.8,1050.99,73.57,977.42,510.43,466.99,0.4778,203.05,208.7,258.29,105.2,5000.0,3227.13,1772.87,2.08,1.74,1.82,0.0517,5-10%,510.43,1050.99,977.42,466.99,8,131.37,63.8,5-10%,73.57,Aug,Alpha
2025-04-14,2025,4,Apr,Alpha,Consumer,USA,6,225.77,92.72,1354.61,0.0,1354.61,556.29,798.32,0.5893,210.14,223.44,574.87,59.22,5000.0,2371.7,2628.3,1.84,1.39,0.9,0.115,0-5%,556.29,1354.61,1354.61,798.32,6,225.77,92.72,0-5%,0.0,Apr,Alpha
2023-12-18,2023,12,Dec,Alpha,Consumer,Canada,8,158.7,60.52,1269.61,152.35,1117.25,484.14,633.11,0.5667,184.67,171.64,461.47,89.61,5000.0,2826.05,2173.95,1.72,1.3,1.3,0.0923,10-20%,484.14,1269.61,1117.25,633.11,8,158.7,60.52,10-20%,152.35,Dec,Alpha
2023-04-02,2023,4,Apr,Alpha,Consumer,Canada,8,270.55,122.05,2164.43,64.93,2099.49,976.38,1123.11,0.5349,383.66,413.5,709.6,146.79,5000.0,3115.94,1884.06,1.73,1.44,1.65,0.1419,0-5%,976.38,2164.43,2099.49,1123.11,8,270.55,122.05,0-5%,64.93,Apr,Alpha
2025-01-09,2025,1,Jan,Flux,SMB,Canada,13,325.25,153.66,4228.25,507.39,3720.86,1997.56,1723.3,0.4631,539.39,538.07,1185.23,241.99,6434.9,2434.57,4000.33,1.4,1.18,0.61,0.1842,10-20%,1997.56,4228.25,3720.86,1723.3,13,325.25,153.66,10-20%,507.39,Jan,Flux
2025-07-10,2025,7,Jul,Echo,Consumer,USA,12,279.68,139.51,3356.12,234.93,3121.19,1674.11,1447.08,0.4636,668.53,717.57,729.51,326.59,5225.2,3344.64,1880.56,1.86,1.29,1.78,0.1396,5-10%,1674.11,3356.12,3121.19,1447.08,12,279.68,139.51,5-10%,234.93,Jul,Echo
2023-10-25,2023,10,Oct,Alpha,Consumer,USA,15,235.43,116.2,3531.48,0.0,3531.48,1743.05,1788.44,0.5064,728.53,672.41,1116.03,247.63,6744.55,2397.56,4346.99,1.25,0.68,0.55,0.1655,0-5%,1743.05,3531.48,3531.48,1788.44,15,235.43,116.2,0-5%,0.0,Oct,Alpha
2025-03-05,2025,3,Mar,Alpha,SMB,Germany,7,156.58,77.7,1096.08,131.53,964.55,543.9,420.65,0.4361,263.49,249.72,170.93,62.66,5000.0,3058.58,1941.42,1.13,0.87,1.58,0.0342,10-20%,543.9,1096.08,964.55,420.65,7,156.58,77.7,10-20%,131.53,Mar,Alpha
2024-12-01,2024,12,Dec,Flux,Consumer,USA,16,139.98,66.83,2239.6,0.0,2239.6,1069.31,1170.3,0.5225,330.62,333.89,836.4,114.4,5000.0,3040.76,1959.24,1.7,1.25,1.55,0.1673,0-5%,1069.31,2239.6,2239.6,1170.3,16,139.98,66.83,0-5%,0.0,Dec,Flux
2023-08-03,2023,8,Aug,Alpha,Consumer,USA,13,189.11,66.53,2458.45,0.0,2458.45,864.92,1593.54,0.6482,412.48,431.5,1162.04,189.64,5000.0,1843.22,3156.78,1.87,1.27,0.58,0.2324,0-5%,864.92,2458.45,2458.45,1593.54,13,189.11,66.53,0-5%,0.0,Aug,Alpha
2023-12-25,2023,12,Dec,Flux,Consumer,USA,12,261.2,103.4,3134.4,219.41,2915.0,1240.77,1674.22,0.5743,505.88,475.13,1199.09,250.22,5700.81,3212.19,2488.62,1.95,1.58,1.29,0.2103,5-10%,1240.77,3134.4,2915.0,1674.22,12,261.2,103.4,5-10%,219.41,Dec,Flux
2025-01-07,2025,1,Jan,Echo,SMB,USA,12,166.36,68.3,1996.35,0.0,1996.35,819.57,1176.78,0.5895,527.38,568.64,608.14,91.67,5000.0,2820.96,2179.04,1.72,1.31,1.29,0.1216,0-5%,819.57,1996.35,1996.35,1176.78,12,166.36,68.3,0-5%,0.0,Jan,Echo
2025-08-22,2025,8,Aug,Cobalt,Consumer,Canada,16,203.88,99.45,3262.03,97.86,3164.17,1591.17,1573.0,0.4971,655.43,676.57,896.43,225.77,5641.96,3208.93,2433.04,1.51,1.19,1.32,0.1589,0-5%,1591.17,3262.03,3164.17,1573.0,16,203.88,99.45,0-5%,97.86,Aug,Cobalt
2025-12-06,2025,12,Dec,Cobalt,Enterprise,USA,10,275.59,142.96,2755.92,0.0,2755.92,1429.58,1326.34,0.4813,669.7,681.77,644.57,196.14,5000.0,2924.33,2075.67,1.99,1.42,1.41,0.1289,0-5%,1429.58,2755.92,2755.92,1326.34,10,275.59,142.96,0-5%,0.0,Dec,Cobalt
2025-03-12,2025,3,Mar,Bravo,SMB,USA,8,253.94,107.78,2031.52,0.0,2031.52,862.21,1169.31,0.5756,341.26,315.95,853.36,94.1,5000.0,1882.3,3117.7,1.18,0.81,0.6,0.1707,0-5%,862.21,2031.52,2031.52,1169.31,8,253.94,107.78,0-5%,0.0,Mar,Bravo
2024-04-19,2024,4,Apr,Alpha,SMB,USA,7,283.19,113.21,1982.35,138.76,1843.58,792.44,1051.14,0.5702,314.95,301.4,749.74,170.26,5000.0,1920.98,3079.02,2.08,1.76,0.62,0.1499,5-10%,792.44,1982.35,1843.58,1051.14,7,283.19,113.21,5-10%,138.76,Apr,Alpha
2023-09-08,2023,9,Sep,Echo,SMB,USA,5,203.83,101.95,1019.15,122.3,896.85,509.77,387.08,0.4316,163.7,167.36,219.72,79.73,5000.0,1827.85,3172.15,2.44,1.9,0.58,0.0439,10-20%,509.77,1019.15,896.85,387.08,5,203.83,101.95,10-20%,122.3,Sep,Echo
2024-08-27,2024,8,Aug,Bravo,Consumer,USA,6,232.86,93.31,1397.17,167.66,1229.51,559.83,669.68,0.5447,311.66,323.48,346.2,97.99,5000.0,1791.22,3208.78,1.92,1.62,0.56,0.0692,10-20%,559.83,1397.17,1229.51,669.68,6,232.86,93.31,10-20%,167.66,Aug,Bravo
2025-02-10,2025,2,Feb,Cobalt,Consumer,USA,12,145.06,69.79,1740.71,52.22,1688.49,837.46,851.03,0.504,466.15,490.94,360.08,152.16,5000.0,2714.2,2285.8,1.88,1.57,1.19,0.072,0-5%,837.46,1740.71,1688.49,851.03,12,145.06,69.79,0-5%,52.22,Feb,Cobalt
2025-11-01,2025,11,Nov,Alpha,SMB,UK,12,243.45,102.88,2921.44,87.64,2833.8,1234.58,1599.22,0.5643,470.81,462.29,1136.93,262.67,5000.0,3211.56,1788.44,1.78,1.54,1.8,0.2274,0-5%,1234.58,2921.44,2833.8,1599.22,12,243.45,102.88,0-5%,87.64,Nov,Alpha
2024-06-24,2024,6,Jun,Echo,SMB,USA,9,105.87,54.22,952.87,66.7,886.17,488.01,398.15,0.4493,157.24,166.65,231.51,67.85,5000.0,2609.36,2390.64,1.38,0.98,1.09,0.0463,5-10%,488.01,952.87,886.17,398.15,9,105.87,54.22,5-10%,66.7,Jun,Echo
2025-10-29,2025,10,Oct,Echo,Consumer,India,8,188.1,78.93,1504.79,0.0,1504.79,631.48,873.31,0.5804,216.14,199.56,673.75,114.12,5000.0,2646.5,2353.5,1.14,0.82,1.12,0.1347,0-5%,631.48,1504.79,1504.79,873.31,8,188.1,78.93,0-5%,0.0,Oct,Echo
2025-10-02,2025,10,Oct,Cobalt,Consumer,India,10,194.26,101.96,1942.6,0.0,1942.6,1019.6,923.0,0.4751,487.04,455.13,467.86,214.51,5000.0,2329.88,2670.12,1.48,1.21,0.87,0.0936,0-5%,1019.6,1942.6,1942.6,923.0,10,194.26,101.96,0-5%,0.0,Oct,Cobalt
2024-06-26,2024,6,Jun,Cobalt,SMB,USA,10,129.88,59.73,1298.84,90.92,1207.92,597.26,610.66,0.5055,169.96,178.58,432.08,64.09,5000.0,2926.35,2073.65,1.21,0.8,1.41,0.0864,5-10%,597.26,1298.84,1207.92,610.66,10,129.88,59.73,5-10%,90.92,Jun,Cobalt
2024-06-14,2024,6,Jun,Alpha,Consumer,USA,8,149.62,67.03,1196.97,83.79,1113.19,536.26,576.92,0.5183,247.29,227.96,348.96,81.32,5000.0,1787.35,3212.65,1.58,1.05,0.56,0.0698,5-10%,536.26,1196.97,1113.19,576.92,8,149.62,67.03,5-10%,83.79,Jun,Alpha
2025-12-25,2025,12,Dec,Delta,Consumer,Canada,8,241.66,109.43,1933.31,58.0,1875.31,875.42,999.89,0.5332,479.7,496.11,503.78,161.83,5000.0,3239.34,1760.66,2.3,1.98,1.84,0.1008,0-5%,875.42,1933.31,1875.31,999.89,8,241.66,109.43,0-5%,58.0,Dec,Delta
2025-01-06,2025,1,Jan,Echo,SMB,USA,9,200.47,98.07,1804.22,216.51,1587.71,882.65,705.07,0.4441,300.39,297.27,407.8,102.14,5000.0,2020.52,2979.48,1.65,1.2,0.68,0.0816,10-20%,882.65,1804.22,1587.71,705.07,9,200.47,98.07,10-20%,216.51,Jan,Echo
2025-05-24,2025,5,May,Echo,SMB,USA,11,250.76,98.94,2758.32,331.0,2427.32,1088.37,1338.95,0.5516,471.55,488.92,850.03,164.75,5000.0,2214.24,2785.76,2.17,1.78,0.79,0.17,10-20%,1088.37,2758.32,2427.32,1338.95,11,250.76,98.94,10-20%,331.0,May,Echo
2023-02-15,2023,2,Feb,Bravo,Consumer,USA,6,224.01,89.54,1344.06,94.08,1249.98,537.26,712.71,0.5702,217.22,211.81,500.91,66.34,5000.0,3003.53,1996.47,1.67,1.32,1.5,0.1002,5-10%,537.26,1344.06,1249.98,712.71,6,224.01,89.54,5-10%,94.08,Feb,Bravo
2025-10-18,2025,10,Oct,Cobalt,Consumer,USA,11,221.12,120.11,2432.32,170.26,2262.06,1321.21,940.85,0.4159,330.02,329.83,611.02,154.69,5000.0,2557.32,2442.68,1.99,1.7,1.05,0.1222,5-10%,1321.21,2432.32,2262.06,940.85,11,221.12,120.11,5-10%,170.26,Oct,Cobalt
2024-01-09,2024,1,Jan,Bravo,SMB,USA,10,122.81,57.51,1228.07,36.84,1191.23,575.1,616.13,0.5172,206.76,193.7,422.44,93.17,5000.0,2069.58,2930.42,2.05,1.51,0.71,0.0845,0-5%,575.1,1228.07,1191.23,616.13,10,122.81,57.51,0-5%,36.84,Jan,Bravo
2023-07-24,2023,7,Jul,Alpha,Consumer,USA,12,221.41,117.66,2656.9,79.71,2577.19,1411.9,1165.29,0.4522,474.91,488.3,676.99,218.91,5000.0,2374.54,2625.46,2.07,1.56,0.9,0.1354,0-5%,1411.9,2656.9,2577.19,1165.29,12,221.41,117.66,0-5%,79.71,Jul,Alpha
2023-11-15,2023,11,Nov,Flux,Enterprise,India,6,292.55,131.91,1755.28,122.87,1632.41,791.44,840.97,0.5152,406.08,394.2,446.77,82.08,5000.0,2395.81,2604.19,1.44,0.92,0.92,0.0894,5-10%,791.44,1755.28,1632.41,840.97,6,292.55,131.91,5-10%,122.87,Nov,Flux
2024-09-03,2024,9,Sep,Delta,Enterprise,USA,8,178.69,68.37,1429.48,42.88,1386.6,546.95,839.64,0.6055,286.86,292.0,547.64,65.87,5000.0,2532.93,2467.07,1.9,1.31,1.03,0.1095,0-5%,546.95,1429.48,1386.6,839.64,8,178.69,68.37,0-5%,42.88,Sep,Delta
2024-12-08,2024,12,Dec,Echo,SMB,USA,7,185.05,96.09,1295.35,155.44,1139.91,672.64,467.27,0.4099,305.49,320.39,146.88,97.23,5000.0,2392.32,2607.68,1.89,1.54,0.92,0.0294,10-20%,672.64,1295.35,1139.91,467.27,7,185.05,96.09,10-20%,155.44,Dec,Echo
2024-05-07,2024,5,May,Bravo,Consumer,India,8,194.28,100.59,1554.24,0.0,1554.24,804.75,749.5,0.4822,320.95,318.77,430.73,110.99,5000.0,2634.38,2365.62,2.37,1.86,1.11,0.0861,0-5%,804.75,1554.24,1554.24,749.5,8,194.28,100.59,0-5%,0.0,May,Bravo
2023-03-11,2023,3,Mar,Delta,Consumer,India,6,169.76,91.73,1018.58,71.3,947.28,550.38,396.9,0.419,155.57,149.42,247.48,97.26,5000.0,2529.56,2470.44,1.17,0.66,1.02,0.0495,5-10%,550.38,1018.58,947.28,396.9,6,169.76,91.73,5-10%,71.3,Mar,Delta
2024-09-30,2024,9,Sep,Flux,Consumer,Germany,9,200.12,74.23,1801.11,0.0,1801.11,668.06,1133.06,0.6291,496.86,470.45,662.61,145.64,5000.0,2260.77,2739.23,1.16,0.94,0.83,0.1325,0-5%,668.06,1801.11,1801.11,1133.06,9,200.12,74.23,0-5%,0.0,Sep,Flux
2023-05-25,2023,5,May,Echo,SMB,UK,17,168.45,73.33,2863.66,200.46,2663.2,1246.61,1416.6,0.5319,363.1,353.87,1062.73,240.54,5000.0,1888.27,3111.73,1.36,0.83,0.61,0.2125,5-10%,1246.61,2863.66,2663.2,1416.6,17,168.45,73.33,5-10%,200.46,May,Echo
2023-01-06,2023,1,Jan,Flux,SMB,USA,9,169.48,66.84,1525.35,0.0,1525.35,601.53,923.82,0.6056,281.98,284.03,639.79,87.26,5000.0,1753.53,3246.47,1.93,1.7,0.54,0.128,0-5%,601.53,1525.35,1525.35,923.82,9,169.48,66.84,0-5%,0.0,Jan,Flux
2024-07-03,2024,7,Jul,Cobalt,Consumer,UK,12,230.81,121.6,2769.69,0.0,2769.69,1459.21,1310.48,0.4732,559.34,563.21,747.28,208.13,5000.0,2672.36,2327.64,2.3,1.87,1.15,0.1495,0-5%,1459.21,2769.69,2769.69,1310.48,12,230.81,121.6,0-5%,0.0,Jul,Cobalt
2023-04-03,2023,4,Apr,Cobalt,Consumer,Germany,10,284.81,104.1,2848.11,85.44,2762.66,1041.0,1721.67,0.6232,546.54,571.97,1149.7,127.04,5000.0,1900.92,3099.08,1.73,1.27,0.61,0.2299,0-5%,1041.0,2848.11,2762.66,1721.67,10,284.81,104.1,0-5%,85.44,Apr,Cobalt
2023-04-26,2023,4,Apr,Echo,Consumer,USA,11,216.61,98.42,2382.76,0.0,2382.76,1082.64,1300.13,0.5456,428.75,428.49,871.64,228.63,5000.0,2894.74,2105.26,1.39,0.88,1.38,0.1743,0-5%,1082.64,2382.76,2382.76,1300.13,11,216.61,98.42,0-5%,0.0,Apr,Echo
2023-03-27,2023,3,Mar,Alpha,Enterprise,USA,5,193.98,90.0,969.88,242.47,727.41,449.98,277.44,0.3814,171.54,180.79,96.64,50.0,5000.0,3077.45,1922.55,1.47,1.17,1.6,0.0193,20%+,449.98,969.88,727.41,277.44,5,193.98,90.0,20%+,242.47,Mar,Alpha
2024-10-03,2024,10,Oct,Alpha,Consumer,USA,4,215.95,80.81,863.82,0.0,863.82,323.22,540.6,0.6258,133.66,143.9,396.69,50.0,5000.0,2779.14,2220.86,1.66,1.25,1.25,0.0793,0-5%,323.22,863.82,863.82,540.6,4,215.95,80.81,0-5%,0.0,Oct,Alpha
2024-10-27,2024,10,Oct,Alpha,Consumer,USA,10,204.87,75.45,2048.71,61.46,1987.25,754.5,1232.75,0.6203,309.72,314.86,917.89,109.45,5000.0,2466.08,2533.92,1.75,1.4,0.97,0.1836,0-5%,754.5,2048.71,1987.25,1232.75,10,204.87,75.45,0-5%,61.46,Oct,Alpha
2025-12-04,2025,12,Dec,Flux,Enterprise,USA,12,158.2,63.32,1898.42,474.61,1423.82,759.83,663.99,0.4663,279.75,260.45,403.54,159.62,5000.0,3119.71,1880.29,2.27,1.88,1.66,0.0807,20%+,759.83,1898.42,1423.82,663.99,12,158.2,63.32,20%+,474.61,Dec,Flux
2025-09-04,2025,9,Sep,Flux,SMB,USA,6,173.86,93.89,1043.19,0.0,1043.19,563.36,479.83,0.46,146.84,142.8,337.03,91.6,5000.0,2159.75,2840.25,1.41,0.98,0.76,0.0674,0-5%,563.36,1043.19,1043.19,479.83,6,173.86,93.89,0-5%,0.0,Sep,Flux
2025-04-23,2025,4,Apr,Delta,Consumer,Germany,10,224.26,84.55,2242.6,0.0,2242.6,845.49,1397.11,0.623,397.98,414.11,983.0,85.45,5000.0,2673.12,2326.88,1.92,1.46,1.15,0.1966,0-5%,845.49,2242.6,2242.6,1397.11,10,224.26,84.55,0-5%,0.0,Apr,Delta
2025-02-23,2025,2,Feb,Alpha,SMB,UK,9,157.29,60.68,1415.59,99.09,1316.5,546.14,770.36,0.5852,204.82,207.3,563.05,102.33,5000.0,2130.35,2869.65,2.0,1.44,0.74,0.1126,5-10%,546.14,1415.59,1316.5,770.36,9,157.29,60.68,5-10%,99.09,Feb,Alpha
2023-06-06,2023,6,Jun,Alpha,Consumer,USA,11,161.79,61.68,1779.71,0.0,1779.71,678.53,1101.17,0.6187,290.6,303.9,797.27,93.51,5000.0,2075.15,2924.85,1.66,1.24,0.71,0.1595,0-5%,678.53,1779.71,1779.71,1101.17,11,161.79,61.68,0-5%,0.0,Jun,Alpha
2024-08-02,2024,8,Aug,Alpha,Consumer,India,9,206.32,110.08,1856.85,464.21,1392.64,990.74,401.9,0.2886,322.43,298.97,102.93,117.11,5000.0,2748.32,2251.68,2.15,1.56,1.22,0.0206,20%+,990.74,1856.85,1392.64,401.9,9,206.32,110.08,20%+,464.21,Aug,Alpha
2023-02-10,2023,2,Feb,Delta,Consumer,UK,7,295.54,147.81,2068.78,62.06,2006.72,1034.68,972.03,0.4844,505.91,534.56,437.48,140.18,5000.0,1889.29,3110.71,1.68,1.13,0.61,0.0875,0-5%,1034.68,2068.78,2006.72,972.03,7,295.54,147.81,0-5%,62.06,Feb,Delta
2023-02-21,2023,2,Feb,Delta,Consumer,USA,8,112.32,46.65,898.56,0.0,898.56,373.2,525.36,0.5847,157.54,167.23,358.13,50.0,5000.0,2785.66,2214.34,2.06,1.62,1.26,0.0716,0-5%,373.2,898.56,898.56,525.36,8,112.32,46.65,0-5%,0.0,Feb,Delta
2024-03-23,2024,3,Mar,Alpha,Consumer,Germany,6,160.12,57.53,960.73,28.82,931.91,345.21,586.7,0.6296,226.87,239.21,347.49,50.0,5000.0,1823.4,3176.6,2.26,1.74,0.57,0.0695,0-5%,345.21,960.73,931.91,586.7,6,160.12,57.53,0-5%,28.82,Mar,Alpha
2023-10-17,2023,10,Oct,Echo,Consumer,Canada,10,153.02,54.99,1530.16,107.11,1423.05,549.9,873.15,0.6136,327.09,312.07,561.08,93.12,5000.0,1982.34,3017.66,2.19,1.74,0.66,0.1122,5-10%,549.9,1530.16,1423.05,873.15,10,153.02,54.99,5-10%,107.11,Oct,Echo
2025-01-23,2025,1,Jan,Cobalt,Consumer,UK,9,266.63,105.04,2399.69,167.98,2231.71,945.37,1286.34,0.5764,602.39,556.26,730.09,101.02,5000.0,2378.66,2621.34,1.7,1.45,0.91,0.146,5-10%,945.37,2399.69,2231.71,1286.34,9,266.63,105.04,5-10%,167.98,Jan,Cobalt
2024-02-22,2024,2,Feb,Flux,Consumer,Germany,11,167.83,79.33,1846.16,55.38,1790.78,872.62,918.16,0.5127,299.64,321.0,597.16,124.1,5000.0,2479.86,2520.14,1.75,1.26,0.98,0.1194,0-5%,872.62,1846.16,1790.78,918.16,11,167.83,79.33,0-5%,55.38,Feb,Flux
2025-01-05,2025,1,Jan,Alpha,Enterprise,Canada,9,161.94,84.82,1457.45,0.0,1457.45,763.35,694.1,0.4762,355.09,339.42,354.68,95.91,5000.0,2743.4,2256.6,2.24,2.03,1.22,0.0709,0-5%,763.35,1457.45,1457.45,694.1,9,161.94,84.82,0-5%,0.0,Jan,Alpha
2023-04-09,2023,4,Apr,Alpha,Consumer,Canada,7,197.86,106.92,1385.04,96.95,1288.08,748.46,539.62,0.4189,285.12,280.13,259.49,125.15,5000.0,3026.49,1973.51,1.6,1.34,1.53,0.0519,5-10%,748.46,1385.04,1288.08,539.62,7,197.86,106.92,5-10%,96.95,Apr,Alpha
2024-11-28,2024,11,Nov,Alpha,SMB,USA,8,133.54,64.92,1068.29,0.0,1068.29,519.32,548.96,0.5139,272.59,252.76,296.2,114.14,5000.0,1782.1,3217.9,1.02,0.57,0.55,0.0592,0-5%,519.32,1068.29,1068.29,548.96,8,133.54,64.92,0-5%,0.0,Nov,Alpha
2025-05-23,2025,5,May,Cobalt,SMB,UK,15,277.66,132.83,4164.96,499.79,3665.16,1992.5,1672.66,0.4564,463.6,427.16,1245.5,208.43,5023.58,3207.0,1816.57,1.59,1.36,1.77,0.2479,10-20%,1992.5,4164.96,3665.16,1672.66,15,277.66,132.83,10-20%,499.79,May,Cobalt
2025-04-03,2025,4,Apr,Echo,Consumer,India,4,145.7,55.36,582.81,40.8,542.01,221.45,320.56,0.5914,137.53,129.85,190.71,50.0,5000.0,2999.62,2000.38,1.82,1.4,1.5,0.0381,5-10%,221.45,582.81,542.01,320.56,4,145.7,55.36,5-10%,40.8,Apr,Echo
2023-08-02,2023,8,Aug,Cobalt,Consumer,USA,8,170.5,69.14,1364.02,0.0,1364.02,553.13,810.89,0.5945,371.83,351.38,459.51,116.35,5000.0,2160.91,2839.09,1.76,1.47,0.76,0.0919,0-5%,553.13,1364.02,1364.02,810.89,8,170.5,69.14,0-5%,0.0,Aug,Cobalt
2023-01-06,2023,1,Jan,Delta,SMB,USA,11,159.08,63.01,1749.89,122.49,1627.4,693.13,934.27,0.5741,358.41,373.26,561.01,101.19,5000.0,2239.12,2760.88,1.96,1.44,0.81,0.1122,5-10%,693.13,1749.89,1627.4,934.27,11,159.08,63.01,5-10%,122.49,Jan,Delta
2024-11-21,2024,11,Nov,Flux,SMB,USA,7,204.52,75.48,1431.61,0.0,1431.61,528.33,903.27,0.6309,216.84,214.35,688.93,103.77,5000.0,2873.97,2126.03,1.92,1.36,1.35,0.1378,0-5%,528.33,1431.61,1431.61,903.27,7,204.52,75.48,0-5%,0.0,Nov,Flux
2023-09-27,2023,9,Sep,Cobalt,Consumer,USA,9,90.27,33.86,812.45,24.37,788.08,304.77,483.31,0.6133,138.78,137.65,345.66,50.0,5000.0,2748.68,2251.32,2.04,1.62,1.22,0.0691,0-5%,304.77,812.45,788.08,483.31,9,90.27,33.86,0-5%,24.37,Sep,Cobalt
2025-05-20,2025,5,May,Echo,Enterprise,Germany,14,299.42,129.83,4191.92,0.0,4191.92,1817.67,2374.26,0.5664,1003.14,1013.04,1361.22,392.71,5570.79,2878.25,2692.53,1.32,0.98,1.07,0.2443,0-5%,1817.67,4191.92,4191.92,2374.26,14,299.42,129.83,0-5%,0.0,May,Echo
2024-07-13,2024,7,Jul,Bravo,SMB,Canada,9,170.93,91.01,1538.39,46.15,1492.24,819.05,673.19,0.4511,415.01,430.71,242.48,100.85,5000.0,2471.76,2528.24,2.18,1.87,0.98,0.0485,0-5%,819.05,1538.39,1492.24,673.19,9,170.93,91.01,0-5%,46.15,Jul,Bravo
2023-04-16,2023,4,Apr,Echo,Consumer,USA,5,273.52,118.55,1367.62,41.03,1326.59,592.75,733.84,0.5532,291.2,309.08,424.76,64.2,5000.0,2124.05,2875.95,1.75,1.38,0.74,0.085,0-5%,592.75,1367.62,1326.59,733.84,5,273.52,118.55,0-5%,41.03,Apr,Echo
2024-04-12,2024,4,Apr,Flux,SMB,USA,16,143.23,57.9,2291.73,0.0,2291.73,926.45,1365.27,0.5957,291.29,284.17,1081.11,165.61,5000.0,2469.61,2530.39,1.28,0.88,0.98,0.2162,0-5%,926.45,2291.73,2291.73,1365.27,16,143.23,57.9,0-5%,0.0,Apr,Flux
2024-05-01,2024,5,May,Cobalt,Consumer,Canada,7,177.09,71.9,1239.64,86.77,1152.87,503.32,649.55,0.5634,283.36,290.22,359.33,105.33,5000.0,2813.56,2186.44,2.19,1.6,1.29,0.0719,5-10%,503.32,1239.64,1152.87,649.55,7,177.09,71.9,5-10%,86.77,May,Cobalt
2025-06-21,2025,6,Jun,Flux,Consumer,India,9,122.08,64.88,1098.75,76.91,1021.84,583.9,437.94,0.4286,162.89,172.44,265.51,68.48,5000.0,2344.09,2655.91,1.65,1.1,0.88,0.0531,5-10%,583.9,1098.75,1021.84,437.94,9,122.08,64.88,5-10%,76.91,Jun,Flux
2023-11-18,2023,11,Nov,Cobalt,Consumer,Germany,10,336.03,180.11,3360.32,100.81,3259.51,1801.09,1458.42,0.4474,449.67,466.89,991.53,304.39,5000.0,2666.87,2333.13,1.63,1.4,1.14,0.1983,0-5%,1801.09,3360.32,3259.51,1458.42,10,336.03,180.11,0-5%,100.81,Nov,Cobalt
2024-09-25,2024,9,Sep,Echo,Consumer,USA,9,304.6,134.37,2741.38,191.9,2549.48,1209.31,1340.18,0.5257,461.57,489.71,850.47,126.87,5000.0,2695.56,2304.44,1.53,1.19,1.17,0.1701,5-10%,1209.31,2741.38,2549.48,1340.18,9,304.6,134.37,5-10%,191.9,Sep,Echo
2025-07-23,2025,7,Jul,Bravo,Consumer,Canada,9,168.56,80.23,1517.06,45.51,1471.55,722.09,749.46,0.5093,346.79,320.05,429.41,107.49,5000.0,2375.8,2624.2,1.35,1.13,0.91,0.0859,0-5%,722.09,1517.06,1471.55,749.46,9,168.56,80.23,0-5%,45.51,Jul,Bravo
2023-03-18,2023,3,Mar,Bravo,Consumer,UK,10,185.07,74.0,1850.69,0.0,1850.69,740.03,1110.66,0.6001,504.31,512.9,597.76,154.88,5000.0,2379.76,2620.24,1.65,1.43,0.91,0.1196,0-5%,740.03,1850.69,1850.69,1110.66,10,185.07,74.0,0-5%,0.0,Mar,Bravo
2024-01-17,2024,1,Jan,Delta,Enterprise,UK,7,325.47,145.23,2278.26,68.35,2209.92,1016.62,1193.3,0.54,344.38,330.01,863.29,110.51,5000.0,1880.31,3119.69,2.1,1.53,0.6,0.1727,0-5%,1016.62,2278.26,2209.92,1193.3,7,325.47,145.23,0-5%,68.35,Jan,Delta
2024-10-16,2024,10,Oct,Alpha,Consumer,USA,7,324.56,162.33,2271.93,0.0,2271.93,1136.31,1135.62,0.4998,632.31,673.1,462.52,134.14,5000.0,2929.38,2070.62,1.4,1.01,1.41,0.0925,0-5%,1136.31,2271.93,2271.93,1135.62,7,324.56,162.33,0-5%,0.0,Oct,Alpha
2023-05-25,2023,5,May,Echo,SMB,USA,7,180.84,83.01,1265.9,0.0,1265.9,581.06,684.84,0.541,205.12,218.21,466.63,94.13,5000.0,2332.26,2667.74,2.2,1.72,0.87,0.0933,0-5%,581.06,1265.9,1265.9,684.84,7,180.84,83.01,0-5%,0.0,May,Echo
2024-02-14,2024,2,Feb,Alpha,Consumer,USA,7,198.56,97.04,1389.93,0.0,1389.93,679.26,710.67,0.5113,197.21,193.02,517.64,127.27,5000.0,2199.59,2800.41,2.01,1.69,0.79,0.1035,0-5%,679.26,1389.93,1389.93,710.67,7,198.56,97.04,0-5%,0.0,Feb,Alpha
2023-01-24,2023,1,Jan,Delta,Consumer,Germany,6,245.36,119.61,1472.14,0.0,1472.14,717.68,754.46,0.5125,180.43,192.78,561.68,156.74,5000.0,2960.0,2040.0,1.58,0.98,1.45,0.1123,0-5%,717.68,1472.14,1472.14,754.46,6,245.36,119.61,0-5%,0.0,Jan,Delta
2025-07-14,2025,7,Jul,Alpha,Consumer,USA,8,187.06,82.21,1496.5,44.89,1451.6,657.65,793.96,0.547,175.98,181.4,612.56,66.52,5000.0,2724.77,2275.23,1.82,1.5,1.2,0.1225,0-5%,657.65,1496.5,1451.6,793.96,8,187.06,82.21,0-5%,44.89,Jul,Alpha
2024-02-16,2024,2,Feb,Echo,Consumer,USA,8,268.57,133.71,2148.54,257.82,1890.72,1069.64,821.07,0.4343,493.13,467.36,353.71,169.29,5000.0,2130.96,2869.04,1.58,1.19,0.74,0.0707,10-20%,1069.64,2148.54,1890.72,821.07,8,268.57,133.71,10-20%,257.82,Feb,Echo
2023-06-02,2023,6,Jun,Bravo,Enterprise,Canada,11,183.88,77.8,2022.66,141.59,1881.07,855.77,1025.3,0.5451,410.12,441.82,583.48,158.94,5000.0,2089.87,2910.13,1.62,1.35,0.72,0.1167,5-10%,855.77,2022.66,1881.07,1025.3,11,183.88,77.8,5-10%,141.59,Jun,Bravo
2023-04-11,2023,4,Apr,Flux,SMB,India,6,219.3,112.71,1315.82,0.0,1315.82,676.28,639.54,0.486,249.81,244.03,395.51,143.6,5000.0,2050.42,2949.58,1.78,1.32,0.7,0.0791,0-5%,676.28,1315.82,1315.82,639.54,6,219.3,112.71,0-5%,0.0,Apr,Flux
2024-05-02,2024,5,May,Flux,Consumer,Canada,13,222.6,113.72,2893.77,86.81,2806.95,1478.35,1328.6,0.4733,401.91,386.51,942.1,274.86,5000.0,2437.42,2562.58,2.3,2.04,0.95,0.1884,0-5%,1478.35,2893.77,2806.95,1328.6,13,222.6,113.72,0-5%,86.81,May,Flux
2023-12-21,2023,12,Dec,Cobalt,Consumer,Canada,8,180.1,94.69,1440.81,43.22,1397.59,757.53,640.06,0.458,349.52,325.54,314.52,104.97,5000.0,2111.43,2888.57,1.67,1.24,0.73,0.0629,0-5%,757.53,1440.81,1397.59,640.06,8,180.1,94.69,0-5%,43.22,Dec,Cobalt
2025-03-26,2025,3,Mar,Delta,Consumer,USA,10,164.36,81.65,1643.61,49.31,1594.3,816.51,777.79,0.4879,415.48,417.46,360.33,151.86,5000.0,2253.96,2746.04,1.58,1.13,0.82,0.0721,0-5%,816.51,1643.61,1594.3,777.79,10,164.36,81.65,0-5%,49.31,Mar,Delta
2025-03-03,2025,3,Mar,Alpha,SMB,India,11,226.68,106.12,2493.45,174.54,2318.9,1167.28,1151.62,0.4966,522.23,527.33,624.29,150.53,5000.0,2726.8,2273.2,2.1,1.88,1.2,0.1249,5-10%,1167.28,2493.45,2318.9,1151.62,11,226.68,106.12,5-10%,174.54,Mar,Alpha
2024-01-24,2024,1,Jan,Bravo,SMB,UK,14,261.31,121.69,3658.31,109.75,3548.56,1703.66,1844.9,0.5199,694.99,672.94,1171.96,340.01,7377.83,4389.22,2988.61,1.68,1.33,1.47,0.1588,0-5%,1703.66,3658.31,3548.56,1844.9,14,261.31,121.69,0-5%,109.75,Jan,Bravo
2025-02-08,2025,2,Feb,Alpha,SMB,India,8,325.77,139.12,2606.13,0.0,2606.13,1112.94,1493.19,0.573,564.77,527.53,965.66,207.2,5000.0,1995.08,3004.92,1.51,1.16,0.66,0.1931,0-5%,1112.94,2606.13,2606.13,1493.19,8,325.77,139.12,0-5%,0.0,Feb,Alpha
2025-11-05,2025,11,Nov,Cobalt,Consumer,USA,9,224.81,112.44,2023.33,141.63,1881.69,1012.0,869.69,0.4622,504.57,537.86,331.83,148.61,5000.0,2579.98,2420.02,1.81,1.49,1.07,0.0664,5-10%,1012.0,2023.33,1881.69,869.69,9,224.81,112.44,5-10%,141.63,Nov,Cobalt
2024-04-11,2024,4,Apr,Bravo,Enterprise,USA,8,187.52,100.46,1500.17,105.01,1395.15,803.64,591.51,0.424,273.66,259.7,331.82,115.7,5000.0,2191.88,2808.12,1.53,1.07,0.78,0.0664,5-10%,803.64,1500.17,1395.15,591.51,8,187.52,100.46,5-10%,105.01,Apr,Bravo
2024-06-08,2024,6,Jun,Alpha,Enterprise,USA,7,261.68,106.16,1831.73,0.0,1831.73,743.14,1088.59,0.5943,426.9,441.22,647.37,136.32,5000.0,3100.73,1899.27,1.47,0.92,1.63,0.1295,0-5%,743.14,1831.73,1831.73,1088.59,7,261.68,106.16,0-5%,0.0,Jun,Alpha
2024-06-27,2024,6,Jun,Flux,SMB,USA,9,109.04,45.37,981.34,0.0,981.34,408.36,572.98,0.5839,173.74,179.29,393.68,79.89,5000.0,1974.12,3025.88,1.76,1.27,0.65,0.0787,0-5%,408.36,981.34,981.34,572.98,9,109.04,45.37,0-5%,0.0,Jun,Flux
2025-08-23,2025,8,Aug,Delta,Consumer,USA,6,127.52,57.94,765.13,0.0,765.13,347.66,417.46,0.5456,103.93,96.93,320.53,72.23,5000.0,2857.51,2142.49,1.41,0.82,1.33,0.0641,0-5%,347.66,765.13,765.13,417.46,6,127.52,57.94,0-5%,0.0,Aug,Delta
2023-03-13,2023,3,Mar,Bravo,Consumer,Germany,9,243.73,110.72,2193.59,263.23,1930.36,996.46,933.9,0.4838,463.33,450.68,483.22,142.16,5000.0,3012.59,1987.41,1.85,1.43,1.52,0.0966,10-20%,996.46,2193.59,1930.36,933.9,9,243.73,110.72,10-20%,263.23,Mar,Bravo
2023-07-14,2023,7,Jul,Bravo,Consumer,USA,6,156.94,83.96,941.61,65.91,875.7,503.76,371.94,0.4247,226.01,231.9,140.04,82.74,5000.0,2786.84,2213.16,1.73,1.48,1.26,0.028,5-10%,503.76,941.61,875.7,371.94,6,156.94,83.96,5-10%,65.91,Jul,Bravo
2025-05-02,2025,5,May,Bravo,Consumer,USA,11,277.87,131.71,3056.52,91.7,2964.82,1448.85,1515.97,0.5113,362.49,379.26,1136.72,208.21,5529.4,2537.6,2991.8,2.26,1.76,0.85,0.2056,0-5%,1448.85,3056.52,2964.82,1515.97,11,277.87,131.71,0-5%,91.7,May,Bravo
2024-05-24,2024,5,May,Bravo,SMB,India,13,209.15,96.38,2718.92,326.27,2392.65,1252.89,1139.75,0.4764,322.13,335.45,804.31,167.64,5000.0,1978.9,3021.1,1.72,1.34,0.66,0.1609,10-20%,1252.89,2718.92,2392.65,1139.75,13,209.15,96.38,10-20%,326.27,May,Bravo
2025-11-09,2025,11,Nov,Flux,Enterprise,USA,8,175.0,94.86,1400.02,168.0,1232.02,758.9,473.12,0.384,215.48,221.71,251.41,124.65,5000.0,1977.86,3022.14,1.84,1.61,0.65,0.0503,10-20%,758.9,1400.02,1232.02,473.12,8,175.0,94.86,10-20%,168.0,Nov,Flux
2024-04-13,2024,4,Apr,Delta,SMB,USA,6,205.77,85.56,1234.63,308.66,925.97,513.39,412.59,0.4456,239.6,255.17,157.41,104.26,5000.0,3185.85,1814.15,1.54,1.08,1.76,0.0315,20%+,513.39,1234.63,925.97,412.59,6,205.77,85.56,20%+,308.66,Apr,Delta
2025-04-09,2025,4,Apr,Bravo,Consumer,Germany,11,241.14,108.31,2652.56,0.0,2652.56,1191.44,1461.13,0.5508,437.67,445.2,1015.92,213.24,5000.0,2015.42,2984.58,1.46,0.92,0.68,0.2032,0-5%,1191.44,2652.56,2652.56,1461.13,11,241.14,108.31,0-5%,0.0,Apr,Bravo
2023-08-26,2023,8,Aug,Alpha,SMB,USA,6,335.71,152.29,2014.23,241.71,1772.52,913.73,858.79,0.4845,419.61,431.52,427.28,183.08,5000.0,3058.71,1941.29,2.26,1.9,1.58,0.0855,10-20%,913.73,2014.23,1772.52,858.79,6,335.71,152.29,10-20%,241.71,Aug,Alpha
2023-04-01,2023,4,Apr,Bravo,SMB,India,5,253.86,99.17,1269.32,152.32,1117.0,495.86,621.14,0.5561,149.34,141.92,479.22,104.08,5000.0,2254.04,2745.96,1.26,0.73,0.82,0.0958,10-20%,495.86,1269.32,1117.0,621.14,5,253.86,99.17,10-20%,152.32,Apr,Bravo
2024-08-07,2024,8,Aug,Cobalt,Consumer,India,10,209.71,86.34,2097.07,0.0,2097.07,863.38,1233.69,0.5883,328.29,349.62,884.07,174.92,5000.0,1895.64,3104.36,2.03,1.79,0.61,0.1768,0-5%,863.38,2097.07,2097.07,1233.69,10,209.71,86.34,0-5%,0.0,Aug,Cobalt
2025-11-10,2025,11,Nov,Bravo,Enterprise,USA,6,338.74,184.99,2032.46,0.0,2032.46,1109.92,922.53,0.4539,444.6,429.4,493.13,223.21,5000.0,2557.86,2442.14,1.83,1.25,1.05,0.0986,0-5%,1109.92,2032.46,2032.46,922.53,6,338.74,184.99,0-5%,0.0,Nov,Bravo
2024-03-13,2024,3,Mar,Echo,Consumer,Canada,9,267.36,124.87,2406.22,0.0,2406.22,1123.79,1282.43,0.533,423.52,429.68,852.75,151.4,5000.0,2441.15,2558.85,1.87,1.38,0.95,0.1705,0-5%,1123.79,2406.22,2406.22,1282.43,9,267.36,124.87,0-5%,0.0,Mar,Echo
2025-09-23,2025,9,Sep,Bravo,Consumer,USA,10,87.88,33.43,878.81,105.46,773.35,334.28,439.07,0.5678,208.39,216.02,223.05,50.0,5000.0,2156.09,2843.91,1.61,1.37,0.76,0.0446,10-20%,334.28,878.81,773.35,439.07,10,87.88,33.43,10-20%,105.46,Sep,Bravo
2023-10-01,2023,10,Oct,Cobalt,SMB,USA,10,191.21,93.58,1912.07,133.84,1778.22,935.83,842.4,0.4737,411.65,413.76,428.64,203.48,5000.0,2763.78,2236.22,1.59,1.36,1.24,0.0857,5-10%,935.83,1912.07,1778.22,842.4,10,191.21,93.58,5-10%,133.84,Oct,Cobalt
2024-09-21,2024,9,Sep,Flux,Consumer,USA,5,208.0,79.88,1039.98,31.2,1008.78,399.38,609.4,0.6041,208.68,204.89,404.5,50.0,5000.0,1770.36,3229.64,1.91,1.38,0.55,0.0809,0-5%,399.38,1039.98,1008.78,609.4,5,208.0,79.88,0-5%,31.2,Sep,Flux
2023-07-05,2023,7,Jul,Alpha,SMB,USA,10,194.88,87.89,1948.84,0.0,1948.84,878.92,1069.92,0.549,484.0,495.16,574.75,89.03,5000.0,2377.13,2622.87,2.19,1.98,0.91,0.115,0-5%,878.92,1948.84,1948.84,1069.92,10,194.88,87.89,0-5%,0.0,Jul,Alpha
2023-05-18,2023,5,May,Bravo,Consumer,USA,8,199.31,101.99,1594.47,111.61,1482.86,815.94,666.92,0.4498,222.95,227.98,438.94,138.82,5000.0,2451.13,2548.87,1.82,1.31,0.96,0.0878,5-10%,815.94,1594.47,1482.86,666.92,8,199.31,101.99,5-10%,111.61,May,Bravo
2025-03-19,2025,3,Mar,Alpha,SMB,India,5,252.11,122.77,1260.53,0.0,1260.53,613.83,646.7,0.513,186.69,187.99,458.71,108.27,5000.0,2381.5,2618.5,1.75,1.4,0.91,0.0917,0-5%,613.83,1260.53,1260.53,646.7,5,252.11,122.77,0-5%,0.0,Mar,Alpha
2025-05-13,2025,5,May,Delta,SMB,USA,8,254.08,103.57,2032.61,0.0,2032.61,828.6,1204.01,0.5923,253.67,247.87,956.14,174.81,5000.0,2863.6,2136.4,1.79,1.22,1.34,0.1912,0-5%,828.6,2032.61,2032.61,1204.01,8,254.08,103.57,0-5%,0.0,May,Delta
2024-03-18,2024,3,Mar,Delta,Consumer,UK,5,156.63,81.1,783.15,54.82,728.33,405.48,322.84,0.4433,113.3,113.57,209.28,57.95,5000.0,2046.48,2953.52,1.74,1.33,0.69,0.0419,5-10%,405.48,783.15,728.33,322.84,5,156.63,81.1,5-10%,54.82,Mar,Delta
2023-06-25,2023,6,Jun,Bravo,Consumer,Germany,9,174.67,67.97,1572.0,110.04,1461.96,611.7,850.26,0.5816,334.31,360.53,489.73,107.98,5000.0,2689.68,2310.32,1.77,1.45,1.16,0.0979,5-10%,611.7,1572.0,1461.96,850.26,9,174.67,67.97,5-10%,110.04,Jun,Bravo
2023-06-23,2023,6,Jun,Delta,Consumer,USA,9,264.38,125.24,2379.38,71.38,2308.0,1127.19,1180.8,0.5116,601.98,635.22,545.58,181.83,5000.0,2049.96,2950.04,1.16,0.77,0.69,0.1091,0-5%,1127.19,2379.38,2308.0,1180.8,9,264.38,125.24,0-5%,71.38,Jun,Delta
2024-07-14,2024,7,Jul,Flux,Enterprise,USA,6,195.48,82.51,1172.86,140.74,1032.11,495.07,537.05,0.5203,195.23,205.33,331.72,106.27,5000.0,3174.22,1825.78,1.35,1.06,1.74,0.0663,10-20%,495.07,1172.86,1032.11,537.05,6,195.48,82.51,10-20%,140.74,Jul,Flux
2024-07-23,2024,7,Jul,Bravo,SMB,USA,10,253.52,103.39,2535.19,304.22,2230.97,1033.86,1197.11,0.5366,373.02,371.36,825.75,125.28,5000.0,2801.61,2198.39,1.77,1.39,1.27,0.1652,10-20%,1033.86,2535.19,2230.97,1197.11,10,253.52,103.39,10-20%,304.22,Jul,Bravo
2025-12-02,2025,12,Dec,Echo,Consumer,India,9,239.38,107.88,2154.39,150.81,2003.58,970.88,1032.7,0.5154,368.06,374.21,658.5,205.26,5000.0,2466.67,2533.33,1.81,1.56,0.97,0.1317,5-10%,970.88,2154.39,2003.58,1032.7,9,239.38,107.88,5-10%,150.81,Dec,Echo
2023-12-05,2023,12,Dec,Alpha,Consumer,USA,9,302.47,140.82,2722.25,190.56,2531.7,1267.36,1264.34,0.4994,392.91,380.05,884.29,166.49,5000.0,2880.65,2119.35,1.29,1.03,1.36,0.1769,5-10%,1267.36,2722.25,2531.7,1264.34,9,302.47,140.82,5-10%,190.56,Dec,Alpha
2025-12-02,2025,12,Dec,Bravo,Consumer,UK,7,231.56,106.55,1620.9,0.0,1620.9,745.87,875.03,0.5398,195.34,202.46,672.57,146.61,5000.0,2381.86,2618.14,1.24,0.97,0.91,0.1345,0-5%,745.87,1620.9,1620.9,875.03,7,231.56,106.55,0-5%,0.0,Dec,Bravo
2023-01-11,2023,1,Jan,Cobalt,Consumer,USA,15,185.07,71.56,2776.02,0.0,2776.02,1073.41,1702.61,0.6133,667.33,704.41,998.2,107.54,5386.23,2585.71,2800.52,1.98,1.6,0.92,0.1853,0-5%,1073.41,2776.02,2776.02,1702.61,15,185.07,71.56,0-5%,0.0,Jan,Cobalt
2023-08-26,2023,8,Aug,Flux,Enterprise,USA,11,214.5,75.15,2359.55,0.0,2359.55,826.68,1532.87,0.6496,517.4,536.16,996.7,87.19,5000.0,2635.27,2364.73,1.88,1.34,1.11,0.1993,0-5%,826.68,2359.55,2359.55,1532.87,11,214.5,75.15,0-5%,0.0,Aug,Flux
2025-01-29,2025,1,Jan,Flux,Consumer,UK,9,195.05,96.91,1755.44,210.65,1544.78,872.16,672.62,0.4354,229.21,220.59,452.03,157.08,5000.0,2097.06,2902.94,1.96,1.36,0.72,0.0904,10-20%,872.16,1755.44,1544.78,672.62,9,195.05,96.91,10-20%,210.65,Jan,Flux
2024-06-30,2024,6,Jun,Echo,Consumer,India,11,298.97,155.01,3288.69,230.21,3058.48,1705.14,1353.35,0.4425,843.8,811.8,541.55,277.25,5795.25,3665.14,2130.11,1.52,1.28,1.72,0.0934,5-10%,1705.14,3288.69,3058.48,1353.35,11,298.97,155.01,5-10%,230.21,Jun,Echo
2023-10-15,2023,10,Oct,Echo,Consumer,UK,10,194.5,87.72,1944.96,0.0,1944.96,877.18,1067.77,0.549,470.06,480.98,586.8,92.25,5000.0,1784.13,3215.87,1.67,1.25,0.55,0.1174,0-5%,877.18,1944.96,1944.96,1067.77,10,194.5,87.72,0-5%,0.0,Oct,Echo
2025-04-03,2025,4,Apr,Flux,SMB,USA,13,192.77,90.63,2506.05,175.42,2330.63,1178.2,1152.43,0.4945,416.09,442.54,709.89,209.8,5000.0,2218.69,2781.31,1.59,1.13,0.8,0.142,5-10%,1178.2,2506.05,2330.63,1152.43,13,192.77,90.63,5-10%,175.42,Apr,Flux
2025-02-01,2025,2,Feb,Flux,SMB,Canada,7,184.75,67.31,1293.24,0.0,1293.24,471.18,822.05,0.6357,159.84,169.0,653.06,92.8,5000.0,3162.98,1837.02,1.75,1.45,1.72,0.1306,0-5%,471.18,1293.24,1293.24,822.05,7,184.75,67.31,0-5%,0.0,Feb,Flux
2023-01-01,2023,1,Jan,Alpha,SMB,USA,15,196.22,90.03,2943.29,353.19,2590.09,1350.51,1239.58,0.4786,355.14,352.52,887.06,270.18,5000.0,2869.56,2130.44,2.07,1.48,1.35,0.1774,10-20%,1350.51,2943.29,2590.09,1239.58,15,196.22,90.03,10-20%,353.19,Jan,Alpha
2023-08-13,2023,8,Aug,Delta,Consumer,India,8,340.78,150.37,2726.26,681.57,2044.7,1202.97,841.73,0.4117,426.77,399.26,442.47,200.14,5000.0,2059.51,2940.49,2.04,1.61,0.7,0.0885,20%+,1202.97,2726.26,2044.7,841.73,8,340.78,150.37,20%+,681.57,Aug,Delta
2023-07-07,2023,7,Jul,Alpha,SMB,USA,8,342.77,184.83,2742.19,191.95,2550.24,1478.63,1071.61,0.4202,505.97,543.87,527.74,181.74,5000.0,3220.46,1779.54,2.17,1.67,1.81,0.1055,5-10%,1478.63,2742.19,2550.24,1071.61,8,342.77,184.83,5-10%,191.95,Jul,Alpha
2024-10-21,2024,10,Oct,Echo,Consumer,USA,10,224.25,112.38,2242.54,269.11,1973.44,1123.78,849.66,0.4305,539.55,581.4,268.26,121.43,5000.0,1991.82,3008.18,1.85,1.4,0.66,0.0537,10-20%,1123.78,2242.54,1973.44,849.66,10,224.25,112.38,10-20%,269.11,Oct,Echo
2024-03-13,2024,3,Mar,Echo,SMB,USA,7,188.88,66.39,1322.18,158.66,1163.52,464.7,698.82,0.6006,322.69,341.48,357.34,61.7,5000.0,2722.28,2277.72,2.68,2.14,1.2,0.0715,10-20%,464.7,1322.18,1163.52,698.82,7,188.88,66.39,10-20%,158.66,Mar,Echo
2023-03-15,2023,3,Mar,Cobalt,Consumer,India,13,204.64,101.64,2660.3,0.0,2660.3,1321.3,1339.0,0.5033,521.49,560.31,778.7,173.63,5000.0,2405.13,2594.87,1.73,1.5,0.93,0.1557,0-5%,1321.3,2660.3,2660.3,1339.0,13,204.64,101.64,0-5%,0.0,Mar,Cobalt
2024-10-05,2024,10,Oct,Alpha,Enterprise,USA,10,129.48,48.55,1294.77,155.37,1139.4,485.54,653.86,0.5739,206.23,195.28,458.58,95.36,5000.0,2080.32,2919.68,1.22,0.64,0.71,0.0917,10-20%,485.54,1294.77,1139.4,653.86,10,129.48,48.55,10-20%,155.37,Oct,Alpha
2024-11-05,2024,11,Nov,Alpha,SMB,USA,7,216.9,110.0,1518.29,379.57,1138.72,769.98,368.74,0.3238,194.47,189.41,179.33,126.85,5000.0,3025.18,1974.82,1.13,0.67,1.53,0.0359,20%+,769.98,1518.29,1138.72,368.74,7,216.9,110.0,20%+,379.57,Nov,Alpha
2025-12-08,2025,12,Dec,Flux,SMB,UK,9,174.93,75.12,1574.34,47.23,1527.11,676.11,851.0,0.5573,334.88,324.8,526.21,107.89,5000.0,1959.09,3040.91,1.66,1.38,0.64,0.1052,0-5%,676.11,1574.34,1527.11,851.0,9,174.93,75.12,0-5%,47.23,Dec,Flux
2024-01-30,2024,1,Jan,Cobalt,Consumer,USA,5,267.63,104.92,1338.16,93.67,1244.49,524.61,719.88,0.5785,313.39,290.07,429.8,76.93,5000.0,1969.01,3030.99,1.96,1.6,0.65,0.086,5-10%,524.61,1338.16,1244.49,719.88,5,267.63,104.92,5-10%,93.67,Jan,Cobalt
2025-03-16,2025,3,Mar,Flux,SMB,India,13,251.93,116.26,3275.11,393.01,2882.1,1511.32,1370.78,0.4756,349.0,343.23,1027.56,285.75,5000.0,2823.12,2176.88,1.77,1.55,1.3,0.2055,10-20%,1511.32,3275.11,2882.1,1370.78,13,251.93,116.26,10-20%,393.01,Mar,Flux
2025-11-04,2025,11,Nov,Cobalt,Consumer,UK,9,257.29,95.94,2315.64,0.0,2315.64,863.43,1452.21,0.6271,352.17,352.63,1099.58,162.5,5000.0,1772.11,3227.89,1.27,0.68,0.55,0.2199,0-5%,863.43,2315.64,2315.64,1452.21,9,257.29,95.94,0-5%,0.0,Nov,Cobalt
2025-11-14,2025,11,Nov,Echo,SMB,USA,11,198.69,107.95,2185.56,65.57,2120.0,1187.48,932.52,0.4399,444.97,433.78,498.74,155.03,5000.0,2376.18,2623.82,1.61,1.01,0.91,0.0997,0-5%,1187.48,2185.56,2120.0,932.52,11,198.69,107.95,0-5%,65.57,Nov,Echo
2025-05-11,2025,5,May,Flux,SMB,USA,13,138.22,58.38,1796.88,0.0,1796.88,758.91,1037.97,0.5777,331.84,330.78,707.19,76.69,5000.0,2578.29,2421.71,1.79,1.32,1.06,0.1414,0-5%,758.91,1796.88,1796.88,1037.97,13,138.22,58.38,0-5%,0.0,May,Flux
2025-01-17,2025,1,Jan,Echo,SMB,USA,10,300.77,138.23,3007.69,0.0,3007.69,1382.34,1625.35,0.5404,394.84,371.63,1253.72,290.83,5000.0,2133.94,2866.06,1.33,0.87,0.74,0.2507,0-5%,1382.34,3007.69,3007.69,1625.35,10,300.77,138.23,0-5%,0.0,Jan,Echo
2023-01-02,2023,1,Jan,Bravo,SMB,India,6,172.2,93.95,1033.18,72.32,960.85,563.68,397.18,0.4134,222.87,232.22,164.96,101.32,5000.0,2887.48,2112.52,2.1,1.7,1.37,0.033,5-10%,563.68,1033.18,960.85,397.18,6,172.2,93.95,5-10%,72.32,Jan,Bravo
2024-08-09,2024,8,Aug,Cobalt,Consumer,USA,8,174.33,92.9,1394.67,0.0,1394.67,743.22,651.45,0.4671,327.42,332.98,318.47,131.12,5000.0,3186.54,1813.46,2.32,1.84,1.76,0.0637,0-5%,743.22,1394.67,1394.67,651.45,8,174.33,92.9,0-5%,0.0,Aug,Cobalt
2025-06-04,2025,6,Jun,Flux,Consumer,USA,9,296.15,104.02,2665.36,0.0,2665.36,936.21,1729.16,0.6488,620.46,626.37,1102.78,107.73,5013.23,1788.7,3224.53,1.8,1.37,0.55,0.22,0-5%,936.21,2665.36,2665.36,1729.16,9,296.15,104.02,0-5%,0.0,Jun,Flux
2023-07-07,2023,7,Jul,Bravo,SMB,Canada,3,215.08,83.56,645.24,0.0,645.24,250.68,394.56,0.6115,134.07,136.63,257.93,50.0,5000.0,2119.64,2880.36,2.16,1.64,0.74,0.0516,0-5%,250.68,645.24,645.24,394.56,3,215.08,83.56,0-5%,0.0,Jul,Bravo
2025-05-22,2025,5,May,Echo,Enterprise,India,9,205.64,86.7,1850.79,0.0,1850.79,780.33,1070.46,0.5784,372.29,348.24,722.22,171.35,5000.0,3173.53,1826.47,2.15,1.82,1.74,0.1444,0-5%,780.33,1850.79,1850.79,1070.46,9,205.64,86.7,0-5%,0.0,May,Echo
2024-10-27,2024,10,Oct,Cobalt,SMB,UK,10,203.79,77.35,2037.94,0.0,2037.94,773.5,1264.44,0.6204,258.77,244.13,1020.31,99.47,5000.0,1975.52,3024.48,1.88,1.37,0.65,0.2041,0-5%,773.5,2037.94,2037.94,1264.44,10,203.79,77.35,0-5%,0.0,Oct,Cobalt
2023-06-12,2023,6,Jun,Echo,SMB,USA,11,337.65,120.06,3714.2,0.0,3714.2,1320.61,2393.59,0.6444,834.25,795.35,1598.24,266.69,6231.2,3537.53,2693.67,1.43,0.93,1.31,0.2565,0-5%,1320.61,3714.2,3714.2,2393.59,11,337.65,120.06,0-5%,0.0,Jun,Echo
2025-11-28,2025,11,Nov,Bravo,SMB,USA,14,232.7,91.36,3257.82,0.0,3257.82,1279.04,1978.77,0.6074,450.9,430.6,1548.17,254.83,5743.1,2773.08,2970.03,1.54,1.01,0.93,0.2696,0-5%,1279.04,3257.82,3257.82,1978.77,14,232.7,91.36,0-5%,0.0,Nov,Bravo
2023-10-25,2023,10,Oct,Alpha,Enterprise,USA,9,192.23,74.67,1730.11,207.61,1522.5,672.04,850.46,0.5586,349.23,332.34,518.11,93.36,5000.0,2142.7,2857.3,1.77,1.53,0.75,0.1036,10-20%,672.04,1730.11,1522.5,850.46,9,192.23,74.67,10-20%,207.61,Oct,Alpha
2024-01-08,2024,1,Jan,Echo,SMB,USA,13,192.35,74.95,2500.59,75.02,2425.57,974.39,1451.18,0.5983,366.59,381.57,1069.61,138.41,5000.0,1759.8,3240.2,2.07,1.84,0.54,0.2139,0-5%,974.39,2500.59,2425.57,1451.18,13,192.35,74.95,0-5%,75.02,Jan,Echo
2023-12-08,2023,12,Dec,Alpha,Consumer,Germany,7,258.37,136.88,1808.57,54.26,1754.31,958.19,796.12,0.4538,348.32,367.87,428.26,210.68,5000.0,2304.36,2695.64,1.81,1.46,0.85,0.0857,0-5%,958.19,1808.57,1754.31,796.12,7,258.37,136.88,0-5%,54.26,Dec,Alpha
2025-11-16,2025,11,Nov,Flux,SMB,UK,5,210.34,96.9,1051.72,0.0,1051.72,484.49,567.23,0.5393,230.59,218.57,348.66,56.93,5000.0,1842.37,3157.63,2.1,1.66,0.58,0.0697,0-5%,484.49,1051.72,1051.72,567.23,5,210.34,96.9,0-5%,0.0,Nov,Flux
2023-10-30,2023,10,Oct,Bravo,SMB,Canada,8,236.31,109.51,1890.47,56.71,1833.76,876.05,957.71,0.5223,264.14,267.69,690.01,115.13,5000.0,2570.8,2429.2,2.06,1.52,1.06,0.138,0-5%,876.05,1890.47,1833.76,957.71,8,236.31,109.51,0-5%,56.71,Oct,Bravo
2024-09-21,2024,9,Sep,Alpha,SMB,Canada,9,270.49,99.7,2434.38,608.59,1825.78,897.32,928.47,0.5085,428.0,419.41,509.06,102.22,5000.0,2885.9,2114.1,2.12,1.64,1.37,0.1018,20%+,897.32,2434.38,1825.78,928.47,9,270.49,99.7,20%+,608.59,Sep,Alpha
2023-06-01,2023,6,Jun,Cobalt,SMB,USA,12,195.67,94.6,2348.1,164.37,2183.73,1135.21,1048.52,0.4802,559.18,565.97,482.55,249.56,5000.0,3203.15,1796.85,1.31,0.94,1.78,0.0965,5-10%,1135.21,2348.1,2183.73,1048.52,12,195.67,94.6,5-10%,164.37,Jun,Cobalt
2023-11-11,2023,11,Nov,Cobalt,Consumer,USA,8,226.1,80.8,1808.78,54.26,1754.51,646.38,1108.14,0.6316,244.85,229.3,878.84,128.18,5000.0,2753.32,2246.68,1.86,1.29,1.23,0.1758,0-5%,646.38,1808.78,1754.51,1108.14,8,226.1,80.8,0-5%,54.26,Nov,Cobalt
2024-06-27,2024,6,Jun,Alpha,Consumer,India,8,204.13,108.96,1633.04,0.0,1633.04,871.69,761.35,0.4662,252.54,248.77,512.59,104.42,5000.0,2174.68,2825.32,2.48,1.96,0.77,0.1025,0-5%,871.69,1633.04,1633.04,761.35,8,204.13,108.96,0-5%,0.0,Jun,Alpha
2023-02-23,2023,2,Feb,Echo,Consumer,UK,7,229.07,96.11,1603.47,0.0,1603.47,672.78,930.7,0.5804,383.62,369.87,560.82,81.65,5000.0,2809.13,2190.87,2.04,1.82,1.28,0.1122,0-5%,672.78,1603.47,1603.47,930.7,7,229.07,96.11,0-5%,0.0,Feb,Echo
2024-08-17,2024,8,Aug,Flux,Consumer,India,8,275.98,134.58,2207.82,551.95,1655.86,1076.61,579.25,0.3498,347.03,319.67,259.59,200.8,5000.0,2734.49,2265.51,1.48,1.13,1.21,0.0519,20%+,1076.61,2207.82,1655.86,579.25,8,275.98,134.58,20%+,551.95,Aug,Flux
2023-11-27,2023,11,Nov,Alpha,Enterprise,India,7,193.09,100.65,1351.63,0.0,1351.63,704.57,647.07,0.4787,249.61,238.87,408.19,98.57,5000.0,2101.26,2898.74,1.65,1.24,0.72,0.0816,0-5%,704.57,1351.63,1351.63,647.07,7,193.09,100.65,0-5%,0.0,Nov,Alpha
2024-06-20,2024,6,Jun,Cobalt,SMB,Canada,5,249.33,100.16,1246.67,0.0,1246.67,500.8,745.87,0.5983,213.99,215.0,530.86,55.01,5000.0,1801.06,3198.94,2.16,1.93,0.56,0.1062,0-5%,500.8,1246.67,1246.67,745.87,5,249.33,100.16,0-5%,0.0,Jun,Cobalt
2023-02-14,2023,2,Feb,Cobalt,SMB,USA,12,198.36,104.71,2380.28,0.0,2380.28,1256.47,1123.81,0.4721,324.15,341.32,782.48,198.24,5000.0,1901.15,3098.85,2.49,1.94,0.61,0.1565,0-5%,1256.47,2380.28,2380.28,1123.81,12,198.36,104.71,0-5%,0.0,Feb,Cobalt
2024-09-19,2024,9,Sep,Cobalt,Consumer,USA,7,291.75,159.28,2042.27,61.27,1981.0,1114.95,866.05,0.4372,363.94,335.13,530.93,140.53,5000.0,1963.66,3036.34,1.58,1.35,0.65,0.1062,0-5%,1114.95,2042.27,1981.0,866.05,7,291.75,159.28,0-5%,61.27,Sep,Cobalt
2023-03-22,2023,3,Mar,Bravo,Consumer,USA,12,162.81,85.3,1953.66,58.61,1895.05,1023.61,871.44,0.4599,416.06,440.13,431.32,211.51,5000.0,2512.95,2487.05,2.29,1.98,1.01,0.0863,0-5%,1023.61,1953.66,1895.05,871.44,12,162.81,85.3,0-5%,58.61,Mar,Bravo
2025-07-20,2025,7,Jul,Cobalt,Consumer,USA,7,270.98,144.14,1896.88,227.63,1669.25,1008.98,660.27,0.3956,227.57,236.09,424.19,141.91,5000.0,1900.01,3099.99,1.38,0.85,0.61,0.0848,10-20%,1008.98,1896.88,1669.25,660.27,7,270.98,144.14,10-20%,227.63,Jul,Cobalt
2024-03-27,2024,3,Mar,Flux,Consumer,India,9,216.2,90.72,1945.81,233.5,1712.32,816.44,895.88,0.5232,362.43,343.92,551.96,129.15,5000.0,1912.29,3087.71,2.1,1.76,0.62,0.1104,10-20%,816.44,1945.81,1712.32,895.88,9,216.2,90.72,10-20%,233.5,Mar,Flux
2025-02-21,2025,2,Feb,Bravo,SMB,USA,7,237.49,107.79,1662.43,49.87,1612.55,754.51,858.04,0.5321,244.59,255.32,602.72,82.66,5000.0,2443.19,2556.81,2.03,1.57,0.96,0.1205,0-5%,754.51,1662.43,1612.55,858.04,7,237.49,107.79,0-5%,49.87,Feb,Bravo
2025-12-17,2025,12,Dec,Flux,Consumer,USA,9,125.05,64.57,1125.48,281.37,844.11,581.12,262.99,0.3116,158.42,167.02,95.97,108.87,5000.0,2149.51,2850.49,1.94,1.45,0.75,0.0192,20%+,581.12,1125.48,844.11,262.99,9,125.05,64.57,20%+,281.37,Dec,Flux
2024-05-20,2024,5,May,Bravo,SMB,USA,8,180.89,71.65,1447.09,43.41,1403.68,573.16,830.51,0.5917,273.44,269.42,561.1,92.7,5000.0,2037.37,2962.63,1.92,1.45,0.69,0.1122,0-5%,573.16,1447.09,1403.68,830.51,8,180.89,71.65,0-5%,43.41,May,Bravo
2023-07-15,2023,7,Jul,Delta,SMB,USA,8,252.53,93.21,2020.22,141.42,1878.8,745.66,1133.14,0.6031,342.85,326.42,806.73,134.33,5000.0,2595.42,2404.58,1.87,1.63,1.08,0.1613,5-10%,745.66,2020.22,1878.8,1133.14,8,252.53,93.21,5-10%,141.42,Jul,Delta
2024-11-20,2024,11,Nov,Bravo,Consumer,Germany,6,249.06,126.48,1494.36,44.83,1449.53,758.88,690.65,0.4765,368.43,357.14,333.51,121.65,5000.0,2469.24,2530.76,1.14,0.66,0.98,0.0667,0-5%,758.88,1494.36,1449.53,690.65,6,249.06,126.48,0-5%,44.83,Nov,Bravo
2024-01-29,2024,1,Jan,Cobalt,Consumer,USA,9,179.98,80.36,1619.85,0.0,1619.85,723.21,896.64,0.5535,386.4,360.55,536.09,94.73,5000.0,2201.96,2798.04,1.76,1.28,0.79,0.1072,0-5%,723.21,1619.85,1619.85,896.64,9,179.98,80.36,0-5%,0.0,Jan,Cobalt
2023-11-14,2023,11,Nov,Flux,SMB,USA,9,261.55,130.27,2353.92,70.62,2283.3,1172.41,1110.89,0.4865,360.69,356.07,754.81,231.57,5000.0,2148.24,2851.76,1.32,1.03,0.75,0.151,0-5%,1172.41,2353.92,2283.3,1110.89,9,261.55,130.27,0-5%,70.62,Nov,Flux
2024-02-23,2024,2,Feb,Bravo,Enterprise,USA,13,135.39,50.27,1760.11,0.0,1760.11,653.46,1106.65,0.6287,230.21,231.25,875.4,66.65,5000.0,2160.3,2839.7,2.15,1.72,0.76,0.1751,0-5%,653.46,1760.11,1760.11,1106.65,13,135.39,50.27,0-5%,0.0,Feb,Bravo
2024-08-04,2024,8,Aug,Echo,Consumer,USA,9,196.04,86.53,1764.32,123.5,1640.82,778.76,862.06,0.5254,280.53,300.29,561.76,141.46,5000.0,2710.51,2289.49,1.63,1.17,1.18,0.1124,5-10%,778.76,1764.32,1640.82,862.06,9,196.04,86.53,5-10%,123.5,Aug,Echo
2025-01-23,2025,1,Jan,Echo,Enterprise,India,6,138.88,51.31,833.27,99.99,733.27,307.84,425.43,0.5802,147.94,140.69,284.74,50.0,5000.0,2037.08,2962.92,1.62,1.21,0.69,0.0569,10-20%,307.84,833.27,733.27,425.43,6,138.88,51.31,10-20%,99.99,Jan,Echo
2025-11-05,2025,11,Nov,Alpha,Enterprise,USA,10,204.39,109.59,2043.92,0.0,2043.92,1095.87,948.05,0.4638,284.21,266.06,681.99,225.41,5000.0,3120.31,1879.69,2.45,2.22,1.66,0.1364,0-5%,1095.87,2043.92,2043.92,948.05,10,204.39,109.59,0-5%,0.0,Nov,Alpha
2024-04-18,2024,4,Apr,Alpha,Consumer,USA,10,250.31,115.96,2503.08,75.09,2427.99,1159.61,1268.37,0.5224,573.37,615.24,653.14,161.73,5000.0,1781.14,3218.86,2.13,1.8,0.55,0.1306,0-5%,1159.61,2503.08,2427.99,1268.37,10,250.31,115.96,0-5%,75.09,Apr,Alpha
2023-03-08,2023,3,Mar,Flux,Consumer,USA,8,167.18,76.73,1337.4,0.0,1337.4,613.84,723.56,0.541,271.06,259.91,463.65,130.54,5000.0,2566.63,2433.37,1.99,1.41,1.05,0.0927,0-5%,613.84,1337.4,1337.4,723.56,8,167.18,76.73,0-5%,0.0,Mar,Flux
2024-04-25,2024,4,Apr,Alpha,Enterprise,USA,14,183.83,65.46,2573.62,0.0,2573.62,916.44,1657.18,0.6439,501.87,483.87,1173.31,152.01,5000.0,2223.01,2776.99,1.8,1.39,0.8,0.2347,0-5%,916.44,2573.62,2573.62,1657.18,14,183.83,65.46,0-5%,0.0,Apr,Alpha
2024-03-20,2024,3,Mar,Delta,Consumer,USA,7,198.79,89.35,1391.56,41.75,1349.81,625.44,724.37,0.5366,230.54,218.41,505.96,87.26,5000.0,2786.85,2213.15,1.68,1.38,1.26,0.1012,0-5%,625.44,1391.56,1349.81,724.37,7,198.79,89.35,0-5%,41.75,Mar,Delta
2024-09-19,2024,9,Sep,Bravo,Consumer,Canada,9,276.33,140.6,2486.96,74.61,2412.35,1265.36,1146.99,0.4755,375.59,349.02,797.97,172.27,5000.0,2024.39,2975.61,2.06,1.55,0.68,0.1596,0-5%,1265.36,2486.96,2412.35,1146.99,9,276.33,140.6,0-5%,74.61,Sep,Bravo
2023-10-04,2023,10,Oct,Cobalt,SMB,India,7,197.63,89.84,1383.42,0.0,1383.42,628.91,754.5,0.5454,234.87,245.7,508.8,92.81,5000.0,2591.59,2408.41,1.83,1.37,1.08,0.1018,0-5%,628.91,1383.42,1383.42,754.5,7,197.63,89.84,0-5%,0.0,Oct,Cobalt
2024-10-19,2024,10,Oct,Alpha,Consumer,UK,8,207.13,91.66,1657.06,0.0,1657.06,733.26,923.81,0.5575,222.53,222.42,701.38,154.02,5000.0,2872.12,2127.88,1.93,1.39,1.35,0.1403,0-5%,733.26,1657.06,1657.06,923.81,8,207.13,91.66,0-5%,0.0,Oct,Alpha
2025-11-12,2025,11,Nov,Alpha,Consumer,USA,11,292.0,127.69,3212.04,0.0,3212.04,1404.59,1807.45,0.5627,569.45,606.57,1200.87,167.38,5824.67,2907.64,2917.03,1.38,1.1,1.0,0.2062,0-5%,1404.59,3212.04,3212.04,1807.45,11,292.0,127.69,0-5%,0.0,Nov,Alpha
2025-05-28,2025,5,May,Cobalt,Consumer,Canada,9,124.47,65.62,1120.21,78.41,1041.8,590.62,451.18,0.4331,282.92,279.73,171.46,61.9,5000.0,2771.55,2228.45,1.71,1.16,1.24,0.0343,5-10%,590.62,1120.21,1041.8,451.18,9,124.47,65.62,5-10%,78.41,May,Cobalt
2024-12-20,2024,12,Dec,Echo,Consumer,USA,6,205.27,89.98,1231.59,0.0,1231.59,539.9,691.69,0.5616,214.03,215.42,476.27,89.07,5000.0,2185.3,2814.7,2.72,2.16,0.78,0.0953,0-5%,539.9,1231.59,1231.59,691.69,6,205.27,89.98,0-5%,0.0,Dec,Echo
2025-02-22,2025,2,Feb,Alpha,SMB,USA,9,208.2,84.48,1873.84,131.17,1742.67,760.29,982.39,0.5637,405.48,381.49,600.89,117.46,5000.0,3187.28,1812.72,2.03,1.8,1.76,0.1202,5-10%,760.29,1873.84,1742.67,982.39,9,208.2,84.48,5-10%,131.17,Feb,Alpha
2023-11-16,2023,11,Nov,Bravo,SMB,UK,12,148.36,81.51,1780.34,213.64,1566.7,978.08,588.62,0.3757,241.3,223.27,365.35,159.74,5000.0,3036.16,1963.84,1.25,1.02,1.55,0.0731,10-20%,978.08,1780.34,1566.7,588.62,12,148.36,81.51,10-20%,213.64,Nov,Bravo
2024-10-24,2024,10,Oct,Delta,Consumer,USA,11,244.32,131.13,2687.56,80.63,2606.93,1442.43,1164.5,0.4467,543.38,507.69,656.8,311.36,5000.0,1927.12,3072.88,1.28,1.01,0.63,0.1314,0-5%,1442.43,2687.56,2606.93,1164.5,11,244.32,131.13,0-5%,80.63,Oct,Delta
2023-05-06,2023,5,May,Delta,Consumer,Germany,6,257.66,119.33,1545.94,0.0,1545.94,715.96,829.98,0.5369,227.53,229.01,600.96,151.36,5000.0,3231.65,1768.35,0.99,0.72,1.83,0.1202,0-5%,715.96,1545.94,1545.94,829.98,6,257.66,119.33,0-5%,0.0,May,Delta
2024-09-21,2024,9,Sep,Bravo,Consumer,USA,10,331.47,151.72,3314.73,232.03,3082.7,1517.23,1565.46,0.5078,605.89,628.9,936.56,248.93,5000.0,2927.25,2072.75,2.15,1.8,1.41,0.1873,5-10%,1517.23,3314.73,3082.7,1565.46,10,331.47,151.72,5-10%,232.03,Sep,Bravo
2024-02-12,2024,2,Feb,Cobalt,SMB,Canada,5,168.04,81.62,840.18,25.21,814.98,408.11,406.86,0.4992,123.36,132.78,274.08,73.0,5000.0,2351.07,2648.93,1.39,0.93,0.89,0.0548,0-5%,408.11,840.18,814.98,406.86,5,168.04,81.62,0-5%,25.21,Feb,Cobalt
2025-12-30,2025,12,Dec,Delta,SMB,USA,6,158.63,61.81,951.77,114.21,837.56,370.84,466.72,0.5572,190.38,204.53,262.18,77.74,5000.0,2008.43,2991.57,2.07,1.63,0.67,0.0524,10-20%,370.84,951.77,837.56,466.72,6,158.63,61.81,10-20%,114.21,Dec,Delta
2023-07-09,2023,7,Jul,Delta,Consumer,India,12,154.49,83.34,1853.86,0.0,1853.86,1000.13,853.73,0.4605,314.77,322.06,531.67,190.22,5000.0,2014.24,2985.76,1.64,1.21,0.67,0.1063,0-5%,1000.13,1853.86,1853.86,853.73,12,154.49,83.34,0-5%,0.0,Jul,Delta
2024-07-13,2024,7,Jul,Alpha,Consumer,USA,3,193.46,75.26,580.38,0.0,580.38,225.78,354.6,0.611,72.8,75.36,279.24,50.0,5000.0,2372.49,2627.51,1.67,1.1,0.9,0.0558,0-5%,225.78,580.38,580.38,354.6,3,193.46,75.26,0-5%,0.0,Jul,Alpha
2025-12-28,2025,12,Dec,Alpha,Consumer,Germany,7,282.41,101.07,1976.88,0.0,1976.88,707.48,1269.4,0.6421,421.83,412.89,856.5,106.66,5000.0,3025.71,1974.29,1.48,1.22,1.53,0.1713,0-5%,707.48,1976.88,1976.88,1269.4,7,282.41,101.07,0-5%,0.0,Dec,Alpha
2025-04-15,2025,4,Apr,Delta,SMB,Canada,9,180.74,86.97,1626.67,48.8,1577.87,782.72,795.14,0.5039,287.98,296.11,499.03,119.29,5000.0,2422.94,2577.06,0.96,0.63,0.94,0.0998,0-5%,782.72,1626.67,1577.87,795.14,9,180.74,86.97,0-5%,48.8,Apr,Delta
2025-10-11,2025,10,Oct,Bravo,Consumer,Canada,8,171.69,67.0,1373.56,0.0,1373.56,536.03,837.53,0.6098,188.55,195.19,642.34,103.89,5000.0,2483.92,2516.08,2.16,1.65,0.99,0.1285,0-5%,536.03,1373.56,1373.56,837.53,8,171.69,67.0,0-5%,0.0,Oct,Bravo
2023-12-09,2023,12,Dec,Alpha,Consumer,India,7,134.18,59.0,939.28,65.75,873.53,413.03,460.5,0.5272,158.45,158.32,302.18,74.67,5000.0,3171.69,1828.31,1.58,1.23,1.73,0.0604,5-10%,413.03,939.28,873.53,460.5,7,134.18,59.0,5-10%,65.75,Dec,Alpha
2025-03-24,2025,3,Mar,Alpha,SMB,USA,7,254.34,91.52,1780.35,0.0,1780.35,640.67,1139.69,0.6401,341.45,351.96,787.72,106.93,5000.0,3018.64,1981.36,1.62,1.26,1.52,0.1575,0-5%,640.67,1780.35,1780.35,1139.69,7,254.34,91.52,0-5%,0.0,Mar,Alpha
2025-02-23,2025,2,Feb,Delta,Consumer,India,10,218.65,94.73,2186.51,65.6,2120.92,947.34,1173.57,0.5533,305.21,292.82,880.75,112.01,5000.0,2120.3,2879.7,1.83,1.39,0.74,0.1762,0-5%,947.34,2186.51,2120.92,1173.57,10,218.65,94.73,0-5%,65.6,Feb,Delta
2023-07-09,2023,7,Jul,Bravo,Consumer,USA,12,306.39,162.71,3676.63,919.16,2757.47,1952.47,805.0,0.2919,420.45,395.31,409.69,219.2,5201.56,2739.87,2461.69,1.63,1.31,1.11,0.0788,20%+,1952.47,3676.63,2757.47,805.0,12,306.39,162.71,20%+,919.16,Jul,Bravo
2024-07-13,2024,7,Jul,Delta,Enterprise,USA,9,215.38,90.97,1938.43,0.0,1938.43,818.72,1119.71,0.5776,352.66,357.26,762.45,143.91,5000.0,2012.65,2987.35,2.37,1.89,0.67,0.1525,0-5%,818.72,1938.43,1938.43,1119.71,9,215.38,90.97,0-5%,0.0,Jul,Delta
2023-09-16,2023,9,Sep,Alpha,Consumer,Germany,6,298.43,122.35,1790.61,214.87,1575.74,734.08,841.66,0.5341,288.53,281.73,559.93,74.95,5000.0,3151.29,1848.71,1.5,1.04,1.7,0.112,10-20%,734.08,1790.61,1575.74,841.66,6,298.43,122.35,10-20%,214.87,Sep,Alpha
2024-09-02,2024,9,Sep,Delta,SMB,Germany,3,188.12,70.5,564.35,16.93,547.42,211.5,335.92,0.6136,93.81,90.96,244.96,50.0,5000.0,2606.1,2393.9,1.57,1.27,1.09,0.049,0-5%,211.5,564.35,547.42,335.92,3,188.12,70.5,0-5%,16.93,Sep,Delta
2024-11-07,2024,11,Nov,Alpha,SMB,India,9,149.81,78.65,1348.33,0.0,1348.33,707.82,640.51,0.475,327.16,303.39,337.13,77.95,5000.0,2597.45,2402.55,2.24,1.7,1.08,0.0674,0-5%,707.82,1348.33,1348.33,640.51,9,149.81,78.65,0-5%,0.0,Nov,Alpha
2023-09-10,2023,9,Sep,Bravo,Enterprise,USA,9,201.26,90.11,1811.37,54.34,1757.03,811.01,946.03,0.5384,317.87,307.54,638.48,125.17,5000.0,2199.52,2800.48,2.29,1.82,0.79,0.1277,0-5%,811.01,1811.37,1757.03,946.03,9,201.26,90.11,0-5%,54.34,Sep,Bravo
2024-11-09,2024,11,Nov,Alpha,Consumer,India,10,150.67,75.45,1506.69,45.2,1461.49,754.51,706.98,0.4837,363.17,373.14,333.85,116.58,5000.0,2462.04,2537.96,2.46,2.23,0.97,0.0668,0-5%,754.51,1506.69,1461.49,706.98,10,150.67,75.45,0-5%,45.2,Nov,Alpha
2023-08-21,2023,8,Aug,Delta,Consumer,India,13,349.47,171.34,4543.16,318.02,4225.14,2227.38,1997.76,0.4728,609.33,639.9,1357.85,342.32,5000.82,2318.84,2681.98,2.06,1.84,0.86,0.2715,5-10%,2227.38,4543.16,4225.14,1997.76,13,349.47,171.34,5-10%,318.02,Aug,Delta
2025-12-21,2025,12,Dec,Bravo,Consumer,Germany,7,210.62,114.27,1474.35,176.92,1297.43,799.89,497.54,0.3835,226.43,209.9,287.64,137.17,5000.0,2814.82,2185.18,2.21,1.83,1.29,0.0575,10-20%,799.89,1474.35,1297.43,497.54,7,210.62,114.27,10-20%,176.92,Dec,Bravo
2024-04-30,2024,4,Apr,Bravo,Consumer,Canada,7,240.22,125.32,1681.52,0.0,1681.52,877.24,804.28,0.4783,289.5,269.51,534.77,190.15,5000.0,2643.77,2356.23,2.14,1.92,1.12,0.107,0-5%,877.24,1681.52,1681.52,804.28,7,240.22,125.32,0-5%,0.0,Apr,Bravo
2025-12-29,2025,12,Dec,Delta,Consumer,Germany,4,299.7,159.49,1198.79,0.0,1198.79,637.96,560.82,0.4678,187.81,173.44,387.38,99.77,5000.0,2820.25,2179.75,1.88,1.49,1.29,0.0775,0-5%,637.96,1198.79,1198.79,560.82,4,299.7,159.49,0-5%,0.0,Dec,Delta
2023-10-15,2023,10,Oct,Echo,Consumer,India,9,169.91,63.67,1529.22,183.51,1345.71,572.99,772.72,0.5742,363.98,389.65,383.08,103.87,5000.0,1807.69,3192.31,1.36,1.13,0.57,0.0766,10-20%,572.99,1529.22,1345.71,772.72,9,169.91,63.67,10-20%,183.51,Oct,Echo
2023-06-10,2023,6,Jun,Delta,Consumer,USA,8,216.19,91.05,1729.51,0.0,1729.51,728.39,1001.12,0.5788,317.53,328.33,672.79,139.27,5000.0,2197.27,2802.73,1.82,1.34,0.78,0.1346,0-5%,728.39,1729.51,1729.51,1001.12,8,216.19,91.05,0-5%,0.0,Jun,Delta
2024-09-08,2024,9,Sep,Bravo,Consumer,USA,12,198.46,102.08,2381.47,166.7,2214.77,1225.01,989.75,0.4469,381.08,385.82,603.93,210.67,5000.0,3095.92,1904.08,1.8,1.53,1.63,0.1208,5-10%,1225.01,2381.47,2214.77,989.75,12,198.46,102.08,5-10%,166.7,Sep,Bravo
2025-05-22,2025,5,May,Delta,SMB,UK,8,223.91,92.27,1791.31,53.74,1737.57,738.18,999.38,0.5752,427.25,443.12,556.26,84.11,5000.0,2748.45,2251.55,1.45,1.22,1.22,0.1113,0-5%,738.18,1791.31,1737.57,999.38,8,223.91,92.27,0-5%,53.74,May,Delta
2024-10-12,2024,10,Oct,Bravo,Consumer,USA,11,123.96,58.04,1363.54,95.45,1268.1,638.47,629.63,0.4965,323.22,328.44,301.19,74.76,5000.0,2553.46,2446.54,1.84,1.28,1.04,0.0602,5-10%,638.47,1363.54,1268.1,629.63,11,123.96,58.04,5-10%,95.45,Oct,Bravo
2023-05-27,2023,5,May,Delta,Consumer,Canada,11,265.52,99.22,2920.71,87.62,2833.09,1091.38,1741.71,0.6148,699.39,689.02,1052.69,116.9,5000.0,2225.84,2774.16,1.13,0.89,0.8,0.2105,0-5%,1091.38,2920.71,2833.09,1741.71,11,265.52,99.22,0-5%,87.62,May,Delta
2023-11-02,2023,11,Nov,Flux,SMB,USA,9,189.83,100.06,1708.45,51.25,1657.2,900.56,756.64,0.4566,407.19,427.23,329.41,130.23,5000.0,2676.22,2323.78,2.01,1.57,1.15,0.0659,0-5%,900.56,1708.45,1657.2,756.64,9,189.83,100.06,0-5%,51.25,Nov,Flux
2024-06-01,2024,6,Jun,Flux,SMB,USA,9,117.13,43.77,1054.19,31.63,1022.56,393.94,628.62,0.6148,279.8,269.94,358.69,63.13,5000.0,2192.01,2807.99,1.63,1.36,0.78,0.0717,0-5%,393.94,1054.19,1022.56,628.62,9,117.13,43.77,0-5%,31.63,Jun,Flux
2023-12-30,2023,12,Dec,Flux,Consumer,USA,10,249.9,133.0,2498.99,74.97,2424.02,1329.95,1094.07,0.4513,626.68,658.03,436.04,151.45,5000.0,2758.03,2241.97,1.38,0.87,1.23,0.0872,0-5%,1329.95,2498.99,2424.02,1094.07,10,249.9,133.0,0-5%,74.97,Dec,Flux
2025-08-20,2025,8,Aug,Bravo,SMB,USA,12,247.85,88.31,2974.24,0.0,2974.24,1059.66,1914.58,0.6437,630.76,640.98,1273.6,232.68,5000.0,3021.87,1978.13,1.74,1.35,1.53,0.2547,0-5%,1059.66,2974.24,2974.24,1914.58,12,247.85,88.31,0-5%,0.0,Aug,Bravo
2025-04-11,2025,4,Apr,Echo,SMB,India,9,207.93,88.16,1871.35,0.0,1871.35,793.46,1077.88,0.576,364.13,370.2,707.68,113.12,5000.0,2206.75,2793.25,1.77,1.33,0.79,0.1415,0-5%,793.46,1871.35,1871.35,1077.88,9,207.93,88.16,0-5%,0.0,Apr,Echo
2025-04-03,2025,4,Apr,Echo,Enterprise,Canada,7,192.02,100.75,1344.13,40.32,1303.8,705.23,598.57,0.4591,345.88,340.12,258.45,120.62,5000.0,2750.01,2249.99,1.82,1.41,1.22,0.0517,0-5%,705.23,1344.13,1303.8,598.57,7,192.02,100.75,0-5%,40.32,Apr,Echo
2024-09-02,2024,9,Sep,Flux,SMB,USA,11,215.36,104.63,2368.93,592.23,1776.7,1150.91,625.79,0.3522,409.02,439.68,186.12,229.66,5000.0,2745.91,2254.09,1.2,0.86,1.22,0.0372,20%+,1150.91,2368.93,1776.7,625.79,11,215.36,104.63,20%+,592.23,Sep,Flux
2023-09-14,2023,9,Sep,Alpha,Consumer,Canada,6,236.81,128.91,1420.85,99.46,1321.39,773.43,547.96,0.4147,358.62,347.6,200.37,164.36,5000.0,1968.05,3031.95,1.59,1.17,0.65,0.0401,5-10%,773.43,1420.85,1321.39,547.96,6,236.81,128.91,5-10%,99.46,Sep,Alpha
2025-04-28,2025,4,Apr,Echo,SMB,USA,11,342.37,137.59,3766.04,112.98,3653.06,1513.52,2139.54,0.5857,839.95,882.59,1256.95,237.91,7351.14,2888.62,4462.52,1.96,1.38,0.65,0.171,0-5%,1513.52,3766.04,3653.06,2139.54,11,342.37,137.59,0-5%,112.98,Apr,Echo
2024-09-18,2024,9,Sep,Delta,SMB,India,14,203.95,84.16,2855.28,0.0,2855.28,1178.23,1677.06,0.5874,466.02,431.41,1245.65,177.09,5190.52,1984.82,3205.7,1.77,1.49,0.62,0.24,0-5%,1178.23,2855.28,2855.28,1677.06,14,203.95,84.16,0-5%,0.0,Sep,Delta
2025-06-08,2025,6,Jun,Flux,SMB,USA,12,224.67,108.38,2696.01,0.0,2696.01,1300.53,1395.48,0.5176,350.26,345.01,1050.47,285.23,5000.0,1768.52,3231.48,2.09,1.6,0.55,0.2101,0-5%,1300.53,2696.01,2696.01,1395.48,12,224.67,108.38,0-5%,0.0,Jun,Flux
2023-05-05,2023,5,May,Cobalt,Consumer,USA,6,263.39,110.46,1580.36,0.0,1580.36,662.74,917.61,0.5806,285.57,285.48,632.13,116.68,5000.0,2890.9,2109.1,0.92,0.58,1.37,0.1264,0-5%,662.74,1580.36,1580.36,917.61,6,263.39,110.46,0-5%,0.0,May,Cobalt
2023-01-01,2023,1,Jan,Flux,SMB,India,5,271.89,140.76,1359.45,0.0,1359.45,703.79,655.66,0.4823,188.44,180.68,474.98,128.56,5000.0,2808.65,2191.35,1.87,1.28,1.28,0.095,0-5%,703.79,1359.45,1359.45,655.66,5,271.89,140.76,0-5%,0.0,Jan,Flux
2024-07-31,2024,7,Jul,Alpha,Consumer,India,10,215.97,103.03,2159.67,0.0,2159.67,1030.32,1129.35,0.5229,388.19,369.76,759.58,139.23,5000.0,2121.65,2878.35,1.92,1.52,0.74,0.1519,0-5%,1030.32,2159.67,2159.67,1129.35,10,215.97,103.03,0-5%,0.0,Jul,Alpha
2024-11-12,2024,11,Nov,Delta,Consumer,USA,15,257.18,117.35,3857.66,115.73,3741.93,1760.25,1981.68,0.5296,550.86,592.21,1389.48,365.72,6862.99,2843.15,4019.84,1.88,1.33,0.71,0.2025,0-5%,1760.25,3857.66,3741.93,1981.68,15,257.18,117.35,0-5%,115.73,Nov,Delta
2023-06-02,2023,6,Jun,Flux,Consumer,India,11,155.46,67.8,1710.01,51.3,1658.71,745.79,912.92,0.5504,443.09,456.97,455.95,143.06,5000.0,2772.38,2227.62,1.74,1.45,1.24,0.0912,0-5%,745.79,1710.01,1658.71,912.92,11,155.46,67.8,0-5%,51.3,Jun,Flux
2024-04-28,2024,4,Apr,Bravo,SMB,USA,15,271.85,144.88,4077.81,0.0,4077.81,2173.16,1904.65,0.4671,730.01,771.8,1132.85,306.46,5000.0,2247.02,2752.98,1.4,0.9,0.82,0.2266,0-5%,2173.16,4077.81,4077.81,1904.65,15,271.85,144.88,0-5%,0.0,Apr,Bravo
2024-07-09,2024,7,Jul,Bravo,Enterprise,UK,8,228.85,120.9,1830.77,219.69,1611.08,967.23,643.85,0.3996,338.37,329.97,313.88,203.46,5000.0,2158.91,2841.09,1.45,0.9,0.76,0.0628,10-20%,967.23,1830.77,1611.08,643.85,8,228.85,120.9,10-20%,219.69,Jul,Bravo
2024-06-05,2024,6,Jun,Delta,SMB,USA,8,139.51,60.5,1116.07,133.93,982.14,484.0,498.15,0.5072,149.96,139.69,358.46,103.4,5000.0,2773.93,2226.07,2.02,1.46,1.25,0.0717,10-20%,484.0,1116.07,982.14,498.15,8,139.51,60.5,10-20%,133.93,Jun,Delta
2024-01-29,2024,1,Jan,Alpha,Consumer,USA,4,175.76,79.78,703.04,49.21,653.82,319.11,334.72,0.5119,158.92,161.13,173.59,50.0,5000.0,2602.99,2397.01,1.3,0.85,1.09,0.0347,5-10%,319.11,703.04,653.82,334.72,4,175.76,79.78,5-10%,49.21,Jan,Alpha
2025-12-16,2025,12,Dec,Echo,SMB,USA,7,231.02,82.46,1617.11,48.51,1568.6,577.23,991.37,0.632,380.65,358.24,633.13,102.85,5000.0,2696.32,2303.68,1.21,0.67,1.17,0.1266,0-5%,577.23,1617.11,1568.6,991.37,7,231.02,82.46,0-5%,48.51,Dec,Echo
2024-06-09,2024,6,Jun,Flux,Consumer,USA,11,274.32,138.61,3017.53,90.53,2927.01,1524.74,1402.26,0.4791,685.14,727.1,675.16,173.86,5340.24,1915.93,3424.31,2.36,2.11,0.56,0.1264,0-5%,1524.74,3017.53,2927.01,1402.26,11,274.32,138.61,0-5%,90.53,Jun,Flux
2025-12-29,2025,12,Dec,Alpha,SMB,USA,5,157.77,68.5,788.85,0.0,788.85,342.51,446.34,0.5658,101.98,96.09,350.25,50.0,5000.0,2216.45,2783.55,2.86,2.47,0.8,0.07,0-5%,342.51,788.85,788.85,446.34,5,157.77,68.5,0-5%,0.0,Dec,Alpha
2024-05-04,2024,5,May,Flux,SMB,USA,9,151.0,74.04,1359.01,0.0,1359.01,666.38,692.63,0.5097,260.07,259.33,433.3,137.78,5000.0,2275.11,2724.89,1.9,1.38,0.83,0.0867,0-5%,666.38,1359.01,1359.01,692.63,9,151.0,74.04,0-5%,0.0,May,Flux
2024-02-10,2024,2,Feb,Echo,Consumer,USA,8,224.02,98.01,1792.2,215.06,1577.13,784.06,793.07,0.5029,249.72,254.61,538.46,99.0,5000.0,1861.41,3138.59,1.64,1.19,0.59,0.1077,10-20%,784.06,1792.2,1577.13,793.07,8,224.02,98.01,10-20%,215.06,Feb,Echo
2023-10-30,2023,10,Oct,Flux,Consumer,USA,7,138.59,68.67,970.1,0.0,970.1,480.68,489.42,0.5045,180.77,172.18,317.24,54.95,5000.0,2243.57,2756.43,1.83,1.55,0.81,0.0634,0-5%,480.68,970.1,970.1,489.42,7,138.59,68.67,0-5%,0.0,Oct,Flux
2024-09-13,2024,9,Sep,Echo,Consumer,USA,8,126.69,52.53,1013.53,30.41,983.13,420.25,562.88,0.5725,180.29,190.67,372.21,89.24,5000.0,2670.62,2329.38,2.03,1.48,1.15,0.0744,0-5%,420.25,1013.53,983.13,562.88,8,126.69,52.53,0-5%,30.41,Sep,Echo
2025-11-23,2025,11,Nov,Cobalt,Consumer,Canada,10,201.57,108.97,2015.72,241.89,1773.83,1089.67,684.16,0.3857,268.01,254.54,429.62,238.62,5000.0,2917.08,2082.92,1.61,1.07,1.4,0.0859,10-20%,1089.67,2015.72,1773.83,684.16,10,201.57,108.97,10-20%,241.89,Nov,Cobalt
2023-09-11,2023,9,Sep,Flux,Enterprise,Germany,9,134.74,51.35,1212.7,0.0,1212.7,462.18,750.51,0.6189,314.5,312.68,437.83,51.98,5000.0,2346.64,2653.36,2.38,2.08,0.88,0.0876,0-5%,462.18,1212.7,1212.7,750.51,9,134.74,51.35,0-5%,0.0,Sep,Flux
2024-06-07,2024,6,Jun,Bravo,SMB,USA,5,174.15,84.82,870.75,104.49,766.26,424.08,342.18,0.4466,200.51,196.06,146.12,73.43,5000.0,3080.98,1919.02,1.21,0.93,1.61,0.0292,10-20%,424.08,870.75,766.26,342.18,5,174.15,84.82,10-20%,104.49,Jun,Bravo
2025-08-30,2025,8,Aug,Cobalt,SMB,USA,10,227.8,90.12,2278.03,0.0,2278.03,901.18,1376.86,0.6044,332.33,330.46,1046.4,123.93,5000.0,2078.28,2921.72,1.39,0.86,0.71,0.2093,0-5%,901.18,2278.03,2278.03,1376.86,10,227.8,90.12,0-5%,0.0,Aug,Cobalt
2023-10-23,2023,10,Oct,Bravo,Consumer,USA,8,299.6,119.43,2396.79,0.0,2396.79,955.47,1441.32,0.6014,564.48,545.43,895.89,153.28,5000.0,1933.63,3066.37,1.65,1.24,0.63,0.1792,0-5%,955.47,2396.79,2396.79,1441.32,8,299.6,119.43,0-5%,0.0,Oct,Bravo
2023-03-18,2023,3,Mar,Echo,Consumer,Germany,6,101.78,50.12,610.69,0.0,610.69,300.69,309.99,0.5076,151.97,141.97,168.02,60.73,5000.0,3202.31,1797.69,1.29,0.87,1.78,0.0336,0-5%,300.69,610.69,610.69,309.99,6,101.78,50.12,0-5%,0.0,Mar,Echo
2023-03-05,2023,3,Mar,Flux,Consumer,Canada,15,137.52,50.88,2062.82,0.0,2062.82,763.13,1299.69,0.6301,363.31,391.61,908.09,89.48,5000.0,2088.61,2911.39,1.28,0.84,0.72,0.1816,0-5%,763.13,2062.82,2062.82,1299.69,15,137.52,50.88,0-5%,0.0,Mar,Flux
2024-11-22,2024,11,Nov,Flux,SMB,UK,13,213.19,88.53,2771.46,194.0,2577.46,1150.89,1426.57,0.5535,405.25,436.77,989.8,119.51,5000.0,2006.37,2993.63,1.67,1.47,0.67,0.198,5-10%,1150.89,2771.46,2577.46,1426.57,13,213.19,88.53,5-10%,194.0,Nov,Flux
2024-09-11,2024,9,Sep,Alpha,Consumer,India,5,192.97,99.75,964.84,28.95,935.89,498.75,437.15,0.4671,212.05,198.52,238.63,97.44,5000.0,2240.79,2759.21,1.95,1.37,0.81,0.0477,0-5%,498.75,964.84,935.89,437.15,5,192.97,99.75,0-5%,28.95,Sep,Alpha
2025-06-22,2025,6,Jun,Delta,Consumer,Germany,9,229.31,80.88,2063.81,61.91,2001.89,727.94,1273.95,0.6364,461.19,442.59,831.37,155.69,5000.0,1962.82,3037.18,2.18,1.87,0.65,0.1663,0-5%,727.94,2063.81,2001.89,1273.95,9,229.31,80.88,0-5%,61.91,Jun,Delta
2024-04-22,2024,4,Apr,Delta,SMB,India,9,223.24,96.91,2009.14,241.1,1768.04,872.15,895.89,0.5067,335.44,346.12,549.77,97.64,5000.0,2548.12,2451.88,2.05,1.78,1.04,0.11,10-20%,872.15,2009.14,1768.04,895.89,9,223.24,96.91,10-20%,241.1,Apr,Delta
2024-06-15,2024,6,Jun,Alpha,Consumer,Germany,9,236.22,115.72,2125.94,148.82,1977.12,1041.46,935.66,0.4732,354.07,328.18,607.47,225.65,5000.0,2532.47,2467.53,2.77,2.24,1.03,0.1215,5-10%,1041.46,2125.94,1977.12,935.66,9,236.22,115.72,5-10%,148.82,Jun,Alpha
2024-01-24,2024,1,Jan,Cobalt,Enterprise,USA,8,256.91,138.19,2055.27,0.0,2055.27,1105.53,949.74,0.4621,264.59,255.1,694.63,126.82,5000.0,2963.95,2036.05,1.83,1.34,1.46,0.1389,0-5%,1105.53,2055.27,2055.27,949.74,8,256.91,138.19,0-5%,0.0,Jan,Cobalt
2024-09-12,2024,9,Sep,Flux,SMB,USA,11,220.27,78.07,2422.99,0.0,2422.99,858.8,1564.19,0.6456,479.04,463.75,1100.44,119.64,5000.0,2255.72,2744.28,1.59,1.0,0.82,0.2201,0-5%,858.8,2422.99,2422.99,1564.19,11,220.27,78.07,0-5%,0.0,Sep,Flux
2024-08-09,2024,8,Aug,Flux,Enterprise,USA,9,235.89,99.26,2123.02,0.0,2123.02,893.32,1229.7,0.5792,298.86,286.88,942.81,91.7,5000.0,2572.87,2427.13,2.28,1.79,1.06,0.1886,0-5%,893.32,2123.02,2123.02,1229.7,9,235.89,99.26,0-5%,0.0,Aug,Flux
2023-12-05,2023,12,Dec,Delta,Enterprise,India,13,261.47,107.23,3399.13,237.94,3161.19,1394.05,1767.14,0.559,420.12,431.15,1335.99,206.4,6503.23,2754.67,3748.56,2.51,1.93,0.73,0.2054,5-10%,1394.05,3399.13,3161.19,1767.14,13,261.47,107.23,5-10%,237.94,Dec,Delta
2023-09-11,2023,9,Sep,Echo,Consumer,USA,9,202.29,89.4,1820.62,218.47,1602.15,804.6,797.55,0.4978,344.93,344.93,452.62,95.65,5000.0,2446.28,2553.72,1.81,1.27,0.96,0.0905,10-20%,804.6,1820.62,1602.15,797.55,9,202.29,89.4,10-20%,218.47,Sep,Echo
2024-09-04,2024,9,Sep,Echo,Consumer,Germany,10,245.18,104.43,2451.77,294.21,2157.56,1044.28,1113.28,0.516,270.79,268.64,844.64,224.07,5000.0,2435.4,2564.6,2.02,1.43,0.95,0.1689,10-20%,1044.28,2451.77,2157.56,1113.28,10,245.18,104.43,10-20%,294.21,Sep,Echo
2025-04-03,2025,4,Apr,Bravo,Consumer,USA,4,135.36,56.59,541.46,16.24,525.21,226.38,298.84,0.569,92.55,89.19,209.65,50.0,5000.0,2025.62,2974.38,1.7,1.39,0.68,0.0419,0-5%,226.38,541.46,525.21,298.84,4,135.36,56.59,0-5%,16.24,Apr,Bravo
2024-05-26,2024,5,May,Delta,SMB,USA,8,215.54,98.09,1724.31,120.7,1603.61,784.69,818.92,0.5107,301.91,292.48,526.43,149.38,5000.0,2712.43,2287.57,1.81,1.61,1.19,0.1053,5-10%,784.69,1724.31,1603.61,818.92,8,215.54,98.09,5-10%,120.7,May,Delta
2024-09-04,2024,9,Sep,Flux,SMB,India,8,181.86,66.54,1454.87,0.0,1454.87,532.33,922.54,0.6341,228.83,227.64,694.9,72.41,5000.0,1858.12,3141.88,1.42,0.99,0.59,0.139,0-5%,532.33,1454.87,1454.87,922.54,8,181.86,66.54,0-5%,0.0,Sep,Flux
2025-12-02,2025,12,Dec,Bravo,Consumer,India,10,231.44,120.06,2314.42,0.0,2314.42,1200.64,1113.78,0.4812,549.46,535.08,578.7,205.57,5000.0,2680.87,2319.13,1.36,0.87,1.16,0.1157,0-5%,1200.64,2314.42,2314.42,1113.78,10,231.44,120.06,0-5%,0.0,Dec,Bravo
2023-06-11,2023,6,Jun,Alpha,Consumer,USA,4,192.76,101.16,771.03,0.0,771.03,404.65,366.38,0.4752,169.75,165.48,200.9,69.01,5000.0,2444.22,2555.78,0.81,0.5,0.96,0.0402,0-5%,404.65,771.03,771.03,366.38,4,192.76,101.16,0-5%,0.0,Jun,Alpha
2024-08-15,2024,8,Aug,Cobalt,SMB,USA,6,138.69,73.89,832.12,0.0,832.12,443.33,388.79,0.4672,218.64,202.47,186.33,55.6,5000.0,2731.39,2268.61,1.12,0.86,1.2,0.0373,0-5%,443.33,832.12,832.12,388.79,6,138.69,73.89,0-5%,0.0,Aug,Cobalt
2024-12-10,2024,12,Dec,Flux,Consumer,USA,9,312.85,136.88,2815.65,0.0,2815.65,1231.96,1583.69,0.5625,607.8,632.81,950.88,215.99,5000.0,1983.01,3016.99,2.02,1.56,0.66,0.1902,0-5%,1231.96,2815.65,2815.65,1583.69,9,312.85,136.88,0-5%,0.0,Dec,Flux
2023-07-13,2023,7,Jul,Flux,SMB,USA,10,282.97,107.48,2829.71,0.0,2829.71,1074.78,1754.94,0.6202,668.91,627.15,1127.79,235.69,5484.85,3227.5,2257.35,1.55,1.17,1.43,0.2056,0-5%,1074.78,2829.71,2829.71,1754.94,10,282.97,107.48,0-5%,0.0,Jul,Flux
2025-11-21,2025,11,Nov,Delta,Enterprise,USA,11,224.12,95.68,2465.29,0.0,2465.29,1052.44,1412.85,0.5731,555.66,578.3,834.55,150.87,5000.0,3049.99,1950.01,1.78,1.39,1.56,0.1669,0-5%,1052.44,2465.29,2465.29,1412.85,11,224.12,95.68,0-5%,0.0,Nov,Delta
2023-06-08,2023,6,Jun,Delta,Consumer,India,11,265.03,110.45,2915.3,349.84,2565.47,1214.96,1350.5,0.5264,599.62,582.43,768.07,182.27,5177.26,2775.16,2402.1,1.56,1.26,1.16,0.1484,10-20%,1214.96,2915.3,2565.47,1350.5,11,265.03,110.45,10-20%,349.84,Jun,Delta
2023-11-02,2023,11,Nov,Alpha,Enterprise,USA,6,151.42,81.81,908.51,109.02,799.49,490.88,308.61,0.386,197.39,210.09,98.52,97.35,5000.0,3205.74,1794.26,2.31,2.01,1.79,0.0197,10-20%,490.88,908.51,799.49,308.61,6,151.42,81.81,10-20%,109.02,Nov,Alpha
2023-08-19,2023,8,Aug,Alpha,Enterprise,Canada,5,271.94,138.89,1359.69,163.16,1196.52,694.47,502.06,0.4196,202.66,204.16,297.9,103.05,5000.0,2872.25,2127.75,1.58,1.15,1.35,0.0596,10-20%,694.47,1359.69,1196.52,502.06,5,271.94,138.89,10-20%,163.16,Aug,Alpha
2023-10-23,2023,10,Oct,Echo,Consumer,Canada,10,206.0,84.73,2059.97,61.8,1998.17,847.33,1150.84,0.5759,539.9,509.91,640.93,144.27,5000.0,2295.67,2704.33,1.61,1.13,0.85,0.1282,0-5%,847.33,2059.97,1998.17,1150.84,10,206.0,84.73,0-5%,61.8,Oct,Echo
2025-09-02,2025,9,Sep,Bravo,SMB,Germany,9,137.9,49.72,1241.08,86.88,1154.21,447.47,706.73,0.6123,240.65,250.13,456.6,85.94,5000.0,3210.12,1789.88,1.78,1.52,1.79,0.0913,5-10%,447.47,1241.08,1154.21,706.73,9,137.9,49.72,5-10%,86.88,Sep,Bravo
2023-01-10,2023,1,Jan,Cobalt,SMB,Germany,9,201.09,110.46,1809.83,0.0,1809.83,994.11,815.72,0.4507,288.43,305.56,510.16,135.12,5000.0,3170.07,1829.93,1.71,1.43,1.73,0.102,0-5%,994.11,1809.83,1809.83,815.72,9,201.09,110.46,0-5%,0.0,Jan,Cobalt
2023-09-17,2023,9,Sep,Cobalt,Consumer,Germany,7,239.6,102.63,1677.19,0.0,1677.19,718.4,958.79,0.5717,284.23,285.48,673.31,144.42,5000.0,1781.17,3218.83,1.8,1.41,0.55,0.1347,0-5%,718.4,1677.19,1677.19,958.79,7,239.6,102.63,0-5%,0.0,Sep,Cobalt
2024-05-09,2024,5,May,Cobalt,SMB,USA,11,214.39,91.0,2358.24,165.08,2193.16,1000.98,1192.18,0.5436,449.35,413.62,778.56,165.31,5000.0,3180.48,1819.52,1.54,1.18,1.75,0.1557,5-10%,1000.98,2358.24,2193.16,1192.18,11,214.39,91.0,5-10%,165.08,May,Cobalt
2023-08-30,2023,8,Aug,Bravo,Consumer,USA,14,213.09,103.08,2983.21,0.0,2983.21,1443.19,1540.03,0.5162,371.63,381.41,1158.62,292.67,5000.0,1912.83,3087.17,1.51,0.91,0.62,0.2317,0-5%,1443.19,2983.21,2983.21,1540.03,14,213.09,103.08,0-5%,0.0,Aug,Bravo
2024-05-27,2024,5,May,Flux,Consumer,USA,18,258.37,115.99,4650.63,0.0,4650.63,2087.81,2562.82,0.5511,951.66,918.33,1644.48,373.8,6956.68,4326.17,2630.51,2.17,1.6,1.64,0.2364,0-5%,2087.81,4650.63,4650.63,2562.82,18,258.37,115.99,0-5%,0.0,May,Flux
2025-10-24,2025,10,Oct,Flux,SMB,USA,6,264.4,138.89,1586.37,111.05,1475.33,833.35,641.98,0.4351,183.36,180.89,461.09,163.19,5000.0,2917.32,2082.68,1.9,1.66,1.4,0.0922,5-10%,833.35,1586.37,1475.33,641.98,6,264.4,138.89,5-10%,111.05,Oct,Flux
2024-10-07,2024,10,Oct,Delta,Consumer,Canada,10,263.67,98.56,2636.71,316.41,2320.31,985.63,1334.68,0.5752,335.49,309.02,1025.66,121.93,5000.0,2413.45,2586.55,1.95,1.5,0.93,0.2051,10-20%,985.63,2636.71,2320.31,1334.68,10,263.67,98.56,10-20%,316.41,Oct,Delta
2025-03-29,2025,3,Mar,Delta,Consumer,Canada,12,209.97,84.9,2519.64,176.37,2343.27,1018.83,1324.43,0.5652,569.53,542.66,781.78,215.67,5000.0,3185.25,1814.75,2.04,1.62,1.76,0.1564,5-10%,1018.83,2519.64,2343.27,1324.43,12,209.97,84.9,5-10%,176.37,Mar,Delta
2023-10-01,2023,10,Oct,Flux,SMB,UK,10,242.56,104.08,2425.59,291.07,2134.52,1040.84,1093.68,0.5124,555.05,560.79,532.89,212.15,5000.0,2104.96,2895.04,2.2,1.62,0.73,0.1066,10-20%,1040.84,2425.59,2134.52,1093.68,10,242.56,104.08,10-20%,291.07,Oct,Flux
2023-09-12,2023,9,Sep,Echo,Consumer,USA,7,133.52,56.39,934.61,65.42,869.19,394.7,474.49,0.5459,145.72,155.15,319.33,79.87,5000.0,2867.55,2132.45,2.09,1.63,1.34,0.0639,5-10%,394.7,934.61,869.19,474.49,7,133.52,56.39,5-10%,65.42,Sep,Echo
2023-06-08,2023,6,Jun,Echo,Consumer,Germany,6,219.3,86.73,1315.78,0.0,1315.78,520.36,795.41,0.6045,171.13,175.27,620.14,114.39,5000.0,3239.6,1760.4,1.62,1.38,1.84,0.124,0-5%,520.36,1315.78,1315.78,795.41,6,219.3,86.73,0-5%,0.0,Jun,Echo
2025-04-23,2025,4,Apr,Cobalt,Consumer,India,9,208.88,113.48,1879.94,131.6,1748.35,1021.34,727.01,0.4158,380.56,385.89,341.12,116.62,5000.0,2921.75,2078.25,2.26,1.71,1.41,0.0682,5-10%,1021.34,1879.94,1748.35,727.01,9,208.88,113.48,5-10%,131.6,Apr,Cobalt
2023-09-06,2023,9,Sep,Alpha,SMB,USA,6,132.75,68.41,796.48,95.58,700.9,410.48,290.42,0.4144,109.54,116.57,173.85,50.0,5000.0,2954.32,2045.68,2.05,1.52,1.44,0.0348,10-20%,410.48,796.48,700.9,290.42,6,132.75,68.41,10-20%,95.58,Sep,Alpha
2023-02-10,2023,2,Feb,Echo,Consumer,USA,10,206.87,88.68,2068.69,0.0,2068.69,886.8,1181.89,0.5713,346.24,358.79,823.11,110.4,5000.0,2759.53,2240.47,1.65,1.36,1.23,0.1646,0-5%,886.8,2068.69,2068.69,1181.89,10,206.87,88.68,0-5%,0.0,Feb,Echo
2025-06-11,2025,6,Jun,Delta,Consumer,USA,8,185.34,98.69,1482.72,177.93,1304.79,789.49,515.3,0.3949,228.91,227.51,287.79,117.36,5000.0,2491.82,2508.18,2.63,2.21,0.99,0.0576,10-20%,789.49,1482.72,1304.79,515.3,8,185.34,98.69,10-20%,177.93,Jun,Delta
2024-05-29,2024,5,May,Delta,SMB,USA,14,198.39,72.41,2777.4,83.32,2694.08,1013.75,1680.33,0.6237,619.28,639.16,1041.16,208.95,5000.0,3225.62,1774.38,2.39,1.91,1.82,0.2082,0-5%,1013.75,2777.4,2694.08,1680.33,14,198.39,72.41,0-5%,83.32,May,Delta
2024-10-23,2024,10,Oct,Delta,SMB,Germany,11,372.36,203.13,4095.96,491.52,3604.45,2234.39,1370.05,0.3801,601.08,644.8,725.26,416.08,7135.66,4179.89,2955.77,1.44,1.15,1.41,0.1016,10-20%,2234.39,4095.96,3604.45,1370.05,11,372.36,203.13,10-20%,491.52,Oct,Delta
2024-05-16,2024,5,May,Delta,SMB,Germany,7,265.03,95.42,1855.23,0.0,1855.23,667.94,1187.29,0.64,430.47,433.9,753.39,129.62,5000.0,2445.23,2554.77,1.84,1.28,0.96,0.1507,0-5%,667.94,1855.23,1855.23,1187.29,7,265.03,95.42,0-5%,0.0,May,Delta
2025-05-06,2025,5,May,Flux,Consumer,Germany,10,210.74,93.56,2107.38,0.0,2107.38,935.55,1171.83,0.5561,407.2,414.43,757.4,203.91,5000.0,3207.29,1792.71,2.3,1.87,1.79,0.1515,0-5%,935.55,2107.38,2107.38,1171.83,10,210.74,93.56,0-5%,0.0,May,Flux
2025-09-02,2025,9,Sep,Bravo,Consumer,USA,11,204.83,85.35,2253.11,67.59,2185.52,938.81,1246.71,0.5704,386.35,373.23,873.49,195.22,5000.0,2311.82,2688.18,1.77,1.36,0.86,0.1747,0-5%,938.81,2253.11,2185.52,1246.71,11,204.83,85.35,0-5%,67.59,Sep,Bravo
2023-06-17,2023,6,Jun,Cobalt,Consumer,USA,7,217.54,77.14,1522.79,182.74,1340.06,539.96,800.09,0.5971,254.61,273.17,526.92,109.58,5000.0,2702.36,2297.64,1.24,0.74,1.18,0.1054,10-20%,539.96,1522.79,1340.06,800.09,7,217.54,77.14,10-20%,182.74,Jun,Cobalt
