Date,FiscalYear,Scenario,Region,ProductLine,Account,AccountCategory,Department,Amount,MonthYear
2023-01-01,2023,Actual,Northeast,Core,Revenue,Revenue,Sales,2268458.2933699545,2023-01
2023-01-01,2023,Actual,Northeast,Core,COGS,COGS,Sales,-935240.5969624753,2023-01
2023-01-01,2023,Actual,Northeast,Core,Sales & Marketing,Opex,Marketing,-379520.28970468097,2023-01
2023-01-01,2023,Actual,Northeast,Core,R&D,Opex,R&D,-274266.43932264403,2023-01
2023-01-01,2023,Actual,Northeast,Core,G&A,Opex,G&A,-209322.10757766134,2023-01
2023-01-01,2023,Actual,Northeast,Core,Support,Opex,Support,-118298.25441818844,2023-01
2023-01-01,2023,Budget,Northeast,Core,Revenue,Revenue,Sales,2356200.0,2023-01
2023-01-01,2023,Budget,Northeast,Core,COGS,COGS,Sales,-911678.9697094538,2023-01
2023-01-01,2023,Budget,Northeast,Core,Sales & Marketing,Opex,Marketing,-516425.55859070696,2023-01
2023-01-01,2023,Budget,Northeast,Core,R&D,Opex,R&D,-301034.50977643783,2023-01
2023-01-01,2023,Budget,Northeast,Core,G&A,Opex,G&A,-220211.9925021588,2023-01
2023-01-01,2023,Budget,Northeast,Core,Support,Opex,Support,-163061.53789197592,2023-01
2023-01-01,2023,Actual,Northeast,Plus,Revenue,Revenue,Sales,2673538.6707898416,2023-01
2023-01-01,2023,Actual,Northeast,Plus,COGS,COGS,Sales,-1072439.7156103107,2023-01
2023-01-01,2023,Actual,Northeast,Plus,Sales & Marketing,Opex,Marketing,-439531.1585540737,2023-01
2023-01-01,2023,Actual,Northeast,Plus,R&D,Opex,R&D,-272977.4493958464,2023-01
2023-01-01,2023,Actual,Northeast,Plus,G&A,Opex,G&A,-278647.5731038872,2023-01
2023-01-01,2023,Actual,Northeast,Plus,Support,Opex,Support,-198909.03153129513,2023-01
2023-01-01,2023,Budget,Northeast,Plus,Revenue,Revenue,Sales,2709630.0,2023-01
2023-01-01,2023,Budget,Northeast,Plus,COGS,COGS,Sales,-1030602.3861187889,2023-01
2023-01-01,2023,Budget,Northeast,Plus,Sales & Marketing,Opex,Marketing,-487200.4717216142,2023-01
2023-01-01,2023,Budget,Northeast,Plus,R&D,Opex,R&D,-280618.6967711505,2023-01
2023-01-01,2023,Budget,Northeast,Plus,G&A,Opex,G&A,-254809.2893926053,2023-01
2023-01-01,2023,Budget,Northeast,Plus,Support,Opex,Support,-185692.79673524338,2023-01
2023-01-01,2023,Actual,Northeast,Enterprise,Revenue,Revenue,Sales,2928830.4253337653,2023-01
2023-01-01,2023,Actual,Northeast,Enterprise,COGS,COGS,Sales,-1140440.6759962346,2023-01
2023-01-01,2023,Actual,Northeast,Enterprise,Sales & Marketing,Opex,Marketing,-592053.0251642934,2023-01
2023-01-01,2023,Actual,Northeast,Enterprise,R&D,Opex,R&D,-364694.3803751938,2023-01
2023-01-01,2023,Actual,Northeast,Enterprise,G&A,Opex,G&A,-275376.7222980522,2023-01
2023-01-01,2023,Actual,Northeast,Enterprise,Support,Opex,Support,-172548.5715316395,2023-01
2023-01-01,2023,Budget,Northeast,Enterprise,Revenue,Revenue,Sales,3180870.0,2023-01
2023-01-01,2023,Budget,Northeast,Enterprise,COGS,COGS,Sales,-1413221.0087698386,2023-01
2023-01-01,2023,Budget,Northeast,Enterprise,Sales & Marketing,Opex,Marketing,-524863.8499323494,2023-01
2023-01-01,2023,Budget,Northeast,Enterprise,R&D,Opex,R&D,-336505.92617827177,2023-01
2023-01-01,2023,Budget,Northeast,Enterprise,G&A,Opex,G&A,-290595.13051156164,2023-01
2023-01-01,2023,Budget,Northeast,Enterprise,Support,Opex,Support,-183780.22050238372,2023-01
2023-01-01,2023,Actual,Northeast,Marketplace Ads,Revenue,Revenue,Sales,1220485.7307045716,2023-01
2023-01-01,2023,Actual,Northeast,Marketplace Ads,COGS,COGS,Sales,-523123.13809175463,2023-01
2023-01-01,2023,Actual,Northeast,Marketplace Ads,Sales & Marketing,Opex,Marketing,-246823.29424528813,2023-01
2023-01-01,2023,Actual,Northeast,Marketplace Ads,R&D,Opex,R&D,-159829.24896792986,2023-01
2023-01-01,2023,Actual,Northeast,Marketplace Ads,G&A,Opex,G&A,-104055.06040940438,2023-01
2023-01-01,2023,Actual,Northeast,Marketplace Ads,Support,Opex,Support,-88350.25178946562,2023-01
2023-01-01,2023,Budget,Northeast,Marketplace Ads,Revenue,Revenue,Sales,1413720.0,2023-01
2023-01-01,2023,Budget,Northeast,Marketplace Ads,COGS,COGS,Sales,-561562.6965423067,2023-01
2023-01-01,2023,Budget,Northeast,Marketplace Ads,Sales & Marketing,Opex,Marketing,-271660.6424705703,2023-01
2023-01-01,2023,Budget,Northeast,Marketplace Ads,R&D,Opex,R&D,-153878.5912640202,2023-01
2023-01-01,2023,Budget,Northeast,Marketplace Ads,G&A,Opex,G&A,-147543.22556385904,2023-01
2023-01-01,2023,Budget,Northeast,Marketplace Ads,Support,Opex,Support,-75261.97721510321,2023-01
2023-01-01,2023,Actual,Southeast,Core,Revenue,Revenue,Sales,2045485.4257447463,2023-01
2023-01-01,2023,Actual,Southeast,Core,COGS,COGS,Sales,-868022.8010907123,2023-01
2023-01-01,2023,Actual,Southeast,Core,Sales & Marketing,Opex,Marketing,-412871.8021889206,2023-01
2023-01-01,2023,Actual,Southeast,Core,R&D,Opex,R&D,-212351.58249745995,2023-01
2023-01-01,2023,Actual,Southeast,Core,G&A,Opex,G&A,-224028.90794410958,2023-01
2023-01-01,2023,Actual,Southeast,Core,Support,Opex,Support,-120065.20167597593,2023-01
2023-01-01,2023,Budget,Southeast,Core,Revenue,Revenue,Sales,2131800.0,2023-01
2023-01-01,2023,Budget,Southeast,Core,COGS,COGS,Sales,-876696.7443629592,2023-01
2023-01-01,2023,Budget,Southeast,Core,Sales & Marketing,Opex,Marketing,-379960.28464899864,2023-01
2023-01-01,2023,Budget,Southeast,Core,R&D,Opex,R&D,-216582.2642297796,2023-01
2023-01-01,2023,Budget,Southeast,Core,G&A,Opex,G&A,-186182.87611512223,2023-01
2023-01-01,2023,Budget,Southeast,Core,Support,Opex,Support,-127503.04180620947,2023-01
2023-01-01,2023,Actual,Southeast,Plus,Revenue,Revenue,Sales,2276202.4727687486,2023-01
2023-01-01,2023,Actual,Southeast,Plus,COGS,COGS,Sales,-876040.9834558411,2023-01
2023-01-01,2023,Actual,Southeast,Plus,Sales & Marketing,Opex,Marketing,-491312.8034916446,2023-01
2023-01-01,2023,Actual,Southeast,Plus,R&D,Opex,R&D,-245722.71613574986,2023-01
2023-01-01,2023,Actual,Southeast,Plus,G&A,Opex,G&A,-218247.2556278964,2023-01
2023-01-01,2023,Actual,Southeast,Plus,Support,Opex,Support,-138136.86876928448,2023-01
2023-01-01,2023,Budget,Southeast,Plus,Revenue,Revenue,Sales,2451570.0,2023-01
2023-01-01,2023,Budget,Southeast,Plus,COGS,COGS,Sales,-993270.4619501462,2023-01
2023-01-01,2023,Budget,Southeast,Plus,Sales & Marketing,Opex,Marketing,-526275.0208243858,2023-01
2023-01-01,2023,Budget,Southeast,Plus,R&D,Opex,R&D,-332357.9468183878,2023-01
2023-01-01,2023,Budget,Southeast,Plus,G&A,Opex,G&A,-241018.95809394142,2023-01
2023-01-01,2023,Budget,Southeast,Plus,Support,Opex,Support,-143153.3965623215,2023-01
2023-01-01,2023,Actual,Southeast,Enterprise,Revenue,Revenue,Sales,2843723.2363925865,2023-01
2023-01-01,2023,Actual,Southeast,Enterprise,COGS,COGS,Sales,-1173247.0432132543,2023-01
2023-01-01,2023,Actual,Southeast,Enterprise,Sales & Marketing,Opex,Marketing,-483952.09712079354,2023-01
2023-01-01,2023,Actual,Southeast,Enterprise,R&D,Opex,R&D,-340910.794340657,2023-01
2023-01-01,2023,Actual,Southeast,Enterprise,G&A,Opex,G&A,-233522.7401565907,2023-01
2023-01-01,2023,Actual,Southeast,Enterprise,Support,Opex,Support,-143617.96581539416,2023-01
2023-01-01,2023,Budget,Southeast,Enterprise,Revenue,Revenue,Sales,2877930.0,2023-01
2023-01-01,2023,Budget,Southeast,Enterprise,COGS,COGS,Sales,-1200688.6681519684,2023-01
2023-01-01,2023,Budget,Southeast,Enterprise,Sales & Marketing,Opex,Marketing,-528234.5450505395,2023-01
2023-01-01,2023,Budget,Southeast,Enterprise,R&D,Opex,R&D,-402493.62561713293,2023-01
2023-01-01,2023,Budget,Southeast,Enterprise,G&A,Opex,G&A,-262570.23718845414,2023-01
2023-01-01,2023,Budget,Southeast,Enterprise,Support,Opex,Support,-189880.85517182035,2023-01
2023-01-01,2023,Actual,Southeast,Marketplace Ads,Revenue,Revenue,Sales,1257584.3499043065,2023-01
2023-01-01,2023,Actual,Southeast,Marketplace Ads,COGS,COGS,Sales,-545989.459945364,2023-01
2023-01-01,2023,Actual,Southeast,Marketplace Ads,Sales & Marketing,Opex,Marketing,-229700.9787958271,2023-01
2023-01-01,2023,Actual,Southeast,Marketplace Ads,R&D,Opex,R&D,-138690.78647521537,2023-01
2023-01-01,2023,Actual,Southeast,Marketplace Ads,G&A,Opex,G&A,-117850.37858523738,2023-01
2023-01-01,2023,Actual,Southeast,Marketplace Ads,Support,Opex,Support,-93188.32499635988,2023-01
2023-01-01,2023,Budget,Southeast,Marketplace Ads,Revenue,Revenue,Sales,1279080.0,2023-01
2023-01-01,2023,Budget,Southeast,Marketplace Ads,COGS,COGS,Sales,-532790.4555190476,2023-01
2023-01-01,2023,Budget,Southeast,Marketplace Ads,Sales & Marketing,Opex,Marketing,-256745.26344924927,2023-01
2023-01-01,2023,Budget,Southeast,Marketplace Ads,R&D,Opex,R&D,-158716.4149933568,2023-01
2023-01-01,2023,Budget,Southeast,Marketplace Ads,G&A,Opex,G&A,-111356.63897214892,2023-01
2023-01-01,2023,Budget,Southeast,Marketplace Ads,Support,Opex,Support,-82436.91710931541,2023-01
2023-01-01,2023,Actual,Midwest,Core,Revenue,Revenue,Sales,1964828.6816289613,2023-01
2023-01-01,2023,Actual,Midwest,Core,COGS,COGS,Sales,-856244.621034059,2023-01
2023-01-01,2023,Actual,Midwest,Core,Sales & Marketing,Opex,Marketing,-346086.53942701215,2023-01
2023-01-01,2023,Actual,Midwest,Core,R&D,Opex,R&D,-260389.7059972555,2023-01
2023-01-01,2023,Actual,Midwest,Core,G&A,Opex,G&A,-178269.57445744032,2023-01
2023-01-01,2023,Actual,Midwest,Core,Support,Opex,Support,-117776.53317045387,2023-01
2023-01-01,2023,Budget,Midwest,Core,Revenue,Revenue,Sales,2019600.0,2023-01
2023-01-01,2023,Budget,Midwest,Core,COGS,COGS,Sales,-897458.6365855249,2023-01
2023-01-01,2023,Budget,Midwest,Core,Sales & Marketing,Opex,Marketing,-428568.0085559286,2023-01
2023-01-01,2023,Budget,Midwest,Core,R&D,Opex,R&D,-245614.393580476,2023-01
2023-01-01,2023,Budget,Midwest,Core,G&A,Opex,G&A,-211575.8863129951,2023-01
2023-01-01,2023,Budget,Midwest,Core,Support,Opex,Support,-153507.5464018962,2023-01
2023-01-01,2023,Actual,Midwest,Plus,Revenue,Revenue,Sales,2310840.6672172984,2023-01
2023-01-01,2023,Actual,Midwest,Plus,COGS,COGS,Sales,-972886.4239382608,2023-01
2023-01-01,2023,Actual,Midwest,Plus,Sales & Marketing,Opex,Marketing,-472053.56331311114,2023-01
2023-01-01,2023,Actual,Midwest,Plus,R&D,Opex,R&D,-236180.4527978566,2023-01
2023-01-01,2023,Actual,Midwest,Plus,G&A,Opex,G&A,-207552.2987404109,2023-01
2023-01-01,2023,Actual,Midwest,Plus,Support,Opex,Support,-151693.10258430796,2023-01
2023-01-01,2023,Budget,Midwest,Plus,Revenue,Revenue,Sales,2322540.0,2023-01
2023-01-01,2023,Budget,Midwest,Plus,COGS,COGS,Sales,-902655.5091652018,2023-01
2023-01-01,2023,Budget,Midwest,Plus,Sales & Marketing,Opex,Marketing,-400533.16610720794,2023-01
2023-01-01,2023,Budget,Midwest,Plus,R&D,Opex,R&D,-249017.29179628877,2023-01
2023-01-01,2023,Budget,Midwest,Plus,G&A,Opex,G&A,-202523.63511141526,2023-01
2023-01-01,2023,Budget,Midwest,Plus,Support,Opex,Support,-141998.45397120158,2023-01
2023-01-01,2023,Actual,Midwest,Enterprise,Revenue,Revenue,Sales,2590528.566282214,2023-01
2023-01-01,2023,Actual,Midwest,Enterprise,COGS,COGS,Sales,-1152276.0023220177,2023-01
2023-01-01,2023,Actual,Midwest,Enterprise,Sales & Marketing,Opex,Marketing,-418330.69787099183,2023-01
2023-01-01,2023,Actual,Midwest,Enterprise,R&D,Opex,R&D,-317649.59271612373,2023-01
2023-01-01,2023,Actual,Midwest,Enterprise,G&A,Opex,G&A,-256392.43946455093,2023-01
2023-01-01,2023,Actual,Midwest,Enterprise,Support,Opex,Support,-183161.38230396967,2023-01
2023-01-01,2023,Budget,Midwest,Enterprise,Revenue,Revenue,Sales,2726460.0,2023-01
2023-01-01,2023,Budget,Midwest,Enterprise,COGS,COGS,Sales,-1096627.184092221,2023-01
2023-01-01,2023,Budget,Midwest,Enterprise,Sales & Marketing,Opex,Marketing,-597665.8591168162,2023-01
2023-01-01,2023,Budget,Midwest,Enterprise,R&D,Opex,R&D,-338247.2517596272,2023-01
2023-01-01,2023,Budget,Midwest,Enterprise,G&A,Opex,G&A,-275649.2337996173,2023-01
2023-01-01,2023,Budget,Midwest,Enterprise,Support,Opex,Support,-141566.33430626258,2023-01
2023-01-01,2023,Actual,Midwest,Marketplace Ads,Revenue,Revenue,Sales,1182553.5904819597,2023-01
2023-01-01,2023,Actual,Midwest,Marketplace Ads,COGS,COGS,Sales,-469390.2258881574,2023-01
2023-01-01,2023,Actual,Midwest,Marketplace Ads,Sales & Marketing,Opex,Marketing,-251630.80020057742,2023-01
2023-01-01,2023,Actual,Midwest,Marketplace Ads,R&D,Opex,R&D,-135236.6757820281,2023-01
2023-01-01,2023,Actual,Midwest,Marketplace Ads,G&A,Opex,G&A,-102952.44237552639,2023-01
2023-01-01,2023,Actual,Midwest,Marketplace Ads,Support,Opex,Support,-89107.39952393137,2023-01
2023-01-01,2023,Budget,Midwest,Marketplace Ads,Revenue,Revenue,Sales,1211760.0,2023-01
2023-01-01,2023,Budget,Midwest,Marketplace Ads,COGS,COGS,Sales,-476037.5001222077,2023-01
2023-01-01,2023,Budget,Midwest,Marketplace Ads,Sales & Marketing,Opex,Marketing,-222554.88882136697,2023-01
2023-01-01,2023,Budget,Midwest,Marketplace Ads,R&D,Opex,R&D,-165436.93389620358,2023-01
2023-01-01,2023,Budget,Midwest,Marketplace Ads,G&A,Opex,G&A,-97834.47297944599,2023-01
2023-01-01,2023,Budget,Midwest,Marketplace Ads,Support,Opex,Support,-66206.27577237111,2023-01
2023-01-01,2023,Actual,Southwest,Core,Revenue,Revenue,Sales,1995203.212304584,2023-01
2023-01-01,2023,Actual,Southwest,Core,COGS,COGS,Sales,-821542.9203438486,2023-01
2023-01-01,2023,Actual,Southwest,Core,Sales & Marketing,Opex,Marketing,-435743.92112123384,2023-01
2023-01-01,2023,Actual,Southwest,Core,R&D,Opex,R&D,-270859.9580695291,2023-01
2023-01-01,2023,Actual,Southwest,Core,G&A,Opex,G&A,-198379.82652501905,2023-01
2023-01-01,2023,Actual,Southwest,Core,Support,Opex,Support,-101621.90387057704,2023-01
2023-01-01,2023,Budget,Southwest,Core,Revenue,Revenue,Sales,2244000.0,2023-01
2023-01-01,2023,Budget,Southwest,Core,COGS,COGS,Sales,-881881.2758574594,2023-01
2023-01-01,2023,Budget,Southwest,Core,Sales & Marketing,Opex,Marketing,-433924.47932290897,2023-01
2023-01-01,2023,Budget,Southwest,Core,R&D,Opex,R&D,-262990.0734496265,2023-01
2023-01-01,2023,Budget,Southwest,Core,G&A,Opex,G&A,-244481.3038086948,2023-01
2023-01-01,2023,Budget,Southwest,Core,Support,Opex,Support,-143284.64139795597,2023-01
2023-01-01,2023,Actual,Southwest,Plus,Revenue,Revenue,Sales,2694074.041182963,2023-01
2023-01-01,2023,Actual,Southwest,Plus,COGS,COGS,Sales,-1058990.5309330588,2023-01
2023-01-01,2023,Actual,Southwest,Plus,Sales & Marketing,Opex,Marketing,-568734.1898007228,2023-01
2023-01-01,2023,Actual,Southwest,Plus,R&D,Opex,R&D,-338787.55442363647,2023-01
2023-01-01,2023,Actual,Southwest,Plus,G&A,Opex,G&A,-285156.14305878355,2023-01
2023-01-01,2023,Actual,Southwest,Plus,Support,Opex,Support,-191796.66789507237,2023-01
2023-01-01,2023,Budget,Southwest,Plus,Revenue,Revenue,Sales,2580600.0,2023-01
2023-01-01,2023,Budget,Southwest,Plus,COGS,COGS,Sales,-1093240.0727225544,2023-01
2023-01-01,2023,Budget,Southwest,Plus,Sales & Marketing,Opex,Marketing,-441165.64656476694,2023-01
2023-01-01,2023,Budget,Southwest,Plus,R&D,Opex,R&D,-267415.35007999395,2023-01
2023-01-01,2023,Budget,Southwest,Plus,G&A,Opex,G&A,-211271.71496951958,2023-01
2023-01-01,2023,Budget,Southwest,Plus,Support,Opex,Support,-140435.15804196545,2023-01
2023-01-01,2023,Actual,Southwest,Enterprise,Revenue,Revenue,Sales,2863134.464801785,2023-01
2023-01-01,2023,Actual,Southwest,Enterprise,COGS,COGS,Sales,-1136011.0886231735,2023-01
2023-01-01,2023,Actual,Southwest,Enterprise,Sales & Marketing,Opex,Marketing,-495118.80141938943,2023-01
2023-01-01,2023,Actual,Southwest,Enterprise,R&D,Opex,R&D,-337601.1564600762,2023-01
2023-01-01,2023,Actual,Southwest,Enterprise,G&A,Opex,G&A,-284863.94600073877,2023-01
2023-01-01,2023,Actual,Southwest,Enterprise,Support,Opex,Support,-217683.7318912243,2023-01
2023-01-01,2023,Budget,Southwest,Enterprise,Revenue,Revenue,Sales,3029400.0,2023-01
2023-01-01,2023,Budget,Southwest,Enterprise,COGS,COGS,Sales,-1342701.7737830086,2023-01
2023-01-01,2023,Budget,Southwest,Enterprise,Sales & Marketing,Opex,Marketing,-517105.57259910036,2023-01
2023-01-01,2023,Budget,Southwest,Enterprise,R&D,Opex,R&D,-419651.88251276844,2023-01
2023-01-01,2023,Budget,Southwest,Enterprise,G&A,Opex,G&A,-301147.43380086985,2023-01
2023-01-01,2023,Budget,Southwest,Enterprise,Support,Opex,Support,-179382.35439279064,2023-01
2023-01-01,2023,Actual,Southwest,Marketplace Ads,Revenue,Revenue,Sales,1309801.969820843,2023-01
2023-01-01,2023,Actual,Southwest,Marketplace Ads,COGS,COGS,Sales,-521406.2283612499,2023-01
2023-01-01,2023,Actual,Southwest,Marketplace Ads,Sales & Marketing,Opex,Marketing,-262555.8604742276,2023-01
2023-01-01,2023,Actual,Southwest,Marketplace Ads,R&D,Opex,R&D,-146441.83047016885,2023-01
2023-01-01,2023,Actual,Southwest,Marketplace Ads,G&A,Opex,G&A,-126424.82855022067,2023-01
2023-01-01,2023,Actual,Southwest,Marketplace Ads,Support,Opex,Support,-68938.32320941945,2023-01
2023-01-01,2023,Budget,Southwest,Marketplace Ads,Revenue,Revenue,Sales,1346400.0,2023-01
2023-01-01,2023,Budget,Southwest,Marketplace Ads,COGS,COGS,Sales,-597288.0026446986,2023-01
2023-01-01,2023,Budget,Southwest,Marketplace Ads,Sales & Marketing,Opex,Marketing,-222123.1355023018,2023-01
2023-01-01,2023,Budget,Southwest,Marketplace Ads,R&D,Opex,R&D,-175305.08612441304,2023-01
2023-01-01,2023,Budget,Southwest,Marketplace Ads,G&A,Opex,G&A,-118150.2095996637,2023-01
2023-01-01,2023,Budget,Southwest,Marketplace Ads,Support,Opex,Support,-76483.56256963486,2023-01
2023-01-01,2023,Actual,West,Core,Revenue,Revenue,Sales,2290451.846307509,2023-01
2023-01-01,2023,Actual,West,Core,COGS,COGS,Sales,-896422.5766557888,2023-01
2023-01-01,2023,Actual,West,Core,Sales & Marketing,Opex,Marketing,-473921.7148253961,2023-01
2023-01-01,2023,Actual,West,Core,R&D,Opex,R&D,-278541.31951973116,2023-01
2023-01-01,2023,Actual,West,Core,G&A,Opex,G&A,-203778.90830619147,2023-01
2023-01-01,2023,Actual,West,Core,Support,Opex,Support,-124168.89692756951,2023-01
2023-01-01,2023,Budget,West,Core,Revenue,Revenue,Sales,2468400.0,2023-01
2023-01-01,2023,Budget,West,Core,COGS,COGS,Sales,-1101491.0438567519,2023-01
2023-01-01,2023,Budget,West,Core,Sales & Marketing,Opex,Marketing,-481918.73279891943,2023-01
2023-01-01,2023,Budget,West,Core,R&D,Opex,R&D,-333766.8746779841,2023-01
2023-01-01,2023,Budget,West,Core,G&A,Opex,G&A,-231524.6730305395,2023-01
2023-01-01,2023,Budget,West,Core,Support,Opex,Support,-145325.41815251813,2023-01
2023-01-01,2023,Actual,West,Plus,Revenue,Revenue,Sales,2920888.0880822437,2023-01
2023-01-01,2023,Actual,West,Plus,COGS,COGS,Sales,-1256065.7165778556,2023-01
2023-01-01,2023,Actual,West,Plus,Sales & Marketing,Opex,Marketing,-538013.5151274939,2023-01
2023-01-01,2023,Actual,West,Plus,R&D,Opex,R&D,-347655.71277409664,2023-01
2023-01-01,2023,Actual,West,Plus,G&A,Opex,G&A,-276093.81512977317,2023-01
2023-01-01,2023,Actual,West,Plus,Support,Opex,Support,-228987.64781264385,2023-01
2023-01-01,2023,Budget,West,Plus,Revenue,Revenue,Sales,2838660.0,2023-01
2023-01-01,2023,Budget,West,Plus,COGS,COGS,Sales,-1099565.9311897515,2023-01
2023-01-01,2023,Budget,West,Plus,Sales & Marketing,Opex,Marketing,-562245.4413493639,2023-01
2023-01-01,2023,Budget,West,Plus,R&D,Opex,R&D,-337731.6402542774,2023-01
2023-01-01,2023,Budget,West,Plus,G&A,Opex,G&A,-297124.6416326685,2023-01
2023-01-01,2023,Budget,West,Plus,Support,Opex,Support,-160362.47030630455,2023-01
2023-01-01,2023,Actual,West,Enterprise,Revenue,Revenue,Sales,3413196.686611468,2023-01
2023-01-01,2023,Actual,West,Enterprise,COGS,COGS,Sales,-1484229.0224382924,2023-01
2023-01-01,2023,Actual,West,Enterprise,Sales & Marketing,Opex,Marketing,-704116.2296988829,2023-01
2023-01-01,2023,Actual,West,Enterprise,R&D,Opex,R&D,-460262.53851423995,2023-01
2023-01-01,2023,Actual,West,Enterprise,G&A,Opex,G&A,-293873.55479411193,2023-01
2023-01-01,2023,Actual,West,Enterprise,Support,Opex,Support,-195492.41718443925,2023-01
2023-01-01,2023,Budget,West,Enterprise,Revenue,Revenue,Sales,3332340.0,2023-01
2023-01-01,2023,Budget,West,Enterprise,COGS,COGS,Sales,-1288315.6462990493,2023-01
2023-01-01,2023,Budget,West,Enterprise,Sales & Marketing,Opex,Marketing,-658886.5757358964,2023-01
2023-01-01,2023,Budget,West,Enterprise,R&D,Opex,R&D,-461604.5170450475,2023-01
2023-01-01,2023,Budget,West,Enterprise,G&A,Opex,G&A,-285073.9666090697,2023-01
2023-01-01,2023,Budget,West,Enterprise,Support,Opex,Support,-187108.99996045537,2023-01
2023-01-01,2023,Actual,West,Marketplace Ads,Revenue,Revenue,Sales,1453057.8285926,2023-01
2023-01-01,2023,Actual,West,Marketplace Ads,COGS,COGS,Sales,-627374.6791726537,2023-01
2023-01-01,2023,Actual,West,Marketplace Ads,Sales & Marketing,Opex,Marketing,-280118.74073417037,2023-01
2023-01-01,2023,Actual,West,Marketplace Ads,R&D,Opex,R&D,-189279.26117811777,2023-01
2023-01-01,2023,Actual,West,Marketplace Ads,G&A,Opex,G&A,-142931.65363211348,2023-01
2023-01-01,2023,Actual,West,Marketplace Ads,Support,Opex,Support,-106615.60670619672,2023-01
2023-01-01,2023,Budget,West,Marketplace Ads,Revenue,Revenue,Sales,1481040.0,2023-01
2023-01-01,2023,Budget,West,Marketplace Ads,COGS,COGS,Sales,-592408.8592740791,2023-01
2023-01-01,2023,Budget,West,Marketplace Ads,Sales & Marketing,Opex,Marketing,-314721.47177965275,2023-01
2023-01-01,2023,Budget,West,Marketplace Ads,R&D,Opex,R&D,-192480.43473943172,2023-01
2023-01-01,2023,Budget,West,Marketplace Ads,G&A,Opex,G&A,-131804.84123168726,2023-01
2023-01-01,2023,Budget,West,Marketplace Ads,Support,Opex,Support,-85994.13932648404,2023-01
2023-02-01,2023,Actual,Northeast,Core,Revenue,Revenue,Sales,2341087.982885729,2023-02
2023-02-01,2023,Actual,Northeast,Core,COGS,COGS,Sales,-959622.0421493216,2023-02
2023-02-01,2023,Actual,Northeast,Core,Sales & Marketing,Opex,Marketing,-444681.5440674342,2023-02
2023-02-01,2023,Actual,Northeast,Core,R&D,Opex,R&D,-316444.77453819464,2023-02
2023-02-01,2023,Actual,Northeast,Core,G&A,Opex,G&A,-216127.69212481586,2023-02
2023-02-01,2023,Actual,Northeast,Core,Support,Opex,Support,-155990.56806055366,2023-02
2023-02-01,2023,Budget,Northeast,Core,Revenue,Revenue,Sales,2542528.2959999996,2023-02
2023-02-01,2023,Budget,Northeast,Core,COGS,COGS,Sales,-1090749.9065390446,2023-02
2023-02-01,2023,Budget,Northeast,Core,Sales & Marketing,Opex,Marketing,-463607.5855168159,2023-02
2023-02-01,2023,Budget,Northeast,Core,R&D,Opex,R&D,-283945.1459681831,2023-02
2023-02-01,2023,Budget,Northeast,Core,G&A,Opex,G&A,-258546.2897887539,2023-02
2023-02-01,2023,Budget,Northeast,Core,Support,Opex,Support,-179828.69643906417,2023-02
2023-02-01,2023,Actual,Northeast,Plus,Revenue,Revenue,Sales,2772838.944740935,2023-02
2023-02-01,2023,Actual,Northeast,Plus,COGS,COGS,Sales,-1187753.0284209675,2023-02
2023-02-01,2023,Actual,Northeast,Plus,Sales & Marketing,Opex,Marketing,-556081.3183358776,2023-02
2023-02-01,2023,Actual,Northeast,Plus,R&D,Opex,R&D,-341090.9655407046,2023-02
2023-02-01,2023,Actual,Northeast,Plus,G&A,Opex,G&A,-290057.2875387501,2023-02
2023-02-01,2023,Actual,Northeast,Plus,Support,Opex,Support,-201858.3975794549,2023-02
2023-02-01,2023,Budget,Northeast,Plus,Revenue,Revenue,Sales,2923907.5404000003,2023-02
2023-02-01,2023,Budget,Northeast,Plus,COGS,COGS,Sales,-1259061.4614872118,2023-02
2023-02-01,2023,Budget,Northeast,Plus,Sales & Marketing,Opex,Marketing,-624581.6439144309,2023-02
2023-02-01,2023,Budget,Northeast,Plus,R&D,Opex,R&D,-292441.51878339134,2023-02
2023-02-01,2023,Budget,Northeast,Plus,G&A,Opex,G&A,-305053.99213807256,2023-02
2023-02-01,2023,Budget,Northeast,Plus,Support,Opex,Support,-160830.77572921573,2023-02
2023-02-01,2023,Actual,Northeast,Enterprise,Revenue,Revenue,Sales,3494657.5284004635,2023-02
2023-02-01,2023,Actual,Northeast,Enterprise,COGS,COGS,Sales,-1358586.7363308116,2023-02
2023-02-01,2023,Actual,Northeast,Enterprise,Sales & Marketing,Opex,Marketing,-560215.5717715054,2023-02
2023-02-01,2023,Actual,Northeast,Enterprise,R&D,Opex,R&D,-362721.46154516074,2023-02
2023-02-01,2023,Actual,Northeast,Enterprise,G&A,Opex,G&A,-368584.7384951442,2023-02
2023-02-01,2023,Actual,Northeast,Enterprise,Support,Opex,Support,-238215.44579273806,2023-02
2023-02-01,2023,Budget,Northeast,Enterprise,Revenue,Revenue,Sales,3432413.1996,2023-02
2023-02-01,2023,Budget,Northeast,Enterprise,COGS,COGS,Sales,-1490336.2608284345,2023-02
2023-02-01,2023,Budget,Northeast,Enterprise,Sales & Marketing,Opex,Marketing,-635699.3071650156,2023-02
2023-02-01,2023,Budget,Northeast,Enterprise,R&D,Opex,R&D,-434655.8485323583,2023-02
2023-02-01,2023,Budget,Northeast,Enterprise,G&A,Opex,G&A,-346298.0233101112,2023-02
2023-02-01,2023,Budget,Northeast,Enterprise,Support,Opex,Support,-192444.34252146017,2023-02
2023-02-01,2023,Actual,Northeast,Marketplace Ads,Revenue,Revenue,Sales,1512850.432787452,2023-02
2023-02-01,2023,Actual,Northeast,Marketplace Ads,COGS,COGS,Sales,-585606.8798314427,2023-02
2023-02-01,2023,Actual,Northeast,Marketplace Ads,Sales & Marketing,Opex,Marketing,-274811.27892690286,2023-02
2023-02-01,2023,Actual,Northeast,Marketplace Ads,R&D,Opex,R&D,-166619.73136282156,2023-02
2023-02-01,2023,Actual,Northeast,Marketplace Ads,G&A,Opex,G&A,-157307.43017867685,2023-02
2023-02-01,2023,Actual,Northeast,Marketplace Ads,Support,Opex,Support,-115235.51743035938,2023-02
2023-02-01,2023,Budget,Northeast,Marketplace Ads,Revenue,Revenue,Sales,1525516.9776,2023-02
2023-02-01,2023,Budget,Northeast,Marketplace Ads,COGS,COGS,Sales,-595300.5196567682,2023-02
2023-02-01,2023,Budget,Northeast,Marketplace Ads,Sales & Marketing,Opex,Marketing,-330365.6642272457,2023-02
2023-02-01,2023,Budget,Northeast,Marketplace Ads,R&D,Opex,R&D,-210175.68966984603,2023-02
2023-02-01,2023,Budget,Northeast,Marketplace Ads,G&A,Opex,G&A,-164634.68609253207,2023-02
2023-02-01,2023,Budget,Northeast,Marketplace Ads,Support,Opex,Support,-96107.02915798522,2023-02
2023-02-01,2023,Actual,Southeast,Core,Revenue,Revenue,Sales,2174476.1467367653,2023-02
2023-02-01,2023,Actual,Southeast,Core,COGS,COGS,Sales,-882601.2059343936,2023-02
2023-02-01,2023,Actual,Southeast,Core,Sales & Marketing,Opex,Marketing,-465414.630886044,2023-02
2023-02-01,2023,Actual,Southeast,Core,R&D,Opex,R&D,-221689.3019399545,2023-02
2023-02-01,2023,Actual,Southeast,Core,G&A,Opex,G&A,-201455.69442396224,2023-02
2023-02-01,2023,Actual,Southeast,Core,Support,Opex,Support,-169774.69053161153,2023-02
2023-02-01,2023,Budget,Southeast,Core,Revenue,Revenue,Sales,2300382.7440000004,2023-02
2023-02-01,2023,Budget,Southeast,Core,COGS,COGS,Sales,-992988.0017510059,2023-02
2023-02-01,2023,Budget,Southeast,Core,Sales & Marketing,Opex,Marketing,-480029.4659337499,2023-02
2023-02-01,2023,Budget,Southeast,Core,R&D,Opex,R&D,-307146.51272580127,2023-02
2023-02-01,2023,Budget,Southeast,Core,G&A,Opex,G&A,-203125.13669777193,2023-02
2023-02-01,2023,Budget,Southeast,Core,Support,Opex,Support,-155115.90998682697,2023-02
2023-02-01,2023,Actual,Southeast,Plus,Revenue,Revenue,Sales,2549737.3412624835,2023-02
2023-02-01,2023,Actual,Southeast,Plus,COGS,COGS,Sales,-1049402.032692842,2023-02
2023-02-01,2023,Actual,Southeast,Plus,Sales & Marketing,Opex,Marketing,-466402.5969197333,2023-02
2023-02-01,2023,Actual,Southeast,Plus,R&D,Opex,R&D,-257401.22987052944,2023-02
2023-02-01,2023,Actual,Southeast,Plus,G&A,Opex,G&A,-274637.34554688365,2023-02
2023-02-01,2023,Actual,Southeast,Plus,Support,Opex,Support,-128316.20821617385,2023-02
2023-02-01,2023,Budget,Southeast,Plus,Revenue,Revenue,Sales,2645440.1556,2023-02
2023-02-01,2023,Budget,Southeast,Plus,COGS,COGS,Sales,-1060591.392373284,2023-02
2023-02-01,2023,Budget,Southeast,Plus,Sales & Marketing,Opex,Marketing,-571645.1124720543,2023-02
2023-02-01,2023,Budget,Southeast,Plus,R&D,Opex,R&D,-370040.62166766316,2023-02
2023-02-01,2023,Budget,Southeast,Plus,G&A,Opex,G&A,-264929.2265702682,2023-02
2023-02-01,2023,Budget,Southeast,Plus,Support,Opex,Support,-165509.0551459604,2023-02
2023-02-01,2023,Actual,Southeast,Enterprise,Revenue,Revenue,Sales,3033843.1432290673,2023-02
2023-02-01,2023,Actual,Southeast,Enterprise,COGS,COGS,Sales,-1234368.5232104477,2023-02
2023-02-01,2023,Actual,Southeast,Enterprise,Sales & Marketing,Opex,Marketing,-583449.0150348034,2023-02
2023-02-01,2023,Actual,Southeast,Enterprise,R&D,Opex,R&D,-384825.88667319703,2023-02
2023-02-01,2023,Actual,Southeast,Enterprise,G&A,Opex,G&A,-259670.34024927227,2023-02
2023-02-01,2023,Actual,Southeast,Enterprise,Support,Opex,Support,-198928.48637346324,2023-02
2023-02-01,2023,Budget,Southeast,Enterprise,Revenue,Revenue,Sales,3105516.7044,2023-02
2023-02-01,2023,Budget,Southeast,Enterprise,COGS,COGS,Sales,-1297482.9822633113,2023-02
2023-02-01,2023,Budget,Southeast,Enterprise,Sales & Marketing,Opex,Marketing,-526284.2736788501,2023-02
2023-02-01,2023,Budget,Southeast,Enterprise,R&D,Opex,R&D,-330320.961977583,2023-02
2023-02-01,2023,Budget,Southeast,Enterprise,G&A,Opex,G&A,-296799.81582060753,2023-02
2023-02-01,2023,Budget,Southeast,Enterprise,Support,Opex,Support,-160349.58612176342,2023-02
2023-02-01,2023,Actual,Southeast,Marketplace Ads,Revenue,Revenue,Sales,1209964.6468952456,2023-02
2023-02-01,2023,Actual,Southeast,Marketplace Ads,COGS,COGS,Sales,-528484.160068993,2023-02
2023-02-01,2023,Actual,Southeast,Marketplace Ads,Sales & Marketing,Opex,Marketing,-210626.61858183495,2023-02
2023-02-01,2023,Actual,Southeast,Marketplace Ads,R&D,Opex,R&D,-141707.4431269211,2023-02
2023-02-01,2023,Actual,Southeast,Marketplace Ads,G&A,Opex,G&A,-123372.01635982897,2023-02
2023-02-01,2023,Actual,Southeast,Marketplace Ads,Support,Opex,Support,-95700.25314801285,2023-02
2023-02-01,2023,Budget,Southeast,Marketplace Ads,Revenue,Revenue,Sales,1380229.6464000002,2023-02
2023-02-01,2023,Budget,Southeast,Marketplace Ads,COGS,COGS,Sales,-613128.3252515586,2023-02
2023-02-01,2023,Budget,Southeast,Marketplace Ads,Sales & Marketing,Opex,Marketing,-239413.54993582776,2023-02
2023-02-01,2023,Budget,Southeast,Marketplace Ads,R&D,Opex,R&D,-149230.3918146945,2023-02
2023-02-01,2023,Budget,Southeast,Marketplace Ads,G&A,Opex,G&A,-129581.35744249092,2023-02
2023-02-01,2023,Budget,Southeast,Marketplace Ads,Support,Opex,Support,-89797.80111845715,2023-02
2023-02-01,2023,Actual,Midwest,Core,Revenue,Revenue,Sales,2092279.586740723,2023-02
2023-02-01,2023,Actual,Midwest,Core,COGS,COGS,Sales,-886429.2172864589,2023-02
2023-02-01,2023,Actual,Midwest,Core,Sales & Marketing,Opex,Marketing,-445441.79814358935,2023-02
2023-02-01,2023,Actual,Midwest,Core,R&D,Opex,R&D,-214458.9318680237,2023-02
2023-02-01,2023,Actual,Midwest,Core,G&A,Opex,G&A,-185687.46951105422,2023-02
2023-02-01,2023,Actual,Midwest,Core,Support,Opex,Support,-151561.71132608905,2023-02
2023-02-01,2023,Budget,Midwest,Core,Revenue,Revenue,Sales,2179309.968,2023-02
2023-02-01,2023,Budget,Midwest,Core,COGS,COGS,Sales,-946745.1550459646,2023-02
2023-02-01,2023,Budget,Midwest,Core,Sales & Marketing,Opex,Marketing,-453217.1546578581,2023-02
2023-02-01,2023,Budget,Midwest,Core,R&D,Opex,R&D,-294297.22087497194,2023-02
2023-02-01,2023,Budget,Midwest,Core,G&A,Opex,G&A,-212341.3020141187,2023-02
2023-02-01,2023,Budget,Midwest,Core,Support,Opex,Support,-129516.82078164883,2023-02
2023-02-01,2023,Actual,Midwest,Plus,Revenue,Revenue,Sales,2478401.4061737442,2023-02
2023-02-01,2023,Actual,Midwest,Plus,COGS,COGS,Sales,-999400.4456511593,2023-02
2023-02-01,2023,Actual,Midwest,Plus,Sales & Marketing,Opex,Marketing,-480042.2232409513,2023-02
2023-02-01,2023,Actual,Midwest,Plus,R&D,Opex,R&D,-259099.33946951487,2023-02
2023-02-01,2023,Actual,Midwest,Plus,G&A,Opex,G&A,-222253.88162396042,2023-02
2023-02-01,2023,Actual,Midwest,Plus,Support,Opex,Support,-162269.059127304,2023-02
2023-02-01,2023,Budget,Midwest,Plus,Revenue,Revenue,Sales,2506206.4632,2023-02
2023-02-01,2023,Budget,Midwest,Plus,COGS,COGS,Sales,-987483.7405124832,2023-02
2023-02-01,2023,Budget,Midwest,Plus,Sales & Marketing,Opex,Marketing,-414165.21422184847,2023-02
2023-02-01,2023,Budget,Midwest,Plus,R&D,Opex,R&D,-262092.6349141569,2023-02
2023-02-01,2023,Budget,Midwest,Plus,G&A,Opex,G&A,-247873.2829681465,2023-02
2023-02-01,2023,Budget,Midwest,Plus,Support,Opex,Support,-138573.3463705854,2023-02
2023-02-01,2023,Actual,Midwest,Enterprise,Revenue,Revenue,Sales,3058020.382172703,2023-02
2023-02-01,2023,Actual,Midwest,Enterprise,COGS,COGS,Sales,-1275392.1492172386,2023-02
2023-02-01,2023,Actual,Midwest,Enterprise,Sales & Marketing,Opex,Marketing,-546942.4781394799,2023-02
2023-02-01,2023,Actual,Midwest,Enterprise,R&D,Opex,R&D,-327654.1259500655,2023-02
2023-02-01,2023,Actual,Midwest,Enterprise,G&A,Opex,G&A,-304235.85690691095,2023-02
2023-02-01,2023,Actual,Midwest,Enterprise,Support,Opex,Support,-211955.54476905832,2023-02
2023-02-01,2023,Budget,Midwest,Enterprise,Revenue,Revenue,Sales,2942068.4568,2023-02
2023-02-01,2023,Budget,Midwest,Enterprise,COGS,COGS,Sales,-1196589.9259520022,2023-02
2023-02-01,2023,Budget,Midwest,Enterprise,Sales & Marketing,Opex,Marketing,-637767.7731533578,2023-02
2023-02-01,2023,Budget,Midwest,Enterprise,R&D,Opex,R&D,-295632.8571425165,2023-02
2023-02-01,2023,Budget,Midwest,Enterprise,G&A,Opex,G&A,-258576.81873974018,2023-02
2023-02-01,2023,Budget,Midwest,Enterprise,Support,Opex,Support,-200921.78297114634,2023-02
2023-02-01,2023,Actual,Midwest,Marketplace Ads,Revenue,Revenue,Sales,1191546.7964831605,2023-02
2023-02-01,2023,Actual,Midwest,Marketplace Ads,COGS,COGS,Sales,-532137.1891555662,2023-02
2023-02-01,2023,Actual,Midwest,Marketplace Ads,Sales & Marketing,Opex,Marketing,-206926.7846384965,2023-02
2023-02-01,2023,Actual,Midwest,Marketplace Ads,R&D,Opex,R&D,-129501.84844703262,2023-02
2023-02-01,2023,Actual,Midwest,Marketplace Ads,G&A,Opex,G&A,-110453.84788345471,2023-02
2023-02-01,2023,Actual,Midwest,Marketplace Ads,Support,Opex,Support,-61139.49138241205,2023-02
2023-02-01,2023,Budget,Midwest,Marketplace Ads,Revenue,Revenue,Sales,1307585.9808,2023-02
2023-02-01,2023,Budget,Midwest,Marketplace Ads,COGS,COGS,Sales,-518097.822630604,2023-02
2023-02-01,2023,Budget,Midwest,Marketplace Ads,Sales & Marketing,Opex,Marketing,-232410.34447846859,2023-02
2023-02-01,2023,Budget,Midwest,Marketplace Ads,R&D,Opex,R&D,-172000.2771139458,2023-02
2023-02-01,2023,Budget,Midwest,Marketplace Ads,G&A,Opex,G&A,-106595.03555936393,2023-02
2023-02-01,2023,Budget,Midwest,Marketplace Ads,Support,Opex,Support,-95593.09310793958,2023-02
2023-02-01,2023,Actual,Southwest,Core,Revenue,Revenue,Sales,2562198.1114201765,2023-02
2023-02-01,2023,Actual,Southwest,Core,COGS,COGS,Sales,-981520.1163427908,2023-02
2023-02-01,2023,Actual,Southwest,Core,Sales & Marketing,Opex,Marketing,-455586.6826210728,2023-02
2023-02-01,2023,Actual,Southwest,Core,R&D,Opex,R&D,-291083.20644827036,2023-02
2023-02-01,2023,Actual,Southwest,Core,G&A,Opex,G&A,-252130.21831877917,2023-02
2023-02-01,2023,Actual,Southwest,Core,Support,Opex,Support,-176127.32757793978,2023-02
2023-02-01,2023,Budget,Southwest,Core,Revenue,Revenue,Sales,2421455.52,2023-02
2023-02-01,2023,Budget,Southwest,Core,COGS,COGS,Sales,-939226.7955141992,2023-02
2023-02-01,2023,Budget,Southwest,Core,Sales & Marketing,Opex,Marketing,-397968.03737186396,2023-02
2023-02-01,2023,Budget,Southwest,Core,R&D,Opex,R&D,-322103.49950822495,2023-02
2023-02-01,2023,Budget,Southwest,Core,G&A,Opex,G&A,-219997.4966021684,2023-02
2023-02-01,2023,Budget,Southwest,Core,Support,Opex,Support,-171706.82297696732,2023-02
2023-02-01,2023,Actual,Southwest,Plus,Revenue,Revenue,Sales,2450785.44344631,2023-02
2023-02-01,2023,Actual,Southwest,Plus,COGS,COGS,Sales,-970266.63173193,2023-02
2023-02-01,2023,Actual,Southwest,Plus,Sales & Marketing,Opex,Marketing,-435491.37279197865,2023-02
2023-02-01,2023,Actual,Southwest,Plus,R&D,Opex,R&D,-295178.8164856415,2023-02
2023-02-01,2023,Actual,Southwest,Plus,G&A,Opex,G&A,-214465.5271225031,2023-02
2023-02-01,2023,Actual,Southwest,Plus,Support,Opex,Support,-180708.52669748032,2023-02
2023-02-01,2023,Budget,Southwest,Plus,Revenue,Revenue,Sales,2784673.8479999998,2023-02
2023-02-01,2023,Budget,Southwest,Plus,COGS,COGS,Sales,-1251227.02734126,2023-02
2023-02-01,2023,Budget,Southwest,Plus,Sales & Marketing,Opex,Marketing,-568360.1686128541,2023-02
2023-02-01,2023,Budget,Southwest,Plus,R&D,Opex,R&D,-347588.96871638496,2023-02
2023-02-01,2023,Budget,Southwest,Plus,G&A,Opex,G&A,-300567.43672764994,2023-02
2023-02-01,2023,Budget,Southwest,Plus,Support,Opex,Support,-213479.1829531897,2023-02
2023-02-01,2023,Actual,Southwest,Enterprise,Revenue,Revenue,Sales,3346945.364082637,2023-02
2023-02-01,2023,Actual,Southwest,Enterprise,COGS,COGS,Sales,-1344719.8996782326,2023-02
2023-02-01,2023,Actual,Southwest,Enterprise,Sales & Marketing,Opex,Marketing,-580242.8055123453,2023-02
2023-02-01,2023,Actual,Southwest,Enterprise,R&D,Opex,R&D,-428021.2083605444,2023-02
2023-02-01,2023,Actual,Southwest,Enterprise,G&A,Opex,G&A,-367371.59427691664,2023-02
2023-02-01,2023,Actual,Southwest,Enterprise,Support,Opex,Support,-175705.95879896678,2023-02
2023-02-01,2023,Budget,Southwest,Enterprise,Revenue,Revenue,Sales,3268964.952,2023-02
2023-02-01,2023,Budget,Southwest,Enterprise,COGS,COGS,Sales,-1414972.9226184413,2023-02
2023-02-01,2023,Budget,Southwest,Enterprise,Sales & Marketing,Opex,Marketing,-583341.623466751,2023-02
2023-02-01,2023,Budget,Southwest,Enterprise,R&D,Opex,R&D,-379190.3127003155,2023-02
2023-02-01,2023,Budget,Southwest,Enterprise,G&A,Opex,G&A,-279008.53137344634,2023-02
2023-02-01,2023,Budget,Southwest,Enterprise,Support,Opex,Support,-184931.0019414251,2023-02
2023-02-01,2023,Actual,Southwest,Marketplace Ads,Revenue,Revenue,Sales,1327496.9789163722,2023-02
2023-02-01,2023,Actual,Southwest,Marketplace Ads,COGS,COGS,Sales,-591898.9427350691,2023-02
2023-02-01,2023,Actual,Southwest,Marketplace Ads,Sales & Marketing,Opex,Marketing,-221664.7866379309,2023-02
2023-02-01,2023,Actual,Southwest,Marketplace Ads,R&D,Opex,R&D,-169148.47603323453,2023-02
2023-02-01,2023,Actual,Southwest,Marketplace Ads,G&A,Opex,G&A,-113049.24060289928,2023-02
2023-02-01,2023,Actual,Southwest,Marketplace Ads,Support,Opex,Support,-105845.71529927684,2023-02
2023-02-01,2023,Budget,Southwest,Marketplace Ads,Revenue,Revenue,Sales,1452873.3120000002,2023-02
2023-02-01,2023,Budget,Southwest,Marketplace Ads,COGS,COGS,Sales,-578925.8640995551,2023-02
2023-02-01,2023,Budget,Southwest,Marketplace Ads,Sales & Marketing,Opex,Marketing,-242722.157347765,2023-02
2023-02-01,2023,Budget,Southwest,Marketplace Ads,R&D,Opex,R&D,-155237.86403402468,2023-02
2023-02-01,2023,Budget,Southwest,Marketplace Ads,G&A,Opex,G&A,-131748.75084159346,2023-02
2023-02-01,2023,Budget,Southwest,Marketplace Ads,Support,Opex,Support,-81882.02924878916,2023-02
2023-02-01,2023,Actual,West,Core,Revenue,Revenue,Sales,2307157.2554621254,2023-02
2023-02-01,2023,Actual,West,Core,COGS,COGS,Sales,-1032148.570071105,2023-02
2023-02-01,2023,Actual,West,Core,Sales & Marketing,Opex,Marketing,-481160.37400396005,2023-02
2023-02-01,2023,Actual,West,Core,R&D,Opex,R&D,-295752.5405586999,2023-02
2023-02-01,2023,Actual,West,Core,G&A,Opex,G&A,-192687.27149315467,2023-02
2023-02-01,2023,Actual,West,Core,Support,Opex,Support,-141686.51025833236,2023-02
2023-02-01,2023,Budget,West,Core,Revenue,Revenue,Sales,2663601.072,2023-02
2023-02-01,2023,Budget,West,Core,COGS,COGS,Sales,-1194331.1283931155,2023-02
2023-02-01,2023,Budget,West,Core,Sales & Marketing,Opex,Marketing,-498585.0089833619,2023-02
2023-02-01,2023,Budget,West,Core,R&D,Opex,R&D,-328991.1579821892,2023-02
2023-02-01,2023,Budget,West,Core,G&A,Opex,G&A,-231931.05079215218,2023-02
2023-02-01,2023,Budget,West,Core,Support,Opex,Support,-138765.37695197572,2023-02
2023-02-01,2023,Actual,West,Plus,Revenue,Revenue,Sales,2890896.4851322994,2023-02
2023-02-01,2023,Actual,West,Plus,COGS,COGS,Sales,-1106111.5609547258,2023-02
2023-02-01,2023,Actual,West,Plus,Sales & Marketing,Opex,Marketing,-554784.7439146398,2023-02
2023-02-01,2023,Actual,West,Plus,R&D,Opex,R&D,-386487.347948389,2023-02
2023-02-01,2023,Actual,West,Plus,G&A,Opex,G&A,-300382.0528383162,2023-02
2023-02-01,2023,Actual,West,Plus,Support,Opex,Support,-179111.79588908365,2023-02
2023-02-01,2023,Budget,West,Plus,Revenue,Revenue,Sales,3063141.2328000003,2023-02
2023-02-01,2023,Budget,West,Plus,COGS,COGS,Sales,-1324210.5281415724,2023-02
2023-02-01,2023,Budget,West,Plus,Sales & Marketing,Opex,Marketing,-509747.5977958177,2023-02
2023-02-01,2023,Budget,West,Plus,R&D,Opex,R&D,-353327.60895331594,2023-02
2023-02-01,2023,Budget,West,Plus,G&A,Opex,G&A,-301893.8517853108,2023-02
2023-02-01,2023,Budget,West,Plus,Support,Opex,Support,-162434.931498878,2023-02
2023-02-01,2023,Actual,West,Enterprise,Revenue,Revenue,Sales,3536258.6680565574,2023-02
2023-02-01,2023,Actual,West,Enterprise,COGS,COGS,Sales,-1580726.2514219969,2023-02
2023-02-01,2023,Actual,West,Enterprise,Sales & Marketing,Opex,Marketing,-716043.6319463459,2023-02
2023-02-01,2023,Actual,West,Enterprise,R&D,Opex,R&D,-436559.8519813285,2023-02
2023-02-01,2023,Actual,West,Enterprise,G&A,Opex,G&A,-354348.6648411148,2023-02
2023-02-01,2023,Actual,West,Enterprise,Support,Opex,Support,-281028.4195622935,2023-02
2023-02-01,2023,Budget,West,Enterprise,Revenue,Revenue,Sales,3595861.4472,2023-02
2023-02-01,2023,Budget,West,Enterprise,COGS,COGS,Sales,-1567448.9152388847,2023-02
2023-02-01,2023,Budget,West,Enterprise,Sales & Marketing,Opex,Marketing,-711726.5991794819,2023-02
2023-02-01,2023,Budget,West,Enterprise,R&D,Opex,R&D,-436978.61089289706,2023-02
2023-02-01,2023,Budget,West,Enterprise,G&A,Opex,G&A,-302593.4867757467,2023-02
2023-02-01,2023,Budget,West,Enterprise,Support,Opex,Support,-280870.4312594557,2023-02
2023-02-01,2023,Actual,West,Marketplace Ads,Revenue,Revenue,Sales,1568405.8294434017,2023-02
2023-02-01,2023,Actual,West,Marketplace Ads,COGS,COGS,Sales,-682231.9923636888,2023-02
2023-02-01,2023,Actual,West,Marketplace Ads,Sales & Marketing,Opex,Marketing,-319405.6540976209,2023-02
2023-02-01,2023,Actual,West,Marketplace Ads,R&D,Opex,R&D,-181520.15554548433,2023-02
2023-02-01,2023,Actual,West,Marketplace Ads,G&A,Opex,G&A,-150691.95852796626,2023-02
2023-02-01,2023,Actual,West,Marketplace Ads,Support,Opex,Support,-80362.25493823363,2023-02
2023-02-01,2023,Budget,West,Marketplace Ads,Revenue,Revenue,Sales,1598160.6432,2023-02
2023-02-01,2023,Budget,West,Marketplace Ads,COGS,COGS,Sales,-661348.5802035675,2023-02
2023-02-01,2023,Budget,West,Marketplace Ads,Sales & Marketing,Opex,Marketing,-323015.6235098475,2023-02
2023-02-01,2023,Budget,West,Marketplace Ads,R&D,Opex,R&D,-185852.88071357968,2023-02
2023-02-01,2023,Budget,West,Marketplace Ads,G&A,Opex,G&A,-161939.03466542595,2023-02
2023-02-01,2023,Budget,West,Marketplace Ads,Support,Opex,Support,-98981.25412345523,2023-02
2023-03-01,2023,Actual,Northeast,Core,Revenue,Revenue,Sales,2736726.891257075,2023-03
2023-03-01,2023,Actual,Northeast,Core,COGS,COGS,Sales,-1064091.9805370453,2023-03
2023-03-01,2023,Actual,Northeast,Core,Sales & Marketing,Opex,Marketing,-484648.4717883545,2023-03
2023-03-01,2023,Actual,Northeast,Core,R&D,Opex,R&D,-342132.28076033987,2023-03
2023-03-01,2023,Actual,Northeast,Core,G&A,Opex,G&A,-245625.02434010064,2023-03
2023-03-01,2023,Actual,Northeast,Core,Support,Opex,Support,-137603.56433735212,2023-03
2023-03-01,2023,Budget,Northeast,Core,Revenue,Revenue,Sales,2694701.772291262,2023-03
2023-03-01,2023,Budget,Northeast,Core,COGS,COGS,Sales,-1126499.2552269972,2023-03
2023-03-01,2023,Budget,Northeast,Core,Sales & Marketing,Opex,Marketing,-473746.51717486134,2023-03
2023-03-01,2023,Budget,Northeast,Core,R&D,Opex,R&D,-353489.62948475685,2023-03
2023-03-01,2023,Budget,Northeast,Core,G&A,Opex,G&A,-275112.6586754892,2023-03
2023-03-01,2023,Budget,Northeast,Core,Support,Opex,Support,-169058.6174506171,2023-03
2023-03-01,2023,Actual,Northeast,Plus,Revenue,Revenue,Sales,3084768.4979429985,2023-03
2023-03-01,2023,Actual,Northeast,Plus,COGS,COGS,Sales,-1283967.3277579795,2023-03
2023-03-01,2023,Actual,Northeast,Plus,Sales & Marketing,Opex,Marketing,-600623.3054776944,2023-03
2023-03-01,2023,Actual,Northeast,Plus,R&D,Opex,R&D,-388797.82757920853,2023-03
2023-03-01,2023,Actual,Northeast,Plus,G&A,Opex,G&A,-330992.1043920315,2023-03
2023-03-01,2023,Actual,Northeast,Plus,Support,Opex,Support,-197539.01290727113,2023-03
2023-03-01,2023,Budget,Northeast,Plus,Revenue,Revenue,Sales,3098907.038134951,2023-03
2023-03-01,2023,Budget,Northeast,Plus,COGS,COGS,Sales,-1248838.7316274282,2023-03
2023-03-01,2023,Budget,Northeast,Plus,Sales & Marketing,Opex,Marketing,-661771.7622738676,2023-03
2023-03-01,2023,Budget,Northeast,Plus,R&D,Opex,R&D,-334791.16899742576,2023-03
2023-03-01,2023,Budget,Northeast,Plus,G&A,Opex,G&A,-287427.914761663,2023-03
2023-03-01,2023,Budget,Northeast,Plus,Support,Opex,Support,-160494.7858794366,2023-03
2023-03-01,2023,Actual,Northeast,Enterprise,Revenue,Revenue,Sales,3671476.4954815446,2023-03
2023-03-01,2023,Actual,Northeast,Enterprise,COGS,COGS,Sales,-1585430.6989478786,2023-03
2023-03-01,2023,Actual,Northeast,Enterprise,Sales & Marketing,Opex,Marketing,-736785.9189163968,2023-03
2023-03-01,2023,Actual,Northeast,Enterprise,R&D,Opex,R&D,-448511.89763152925,2023-03
2023-03-01,2023,Actual,Northeast,Enterprise,G&A,Opex,G&A,-400989.3914236058,2023-03
2023-03-01,2023,Actual,Northeast,Enterprise,Support,Opex,Support,-249178.47743935947,2023-03
2023-03-01,2023,Budget,Northeast,Enterprise,Revenue,Revenue,Sales,3637847.392593204,2023-03
2023-03-01,2023,Budget,Northeast,Enterprise,COGS,COGS,Sales,-1437685.3611360064,2023-03
2023-03-01,2023,Budget,Northeast,Enterprise,Sales & Marketing,Opex,Marketing,-658985.4211610638,2023-03
2023-03-01,2023,Budget,Northeast,Enterprise,R&D,Opex,R&D,-489213.7439081983,2023-03
2023-03-01,2023,Budget,Northeast,Enterprise,G&A,Opex,G&A,-349003.1446849692,2023-03
2023-03-01,2023,Budget,Northeast,Enterprise,Support,Opex,Support,-282671.20711782004,2023-03
2023-03-01,2023,Actual,Northeast,Marketplace Ads,Revenue,Revenue,Sales,1583877.041272567,2023-03
2023-03-01,2023,Actual,Northeast,Marketplace Ads,COGS,COGS,Sales,-699961.5978657656,2023-03
2023-03-01,2023,Actual,Northeast,Marketplace Ads,Sales & Marketing,Opex,Marketing,-287031.66141694266,2023-03
2023-03-01,2023,Actual,Northeast,Marketplace Ads,R&D,Opex,R&D,-210048.42101201165,2023-03
2023-03-01,2023,Actual,Northeast,Marketplace Ads,G&A,Opex,G&A,-164119.5797237075,2023-03
2023-03-01,2023,Actual,Northeast,Marketplace Ads,Support,Opex,Support,-111810.06056257132,2023-03
2023-03-01,2023,Budget,Northeast,Marketplace Ads,Revenue,Revenue,Sales,1616821.0633747575,2023-03
2023-03-01,2023,Budget,Northeast,Marketplace Ads,COGS,COGS,Sales,-687025.0076826507,2023-03
2023-03-01,2023,Budget,Northeast,Marketplace Ads,Sales & Marketing,Opex,Marketing,-288747.0598581113,2023-03
2023-03-01,2023,Budget,Northeast,Marketplace Ads,R&D,Opex,R&D,-197644.80771299097,2023-03
2023-03-01,2023,Budget,Northeast,Marketplace Ads,G&A,Opex,G&A,-174573.26978017463,2023-03
2023-03-01,2023,Budget,Northeast,Marketplace Ads,Support,Opex,Support,-128269.44340944584,2023-03
2023-03-01,2023,Actual,Southeast,Core,Revenue,Revenue,Sales,2306993.6247870782,2023-03
2023-03-01,2023,Actual,Southeast,Core,COGS,COGS,Sales,-995503.6262120696,2023-03
2023-03-01,2023,Actual,Southeast,Core,Sales & Marketing,Opex,Marketing,-503352.5100456193,2023-03
2023-03-01,2023,Actual,Southeast,Core,R&D,Opex,R&D,-257405.32135233414,2023-03
2023-03-01,2023,Actual,Southeast,Core,G&A,Opex,G&A,-218537.88204793533,2023-03
2023-03-01,2023,Actual,Southeast,Core,Support,Opex,Support,-174972.64826384655,2023-03
2023-03-01,2023,Budget,Southeast,Core,Revenue,Revenue,Sales,2438063.508263523,2023-03
2023-03-01,2023,Budget,Southeast,Core,COGS,COGS,Sales,-928615.9507346326,2023-03
2023-03-01,2023,Budget,Southeast,Core,Sales & Marketing,Opex,Marketing,-414046.96044432337,2023-03
2023-03-01,2023,Budget,Southeast,Core,R&D,Opex,R&D,-328011.11027469195,2023-03
2023-03-01,2023,Budget,Southeast,Core,G&A,Opex,G&A,-216558.43469066944,2023-03
2023-03-01,2023,Budget,Southeast,Core,Support,Opex,Support,-148163.02832922802,2023-03
2023-03-01,2023,Actual,Southeast,Plus,Revenue,Revenue,Sales,2633529.1697419113,2023-03
2023-03-01,2023,Actual,Southeast,Plus,COGS,COGS,Sales,-1175601.652958427,2023-03
2023-03-01,2023,Actual,Southeast,Plus,Sales & Marketing,Opex,Marketing,-430049.5150476725,2023-03
2023-03-01,2023,Actual,Southeast,Plus,R&D,Opex,R&D,-272103.9981122712,2023-03
2023-03-01,2023,Actual,Southeast,Plus,G&A,Opex,G&A,-262985.2670586272,2023-03
2023-03-01,2023,Actual,Southeast,Plus,Support,Opex,Support,-146302.22297241964,2023-03
2023-03-01,2023,Budget,Southeast,Plus,Revenue,Revenue,Sales,2803773.0345030515,2023-03
2023-03-01,2023,Budget,Southeast,Plus,COGS,COGS,Sales,-1096278.040591307,2023-03
2023-03-01,2023,Budget,Southeast,Plus,Sales & Marketing,Opex,Marketing,-514135.64838565135,2023-03
2023-03-01,2023,Budget,Southeast,Plus,R&D,Opex,R&D,-322173.42785500333,2023-03
2023-03-01,2023,Budget,Southeast,Plus,G&A,Opex,G&A,-284076.07325530716,2023-03
2023-03-01,2023,Budget,Southeast,Plus,Support,Opex,Support,-161346.2331782364,2023-03
2023-03-01,2023,Actual,Southeast,Enterprise,Revenue,Revenue,Sales,3206388.086355348,2023-03
2023-03-01,2023,Actual,Southeast,Enterprise,COGS,COGS,Sales,-1380817.3585426372,2023-03
2023-03-01,2023,Actual,Southeast,Enterprise,Sales & Marketing,Opex,Marketing,-596971.2100278302,2023-03
2023-03-01,2023,Actual,Southeast,Enterprise,R&D,Opex,R&D,-343297.8721473206,2023-03
2023-03-01,2023,Actual,Southeast,Enterprise,G&A,Opex,G&A,-295616.17328547826,2023-03
2023-03-01,2023,Actual,Southeast,Enterprise,Support,Opex,Support,-174258.3114983721,2023-03
2023-03-01,2023,Budget,Southeast,Enterprise,Revenue,Revenue,Sales,3291385.736155756,2023-03
2023-03-01,2023,Budget,Southeast,Enterprise,COGS,COGS,Sales,-1353371.198130311,2023-03
2023-03-01,2023,Budget,Southeast,Enterprise,Sales & Marketing,Opex,Marketing,-667635.4003964631,2023-03
2023-03-01,2023,Budget,Southeast,Enterprise,R&D,Opex,R&D,-450709.8272890331,2023-03
2023-03-01,2023,Budget,Southeast,Enterprise,G&A,Opex,G&A,-287483.4670165534,2023-03
2023-03-01,2023,Budget,Southeast,Enterprise,Support,Opex,Support,-190719.71268789656,2023-03
2023-03-01,2023,Actual,Southeast,Marketplace Ads,Revenue,Revenue,Sales,1386837.5790802797,2023-03
2023-03-01,2023,Actual,Southeast,Marketplace Ads,COGS,COGS,Sales,-561790.8590890826,2023-03
2023-03-01,2023,Actual,Southeast,Marketplace Ads,Sales & Marketing,Opex,Marketing,-225175.01102809628,2023-03
2023-03-01,2023,Actual,Southeast,Marketplace Ads,R&D,Opex,R&D,-141404.28710558065,2023-03
2023-03-01,2023,Actual,Southeast,Marketplace Ads,G&A,Opex,G&A,-142048.1436428614,2023-03
2023-03-01,2023,Actual,Southeast,Marketplace Ads,Support,Opex,Support,-91936.73271847636,2023-03
2023-03-01,2023,Budget,Southeast,Marketplace Ads,Revenue,Revenue,Sales,1462838.1049581137,2023-03
2023-03-01,2023,Budget,Southeast,Marketplace Ads,COGS,COGS,Sales,-581518.2184454963,2023-03
2023-03-01,2023,Budget,Southeast,Marketplace Ads,Sales & Marketing,Opex,Marketing,-293630.723357942,2023-03
2023-03-01,2023,Budget,Southeast,Marketplace Ads,R&D,Opex,R&D,-156313.85044651787,2023-03
2023-03-01,2023,Budget,Southeast,Marketplace Ads,G&A,Opex,G&A,-121898.27013661408,2023-03
2023-03-01,2023,Budget,Southeast,Marketplace Ads,Support,Opex,Support,-86116.06430938329,2023-03
2023-03-01,2023,Actual,Midwest,Core,Revenue,Revenue,Sales,2160378.038072332,2023-03
2023-03-01,2023,Actual,Midwest,Core,COGS,COGS,Sales,-905752.4850578129,2023-03
2023-03-01,2023,Actual,Midwest,Core,Sales & Marketing,Opex,Marketing,-401274.4301969978,2023-03
2023-03-01,2023,Actual,Midwest,Core,R&D,Opex,R&D,-245507.09918042168,2023-03
2023-03-01,2023,Actual,Midwest,Core,G&A,Opex,G&A,-185880.5847097771,2023-03
2023-03-01,2023,Actual,Midwest,Core,Support,Opex,Support,-170321.72953721418,2023-03
2023-03-01,2023,Budget,Midwest,Core,Revenue,Revenue,Sales,2309744.3762496533,2023-03
2023-03-01,2023,Budget,Midwest,Core,COGS,COGS,Sales,-890510.7776979281,2023-03
2023-03-01,2023,Budget,Midwest,Core,Sales & Marketing,Opex,Marketing,-405869.99893890147,2023-03
2023-03-01,2023,Budget,Midwest,Core,R&D,Opex,R&D,-304087.5745710172,2023-03
2023-03-01,2023,Budget,Midwest,Core,G&A,Opex,G&A,-212464.17773420623,2023-03
2023-03-01,2023,Budget,Midwest,Core,Support,Opex,Support,-181871.67419519168,2023-03
2023-03-01,2023,Actual,Midwest,Plus,Revenue,Revenue,Sales,2426219.0720573827,2023-03
2023-03-01,2023,Actual,Midwest,Plus,COGS,COGS,Sales,-928011.0869808453,2023-03
2023-03-01,2023,Actual,Midwest,Plus,Sales & Marketing,Opex,Marketing,-407204.6882325272,2023-03
2023-03-01,2023,Actual,Midwest,Plus,R&D,Opex,R&D,-276078.29651028686,2023-03
2023-03-01,2023,Actual,Midwest,Plus,G&A,Opex,G&A,-212596.0715455702,2023-03
2023-03-01,2023,Actual,Midwest,Plus,Support,Opex,Support,-156284.55523683445,2023-03
2023-03-01,2023,Budget,Midwest,Plus,Revenue,Revenue,Sales,2656206.032687101,2023-03
2023-03-01,2023,Budget,Midwest,Plus,COGS,COGS,Sales,-1016384.3236329495,2023-03
2023-03-01,2023,Budget,Midwest,Plus,Sales & Marketing,Opex,Marketing,-426281.3244374702,2023-03
2023-03-01,2023,Budget,Midwest,Plus,R&D,Opex,R&D,-362649.9772129617,2023-03
2023-03-01,2023,Budget,Midwest,Plus,G&A,Opex,G&A,-221122.9124813681,2023-03
2023-03-01,2023,Budget,Midwest,Plus,Support,Opex,Support,-205554.38129403788,2023-03
2023-03-01,2023,Actual,Midwest,Enterprise,Revenue,Revenue,Sales,2726355.14555245,2023-03
2023-03-01,2023,Actual,Midwest,Enterprise,COGS,COGS,Sales,-1044317.3370380113,2023-03
2023-03-01,2023,Actual,Midwest,Enterprise,Sales & Marketing,Opex,Marketing,-547041.17807204,2023-03
2023-03-01,2023,Actual,Midwest,Enterprise,R&D,Opex,R&D,-374871.6555144159,2023-03
2023-03-01,2023,Actual,Midwest,Enterprise,G&A,Opex,G&A,-260068.9169658786,2023-03
2023-03-01,2023,Actual,Midwest,Enterprise,Support,Opex,Support,-136899.5704340131,2023-03
2023-03-01,2023,Budget,Midwest,Enterprise,Revenue,Revenue,Sales,3118154.9079370317,2023-03
2023-03-01,2023,Budget,Midwest,Enterprise,COGS,COGS,Sales,-1236342.1950770624,2023-03
2023-03-01,2023,Budget,Midwest,Enterprise,Sales & Marketing,Opex,Marketing,-554046.9069901421,2023-03
2023-03-01,2023,Budget,Midwest,Enterprise,R&D,Opex,R&D,-316721.2789049918,2023-03
2023-03-01,2023,Budget,Midwest,Enterprise,G&A,Opex,G&A,-339155.2000363912,2023-03
2023-03-01,2023,Budget,Midwest,Enterprise,Support,Opex,Support,-220348.5748045169,2023-03
2023-03-01,2023,Actual,Midwest,Marketplace Ads,Revenue,Revenue,Sales,1393517.8452211497,2023-03
2023-03-01,2023,Actual,Midwest,Marketplace Ads,COGS,COGS,Sales,-542066.522781781,2023-03
2023-03-01,2023,Actual,Midwest,Marketplace Ads,Sales & Marketing,Opex,Marketing,-304676.16427647613,2023-03
2023-03-01,2023,Actual,Midwest,Marketplace Ads,R&D,Opex,R&D,-179776.49103875397,2023-03
2023-03-01,2023,Actual,Midwest,Marketplace Ads,G&A,Opex,G&A,-119101.38599696707,2023-03
2023-03-01,2023,Actual,Midwest,Marketplace Ads,Support,Opex,Support,-72037.88164111284,2023-03
2023-03-01,2023,Budget,Midwest,Marketplace Ads,Revenue,Revenue,Sales,1385846.6257497917,2023-03
2023-03-01,2023,Budget,Midwest,Marketplace Ads,COGS,COGS,Sales,-614858.1346005361,2023-03
2023-03-01,2023,Budget,Midwest,Marketplace Ads,Sales & Marketing,Opex,Marketing,-266397.12205197883,2023-03
2023-03-01,2023,Budget,Midwest,Marketplace Ads,R&D,Opex,R&D,-175527.34468635923,2023-03
2023-03-01,2023,Budget,Midwest,Marketplace Ads,G&A,Opex,G&A,-149638.90862496462,2023-03
2023-03-01,2023,Budget,Midwest,Marketplace Ads,Support,Opex,Support,-94206.37772292455,2023-03
2023-03-01,2023,Actual,Southwest,Core,Revenue,Revenue,Sales,2409966.791787996,2023-03
2023-03-01,2023,Actual,Southwest,Core,COGS,COGS,Sales,-919514.1881359607,2023-03
2023-03-01,2023,Actual,Southwest,Core,Sales & Marketing,Opex,Marketing,-392024.150243385,2023-03
2023-03-01,2023,Actual,Southwest,Core,R&D,Opex,R&D,-325458.729528366,2023-03
2023-03-01,2023,Actual,Southwest,Core,G&A,Opex,G&A,-239794.81830156615,2023-03
2023-03-01,2023,Actual,Southwest,Core,Support,Opex,Support,-170080.74292616892,2023-03
2023-03-01,2023,Budget,Southwest,Core,Revenue,Revenue,Sales,2566382.6402773927,2023-03
2023-03-01,2023,Budget,Southwest,Core,COGS,COGS,Sales,-996507.9614645767,2023-03
2023-03-01,2023,Budget,Southwest,Core,Sales & Marketing,Opex,Marketing,-422422.2498637576,2023-03
2023-03-01,2023,Budget,Southwest,Core,R&D,Opex,R&D,-292941.31440093997,2023-03
2023-03-01,2023,Budget,Southwest,Core,G&A,Opex,G&A,-225670.43072708233,2023-03
2023-03-01,2023,Budget,Southwest,Core,Support,Opex,Support,-182372.69348576,2023-03
2023-03-01,2023,Actual,Southwest,Plus,Revenue,Revenue,Sales,2659837.273188438,2023-03
2023-03-01,2023,Actual,Southwest,Plus,COGS,COGS,Sales,-1014239.2291443527,2023-03
2023-03-01,2023,Actual,Southwest,Plus,Sales & Marketing,Opex,Marketing,-545518.1802561884,2023-03
2023-03-01,2023,Actual,Southwest,Plus,R&D,Opex,R&D,-278409.967978898,2023-03
2023-03-01,2023,Actual,Southwest,Plus,G&A,Opex,G&A,-282481.36181402364,2023-03
2023-03-01,2023,Actual,Southwest,Plus,Support,Opex,Support,-152044.16144931185,2023-03
2023-03-01,2023,Budget,Southwest,Plus,Revenue,Revenue,Sales,2951340.0363190016,2023-03
2023-03-01,2023,Budget,Southwest,Plus,COGS,COGS,Sales,-1304689.6221433391,2023-03
2023-03-01,2023,Budget,Southwest,Plus,Sales & Marketing,Opex,Marketing,-598370.2513549961,2023-03
2023-03-01,2023,Budget,Southwest,Plus,R&D,Opex,R&D,-348601.4673460108,2023-03
2023-03-01,2023,Budget,Southwest,Plus,G&A,Opex,G&A,-287778.88962243695,2023-03
2023-03-01,2023,Budget,Southwest,Plus,Support,Opex,Support,-150175.9964174548,2023-03
2023-03-01,2023,Actual,Southwest,Enterprise,Revenue,Revenue,Sales,3541800.4223513124,2023-03
2023-03-01,2023,Actual,Southwest,Enterprise,COGS,COGS,Sales,-1543000.7852871981,2023-03
2023-03-01,2023,Actual,Southwest,Enterprise,Sales & Marketing,Opex,Marketing,-568064.6982417803,2023-03
2023-03-01,2023,Actual,Southwest,Enterprise,R&D,Opex,R&D,-368277.7474496366,2023-03
2023-03-01,2023,Actual,Southwest,Enterprise,G&A,Opex,G&A,-386814.71671459073,2023-03
2023-03-01,2023,Actual,Southwest,Enterprise,Support,Opex,Support,-221738.77220890246,2023-03
2023-03-01,2023,Budget,Southwest,Enterprise,Revenue,Revenue,Sales,3464616.56437448,2023-03
2023-03-01,2023,Budget,Southwest,Enterprise,COGS,COGS,Sales,-1439179.4809164451,2023-03
2023-03-01,2023,Budget,Southwest,Enterprise,Sales & Marketing,Opex,Marketing,-651695.2596563403,2023-03
2023-03-01,2023,Budget,Southwest,Enterprise,R&D,Opex,R&D,-368807.58794233226,2023-03
2023-03-01,2023,Budget,Southwest,Enterprise,G&A,Opex,G&A,-358571.9520889667,2023-03
2023-03-01,2023,Budget,Southwest,Enterprise,Support,Opex,Support,-204618.22891706612,2023-03
2023-03-01,2023,Actual,Southwest,Marketplace Ads,Revenue,Revenue,Sales,1482905.200652577,2023-03
2023-03-01,2023,Actual,Southwest,Marketplace Ads,COGS,COGS,Sales,-663586.2767432856,2023-03
2023-03-01,2023,Actual,Southwest,Marketplace Ads,Sales & Marketing,Opex,Marketing,-310841.38459460443,2023-03
2023-03-01,2023,Actual,Southwest,Marketplace Ads,R&D,Opex,R&D,-182107.91980700506,2023-03
2023-03-01,2023,Actual,Southwest,Marketplace Ads,G&A,Opex,G&A,-136235.99600137398,2023-03
2023-03-01,2023,Actual,Southwest,Marketplace Ads,Support,Opex,Support,-74648.01839530189,2023-03
2023-03-01,2023,Budget,Southwest,Marketplace Ads,Revenue,Revenue,Sales,1539829.5841664358,2023-03
2023-03-01,2023,Budget,Southwest,Marketplace Ads,COGS,COGS,Sales,-674846.5567138895,2023-03
2023-03-01,2023,Budget,Southwest,Marketplace Ads,Sales & Marketing,Opex,Marketing,-317729.7757897666,2023-03
2023-03-01,2023,Budget,Southwest,Marketplace Ads,R&D,Opex,R&D,-170549.04910203355,2023-03
2023-03-01,2023,Budget,Southwest,Marketplace Ads,G&A,Opex,G&A,-153331.65732954853,2023-03
2023-03-01,2023,Budget,Southwest,Marketplace Ads,Support,Opex,Support,-122012.652879879,2023-03
2023-03-01,2023,Actual,West,Core,Revenue,Revenue,Sales,2579302.3818160873,2023-03
2023-03-01,2023,Actual,West,Core,COGS,COGS,Sales,-1132687.048955839,2023-03
2023-03-01,2023,Actual,West,Core,Sales & Marketing,Opex,Marketing,-537057.9120768616,2023-03
2023-03-01,2023,Actual,West,Core,R&D,Opex,R&D,-265091.2200413616,2023-03
2023-03-01,2023,Actual,West,Core,G&A,Opex,G&A,-208139.1159258418,2023-03
2023-03-01,2023,Actual,West,Core,Support,Opex,Support,-155536.6782416505,2023-03
2023-03-01,2023,Budget,West,Core,Revenue,Revenue,Sales,2823020.9043051316,2023-03
2023-03-01,2023,Budget,West,Core,COGS,COGS,Sales,-1085382.6289428242,2023-03
2023-03-01,2023,Budget,West,Core,Sales & Marketing,Opex,Marketing,-584358.0421375118,2023-03
2023-03-01,2023,Budget,West,Core,R&D,Opex,R&D,-309751.41367037926,2023-03
2023-03-01,2023,Budget,West,Core,G&A,Opex,G&A,-234777.75726543294,2023-03
2023-03-01,2023,Budget,West,Core,Support,Opex,Support,-175347.01404942907,2023-03
2023-03-01,2023,Actual,West,Plus,Revenue,Revenue,Sales,2990465.5985728307,2023-03
2023-03-01,2023,Actual,West,Plus,COGS,COGS,Sales,-1145015.1196460102,2023-03
2023-03-01,2023,Actual,West,Plus,Sales & Marketing,Opex,Marketing,-591450.367369231,2023-03
2023-03-01,2023,Actual,West,Plus,R&D,Opex,R&D,-329622.44354252936,2023-03
2023-03-01,2023,Actual,West,Plus,G&A,Opex,G&A,-240063.5595686658,2023-03
2023-03-01,2023,Actual,West,Plus,Support,Opex,Support,-151632.94283934982,2023-03
2023-03-01,2023,Budget,West,Plus,Revenue,Revenue,Sales,3246474.0399509016,2023-03
2023-03-01,2023,Budget,West,Plus,COGS,COGS,Sales,-1236605.3339527673,2023-03
2023-03-01,2023,Budget,West,Plus,Sales & Marketing,Opex,Marketing,-703788.6379134338,2023-03
2023-03-01,2023,Budget,West,Plus,R&D,Opex,R&D,-353227.5524041183,2023-03
2023-03-01,2023,Budget,West,Plus,G&A,Opex,G&A,-297519.75724831066,2023-03
2023-03-01,2023,Budget,West,Plus,Support,Opex,Support,-255859.50331479963,2023-03
2023-03-01,2023,Actual,West,Enterprise,Revenue,Revenue,Sales,3590596.7773977458,2023-03
2023-03-01,2023,Actual,West,Enterprise,COGS,COGS,Sales,-1457317.7400515592,2023-03
2023-03-01,2023,Actual,West,Enterprise,Sales & Marketing,Opex,Marketing,-612805.4549761922,2023-03
2023-03-01,2023,Actual,West,Enterprise,R&D,Opex,R&D,-488131.8146052792,2023-03
2023-03-01,2023,Actual,West,Enterprise,G&A,Opex,G&A,-313634.6916680928,2023-03
2023-03-01,2023,Actual,West,Enterprise,Support,Opex,Support,-194294.03064585009,2023-03
2023-03-01,2023,Budget,West,Enterprise,Revenue,Revenue,Sales,3811078.220811928,2023-03
2023-03-01,2023,Budget,West,Enterprise,COGS,COGS,Sales,-1504702.0638358472,2023-03
2023-03-01,2023,Budget,West,Enterprise,Sales & Marketing,Opex,Marketing,-780522.7924274214,2023-03
2023-03-01,2023,Budget,West,Enterprise,R&D,Opex,R&D,-387807.23103073094,2023-03
2023-03-01,2023,Budget,West,Enterprise,G&A,Opex,G&A,-408522.90643224603,2023-03
2023-03-01,2023,Budget,West,Enterprise,Support,Opex,Support,-228997.7487669147,2023-03
2023-03-01,2023,Actual,West,Marketplace Ads,Revenue,Revenue,Sales,1694919.7048970636,2023-03
2023-03-01,2023,Actual,West,Marketplace Ads,COGS,COGS,Sales,-725486.438771194,2023-03
2023-03-01,2023,Actual,West,Marketplace Ads,Sales & Marketing,Opex,Marketing,-353506.0990403302,2023-03
2023-03-01,2023,Actual,West,Marketplace Ads,R&D,Opex,R&D,-192245.9251766967,2023-03
2023-03-01,2023,Actual,West,Marketplace Ads,G&A,Opex,G&A,-176261.36267206093,2023-03
2023-03-01,2023,Actual,West,Marketplace Ads,Support,Opex,Support,-99745.94713696418,2023-03
2023-03-01,2023,Budget,West,Marketplace Ads,Revenue,Revenue,Sales,1693812.542583079,2023-03
2023-03-01,2023,Budget,West,Marketplace Ads,COGS,COGS,Sales,-751373.8077694793,2023-03
2023-03-01,2023,Budget,West,Marketplace Ads,Sales & Marketing,Opex,Marketing,-361137.6685885825,2023-03
2023-03-01,2023,Budget,West,Marketplace Ads,R&D,Opex,R&D,-200811.22100785593,2023-03
2023-03-01,2023,Budget,West,Marketplace Ads,G&A,Opex,G&A,-144985.18724194597,2023-03
2023-03-01,2023,Budget,West,Marketplace Ads,Support,Opex,Support,-111862.19894760325,2023-03
2023-04-01,2023,Actual,Northeast,Core,Revenue,Revenue,Sales,2770842.573737762,2023-04
2023-04-01,2023,Actual,Northeast,Core,COGS,COGS,Sales,-1062179.8082796468,2023-04
2023-04-01,2023,Actual,Northeast,Core,Sales & Marketing,Opex,Marketing,-603320.8616709962,2023-04
2023-04-01,2023,Actual,Northeast,Core,R&D,Opex,R&D,-322032.25388544594,2023-04
2023-04-01,2023,Actual,Northeast,Core,G&A,Opex,G&A,-288323.76508100936,2023-04
2023-04-01,2023,Actual,Northeast,Core,Support,Opex,Support,-200877.9345257387,2023-04
2023-04-01,2023,Budget,Northeast,Core,Revenue,Revenue,Sales,2781446.9760000007,2023-04
2023-04-01,2023,Budget,Northeast,Core,COGS,COGS,Sales,-1224666.703371252,2023-04
2023-04-01,2023,Budget,Northeast,Core,Sales & Marketing,Opex,Marketing,-459502.70681953005,2023-04
2023-04-01,2023,Budget,Northeast,Core,R&D,Opex,R&D,-344166.83015991986,2023-04
2023-04-01,2023,Budget,Northeast,Core,G&A,Opex,G&A,-296148.3838453899,2023-04
2023-04-01,2023,Budget,Northeast,Core,Support,Opex,Support,-146778.99152553416,2023-04
2023-04-01,2023,Actual,Northeast,Plus,Revenue,Revenue,Sales,3038542.722626407,2023-04
2023-04-01,2023,Actual,Northeast,Plus,COGS,COGS,Sales,-1190032.7579150617,2023-04
2023-04-01,2023,Actual,Northeast,Plus,Sales & Marketing,Opex,Marketing,-624969.3903286754,2023-04
2023-04-01,2023,Actual,Northeast,Plus,R&D,Opex,R&D,-397969.9584987492,2023-04
2023-04-01,2023,Actual,Northeast,Plus,G&A,Opex,G&A,-261160.29020137122,2023-04
2023-04-01,2023,Actual,Northeast,Plus,Support,Opex,Support,-156988.7587355342,2023-04
2023-04-01,2023,Budget,Northeast,Plus,Revenue,Revenue,Sales,3198664.0224000006,2023-04
2023-04-01,2023,Budget,Northeast,Plus,COGS,COGS,Sales,-1410958.6885689665,2023-04
2023-04-01,2023,Budget,Northeast,Plus,Sales & Marketing,Opex,Marketing,-533810.8295146858,2023-04
2023-04-01,2023,Budget,Northeast,Plus,R&D,Opex,R&D,-435473.64321772143,2023-04
2023-04-01,2023,Budget,Northeast,Plus,G&A,Opex,G&A,-259015.57764483697,2023-04
2023-04-01,2023,Budget,Northeast,Plus,Support,Opex,Support,-255779.8677965372,2023-04
2023-04-01,2023,Actual,Northeast,Enterprise,Revenue,Revenue,Sales,3552646.1374968905,2023-04
2023-04-01,2023,Actual,Northeast,Enterprise,COGS,COGS,Sales,-1491094.8298236348,2023-04
2023-04-01,2023,Actual,Northeast,Enterprise,Sales & Marketing,Opex,Marketing,-707759.17548984,2023-04
2023-04-01,2023,Actual,Northeast,Enterprise,R&D,Opex,R&D,-384461.59650150855,2023-04
2023-04-01,2023,Actual,Northeast,Enterprise,G&A,Opex,G&A,-311422.0229710542,2023-04
2023-04-01,2023,Actual,Northeast,Enterprise,Support,Opex,Support,-282686.8917688713,2023-04
2023-04-01,2023,Budget,Northeast,Enterprise,Revenue,Revenue,Sales,3754953.4176000007,2023-04
2023-04-01,2023,Budget,Northeast,Enterprise,COGS,COGS,Sales,-1617677.7996368168,2023-04
2023-04-01,2023,Budget,Northeast,Enterprise,Sales & Marketing,Opex,Marketing,-810894.3292775777,2023-04
2023-04-01,2023,Budget,Northeast,Enterprise,R&D,Opex,R&D,-519522.4459821522,2023-04
2023-04-01,2023,Budget,Northeast,Enterprise,G&A,Opex,G&A,-396781.3321547355,2023-04
2023-04-01,2023,Budget,Northeast,Enterprise,Support,Opex,Support,-282125.9920679093,2023-04
2023-04-01,2023,Actual,Northeast,Marketplace Ads,Revenue,Revenue,Sales,1673999.5827637608,2023-04
2023-04-01,2023,Actual,Northeast,Marketplace Ads,COGS,COGS,Sales,-714460.0415582492,2023-04
2023-04-01,2023,Actual,Northeast,Marketplace Ads,Sales & Marketing,Opex,Marketing,-360219.00034957356,2023-04
2023-04-01,2023,Actual,Northeast,Marketplace Ads,R&D,Opex,R&D,-216498.27906016688,2023-04
2023-04-01,2023,Actual,Northeast,Marketplace Ads,G&A,Opex,G&A,-174765.90012362166,2023-04
2023-04-01,2023,Actual,Northeast,Marketplace Ads,Support,Opex,Support,-94776.34557634249,2023-04
2023-04-01,2023,Budget,Northeast,Marketplace Ads,Revenue,Revenue,Sales,1668868.1856000002,2023-04
2023-04-01,2023,Budget,Northeast,Marketplace Ads,COGS,COGS,Sales,-681367.2560906394,2023-04
2023-04-01,2023,Budget,Northeast,Marketplace Ads,Sales & Marketing,Opex,Marketing,-319108.28334092995,2023-04
2023-04-01,2023,Budget,Northeast,Marketplace Ads,R&D,Opex,R&D,-203857.04755406757,2023-04
2023-04-01,2023,Budget,Northeast,Marketplace Ads,G&A,Opex,G&A,-148207.7556043108,2023-04
2023-04-01,2023,Budget,Northeast,Marketplace Ads,Support,Opex,Support,-94079.17818085907,2023-04
2023-04-01,2023,Actual,Southeast,Core,Revenue,Revenue,Sales,2576535.6354983617,2023-04
2023-04-01,2023,Actual,Southeast,Core,COGS,COGS,Sales,-1032651.4451055122,2023-04
2023-04-01,2023,Actual,Southeast,Core,Sales & Marketing,Opex,Marketing,-424818.8274455095,2023-04
2023-04-01,2023,Actual,Southeast,Core,R&D,Opex,R&D,-269606.4163781885,2023-04
2023-04-01,2023,Actual,Southeast,Core,G&A,Opex,G&A,-216362.19940183216,2023-04
2023-04-01,2023,Actual,Southeast,Core,Support,Opex,Support,-168744.63292474524,2023-04
2023-04-01,2023,Budget,Southeast,Core,Revenue,Revenue,Sales,2516547.2640000004,2023-04
2023-04-01,2023,Budget,Southeast,Core,COGS,COGS,Sales,-975584.1934168846,2023-04
2023-04-01,2023,Budget,Southeast,Core,Sales & Marketing,Opex,Marketing,-516364.70777090866,2023-04
2023-04-01,2023,Budget,Southeast,Core,R&D,Opex,R&D,-341915.27100696304,2023-04
2023-04-01,2023,Budget,Southeast,Core,G&A,Opex,G&A,-239209.42445754475,2023-04
2023-04-01,2023,Budget,Southeast,Core,Support,Opex,Support,-179680.1560194768,2023-04
2023-04-01,2023,Actual,Southeast,Plus,Revenue,Revenue,Sales,2929768.586146536,2023-04
2023-04-01,2023,Actual,Southeast,Plus,COGS,COGS,Sales,-1174461.3972801277,2023-04
2023-04-01,2023,Actual,Southeast,Plus,Sales & Marketing,Opex,Marketing,-522396.29127021163,2023-04
2023-04-01,2023,Actual,Southeast,Plus,R&D,Opex,R&D,-381575.77299706417,2023-04
2023-04-01,2023,Actual,Southeast,Plus,G&A,Opex,G&A,-244169.64991621926,2023-04
2023-04-01,2023,Actual,Southeast,Plus,Support,Opex,Support,-207259.54813755155,2023-04
2023-04-01,2023,Budget,Southeast,Plus,Revenue,Revenue,Sales,2894029.3536000005,2023-04
2023-04-01,2023,Budget,Southeast,Plus,COGS,COGS,Sales,-1106683.199865495,2023-04
2023-04-01,2023,Budget,Southeast,Plus,Sales & Marketing,Opex,Marketing,-501755.9668284479,2023-04
2023-04-01,2023,Budget,Southeast,Plus,R&D,Opex,R&D,-364586.07167655125,2023-04
2023-04-01,2023,Budget,Southeast,Plus,G&A,Opex,G&A,-297243.31751155463,2023-04
2023-04-01,2023,Budget,Southeast,Plus,Support,Opex,Support,-164177.49272324963,2023-04
2023-04-01,2023,Actual,Southeast,Enterprise,Revenue,Revenue,Sales,3327974.989796179,2023-04
2023-04-01,2023,Actual,Southeast,Enterprise,COGS,COGS,Sales,-1316905.6635586752,2023-04
2023-04-01,2023,Actual,Southeast,Enterprise,Sales & Marketing,Opex,Marketing,-623584.7719119643,2023-04
2023-04-01,2023,Actual,Southeast,Enterprise,R&D,Opex,R&D,-392250.13208206533,2023-04
2023-04-01,2023,Actual,Southeast,Enterprise,G&A,Opex,G&A,-304518.92123089003,2023-04
2023-04-01,2023,Actual,Southeast,Enterprise,Support,Opex,Support,-235203.52949945902,2023-04
2023-04-01,2023,Budget,Southeast,Enterprise,Revenue,Revenue,Sales,3397338.806400001,2023-04
2023-04-01,2023,Budget,Southeast,Enterprise,COGS,COGS,Sales,-1420428.889369488,2023-04
2023-04-01,2023,Budget,Southeast,Enterprise,Sales & Marketing,Opex,Marketing,-719347.2900690929,2023-04
2023-04-01,2023,Budget,Southeast,Enterprise,R&D,Opex,R&D,-368225.4996589802,2023-04
2023-04-01,2023,Budget,Southeast,Enterprise,G&A,Opex,G&A,-297719.2577324225,2023-04
2023-04-01,2023,Budget,Southeast,Enterprise,Support,Opex,Support,-233465.539163378,2023-04
2023-04-01,2023,Actual,Southeast,Marketplace Ads,Revenue,Revenue,Sales,1533431.0519467841,2023-04
2023-04-01,2023,Actual,Southeast,Marketplace Ads,COGS,COGS,Sales,-684651.5381063458,2023-04
2023-04-01,2023,Actual,Southeast,Marketplace Ads,Sales & Marketing,Opex,Marketing,-306843.3890543182,2023-04
2023-04-01,2023,Actual,Southeast,Marketplace Ads,R&D,Opex,R&D,-172954.98148463815,2023-04
2023-04-01,2023,Actual,Southeast,Marketplace Ads,G&A,Opex,G&A,-146304.94774395935,2023-04
2023-04-01,2023,Actual,Southeast,Marketplace Ads,Support,Opex,Support,-96613.22984413398,2023-04
2023-04-01,2023,Budget,Southeast,Marketplace Ads,Revenue,Revenue,Sales,1509928.3584000005,2023-04
2023-04-01,2023,Budget,Southeast,Marketplace Ads,COGS,COGS,Sales,-612582.8146843667,2023-04
2023-04-01,2023,Budget,Southeast,Marketplace Ads,Sales & Marketing,Opex,Marketing,-304544.0238057502,2023-04
2023-04-01,2023,Budget,Southeast,Marketplace Ads,R&D,Opex,R&D,-172388.31152543958,2023-04
2023-04-01,2023,Budget,Southeast,Marketplace Ads,G&A,Opex,G&A,-127396.2596583747,2023-04
2023-04-01,2023,Budget,Southeast,Marketplace Ads,Support,Opex,Support,-96742.55844778758,2023-04
2023-04-01,2023,Actual,Midwest,Core,Revenue,Revenue,Sales,2420950.345520593,2023-04
2023-04-01,2023,Actual,Midwest,Core,COGS,COGS,Sales,-1010200.1804550713,2023-04
2023-04-01,2023,Actual,Midwest,Core,Sales & Marketing,Opex,Marketing,-413388.94595715933,2023-04
2023-04-01,2023,Actual,Midwest,Core,R&D,Opex,R&D,-288533.15190098487,2023-04
2023-04-01,2023,Actual,Midwest,Core,G&A,Opex,G&A,-231976.79507337252,2023-04
2023-04-01,2023,Actual,Midwest,Core,Support,Opex,Support,-185708.95714295676,2023-04
2023-04-01,2023,Budget,Midwest,Core,Revenue,Revenue,Sales,2384097.408,2023-04
2023-04-01,2023,Budget,Midwest,Core,COGS,COGS,Sales,-1042575.9490317022,2023-04
2023-04-01,2023,Budget,Midwest,Core,Sales & Marketing,Opex,Marketing,-477891.5575869542,2023-04
2023-04-01,2023,Budget,Midwest,Core,R&D,Opex,R&D,-259049.39596711544,2023-04
2023-04-01,2023,Budget,Midwest,Core,G&A,Opex,G&A,-211591.79822484963,2023-04
2023-04-01,2023,Budget,Midwest,Core,Support,Opex,Support,-140285.30814257573,2023-04
2023-04-01,2023,Actual,Midwest,Plus,Revenue,Revenue,Sales,2899725.6303690188,2023-04
2023-04-01,2023,Actual,Midwest,Plus,COGS,COGS,Sales,-1124231.5334184833,2023-04
2023-04-01,2023,Actual,Midwest,Plus,Sales & Marketing,Opex,Marketing,-520556.5380795656,2023-04
2023-04-01,2023,Actual,Midwest,Plus,R&D,Opex,R&D,-318683.5125576295,2023-04
2023-04-01,2023,Actual,Midwest,Plus,G&A,Opex,G&A,-247821.71920845468,2023-04
2023-04-01,2023,Actual,Midwest,Plus,Support,Opex,Support,-227528.8886484454,2023-04
2023-04-01,2023,Budget,Midwest,Plus,Revenue,Revenue,Sales,2741712.0192000004,2023-04
2023-04-01,2023,Budget,Midwest,Plus,COGS,COGS,Sales,-1047930.3191329888,2023-04
2023-04-01,2023,Budget,Midwest,Plus,Sales & Marketing,Opex,Marketing,-455025.00569178164,2023-04
2023-04-01,2023,Budget,Midwest,Plus,R&D,Opex,R&D,-381585.10876729595,2023-04
2023-04-01,2023,Budget,Midwest,Plus,G&A,Opex,G&A,-285298.2814821791,2023-04
2023-04-01,2023,Budget,Midwest,Plus,Support,Opex,Support,-207824.79221261415,2023-04
2023-04-01,2023,Actual,Midwest,Enterprise,Revenue,Revenue,Sales,3349627.253633259,2023-04
2023-04-01,2023,Actual,Midwest,Enterprise,COGS,COGS,Sales,-1450588.3645080458,2023-04
2023-04-01,2023,Actual,Midwest,Enterprise,Sales & Marketing,Opex,Marketing,-610223.9236929953,2023-04
2023-04-01,2023,Actual,Midwest,Enterprise,R&D,Opex,R&D,-367295.38788823143,2023-04
2023-04-01,2023,Actual,Midwest,Enterprise,G&A,Opex,G&A,-295524.2508006894,2023-04
2023-04-01,2023,Actual,Midwest,Enterprise,Support,Opex,Support,-224029.95510793343,2023-04
2023-04-01,2023,Budget,Midwest,Enterprise,Revenue,Revenue,Sales,3218531.5008000005,2023-04
2023-04-01,2023,Budget,Midwest,Enterprise,COGS,COGS,Sales,-1227191.759061401,2023-04
2023-04-01,2023,Budget,Midwest,Enterprise,Sales & Marketing,Opex,Marketing,-660264.7596144712,2023-04
2023-04-01,2023,Budget,Midwest,Enterprise,R&D,Opex,R&D,-325334.62225628487,2023-04
2023-04-01,2023,Budget,Midwest,Enterprise,G&A,Opex,G&A,-299670.76953104284,2023-04
2023-04-01,2023,Budget,Midwest,Enterprise,Support,Opex,Support,-224267.28426043008,2023-04
2023-04-01,2023,Actual,Midwest,Marketplace Ads,Revenue,Revenue,Sales,1468195.2631302814,2023-04
2023-04-01,2023,Actual,Midwest,Marketplace Ads,COGS,COGS,Sales,-571857.5870096392,2023-04
2023-04-01,2023,Actual,Midwest,Marketplace Ads,Sales & Marketing,Opex,Marketing,-261258.730465381,2023-04
2023-04-01,2023,Actual,Midwest,Marketplace Ads,R&D,Opex,R&D,-181551.37273247316,2023-04
2023-04-01,2023,Actual,Midwest,Marketplace Ads,G&A,Opex,G&A,-160719.60174002772,2023-04
2023-04-01,2023,Actual,Midwest,Marketplace Ads,Support,Opex,Support,-106223.37020612988,2023-04
2023-04-01,2023,Budget,Midwest,Marketplace Ads,Revenue,Revenue,Sales,1430458.4448000002,2023-04
2023-04-01,2023,Budget,Midwest,Marketplace Ads,COGS,COGS,Sales,-549523.2930130332,2023-04
2023-04-01,2023,Budget,Midwest,Marketplace Ads,Sales & Marketing,Opex,Marketing,-234739.362145306,2023-04
2023-04-01,2023,Budget,Midwest,Marketplace Ads,R&D,Opex,R&D,-186406.35636009977,2023-04
2023-04-01,2023,Budget,Midwest,Marketplace Ads,G&A,Opex,G&A,-144521.5851618473,2023-04
2023-04-01,2023,Budget,Midwest,Marketplace Ads,Support,Opex,Support,-75081.77608360969,2023-04
2023-04-01,2023,Actual,Southwest,Core,Revenue,Revenue,Sales,2703738.461599434,2023-04
2023-04-01,2023,Actual,Southwest,Core,COGS,COGS,Sales,-1157971.1776391624,2023-04
2023-04-01,2023,Actual,Southwest,Core,Sales & Marketing,Opex,Marketing,-478762.59591055906,2023-04
2023-04-01,2023,Actual,Southwest,Core,R&D,Opex,R&D,-350466.00008634053,2023-04
2023-04-01,2023,Actual,Southwest,Core,G&A,Opex,G&A,-229911.42347323603,2023-04
2023-04-01,2023,Actual,Southwest,Core,Support,Opex,Support,-181410.18080973843,2023-04
2023-04-01,2023,Budget,Southwest,Core,Revenue,Revenue,Sales,2648997.1200000006,2023-04
2023-04-01,2023,Budget,Southwest,Core,COGS,COGS,Sales,-1103924.6597208565,2023-04
2023-04-01,2023,Budget,Southwest,Core,Sales & Marketing,Opex,Marketing,-545894.1989859315,2023-04
2023-04-01,2023,Budget,Southwest,Core,R&D,Opex,R&D,-275408.9748298077,2023-04
2023-04-01,2023,Budget,Southwest,Core,G&A,Opex,G&A,-233836.998665843,2023-04
2023-04-01,2023,Budget,Southwest,Core,Support,Opex,Support,-155842.1887757447,2023-04
2023-04-01,2023,Actual,Southwest,Plus,Revenue,Revenue,Sales,2992017.379047626,2023-04
2023-04-01,2023,Actual,Southwest,Plus,COGS,COGS,Sales,-1236212.9286287397,2023-04
2023-04-01,2023,Actual,Southwest,Plus,Sales & Marketing,Opex,Marketing,-656862.1370611254,2023-04
2023-04-01,2023,Actual,Southwest,Plus,R&D,Opex,R&D,-322931.3559558151,2023-04
2023-04-01,2023,Actual,Southwest,Plus,G&A,Opex,G&A,-270604.3412588164,2023-04
2023-04-01,2023,Actual,Southwest,Plus,Support,Opex,Support,-180129.64159347958,2023-04
2023-04-01,2023,Budget,Southwest,Plus,Revenue,Revenue,Sales,3046346.688000001,2023-04
2023-04-01,2023,Budget,Southwest,Plus,COGS,COGS,Sales,-1205360.2309943154,2023-04
2023-04-01,2023,Budget,Southwest,Plus,Sales & Marketing,Opex,Marketing,-529246.7010950589,2023-04
2023-04-01,2023,Budget,Southwest,Plus,R&D,Opex,R&D,-409319.5551901346,2023-04
2023-04-01,2023,Budget,Southwest,Plus,G&A,Opex,G&A,-260891.55452385225,2023-04
2023-04-01,2023,Budget,Southwest,Plus,Support,Opex,Support,-170306.6209130394,2023-04
2023-04-01,2023,Actual,Southwest,Enterprise,Revenue,Revenue,Sales,3677638.3587132446,2023-04
2023-04-01,2023,Actual,Southwest,Enterprise,COGS,COGS,Sales,-1465469.4866011096,2023-04
2023-04-01,2023,Actual,Southwest,Enterprise,Sales & Marketing,Opex,Marketing,-641419.5189152178,2023-04
2023-04-01,2023,Actual,Southwest,Enterprise,R&D,Opex,R&D,-485173.88934693224,2023-04
2023-04-01,2023,Actual,Southwest,Enterprise,G&A,Opex,G&A,-401686.40251511434,2023-04
2023-04-01,2023,Actual,Southwest,Enterprise,Support,Opex,Support,-189974.53728958848,2023-04
2023-04-01,2023,Budget,Southwest,Enterprise,Revenue,Revenue,Sales,3576146.1120000007,2023-04
2023-04-01,2023,Budget,Southwest,Enterprise,COGS,COGS,Sales,-1474055.175997245,2023-04
2023-04-01,2023,Budget,Southwest,Enterprise,Sales & Marketing,Opex,Marketing,-579832.0310300855,2023-04
2023-04-01,2023,Budget,Southwest,Enterprise,R&D,Opex,R&D,-409793.3945998103,2023-04
2023-04-01,2023,Budget,Southwest,Enterprise,G&A,Opex,G&A,-323386.11252600193,2023-04
2023-04-01,2023,Budget,Southwest,Enterprise,Support,Opex,Support,-194605.95777394346,2023-04
2023-04-01,2023,Actual,Southwest,Marketplace Ads,Revenue,Revenue,Sales,1500345.3178843667,2023-04
2023-04-01,2023,Actual,Southwest,Marketplace Ads,COGS,COGS,Sales,-673674.0365376937,2023-04
2023-04-01,2023,Actual,Southwest,Marketplace Ads,Sales & Marketing,Opex,Marketing,-294965.38743451337,2023-04
2023-04-01,2023,Actual,Southwest,Marketplace Ads,R&D,Opex,R&D,-201886.0561643671,2023-04
2023-04-01,2023,Actual,Southwest,Marketplace Ads,G&A,Opex,G&A,-132322.53989247847,2023-04
2023-04-01,2023,Actual,Southwest,Marketplace Ads,Support,Opex,Support,-118275.81088936316,2023-04
2023-04-01,2023,Budget,Southwest,Marketplace Ads,Revenue,Revenue,Sales,1589398.2720000003,2023-04
2023-04-01,2023,Budget,Southwest,Marketplace Ads,COGS,COGS,Sales,-676562.1575112732,2023-04
2023-04-01,2023,Budget,Southwest,Marketplace Ads,Sales & Marketing,Opex,Marketing,-339847.7659455645,2023-04
2023-04-01,2023,Budget,Southwest,Marketplace Ads,R&D,Opex,R&D,-159945.06937784198,2023-04
2023-04-01,2023,Budget,Southwest,Marketplace Ads,G&A,Opex,G&A,-152439.90423171935,2023-04
2023-04-01,2023,Budget,Southwest,Marketplace Ads,Support,Opex,Support,-101553.05600757553,2023-04
2023-04-01,2023,Actual,West,Core,Revenue,Revenue,Sales,2556314.9475829653,2023-04
2023-04-01,2023,Actual,West,Core,COGS,COGS,Sales,-1125396.8678307962,2023-04
2023-04-01,2023,Actual,West,Core,Sales & Marketing,Opex,Marketing,-505350.3353583132,2023-04
2023-04-01,2023,Actual,West,Core,R&D,Opex,R&D,-292134.2614483978,2023-04
2023-04-01,2023,Actual,West,Core,G&A,Opex,G&A,-220055.30755524777,2023-04
2023-04-01,2023,Actual,West,Core,Support,Opex,Support,-169710.6674875892,2023-04
2023-04-01,2023,Budget,West,Core,Revenue,Revenue,Sales,2913896.8320000004,2023-04
2023-04-01,2023,Budget,West,Core,COGS,COGS,Sales,-1169863.5211006892,2023-04
2023-04-01,2023,Budget,West,Core,Sales & Marketing,Opex,Marketing,-544170.2221309661,2023-04
2023-04-01,2023,Budget,West,Core,R&D,Opex,R&D,-345918.69370175275,2023-04
2023-04-01,2023,Budget,West,Core,G&A,Opex,G&A,-291692.7635568042,2023-04
2023-04-01,2023,Budget,West,Core,Support,Opex,Support,-149205.04892045484,2023-04
2023-04-01,2023,Actual,West,Plus,Revenue,Revenue,Sales,3301204.6051922976,2023-04
2023-04-01,2023,Actual,West,Plus,COGS,COGS,Sales,-1328750.2263128106,2023-04
2023-04-01,2023,Actual,West,Plus,Sales & Marketing,Opex,Marketing,-561258.5822185092,2023-04
2023-04-01,2023,Actual,West,Plus,R&D,Opex,R&D,-374868.37412996177,2023-04
2023-04-01,2023,Actual,West,Plus,G&A,Opex,G&A,-351702.86742123705,2023-04
2023-04-01,2023,Actual,West,Plus,Support,Opex,Support,-230083.03720899866,2023-04
2023-04-01,2023,Budget,West,Plus,Revenue,Revenue,Sales,3350981.3568000006,2023-04
2023-04-01,2023,Budget,West,Plus,COGS,COGS,Sales,-1459229.37602299,2023-04
2023-04-01,2023,Budget,West,Plus,Sales & Marketing,Opex,Marketing,-544197.3681989574,2023-04
2023-04-01,2023,Budget,West,Plus,R&D,Opex,R&D,-364007.4727674564,2023-04
2023-04-01,2023,Budget,West,Plus,G&A,Opex,G&A,-319564.5297043434,2023-04
2023-04-01,2023,Budget,West,Plus,Support,Opex,Support,-211252.82885280825,2023-04
2023-04-01,2023,Actual,West,Enterprise,Revenue,Revenue,Sales,4046892.3781384146,2023-04
2023-04-01,2023,Actual,West,Enterprise,COGS,COGS,Sales,-1748109.1257287646,2023-04
2023-04-01,2023,Actual,West,Enterprise,Sales & Marketing,Opex,Marketing,-812720.8698463625,2023-04
2023-04-01,2023,Actual,West,Enterprise,R&D,Opex,R&D,-520002.6580886234,2023-04
2023-04-01,2023,Actual,West,Enterprise,G&A,Opex,G&A,-377243.4080247179,2023-04
2023-04-01,2023,Actual,West,Enterprise,Support,Opex,Support,-277864.43310422316,2023-04
2023-04-01,2023,Budget,West,Enterprise,Revenue,Revenue,Sales,3933760.723200001,2023-04
2023-04-01,2023,Budget,West,Enterprise,COGS,COGS,Sales,-1764771.5314821603,2023-04
2023-04-01,2023,Budget,West,Enterprise,Sales & Marketing,Opex,Marketing,-781526.175341188,2023-04
2023-04-01,2023,Budget,West,Enterprise,R&D,Opex,R&D,-427174.36982023815,2023-04
2023-04-01,2023,Budget,West,Enterprise,G&A,Opex,G&A,-389186.5592364919,2023-04
2023-04-01,2023,Budget,West,Enterprise,Support,Opex,Support,-200457.48333718462,2023-04
2023-04-01,2023,Actual,West,Marketplace Ads,Revenue,Revenue,Sales,1827774.0221213119,2023-04
2023-04-01,2023,Actual,West,Marketplace Ads,COGS,COGS,Sales,-804456.5002619845,2023-04
2023-04-01,2023,Actual,West,Marketplace Ads,Sales & Marketing,Opex,Marketing,-323710.9086228269,2023-04
2023-04-01,2023,Actual,West,Marketplace Ads,R&D,Opex,R&D,-214468.38085747187,2023-04
2023-04-01,2023,Actual,West,Marketplace Ads,G&A,Opex,G&A,-164025.57500280536,2023-04
2023-04-01,2023,Actual,West,Marketplace Ads,Support,Opex,Support,-111852.48518968066,2023-04
2023-04-01,2023,Budget,West,Marketplace Ads,Revenue,Revenue,Sales,1748338.0992000005,2023-04
2023-04-01,2023,Budget,West,Marketplace Ads,COGS,COGS,Sales,-755352.2520522114,2023-04
2023-04-01,2023,Budget,West,Marketplace Ads,Sales & Marketing,Opex,Marketing,-281460.866383362,2023-04
2023-04-01,2023,Budget,West,Marketplace Ads,R&D,Opex,R&D,-188855.80723561038,2023-04
2023-04-01,2023,Budget,West,Marketplace Ads,G&A,Opex,G&A,-179625.27202263984,2023-04
2023-04-01,2023,Budget,West,Marketplace Ads,Support,Opex,Support,-93028.56336922784,2023-04
2023-05-01,2023,Actual,Northeast,Core,Revenue,Revenue,Sales,2804175.1106453105,2023-05
2023-05-01,2023,Actual,Northeast,Core,COGS,COGS,Sales,-1111819.6678179905,2023-05
2023-05-01,2023,Actual,Northeast,Core,Sales & Marketing,Opex,Marketing,-601345.2853723016,2023-05
2023-05-01,2023,Actual,Northeast,Core,R&D,Opex,R&D,-362456.9084785753,2023-05
2023-05-01,2023,Actual,Northeast,Core,G&A,Opex,G&A,-260302.31684064784,2023-05
2023-05-01,2023,Actual,Northeast,Core,Support,Opex,Support,-145874.43600722522,2023-05
2023-05-01,2023,Budget,Northeast,Core,Revenue,Revenue,Sales,2788340.0578148966,2023-05
2023-05-01,2023,Budget,Northeast,Core,COGS,COGS,Sales,-1149132.0806929676,2023-05
2023-05-01,2023,Budget,Northeast,Core,Sales & Marketing,Opex,Marketing,-492733.5313541356,2023-05
2023-05-01,2023,Budget,Northeast,Core,R&D,Opex,R&D,-385980.28024593263,2023-05
2023-05-01,2023,Budget,Northeast,Core,G&A,Opex,G&A,-297885.87021471985,2023-05
2023-05-01,2023,Budget,Northeast,Core,Support,Opex,Support,-167584.50932862418,2023-05
2023-05-01,2023,Actual,Northeast,Plus,Revenue,Revenue,Sales,3153540.059398534,2023-05
2023-05-01,2023,Actual,Northeast,Plus,COGS,COGS,Sales,-1311652.0174111929,2023-05
2023-05-01,2023,Actual,Northeast,Plus,Sales & Marketing,Opex,Marketing,-526356.5653456103,2023-05
2023-05-01,2023,Actual,Northeast,Plus,R&D,Opex,R&D,-316152.5075475226,2023-05
2023-05-01,2023,Actual,Northeast,Plus,G&A,Opex,G&A,-316213.43764428014,2023-05
2023-05-01,2023,Actual,Northeast,Plus,Support,Opex,Support,-237886.56427822917,2023-05
2023-05-01,2023,Budget,Northeast,Plus,Revenue,Revenue,Sales,3206591.066487131,2023-05
2023-05-01,2023,Budget,Northeast,Plus,COGS,COGS,Sales,-1286388.807226131,2023-05
2023-05-01,2023,Budget,Northeast,Plus,Sales & Marketing,Opex,Marketing,-568854.1422735361,2023-05
2023-05-01,2023,Budget,Northeast,Plus,R&D,Opex,R&D,-446045.50616169884,2023-05
2023-05-01,2023,Budget,Northeast,Plus,G&A,Opex,G&A,-351142.18652007566,2023-05
2023-05-01,2023,Budget,Northeast,Plus,Support,Opex,Support,-213304.37224249792,2023-05
2023-05-01,2023,Actual,Northeast,Enterprise,Revenue,Revenue,Sales,3413397.9034658517,2023-05
2023-05-01,2023,Actual,Northeast,Enterprise,COGS,COGS,Sales,-1481542.5231601312,2023-05
2023-05-01,2023,Actual,Northeast,Enterprise,Sales & Marketing,Opex,Marketing,-687173.2498131514,2023-05
2023-05-01,2023,Actual,Northeast,Enterprise,R&D,Opex,R&D,-371093.0413081675,2023-05
2023-05-01,2023,Actual,Northeast,Enterprise,G&A,Opex,G&A,-320437.279338599,2023-05
2023-05-01,2023,Actual,Northeast,Enterprise,Support,Opex,Support,-243084.28992718598,2023-05
2023-05-01,2023,Budget,Northeast,Enterprise,Revenue,Revenue,Sales,3764259.078050111,2023-05
2023-05-01,2023,Budget,Northeast,Enterprise,COGS,COGS,Sales,-1471583.7059317436,2023-05
2023-05-01,2023,Budget,Northeast,Enterprise,Sales & Marketing,Opex,Marketing,-704626.0457706552,2023-05
2023-05-01,2023,Budget,Northeast,Enterprise,R&D,Opex,R&D,-525409.2000710999,2023-05
2023-05-01,2023,Budget,Northeast,Enterprise,G&A,Opex,G&A,-356576.64699069055,2023-05
2023-05-01,2023,Budget,Northeast,Enterprise,Support,Opex,Support,-291529.7940961641,2023-05
2023-05-01,2023,Actual,Northeast,Marketplace Ads,Revenue,Revenue,Sales,1850195.3714361768,2023-05
2023-05-01,2023,Actual,Northeast,Marketplace Ads,COGS,COGS,Sales,-792398.7502819506,2023-05
2023-05-01,2023,Actual,Northeast,Marketplace Ads,Sales & Marketing,Opex,Marketing,-361694.3812799871,2023-05
2023-05-01,2023,Actual,Northeast,Marketplace Ads,R&D,Opex,R&D,-190613.78581357308,2023-05
2023-05-01,2023,Actual,Northeast,Marketplace Ads,G&A,Opex,G&A,-190473.22862335556,2023-05
2023-05-01,2023,Actual,Northeast,Marketplace Ads,Support,Opex,Support,-127857.82021446641,2023-05
2023-05-01,2023,Budget,Northeast,Marketplace Ads,Revenue,Revenue,Sales,1673004.0346889382,2023-05
2023-05-01,2023,Budget,Northeast,Marketplace Ads,COGS,COGS,Sales,-659771.7083841766,2023-05
2023-05-01,2023,Budget,Northeast,Marketplace Ads,Sales & Marketing,Opex,Marketing,-339484.61396351614,2023-05
2023-05-01,2023,Budget,Northeast,Marketplace Ads,R&D,Opex,R&D,-227936.76998074062,2023-05
2023-05-01,2023,Budget,Northeast,Marketplace Ads,G&A,Opex,G&A,-167599.67391143198,2023-05
2023-05-01,2023,Budget,Northeast,Marketplace Ads,Support,Opex,Support,-107983.8036912996,2023-05
2023-05-01,2023,Actual,Southeast,Core,Revenue,Revenue,Sales,2498939.7368061547,2023-05
2023-05-01,2023,Actual,Southeast,Core,COGS,COGS,Sales,-1090970.3735357777,2023-05
2023-05-01,2023,Actual,Southeast,Core,Sales & Marketing,Opex,Marketing,-494443.7632368603,2023-05
2023-05-01,2023,Actual,Southeast,Core,R&D,Opex,R&D,-326707.18843496527,2023-05
2023-05-01,2023,Actual,Southeast,Core,G&A,Opex,G&A,-227105.47828078692,2023-05
2023-05-01,2023,Actual,Southeast,Core,Support,Opex,Support,-143855.07883283458,2023-05
2023-05-01,2023,Budget,Southeast,Core,Revenue,Revenue,Sales,2522783.8618325256,2023-05
2023-05-01,2023,Budget,Southeast,Core,COGS,COGS,Sales,-1002779.9491875978,2023-05
2023-05-01,2023,Budget,Southeast,Core,Sales & Marketing,Opex,Marketing,-446877.18794837856,2023-05
2023-05-01,2023,Budget,Southeast,Core,R&D,Opex,R&D,-291351.9146717007,2023-05
2023-05-01,2023,Budget,Southeast,Core,G&A,Opex,G&A,-241813.01840812207,2023-05
2023-05-01,2023,Budget,Southeast,Core,Support,Opex,Support,-196351.44057788237,2023-05
2023-05-01,2023,Actual,Southeast,Plus,Revenue,Revenue,Sales,3012803.6624437505,2023-05
2023-05-01,2023,Actual,Southeast,Plus,COGS,COGS,Sales,-1327613.105944461,2023-05
2023-05-01,2023,Actual,Southeast,Plus,Sales & Marketing,Opex,Marketing,-632970.5550058438,2023-05
2023-05-01,2023,Actual,Southeast,Plus,R&D,Opex,R&D,-393924.0173698428,2023-05
2023-05-01,2023,Actual,Southeast,Plus,G&A,Opex,G&A,-314644.67883608985,2023-05
2023-05-01,2023,Actual,Southeast,Plus,Support,Opex,Support,-208334.78168267378,2023-05
2023-05-01,2023,Budget,Southeast,Plus,Revenue,Revenue,Sales,2901201.4411074044,2023-05
2023-05-01,2023,Budget,Southeast,Plus,COGS,COGS,Sales,-1114762.9270646747,2023-05
2023-05-01,2023,Budget,Southeast,Plus,Sales & Marketing,Opex,Marketing,-475866.241353794,2023-05
2023-05-01,2023,Budget,Southeast,Plus,R&D,Opex,R&D,-300276.8298532084,2023-05
2023-05-01,2023,Budget,Southeast,Plus,G&A,Opex,G&A,-237056.00049466526,2023-05
2023-05-01,2023,Budget,Southeast,Plus,Support,Opex,Support,-205700.0953755432,2023-05
2023-05-01,2023,Actual,Southeast,Enterprise,Revenue,Revenue,Sales,3374957.3258453137,2023-05
2023-05-01,2023,Actual,Southeast,Enterprise,COGS,COGS,Sales,-1489338.447053376,2023-05
2023-05-01,2023,Actual,Southeast,Enterprise,Sales & Marketing,Opex,Marketing,-620468.7535925523,2023-05
2023-05-01,2023,Actual,Southeast,Enterprise,R&D,Opex,R&D,-338422.090357569,2023-05
2023-05-01,2023,Actual,Southeast,Enterprise,G&A,Opex,G&A,-362066.8347809202,2023-05
2023-05-01,2023,Actual,Southeast,Enterprise,Support,Opex,Support,-255410.1529607088,2023-05
2023-05-01,2023,Budget,Southeast,Enterprise,Revenue,Revenue,Sales,3405758.2134739095,2023-05
2023-05-01,2023,Budget,Southeast,Enterprise,COGS,COGS,Sales,-1508435.614622595,2023-05
2023-05-01,2023,Budget,Southeast,Enterprise,Sales & Marketing,Opex,Marketing,-691847.0357864505,2023-05
2023-05-01,2023,Budget,Southeast,Enterprise,R&D,Opex,R&D,-463553.6437444365,2023-05
2023-05-01,2023,Budget,Southeast,Enterprise,G&A,Opex,G&A,-353659.6990683877,2023-05
2023-05-01,2023,Budget,Southeast,Enterprise,Support,Opex,Support,-269533.15893072553,2023-05
2023-05-01,2023,Actual,Southeast,Marketplace Ads,Revenue,Revenue,Sales,1472983.797753392,2023-05
2023-05-01,2023,Actual,Southeast,Marketplace Ads,COGS,COGS,Sales,-586498.1320307298,2023-05
2023-05-01,2023,Actual,Southeast,Marketplace Ads,Sales & Marketing,Opex,Marketing,-312712.22587646544,2023-05
2023-05-01,2023,Actual,Southeast,Marketplace Ads,R&D,Opex,R&D,-168022.45697896683,2023-05
2023-05-01,2023,Actual,Southeast,Marketplace Ads,G&A,Opex,G&A,-161926.13330574872,2023-05
2023-05-01,2023,Actual,Southeast,Marketplace Ads,Support,Opex,Support,-113513.9162988812,2023-05
2023-05-01,2023,Budget,Southeast,Marketplace Ads,Revenue,Revenue,Sales,1513670.3170995156,2023-05
2023-05-01,2023,Budget,Southeast,Marketplace Ads,COGS,COGS,Sales,-631132.7903550054,2023-05
2023-05-01,2023,Budget,Southeast,Marketplace Ads,Sales & Marketing,Opex,Marketing,-300960.515475544,2023-05
2023-05-01,2023,Budget,Southeast,Marketplace Ads,R&D,Opex,R&D,-171944.00737694325,2023-05
2023-05-01,2023,Budget,Southeast,Marketplace Ads,G&A,Opex,G&A,-165197.22079706626,2023-05
2023-05-01,2023,Budget,Southeast,Marketplace Ads,Support,Opex,Support,-92204.04976251256,2023-05
2023-05-01,2023,Actual,Midwest,Core,Revenue,Revenue,Sales,2306126.3292735578,2023-05
2023-05-01,2023,Actual,Midwest,Core,COGS,COGS,Sales,-973962.3478551909,2023-05
2023-05-01,2023,Actual,Midwest,Core,Sales & Marketing,Opex,Marketing,-462007.02208958776,2023-05
2023-05-01,2023,Actual,Midwest,Core,R&D,Opex,R&D,-268280.29537768627,2023-05
2023-05-01,2023,Actual,Midwest,Core,G&A,Opex,G&A,-247526.10741225275,2023-05
2023-05-01,2023,Actual,Midwest,Core,Support,Opex,Support,-144625.8444439628,2023-05
2023-05-01,2023,Budget,Midwest,Core,Revenue,Revenue,Sales,2390005.76384134,2023-05
2023-05-01,2023,Budget,Midwest,Core,COGS,COGS,Sales,-1061594.8899892676,2023-05
2023-05-01,2023,Budget,Midwest,Core,Sales & Marketing,Opex,Marketing,-390660.45936085883,2023-05
2023-05-01,2023,Budget,Midwest,Core,R&D,Opex,R&D,-262746.2731098252,2023-05
2023-05-01,2023,Budget,Midwest,Core,G&A,Opex,G&A,-242590.1071601887,2023-05
2023-05-01,2023,Budget,Midwest,Core,Support,Opex,Support,-123469.2064103409,2023-05
2023-05-01,2023,Actual,Midwest,Plus,Revenue,Revenue,Sales,2512207.6757658226,2023-05
2023-05-01,2023,Actual,Midwest,Plus,COGS,COGS,Sales,-956470.3987307657,2023-05
2023-05-01,2023,Actual,Midwest,Plus,Sales & Marketing,Opex,Marketing,-455443.00254743977,2023-05
2023-05-01,2023,Actual,Midwest,Plus,R&D,Opex,R&D,-308152.9097291435,2023-05
2023-05-01,2023,Actual,Midwest,Plus,G&A,Opex,G&A,-246979.8105081566,2023-05
2023-05-01,2023,Actual,Midwest,Plus,Support,Opex,Support,-189222.81480386338,2023-05
2023-05-01,2023,Budget,Midwest,Plus,Revenue,Revenue,Sales,2748506.6284175413,2023-05
2023-05-01,2023,Budget,Midwest,Plus,COGS,COGS,Sales,-1092230.6980339787,2023-05
2023-05-01,2023,Budget,Midwest,Plus,Sales & Marketing,Opex,Marketing,-566376.5545599953,2023-05
2023-05-01,2023,Budget,Midwest,Plus,R&D,Opex,R&D,-358918.91169734753,2023-05
2023-05-01,2023,Budget,Midwest,Plus,G&A,Opex,G&A,-266292.03805551684,2023-05
2023-05-01,2023,Budget,Midwest,Plus,Support,Opex,Support,-178078.97375655393,2023-05
2023-05-01,2023,Actual,Midwest,Enterprise,Revenue,Revenue,Sales,2947068.3025821825,2023-05
2023-05-01,2023,Actual,Midwest,Enterprise,COGS,COGS,Sales,-1280643.483012542,2023-05
2023-05-01,2023,Actual,Midwest,Enterprise,Sales & Marketing,Opex,Marketing,-609220.6390537424,2023-05
2023-05-01,2023,Actual,Midwest,Enterprise,R&D,Opex,R&D,-384670.8799583907,2023-05
2023-05-01,2023,Actual,Midwest,Enterprise,G&A,Opex,G&A,-257622.864292979,2023-05
2023-05-01,2023,Actual,Midwest,Enterprise,Support,Opex,Support,-187684.9948806771,2023-05
2023-05-01,2023,Budget,Midwest,Enterprise,Revenue,Revenue,Sales,3226507.781185809,2023-05
2023-05-01,2023,Budget,Midwest,Enterprise,COGS,COGS,Sales,-1302382.2149426297,2023-05
2023-05-01,2023,Budget,Midwest,Enterprise,Sales & Marketing,Opex,Marketing,-521242.92808004416,2023-05
2023-05-01,2023,Budget,Midwest,Enterprise,R&D,Opex,R&D,-349456.47682705434,2023-05
2023-05-01,2023,Budget,Midwest,Enterprise,G&A,Opex,G&A,-272073.6237897343,2023-05
2023-05-01,2023,Budget,Midwest,Enterprise,Support,Opex,Support,-168867.83137179507,2023-05
2023-05-01,2023,Actual,Midwest,Marketplace Ads,Revenue,Revenue,Sales,1335593.9567664913,2023-05
2023-05-01,2023,Actual,Midwest,Marketplace Ads,COGS,COGS,Sales,-583689.2085265949,2023-05
2023-05-01,2023,Actual,Midwest,Marketplace Ads,Sales & Marketing,Opex,Marketing,-274644.1683023049,2023-05
2023-05-01,2023,Actual,Midwest,Marketplace Ads,R&D,Opex,R&D,-168040.78256399892,2023-05
2023-05-01,2023,Actual,Midwest,Marketplace Ads,G&A,Opex,G&A,-143634.32432879662,2023-05
2023-05-01,2023,Actual,Midwest,Marketplace Ads,Support,Opex,Support,-84776.65317620187,2023-05
2023-05-01,2023,Budget,Midwest,Marketplace Ads,Revenue,Revenue,Sales,1434003.458304804,2023-05
2023-05-01,2023,Budget,Midwest,Marketplace Ads,COGS,COGS,Sales,-592655.9049436143,2023-05
2023-05-01,2023,Budget,Midwest,Marketplace Ads,Sales & Marketing,Opex,Marketing,-286441.47684082284,2023-05
2023-05-01,2023,Budget,Midwest,Marketplace Ads,R&D,Opex,R&D,-176045.2075893627,2023-05
2023-05-01,2023,Budget,Midwest,Marketplace Ads,G&A,Opex,G&A,-134366.09771285145,2023-05
2023-05-01,2023,Budget,Midwest,Marketplace Ads,Support,Opex,Support,-84504.42205865581,2023-05
2023-05-01,2023,Actual,Southwest,Core,Revenue,Revenue,Sales,2902351.4411717597,2023-05
2023-05-01,2023,Actual,Southwest,Core,COGS,COGS,Sales,-1110929.871586634,2023-05
2023-05-01,2023,Actual,Southwest,Core,Sales & Marketing,Opex,Marketing,-632019.3799661823,2023-05
2023-05-01,2023,Actual,Southwest,Core,R&D,Opex,R&D,-405237.85613412526,2023-05
2023-05-01,2023,Actual,Southwest,Core,G&A,Opex,G&A,-295832.4210201055,2023-05
2023-05-01,2023,Actual,Southwest,Core,Support,Opex,Support,-150178.1496422205,2023-05
2023-05-01,2023,Budget,Southwest,Core,Revenue,Revenue,Sales,2655561.9598237113,2023-05
2023-05-01,2023,Budget,Southwest,Core,COGS,COGS,Sales,-1014755.5191935961,2023-05
2023-05-01,2023,Budget,Southwest,Core,Sales & Marketing,Opex,Marketing,-468898.3779568417,2023-05
2023-05-01,2023,Budget,Southwest,Core,R&D,Opex,R&D,-274523.70131063915,2023-05
2023-05-01,2023,Budget,Southwest,Core,G&A,Opex,G&A,-226177.27869869303,2023-05
2023-05-01,2023,Budget,Southwest,Core,Support,Opex,Support,-163668.30236345588,2023-05
2023-05-01,2023,Actual,Southwest,Plus,Revenue,Revenue,Sales,3089558.650603971,2023-05
2023-05-01,2023,Actual,Southwest,Plus,COGS,COGS,Sales,-1368993.2608971251,2023-05
2023-05-01,2023,Actual,Southwest,Plus,Sales & Marketing,Opex,Marketing,-674809.1969105875,2023-05
2023-05-01,2023,Actual,Southwest,Plus,R&D,Opex,R&D,-358699.66149642714,2023-05
2023-05-01,2023,Actual,Southwest,Plus,G&A,Opex,G&A,-293223.1663611532,2023-05
2023-05-01,2023,Actual,Southwest,Plus,Support,Opex,Support,-246139.23805246197,2023-05
2023-05-01,2023,Budget,Southwest,Plus,Revenue,Revenue,Sales,3053896.2537972676,2023-05
2023-05-01,2023,Budget,Southwest,Plus,COGS,COGS,Sales,-1355892.1102758455,2023-05
2023-05-01,2023,Budget,Southwest,Plus,Sales & Marketing,Opex,Marketing,-557827.7123282285,2023-05
2023-05-01,2023,Budget,Southwest,Plus,R&D,Opex,R&D,-415197.2279269047,2023-05
2023-05-01,2023,Budget,Southwest,Plus,G&A,Opex,G&A,-304064.7560667799,2023-05
2023-05-01,2023,Budget,Southwest,Plus,Support,Opex,Support,-172068.4775286992,2023-05
2023-05-01,2023,Actual,Southwest,Enterprise,Revenue,Revenue,Sales,3746274.873914912,2023-05
2023-05-01,2023,Actual,Southwest,Enterprise,COGS,COGS,Sales,-1646448.7776493675,2023-05
2023-05-01,2023,Actual,Southwest,Enterprise,Sales & Marketing,Opex,Marketing,-787597.5605477937,2023-05
2023-05-01,2023,Actual,Southwest,Enterprise,R&D,Opex,R&D,-380887.16822370316,2023-05
2023-05-01,2023,Actual,Southwest,Enterprise,G&A,Opex,G&A,-346407.8530693511,2023-05
2023-05-01,2023,Actual,Southwest,Enterprise,Support,Opex,Support,-269979.1248139087,2023-05
2023-05-01,2023,Budget,Southwest,Enterprise,Revenue,Revenue,Sales,3585008.6457620105,2023-05
2023-05-01,2023,Budget,Southwest,Enterprise,COGS,COGS,Sales,-1400335.2545210414,2023-05
2023-05-01,2023,Budget,Southwest,Enterprise,Sales & Marketing,Opex,Marketing,-753216.2395650033,2023-05
2023-05-01,2023,Budget,Southwest,Enterprise,R&D,Opex,R&D,-471358.55061820213,2023-05
2023-05-01,2023,Budget,Southwest,Enterprise,G&A,Opex,G&A,-320052.01624934515,2023-05
2023-05-01,2023,Budget,Southwest,Enterprise,Support,Opex,Support,-200315.5227822104,2023-05
2023-05-01,2023,Actual,Southwest,Marketplace Ads,Revenue,Revenue,Sales,1627250.8313470753,2023-05
2023-05-01,2023,Actual,Southwest,Marketplace Ads,COGS,COGS,Sales,-655145.6754299386,2023-05
2023-05-01,2023,Actual,Southwest,Marketplace Ads,Sales & Marketing,Opex,Marketing,-291884.49616365053,2023-05
2023-05-01,2023,Actual,Southwest,Marketplace Ads,R&D,Opex,R&D,-211048.72830403704,2023-05
2023-05-01,2023,Actual,Southwest,Marketplace Ads,G&A,Opex,G&A,-147087.73201315926,2023-05
2023-05-01,2023,Actual,Southwest,Marketplace Ads,Support,Opex,Support,-99679.01130021317,2023-05
2023-05-01,2023,Budget,Southwest,Marketplace Ads,Revenue,Revenue,Sales,1593337.1758942269,2023-05
2023-05-01,2023,Budget,Southwest,Marketplace Ads,COGS,COGS,Sales,-714344.0613754301,2023-05
2023-05-01,2023,Budget,Southwest,Marketplace Ads,Sales & Marketing,Opex,Marketing,-332998.18490252394,2023-05
2023-05-01,2023,Budget,Southwest,Marketplace Ads,R&D,Opex,R&D,-171524.8813746614,2023-05
2023-05-01,2023,Budget,Southwest,Marketplace Ads,G&A,Opex,G&A,-149472.22615004805,2023-05
2023-05-01,2023,Budget,Southwest,Marketplace Ads,Support,Opex,Support,-88591.64385197216,2023-05
2023-05-01,2023,Actual,West,Core,Revenue,Revenue,Sales,2786931.162854623,2023-05
2023-05-01,2023,Actual,West,Core,COGS,COGS,Sales,-1214547.5861209736,2023-05
2023-05-01,2023,Actual,West,Core,Sales & Marketing,Opex,Marketing,-499790.35880944575,2023-05
2023-05-01,2023,Actual,West,Core,R&D,Opex,R&D,-361824.855089337,2023-05
2023-05-01,2023,Actual,West,Core,G&A,Opex,G&A,-302694.0768701082,2023-05
2023-05-01,2023,Actual,West,Core,Support,Opex,Support,-193896.1361859357,2023-05
2023-05-01,2023,Budget,West,Core,Revenue,Revenue,Sales,2921118.1558060823,2023-05
2023-05-01,2023,Budget,West,Core,COGS,COGS,Sales,-1299688.3532309767,2023-05
2023-05-01,2023,Budget,West,Core,Sales & Marketing,Opex,Marketing,-552875.5376936191,2023-05
2023-05-01,2023,Budget,West,Core,R&D,Opex,R&D,-353589.94797050365,2023-05
2023-05-01,2023,Budget,West,Core,G&A,Opex,G&A,-295859.87571943906,2023-05
2023-05-01,2023,Budget,West,Core,Support,Opex,Support,-229518.7541834711,2023-05
2023-05-01,2023,Actual,West,Plus,Revenue,Revenue,Sales,3186868.6227307697,2023-05
2023-05-01,2023,Actual,West,Plus,COGS,COGS,Sales,-1424081.768845665,2023-05
2023-05-01,2023,Actual,West,Plus,Sales & Marketing,Opex,Marketing,-637614.5657711856,2023-05
2023-05-01,2023,Actual,West,Plus,R&D,Opex,R&D,-330056.8676280334,2023-05
2023-05-01,2023,Actual,West,Plus,G&A,Opex,G&A,-336620.65931382304,2023-05
2023-05-01,2023,Actual,West,Plus,Support,Opex,Support,-165719.9266587527,2023-05
2023-05-01,2023,Budget,West,Plus,Revenue,Revenue,Sales,3359285.879176995,2023-05
2023-05-01,2023,Budget,West,Plus,COGS,COGS,Sales,-1477572.5197837309,2023-05
2023-05-01,2023,Budget,West,Plus,Sales & Marketing,Opex,Marketing,-680895.8141722225,2023-05
2023-05-01,2023,Budget,West,Plus,R&D,Opex,R&D,-351261.8276004965,2023-05
2023-05-01,2023,Budget,West,Plus,G&A,Opex,G&A,-329306.8479161462,2023-05
2023-05-01,2023,Budget,West,Plus,Support,Opex,Support,-256312.00550632842,2023-05
2023-05-01,2023,Actual,West,Enterprise,Revenue,Revenue,Sales,4046200.2255965983,2023-05
2023-05-01,2023,Actual,West,Enterprise,COGS,COGS,Sales,-1582027.914701244,2023-05
2023-05-01,2023,Actual,West,Enterprise,Sales & Marketing,Opex,Marketing,-855141.3984507606,2023-05
2023-05-01,2023,Actual,West,Enterprise,R&D,Opex,R&D,-503175.54369734117,2023-05
2023-05-01,2023,Actual,West,Enterprise,G&A,Opex,G&A,-373151.6233052807,2023-05
2023-05-01,2023,Actual,West,Enterprise,Support,Opex,Support,-264795.8330580347,2023-05
2023-05-01,2023,Budget,West,Enterprise,Revenue,Revenue,Sales,3943509.5103382114,2023-05
2023-05-01,2023,Budget,West,Enterprise,COGS,COGS,Sales,-1697599.890036028,2023-05
2023-05-01,2023,Budget,West,Enterprise,Sales & Marketing,Opex,Marketing,-721955.0575177416,2023-05
2023-05-01,2023,Budget,West,Enterprise,R&D,Opex,R&D,-434465.3350384158,2023-05
2023-05-01,2023,Budget,West,Enterprise,G&A,Opex,G&A,-356670.25328604126,2023-05
2023-05-01,2023,Budget,West,Enterprise,Support,Opex,Support,-299663.2743118734,2023-05
2023-05-01,2023,Actual,West,Marketplace Ads,Revenue,Revenue,Sales,1608536.3226981284,2023-05
2023-05-01,2023,Actual,West,Marketplace Ads,COGS,COGS,Sales,-710572.7601509942,2023-05
2023-05-01,2023,Actual,West,Marketplace Ads,Sales & Marketing,Opex,Marketing,-331010.43178656825,2023-05
2023-05-01,2023,Actual,West,Marketplace Ads,R&D,Opex,R&D,-162172.48867868993,2023-05
2023-05-01,2023,Actual,West,Marketplace Ads,G&A,Opex,G&A,-136629.52753323055,2023-05
2023-05-01,2023,Actual,West,Marketplace Ads,Support,Opex,Support,-118515.70225588746,2023-05
2023-05-01,2023,Budget,West,Marketplace Ads,Revenue,Revenue,Sales,1752670.8934836495,2023-05
2023-05-01,2023,Budget,West,Marketplace Ads,COGS,COGS,Sales,-784626.0934640669,2023-05
2023-05-01,2023,Budget,West,Marketplace Ads,Sales & Marketing,Opex,Marketing,-296663.9691102995,2023-05
2023-05-01,2023,Budget,West,Marketplace Ads,R&D,Opex,R&D,-198721.9327286503,2023-05
2023-05-01,2023,Budget,West,Marketplace Ads,G&A,Opex,G&A,-149657.34469388772,2023-05
2023-05-01,2023,Budget,West,Marketplace Ads,Support,Opex,Support,-135148.80298518718,2023-05
2023-06-01,2023,Actual,Northeast,Core,Revenue,Revenue,Sales,2740803.824955056,2023-06
2023-06-01,2023,Actual,Northeast,Core,COGS,COGS,Sales,-1092519.9492659965,2023-06
2023-06-01,2023,Actual,Northeast,Core,Sales & Marketing,Opex,Marketing,-440001.61217039323,2023-06
2023-06-01,2023,Actual,Northeast,Core,R&D,Opex,R&D,-279984.46300181065,2023-06
2023-06-01,2023,Actual,Northeast,Core,G&A,Opex,G&A,-237181.332233966,2023-06
2023-06-01,2023,Actual,Northeast,Core,Support,Opex,Support,-175094.93479103164,2023-06
2023-06-01,2023,Budget,Northeast,Core,Revenue,Revenue,Sales,2722353.48,2023-06
2023-06-01,2023,Budget,Northeast,Core,COGS,COGS,Sales,-1038770.59929089,2023-06
2023-06-01,2023,Budget,Northeast,Core,Sales & Marketing,Opex,Marketing,-495123.71876620164,2023-06
2023-06-01,2023,Budget,Northeast,Core,R&D,Opex,R&D,-308268.5066283534,2023-06
2023-06-01,2023,Budget,Northeast,Core,G&A,Opex,G&A,-267381.0300758751,2023-06
2023-06-01,2023,Budget,Northeast,Core,Support,Opex,Support,-184985.54487009236,2023-06
2023-06-01,2023,Actual,Northeast,Plus,Revenue,Revenue,Sales,3283924.0776545233,2023-06
2023-06-01,2023,Actual,Northeast,Plus,COGS,COGS,Sales,-1353348.3785608818,2023-06
2023-06-01,2023,Actual,Northeast,Plus,Sales & Marketing,Opex,Marketing,-535693.2608280224,2023-06
2023-06-01,2023,Actual,Northeast,Plus,R&D,Opex,R&D,-356694.04667793587,2023-06
2023-06-01,2023,Actual,Northeast,Plus,G&A,Opex,G&A,-267404.19005376654,2023-06
2023-06-01,2023,Actual,Northeast,Plus,Support,Opex,Support,-221558.99895652037,2023-06
2023-06-01,2023,Budget,Northeast,Plus,Revenue,Revenue,Sales,3130706.5020000003,2023-06
2023-06-01,2023,Budget,Northeast,Plus,COGS,COGS,Sales,-1199201.8136588926,2023-06
2023-06-01,2023,Budget,Northeast,Plus,Sales & Marketing,Opex,Marketing,-621844.4915556933,2023-06
2023-06-01,2023,Budget,Northeast,Plus,R&D,Opex,R&D,-398663.16355455026,2023-06
2023-06-01,2023,Budget,Northeast,Plus,G&A,Opex,G&A,-312281.67741218366,2023-06
2023-06-01,2023,Budget,Northeast,Plus,Support,Opex,Support,-187937.29326900872,2023-06
2023-06-01,2023,Actual,Northeast,Enterprise,Revenue,Revenue,Sales,3647298.887491506,2023-06
2023-06-01,2023,Actual,Northeast,Enterprise,COGS,COGS,Sales,-1547030.6071123548,2023-06
2023-06-01,2023,Actual,Northeast,Enterprise,Sales & Marketing,Opex,Marketing,-631785.3941030712,2023-06
2023-06-01,2023,Actual,Northeast,Enterprise,R&D,Opex,R&D,-391916.63651891897,2023-06
2023-06-01,2023,Actual,Northeast,Enterprise,G&A,Opex,G&A,-387077.7058198619,2023-06
2023-06-01,2023,Actual,Northeast,Enterprise,Support,Opex,Support,-262754.1487130601,2023-06
2023-06-01,2023,Budget,Northeast,Enterprise,Revenue,Revenue,Sales,3675177.1980000003,2023-06
2023-06-01,2023,Budget,Northeast,Enterprise,COGS,COGS,Sales,-1646685.228356001,2023-06
2023-06-01,2023,Budget,Northeast,Enterprise,Sales & Marketing,Opex,Marketing,-614239.7770825749,2023-06
2023-06-01,2023,Budget,Northeast,Enterprise,R&D,Opex,R&D,-409123.8733624627,2023-06
2023-06-01,2023,Budget,Northeast,Enterprise,G&A,Opex,G&A,-380663.1141853051,2023-06
2023-06-01,2023,Budget,Northeast,Enterprise,Support,Opex,Support,-227416.79178106904,2023-06
2023-06-01,2023,Actual,Northeast,Marketplace Ads,Revenue,Revenue,Sales,1479382.973949527,2023-06
2023-06-01,2023,Actual,Northeast,Marketplace Ads,COGS,COGS,Sales,-664696.4628922361,2023-06
2023-06-01,2023,Actual,Northeast,Marketplace Ads,Sales & Marketing,Opex,Marketing,-275405.95978233765,2023-06
2023-06-01,2023,Actual,Northeast,Marketplace Ads,R&D,Opex,R&D,-190470.61540699983,2023-06
2023-06-01,2023,Actual,Northeast,Marketplace Ads,G&A,Opex,G&A,-141972.58533376045,2023-06
2023-06-01,2023,Actual,Northeast,Marketplace Ads,Support,Opex,Support,-76257.89059705373,2023-06
2023-06-01,2023,Budget,Northeast,Marketplace Ads,Revenue,Revenue,Sales,1633412.0880000002,2023-06
2023-06-01,2023,Budget,Northeast,Marketplace Ads,COGS,COGS,Sales,-670687.5548879111,2023-06
2023-06-01,2023,Budget,Northeast,Marketplace Ads,Sales & Marketing,Opex,Marketing,-285516.4034212847,2023-06
2023-06-01,2023,Budget,Northeast,Marketplace Ads,R&D,Opex,R&D,-187278.6862613488,2023-06
2023-06-01,2023,Budget,Northeast,Marketplace Ads,G&A,Opex,G&A,-160390.23802601738,2023-06
2023-06-01,2023,Budget,Northeast,Marketplace Ads,Support,Opex,Support,-108121.17021433724,2023-06
2023-06-01,2023,Actual,Southeast,Core,Revenue,Revenue,Sales,2357705.6846175888,2023-06
2023-06-01,2023,Actual,Southeast,Core,COGS,COGS,Sales,-929311.0942295486,2023-06
2023-06-01,2023,Actual,Southeast,Core,Sales & Marketing,Opex,Marketing,-464859.02522286796,2023-06
2023-06-01,2023,Actual,Southeast,Core,R&D,Opex,R&D,-241968.01764428293,2023-06
2023-06-01,2023,Actual,Southeast,Core,G&A,Opex,G&A,-258470.54483010017,2023-06
2023-06-01,2023,Actual,Southeast,Core,Support,Opex,Support,-130869.99829592841,2023-06
2023-06-01,2023,Budget,Southeast,Core,Revenue,Revenue,Sales,2463081.72,2023-06
2023-06-01,2023,Budget,Southeast,Core,COGS,COGS,Sales,-969535.7154919355,2023-06
2023-06-01,2023,Budget,Southeast,Core,Sales & Marketing,Opex,Marketing,-415992.4953773795,2023-06
2023-06-01,2023,Budget,Southeast,Core,R&D,Opex,R&D,-264313.3497941818,2023-06
2023-06-01,2023,Budget,Southeast,Core,G&A,Opex,G&A,-269864.95201154996,2023-06
2023-06-01,2023,Budget,Southeast,Core,Support,Opex,Support,-164916.18003961927,2023-06
2023-06-01,2023,Actual,Southeast,Plus,Revenue,Revenue,Sales,2736633.627113788,2023-06
2023-06-01,2023,Actual,Southeast,Plus,COGS,COGS,Sales,-1207518.100489129,2023-06
2023-06-01,2023,Actual,Southeast,Plus,Sales & Marketing,Opex,Marketing,-490844.1576494309,2023-06
2023-06-01,2023,Actual,Southeast,Plus,R&D,Opex,R&D,-299084.58847663313,2023-06
2023-06-01,2023,Actual,Southeast,Plus,G&A,Opex,G&A,-226527.86467120383,2023-06
2023-06-01,2023,Actual,Southeast,Plus,Support,Opex,Support,-197930.7908140545,2023-06
2023-06-01,2023,Budget,Southeast,Plus,Revenue,Revenue,Sales,2832543.9780000006,2023-06
2023-06-01,2023,Budget,Southeast,Plus,COGS,COGS,Sales,-1097786.719768578,2023-06
2023-06-01,2023,Budget,Southeast,Plus,Sales & Marketing,Opex,Marketing,-563910.5099986836,2023-06
2023-06-01,2023,Budget,Southeast,Plus,R&D,Opex,R&D,-300361.0843195799,2023-06
2023-06-01,2023,Budget,Southeast,Plus,G&A,Opex,G&A,-230795.37457509447,2023-06
2023-06-01,2023,Budget,Southeast,Plus,Support,Opex,Support,-148909.50232833935,2023-06
2023-06-01,2023,Actual,Southeast,Enterprise,Revenue,Revenue,Sales,3139160.9550646357,2023-06
2023-06-01,2023,Actual,Southeast,Enterprise,COGS,COGS,Sales,-1408297.9748101057,2023-06
2023-06-01,2023,Actual,Southeast,Enterprise,Sales & Marketing,Opex,Marketing,-685416.826976958,2023-06
2023-06-01,2023,Actual,Southeast,Enterprise,R&D,Opex,R&D,-337467.0912937849,2023-06
2023-06-01,2023,Actual,Southeast,Enterprise,G&A,Opex,G&A,-285392.8009184065,2023-06
2023-06-01,2023,Actual,Southeast,Enterprise,Support,Opex,Support,-233916.54170292587,2023-06
2023-06-01,2023,Budget,Southeast,Enterprise,Revenue,Revenue,Sales,3325160.322,2023-06
2023-06-01,2023,Budget,Southeast,Enterprise,COGS,COGS,Sales,-1326487.3060427548,2023-06
2023-06-01,2023,Budget,Southeast,Enterprise,Sales & Marketing,Opex,Marketing,-668219.5512992154,2023-06
2023-06-01,2023,Budget,Southeast,Enterprise,R&D,Opex,R&D,-465031.0558592249,2023-06
2023-06-01,2023,Budget,Southeast,Enterprise,G&A,Opex,G&A,-310227.4956326217,2023-06
2023-06-01,2023,Budget,Southeast,Enterprise,Support,Opex,Support,-258472.42373081006,2023-06
2023-06-01,2023,Actual,Southeast,Marketplace Ads,Revenue,Revenue,Sales,1374837.1936280818,2023-06
2023-06-01,2023,Actual,Southeast,Marketplace Ads,COGS,COGS,Sales,-568577.0184579658,2023-06
2023-06-01,2023,Actual,Southeast,Marketplace Ads,Sales & Marketing,Opex,Marketing,-229911.48271065106,2023-06
2023-06-01,2023,Actual,Southeast,Marketplace Ads,R&D,Opex,R&D,-180533.90970905768,2023-06
2023-06-01,2023,Actual,Southeast,Marketplace Ads,G&A,Opex,G&A,-145853.25411105098,2023-06
2023-06-01,2023,Actual,Southeast,Marketplace Ads,Support,Opex,Support,-93747.80497386637,2023-06
2023-06-01,2023,Budget,Southeast,Marketplace Ads,Revenue,Revenue,Sales,1477849.0320000001,2023-06
2023-06-01,2023,Budget,Southeast,Marketplace Ads,COGS,COGS,Sales,-583182.1247140467,2023-06
2023-06-01,2023,Budget,Southeast,Marketplace Ads,Sales & Marketing,Opex,Marketing,-315504.8591636742,2023-06
2023-06-01,2023,Budget,Southeast,Marketplace Ads,R&D,Opex,R&D,-162393.61012517707,2023-06
2023-06-01,2023,Budget,Southeast,Marketplace Ads,G&A,Opex,G&A,-153562.00826901302,2023-06
2023-06-01,2023,Budget,Southeast,Marketplace Ads,Support,Opex,Support,-80947.38367296026,2023-06
2023-06-01,2023,Actual,Midwest,Core,Revenue,Revenue,Sales,2283391.375415546,2023-06
2023-06-01,2023,Actual,Midwest,Core,COGS,COGS,Sales,-1012186.3475345745,2023-06
2023-06-01,2023,Actual,Midwest,Core,Sales & Marketing,Opex,Marketing,-448421.2177351762,2023-06
2023-06-01,2023,Actual,Midwest,Core,R&D,Opex,R&D,-268343.58728189004,2023-06
2023-06-01,2023,Actual,Midwest,Core,G&A,Opex,G&A,-246551.36013806832,2023-06
2023-06-01,2023,Actual,Midwest,Core,Support,Opex,Support,-169166.68385790513,2023-06
2023-06-01,2023,Budget,Midwest,Core,Revenue,Revenue,Sales,2333445.84,2023-06
2023-06-01,2023,Budget,Midwest,Core,COGS,COGS,Sales,-1048154.0119922654,2023-06
2023-06-01,2023,Budget,Midwest,Core,Sales & Marketing,Opex,Marketing,-497939.4971479508,2023-06
2023-06-01,2023,Budget,Midwest,Core,R&D,Opex,R&D,-300250.13794431475,2023-06
2023-06-01,2023,Budget,Midwest,Core,G&A,Opex,G&A,-220811.2499084185,2023-06
2023-06-01,2023,Budget,Midwest,Core,Support,Opex,Support,-171372.57443897447,2023-06
2023-06-01,2023,Actual,Midwest,Plus,Revenue,Revenue,Sales,2551849.035848708,2023-06
2023-06-01,2023,Actual,Midwest,Plus,COGS,COGS,Sales,-991630.1376671467,2023-06
2023-06-01,2023,Actual,Midwest,Plus,Sales & Marketing,Opex,Marketing,-537945.391897536,2023-06
2023-06-01,2023,Actual,Midwest,Plus,R&D,Opex,R&D,-352682.34032823076,2023-06
2023-06-01,2023,Actual,Midwest,Plus,G&A,Opex,G&A,-231884.49448352688,2023-06
2023-06-01,2023,Actual,Midwest,Plus,Support,Opex,Support,-176893.77892028188,2023-06
2023-06-01,2023,Budget,Midwest,Plus,Revenue,Revenue,Sales,2683462.7160000005,2023-06
2023-06-01,2023,Budget,Midwest,Plus,COGS,COGS,Sales,-1131138.1366030488,2023-06
2023-06-01,2023,Budget,Midwest,Plus,Sales & Marketing,Opex,Marketing,-463906.03839729837,2023-06
2023-06-01,2023,Budget,Midwest,Plus,R&D,Opex,R&D,-293571.9678851079,2023-06
2023-06-01,2023,Budget,Midwest,Plus,G&A,Opex,G&A,-267755.56306062406,2023-06
2023-06-01,2023,Budget,Midwest,Plus,Support,Opex,Support,-137357.82267225592,2023-06
2023-06-01,2023,Actual,Midwest,Enterprise,Revenue,Revenue,Sales,3181896.537797079,2023-06
2023-06-01,2023,Actual,Midwest,Enterprise,COGS,COGS,Sales,-1214437.372088924,2023-06
2023-06-01,2023,Actual,Midwest,Enterprise,Sales & Marketing,Opex,Marketing,-621524.0966958586,2023-06
2023-06-01,2023,Actual,Midwest,Enterprise,R&D,Opex,R&D,-344175.57587398734,2023-06
2023-06-01,2023,Actual,Midwest,Enterprise,G&A,Opex,G&A,-335018.2949057602,2023-06
2023-06-01,2023,Actual,Midwest,Enterprise,Support,Opex,Support,-191971.42922134028,2023-06
2023-06-01,2023,Budget,Midwest,Enterprise,Revenue,Revenue,Sales,3150151.884,2023-06
2023-06-01,2023,Budget,Midwest,Enterprise,COGS,COGS,Sales,-1306777.6214822154,2023-06
2023-06-01,2023,Budget,Midwest,Enterprise,Sales & Marketing,Opex,Marketing,-667823.4898367638,2023-06
2023-06-01,2023,Budget,Midwest,Enterprise,R&D,Opex,R&D,-383319.31923591346,2023-06
2023-06-01,2023,Budget,Midwest,Enterprise,G&A,Opex,G&A,-290486.6688894556,2023-06
2023-06-01,2023,Budget,Midwest,Enterprise,Support,Opex,Support,-165075.95600577068,2023-06
2023-06-01,2023,Actual,Midwest,Marketplace Ads,Revenue,Revenue,Sales,1452184.2516746456,2023-06
2023-06-01,2023,Actual,Midwest,Marketplace Ads,COGS,COGS,Sales,-611003.4694567482,2023-06
2023-06-01,2023,Actual,Midwest,Marketplace Ads,Sales & Marketing,Opex,Marketing,-299179.886893139,2023-06
2023-06-01,2023,Actual,Midwest,Marketplace Ads,R&D,Opex,R&D,-160098.91342748055,2023-06
2023-06-01,2023,Actual,Midwest,Marketplace Ads,G&A,Opex,G&A,-151840.14336609666,2023-06
2023-06-01,2023,Actual,Midwest,Marketplace Ads,Support,Opex,Support,-73196.9620434721,2023-06
2023-06-01,2023,Budget,Midwest,Marketplace Ads,Revenue,Revenue,Sales,1400067.5040000002,2023-06
2023-06-01,2023,Budget,Midwest,Marketplace Ads,COGS,COGS,Sales,-624290.7485807975,2023-06
2023-06-01,2023,Budget,Midwest,Marketplace Ads,Sales & Marketing,Opex,Marketing,-254877.75707847122,2023-06
2023-06-01,2023,Budget,Midwest,Marketplace Ads,R&D,Opex,R&D,-150009.99338370573,2023-06
2023-06-01,2023,Budget,Midwest,Marketplace Ads,G&A,Opex,G&A,-149874.87496542954,2023-06
2023-06-01,2023,Budget,Midwest,Marketplace Ads,Support,Opex,Support,-92537.85133836661,2023-06
2023-06-01,2023,Actual,Southwest,Core,Revenue,Revenue,Sales,2684489.5771802724,2023-06
2023-06-01,2023,Actual,Southwest,Core,COGS,COGS,Sales,-1051563.5062097895,2023-06
2023-06-01,2023,Actual,Southwest,Core,Sales & Marketing,Opex,Marketing,-439849.6687703952,2023-06
2023-06-01,2023,Actual,Southwest,Core,R&D,Opex,R&D,-282012.39523594413,2023-06
2023-06-01,2023,Actual,Southwest,Core,G&A,Opex,G&A,-217931.93028366705,2023-06
2023-06-01,2023,Actual,Southwest,Core,Support,Opex,Support,-199060.21940245258,2023-06
2023-06-01,2023,Budget,Southwest,Core,Revenue,Revenue,Sales,2592717.6,2023-06
2023-06-01,2023,Budget,Southwest,Core,COGS,COGS,Sales,-1049605.932915828,2023-06
2023-06-01,2023,Budget,Southwest,Core,Sales & Marketing,Opex,Marketing,-502280.2063767198,2023-06
2023-06-01,2023,Budget,Southwest,Core,R&D,Opex,R&D,-304258.088060502,2023-06
2023-06-01,2023,Budget,Southwest,Core,G&A,Opex,G&A,-239523.09660165603,2023-06
2023-06-01,2023,Budget,Southwest,Core,Support,Opex,Support,-191608.26412648687,2023-06
2023-06-01,2023,Actual,Southwest,Plus,Revenue,Revenue,Sales,2977679.6578465044,2023-06
2023-06-01,2023,Actual,Southwest,Plus,COGS,COGS,Sales,-1293778.2998602972,2023-06
2023-06-01,2023,Actual,Southwest,Plus,Sales & Marketing,Opex,Marketing,-552058.7730436499,2023-06
2023-06-01,2023,Actual,Southwest,Plus,R&D,Opex,R&D,-306031.13760151924,2023-06
2023-06-01,2023,Actual,Southwest,Plus,G&A,Opex,G&A,-271784.3912479981,2023-06
2023-06-01,2023,Actual,Southwest,Plus,Support,Opex,Support,-195664.15675746047,2023-06
2023-06-01,2023,Budget,Southwest,Plus,Revenue,Revenue,Sales,2981625.24,2023-06
2023-06-01,2023,Budget,Southwest,Plus,COGS,COGS,Sales,-1336138.9285280302,2023-06
2023-06-01,2023,Budget,Southwest,Plus,Sales & Marketing,Opex,Marketing,-510295.1235637342,2023-06
2023-06-01,2023,Budget,Southwest,Plus,R&D,Opex,R&D,-347692.31931729295,2023-06
2023-06-01,2023,Budget,Southwest,Plus,G&A,Opex,G&A,-266067.37438737793,2023-06
2023-06-01,2023,Budget,Southwest,Plus,Support,Opex,Support,-169447.69541773354,2023-06
2023-06-01,2023,Actual,Southwest,Enterprise,Revenue,Revenue,Sales,3367359.183925984,2023-06
2023-06-01,2023,Actual,Southwest,Enterprise,COGS,COGS,Sales,-1316626.896079822,2023-06
2023-06-01,2023,Actual,Southwest,Enterprise,Sales & Marketing,Opex,Marketing,-681457.261043282,2023-06
2023-06-01,2023,Actual,Southwest,Enterprise,R&D,Opex,R&D,-372452.9190251792,2023-06
2023-06-01,2023,Actual,Southwest,Enterprise,G&A,Opex,G&A,-355455.59417793335,2023-06
2023-06-01,2023,Actual,Southwest,Enterprise,Support,Opex,Support,-206834.78005451296,2023-06
2023-06-01,2023,Budget,Southwest,Enterprise,Revenue,Revenue,Sales,3500168.7600000007,2023-06
2023-06-01,2023,Budget,Southwest,Enterprise,COGS,COGS,Sales,-1449784.0829766712,2023-06
2023-06-01,2023,Budget,Southwest,Enterprise,Sales & Marketing,Opex,Marketing,-673415.6978994043,2023-06
2023-06-01,2023,Budget,Southwest,Enterprise,R&D,Opex,R&D,-370797.38677751407,2023-06
2023-06-01,2023,Budget,Southwest,Enterprise,G&A,Opex,G&A,-352269.5997941434,2023-06
2023-06-01,2023,Budget,Southwest,Enterprise,Support,Opex,Support,-249232.42919112262,2023-06
2023-06-01,2023,Actual,Southwest,Marketplace Ads,Revenue,Revenue,Sales,1416066.6526103427,2023-06
2023-06-01,2023,Actual,Southwest,Marketplace Ads,COGS,COGS,Sales,-612313.4315333321,2023-06
2023-06-01,2023,Actual,Southwest,Marketplace Ads,Sales & Marketing,Opex,Marketing,-226773.18613854534,2023-06
2023-06-01,2023,Actual,Southwest,Marketplace Ads,R&D,Opex,R&D,-183288.2902677046,2023-06
2023-06-01,2023,Actual,Southwest,Marketplace Ads,G&A,Opex,G&A,-116310.5960328128,2023-06
2023-06-01,2023,Actual,Southwest,Marketplace Ads,Support,Opex,Support,-112714.94175729236,2023-06
2023-06-01,2023,Budget,Southwest,Marketplace Ads,Revenue,Revenue,Sales,1555630.56,2023-06
2023-06-01,2023,Budget,Southwest,Marketplace Ads,COGS,COGS,Sales,-650294.1364162683,2023-06
2023-06-01,2023,Budget,Southwest,Marketplace Ads,Sales & Marketing,Opex,Marketing,-256172.40489153194,2023-06
2023-06-01,2023,Budget,Southwest,Marketplace Ads,R&D,Opex,R&D,-175608.26634141104,2023-06
2023-06-01,2023,Budget,Southwest,Marketplace Ads,G&A,Opex,G&A,-151665.70535077775,2023-06
2023-06-01,2023,Budget,Southwest,Marketplace Ads,Support,Opex,Support,-78803.50371687752,2023-06
2023-06-01,2023,Actual,West,Core,Revenue,Revenue,Sales,2690772.223003144,2023-06
2023-06-01,2023,Actual,West,Core,COGS,COGS,Sales,-1046627.9876089783,2023-06
2023-06-01,2023,Actual,West,Core,Sales & Marketing,Opex,Marketing,-470153.56503872597,2023-06
2023-06-01,2023,Actual,West,Core,R&D,Opex,R&D,-366507.0137476077,2023-06
2023-06-01,2023,Actual,West,Core,G&A,Opex,G&A,-216188.8870984287,2023-06
2023-06-01,2023,Actual,West,Core,Support,Opex,Support,-154031.1236745979,2023-06
2023-06-01,2023,Budget,West,Core,Revenue,Revenue,Sales,2851989.36,2023-06
2023-06-01,2023,Budget,West,Core,COGS,COGS,Sales,-1180047.394104439,2023-06
2023-06-01,2023,Budget,West,Core,Sales & Marketing,Opex,Marketing,-600988.0889756628,2023-06
2023-06-01,2023,Budget,West,Core,R&D,Opex,R&D,-331916.4509859585,2023-06
2023-06-01,2023,Budget,West,Core,G&A,Opex,G&A,-239064.46984356537,2023-06
2023-06-01,2023,Budget,West,Core,Support,Opex,Support,-190229.66153528244,2023-06
2023-06-01,2023,Actual,West,Plus,Revenue,Revenue,Sales,3127835.3439280973,2023-06
2023-06-01,2023,Actual,West,Plus,COGS,COGS,Sales,-1302054.1206847448,2023-06
2023-06-01,2023,Actual,West,Plus,Sales & Marketing,Opex,Marketing,-527658.3130427886,2023-06
2023-06-01,2023,Actual,West,Plus,R&D,Opex,R&D,-411398.4853757796,2023-06
2023-06-01,2023,Actual,West,Plus,G&A,Opex,G&A,-301286.1755766549,2023-06
2023-06-01,2023,Actual,West,Plus,Support,Opex,Support,-207629.54238967263,2023-06
2023-06-01,2023,Budget,West,Plus,Revenue,Revenue,Sales,3279787.7640000004,2023-06
2023-06-01,2023,Budget,West,Plus,COGS,COGS,Sales,-1354702.464688262,2023-06
2023-06-01,2023,Budget,West,Plus,Sales & Marketing,Opex,Marketing,-613211.3319488618,2023-06
2023-06-01,2023,Budget,West,Plus,R&D,Opex,R&D,-432469.96014549356,2023-06
2023-06-01,2023,Budget,West,Plus,G&A,Opex,G&A,-313326.1651860394,2023-06
2023-06-01,2023,Budget,West,Plus,Support,Opex,Support,-166565.53857007268,2023-06
2023-06-01,2023,Actual,West,Enterprise,Revenue,Revenue,Sales,3656615.4670960805,2023-06
2023-06-01,2023,Actual,West,Enterprise,COGS,COGS,Sales,-1453939.669377798,2023-06
2023-06-01,2023,Actual,West,Enterprise,Sales & Marketing,Opex,Marketing,-697631.4117152855,2023-06
2023-06-01,2023,Actual,West,Enterprise,R&D,Opex,R&D,-481939.99973939086,2023-06
2023-06-01,2023,Actual,West,Enterprise,G&A,Opex,G&A,-321201.78180936933,2023-06
2023-06-01,2023,Actual,West,Enterprise,Support,Opex,Support,-269381.04151829233,2023-06
2023-06-01,2023,Budget,West,Enterprise,Revenue,Revenue,Sales,3850185.6360000004,2023-06
2023-06-01,2023,Budget,West,Enterprise,COGS,COGS,Sales,-1531208.0966443028,2023-06
2023-06-01,2023,Budget,West,Enterprise,Sales & Marketing,Opex,Marketing,-840948.3872766093,2023-06
2023-06-01,2023,Budget,West,Enterprise,R&D,Opex,R&D,-472561.20835175447,2023-06
2023-06-01,2023,Budget,West,Enterprise,G&A,Opex,G&A,-415170.1833265419,2023-06
2023-06-01,2023,Budget,West,Enterprise,Support,Opex,Support,-267112.5530124998,2023-06
2023-06-01,2023,Actual,West,Marketplace Ads,Revenue,Revenue,Sales,1609200.0524413388,2023-06
2023-06-01,2023,Actual,West,Marketplace Ads,COGS,COGS,Sales,-720167.1777114626,2023-06
2023-06-01,2023,Actual,West,Marketplace Ads,Sales & Marketing,Opex,Marketing,-296879.1323501384,2023-06
2023-06-01,2023,Actual,West,Marketplace Ads,R&D,Opex,R&D,-193345.42694682415,2023-06
2023-06-01,2023,Actual,West,Marketplace Ads,G&A,Opex,G&A,-154249.6222817761,2023-06
2023-06-01,2023,Actual,West,Marketplace Ads,Support,Opex,Support,-103430.52014790432,2023-06
2023-06-01,2023,Budget,West,Marketplace Ads,Revenue,Revenue,Sales,1711193.6160000002,2023-06
2023-06-01,2023,Budget,West,Marketplace Ads,COGS,COGS,Sales,-759937.7708017792,2023-06
2023-06-01,2023,Budget,West,Marketplace Ads,Sales & Marketing,Opex,Marketing,-293631.3080524633,2023-06
2023-06-01,2023,Budget,West,Marketplace Ads,R&D,Opex,R&D,-194094.28347530714,2023-06
2023-06-01,2023,Budget,West,Marketplace Ads,G&A,Opex,G&A,-153072.14456883512,2023-06
2023-06-01,2023,Budget,West,Marketplace Ads,Support,Opex,Support,-132564.52627163322,2023-06
2023-07-01,2023,Actual,Northeast,Core,Revenue,Revenue,Sales,2666765.35439981,2023-07
2023-07-01,2023,Actual,Northeast,Core,COGS,COGS,Sales,-1068479.9282016489,2023-07
2023-07-01,2023,Actual,Northeast,Core,Sales & Marketing,Opex,Marketing,-505873.0664034353,2023-07
2023-07-01,2023,Actual,Northeast,Core,R&D,Opex,R&D,-273265.1067927917,2023-07
2023-07-01,2023,Actual,Northeast,Core,G&A,Opex,G&A,-216321.1379008985,2023-07
2023-07-01,2023,Actual,Northeast,Core,Support,Opex,Support,-198449.08295992724,2023-07
2023-07-01,2023,Budget,Northeast,Core,Revenue,Revenue,Sales,2610669.6,2023-07
2023-07-01,2023,Budget,Northeast,Core,COGS,COGS,Sales,-1013326.1932876536,2023-07
2023-07-01,2023,Budget,Northeast,Core,Sales & Marketing,Opex,Marketing,-538941.2229546523,2023-07
2023-07-01,2023,Budget,Northeast,Core,R&D,Opex,R&D,-272567.31393410655,2023-07
2023-07-01,2023,Budget,Northeast,Core,G&A,Opex,G&A,-279144.0508835722,2023-07
2023-07-01,2023,Budget,Northeast,Core,Support,Opex,Support,-177302.64071294855,2023-07
2023-07-01,2023,Actual,Northeast,Plus,Revenue,Revenue,Sales,3175329.358869058,2023-07
2023-07-01,2023,Actual,Northeast,Plus,COGS,COGS,Sales,-1324158.6578240236,2023-07
2023-07-01,2023,Actual,Northeast,Plus,Sales & Marketing,Opex,Marketing,-656883.9435381204,2023-07
2023-07-01,2023,Actual,Northeast,Plus,R&D,Opex,R&D,-441596.96488379716,2023-07
2023-07-01,2023,Actual,Northeast,Plus,G&A,Opex,G&A,-257343.06420441854,2023-07
2023-07-01,2023,Actual,Northeast,Plus,Support,Opex,Support,-181912.79119808247,2023-07
2023-07-01,2023,Budget,Northeast,Plus,Revenue,Revenue,Sales,3002270.0400000005,2023-07
2023-07-01,2023,Budget,Northeast,Plus,COGS,COGS,Sales,-1182414.5815118055,2023-07
2023-07-01,2023,Budget,Northeast,Plus,Sales & Marketing,Opex,Marketing,-589486.3541340074,2023-07
2023-07-01,2023,Budget,Northeast,Plus,R&D,Opex,R&D,-313635.3541319765,2023-07
2023-07-01,2023,Budget,Northeast,Plus,G&A,Opex,G&A,-301989.4229324326,2023-07
2023-07-01,2023,Budget,Northeast,Plus,Support,Opex,Support,-218505.96894104194,2023-07
2023-07-01,2023,Actual,Northeast,Enterprise,Revenue,Revenue,Sales,3559157.091207443,2023-07
2023-07-01,2023,Actual,Northeast,Enterprise,COGS,COGS,Sales,-1374456.6911315455,2023-07
2023-07-01,2023,Actual,Northeast,Enterprise,Sales & Marketing,Opex,Marketing,-776668.6732463421,2023-07
2023-07-01,2023,Actual,Northeast,Enterprise,R&D,Opex,R&D,-496107.5812648059,2023-07
2023-07-01,2023,Actual,Northeast,Enterprise,G&A,Opex,G&A,-298299.74000726105,2023-07
2023-07-01,2023,Actual,Northeast,Enterprise,Support,Opex,Support,-209009.0721104328,2023-07
2023-07-01,2023,Budget,Northeast,Enterprise,Revenue,Revenue,Sales,3524403.9600000004,2023-07
2023-07-01,2023,Budget,Northeast,Enterprise,COGS,COGS,Sales,-1395020.0814191243,2023-07
2023-07-01,2023,Budget,Northeast,Enterprise,Sales & Marketing,Opex,Marketing,-756872.8169894168,2023-07
2023-07-01,2023,Budget,Northeast,Enterprise,R&D,Opex,R&D,-354939.26930397126,2023-07
2023-07-01,2023,Budget,Northeast,Enterprise,G&A,Opex,G&A,-380704.8617673116,2023-07
2023-07-01,2023,Budget,Northeast,Enterprise,Support,Opex,Support,-230942.58685732636,2023-07
2023-07-01,2023,Actual,Northeast,Marketplace Ads,Revenue,Revenue,Sales,1525222.9232010364,2023-07
2023-07-01,2023,Actual,Northeast,Marketplace Ads,COGS,COGS,Sales,-660361.9185676706,2023-07
2023-07-01,2023,Actual,Northeast,Marketplace Ads,Sales & Marketing,Opex,Marketing,-246380.676723155,2023-07
2023-07-01,2023,Actual,Northeast,Marketplace Ads,R&D,Opex,R&D,-195704.49626454196,2023-07
2023-07-01,2023,Actual,Northeast,Marketplace Ads,G&A,Opex,G&A,-141647.0717892961,2023-07
2023-07-01,2023,Actual,Northeast,Marketplace Ads,Support,Opex,Support,-110829.27787525517,2023-07
2023-07-01,2023,Budget,Northeast,Marketplace Ads,Revenue,Revenue,Sales,1566401.7600000002,2023-07
2023-07-01,2023,Budget,Northeast,Marketplace Ads,COGS,COGS,Sales,-617956.6414562959,2023-07
2023-07-01,2023,Budget,Northeast,Marketplace Ads,Sales & Marketing,Opex,Marketing,-339238.7351766663,2023-07
2023-07-01,2023,Budget,Northeast,Marketplace Ads,R&D,Opex,R&D,-178837.12417434025,2023-07
2023-07-01,2023,Budget,Northeast,Marketplace Ads,G&A,Opex,G&A,-151241.37980929652,2023-07
2023-07-01,2023,Budget,Northeast,Marketplace Ads,Support,Opex,Support,-79995.89088279493,2023-07
2023-07-01,2023,Actual,Southeast,Core,Revenue,Revenue,Sales,2341473.8205108866,2023-07
2023-07-01,2023,Actual,Southeast,Core,COGS,COGS,Sales,-916614.2935424994,2023-07
2023-07-01,2023,Actual,Southeast,Core,Sales & Marketing,Opex,Marketing,-465320.18033405254,2023-07
2023-07-01,2023,Actual,Southeast,Core,R&D,Opex,R&D,-255778.2127551187,2023-07
2023-07-01,2023,Actual,Southeast,Core,G&A,Opex,G&A,-245005.0245956226,2023-07
2023-07-01,2023,Actual,Southeast,Core,Support,Opex,Support,-157411.73638381166,2023-07
2023-07-01,2023,Budget,Southeast,Core,Revenue,Revenue,Sales,2362034.4,2023-07
2023-07-01,2023,Budget,Southeast,Core,COGS,COGS,Sales,-959769.1513156107,2023-07
2023-07-01,2023,Budget,Southeast,Core,Sales & Marketing,Opex,Marketing,-488561.157143316,2023-07
2023-07-01,2023,Budget,Southeast,Core,R&D,Opex,R&D,-249276.80659533042,2023-07
2023-07-01,2023,Budget,Southeast,Core,G&A,Opex,G&A,-192146.2171736068,2023-07
2023-07-01,2023,Budget,Southeast,Core,Support,Opex,Support,-187066.2367669087,2023-07
2023-07-01,2023,Actual,Southeast,Plus,Revenue,Revenue,Sales,2554043.173369885,2023-07
2023-07-01,2023,Actual,Southeast,Plus,COGS,COGS,Sales,-1065874.594971339,2023-07
2023-07-01,2023,Actual,Southeast,Plus,Sales & Marketing,Opex,Marketing,-502653.51156880026,2023-07
2023-07-01,2023,Actual,Southeast,Plus,R&D,Opex,R&D,-320675.4058892448,2023-07
2023-07-01,2023,Actual,Southeast,Plus,G&A,Opex,G&A,-274652.82389761985,2023-07
2023-07-01,2023,Actual,Southeast,Plus,Support,Opex,Support,-180716.10081488595,2023-07
2023-07-01,2023,Budget,Southeast,Plus,Revenue,Revenue,Sales,2716339.56,2023-07
2023-07-01,2023,Budget,Southeast,Plus,COGS,COGS,Sales,-1133815.2484984936,2023-07
2023-07-01,2023,Budget,Southeast,Plus,Sales & Marketing,Opex,Marketing,-461203.7063238152,2023-07
2023-07-01,2023,Budget,Southeast,Plus,R&D,Opex,R&D,-290705.64185352006,2023-07
2023-07-01,2023,Budget,Southeast,Plus,G&A,Opex,G&A,-225176.29464222238,2023-07
2023-07-01,2023,Budget,Southeast,Plus,Support,Opex,Support,-171207.0559660476,2023-07
2023-07-01,2023,Actual,Southeast,Enterprise,Revenue,Revenue,Sales,2670984.21937063,2023-07
2023-07-01,2023,Actual,Southeast,Enterprise,COGS,COGS,Sales,-1171940.6575183785,2023-07
2023-07-01,2023,Actual,Southeast,Enterprise,Sales & Marketing,Opex,Marketing,-587481.714072389,2023-07
2023-07-01,2023,Actual,Southeast,Enterprise,R&D,Opex,R&D,-370388.6521438595,2023-07
2023-07-01,2023,Actual,Southeast,Enterprise,G&A,Opex,G&A,-215399.6897326521,2023-07
2023-07-01,2023,Actual,Southeast,Enterprise,Support,Opex,Support,-194399.00694529348,2023-07
2023-07-01,2023,Budget,Southeast,Enterprise,Revenue,Revenue,Sales,3188746.4400000004,2023-07
2023-07-01,2023,Budget,Southeast,Enterprise,COGS,COGS,Sales,-1250572.6502655784,2023-07
2023-07-01,2023,Budget,Southeast,Enterprise,Sales & Marketing,Opex,Marketing,-598508.1499191482,2023-07
2023-07-01,2023,Budget,Southeast,Enterprise,R&D,Opex,R&D,-377733.76435811294,2023-07
2023-07-01,2023,Budget,Southeast,Enterprise,G&A,Opex,G&A,-315796.87069665,2023-07
2023-07-01,2023,Budget,Southeast,Enterprise,Support,Opex,Support,-185628.06266229536,2023-07
2023-07-01,2023,Actual,Southeast,Marketplace Ads,Revenue,Revenue,Sales,1255324.056605821,2023-07
2023-07-01,2023,Actual,Southeast,Marketplace Ads,COGS,COGS,Sales,-534633.1305858466,2023-07
2023-07-01,2023,Actual,Southeast,Marketplace Ads,Sales & Marketing,Opex,Marketing,-204168.9028448421,2023-07
2023-07-01,2023,Actual,Southeast,Marketplace Ads,R&D,Opex,R&D,-175735.68537659044,2023-07
2023-07-01,2023,Actual,Southeast,Marketplace Ads,G&A,Opex,G&A,-112229.70322445445,2023-07
2023-07-01,2023,Actual,Southeast,Marketplace Ads,Support,Opex,Support,-65535.45450751526,2023-07
2023-07-01,2023,Budget,Southeast,Marketplace Ads,Revenue,Revenue,Sales,1417220.6400000004,2023-07
2023-07-01,2023,Budget,Southeast,Marketplace Ads,COGS,COGS,Sales,-587712.4113885489,2023-07
2023-07-01,2023,Budget,Southeast,Marketplace Ads,Sales & Marketing,Opex,Marketing,-231010.12120062602,2023-07
2023-07-01,2023,Budget,Southeast,Marketplace Ads,R&D,Opex,R&D,-187554.0290659152,2023-07
2023-07-01,2023,Budget,Southeast,Marketplace Ads,G&A,Opex,G&A,-116078.83872427362,2023-07
2023-07-01,2023,Budget,Southeast,Marketplace Ads,Support,Opex,Support,-83060.72833396672,2023-07
2023-07-01,2023,Actual,Midwest,Core,Revenue,Revenue,Sales,2047897.589597251,2023-07
2023-07-01,2023,Actual,Midwest,Core,COGS,COGS,Sales,-863525.3359537873,2023-07
2023-07-01,2023,Actual,Midwest,Core,Sales & Marketing,Opex,Marketing,-437127.829856056,2023-07
2023-07-01,2023,Actual,Midwest,Core,R&D,Opex,R&D,-282726.1584060956,2023-07
2023-07-01,2023,Actual,Midwest,Core,G&A,Opex,G&A,-176078.04593635042,2023-07
2023-07-01,2023,Actual,Midwest,Core,Support,Opex,Support,-116635.26836197366,2023-07
2023-07-01,2023,Budget,Midwest,Core,Revenue,Revenue,Sales,2237716.8,2023-07
2023-07-01,2023,Budget,Midwest,Core,COGS,COGS,Sales,-908725.864761721,2023-07
2023-07-01,2023,Budget,Midwest,Core,Sales & Marketing,Opex,Marketing,-362031.75769194035,2023-07
2023-07-01,2023,Budget,Midwest,Core,R&D,Opex,R&D,-288190.77963282686,2023-07
2023-07-01,2023,Budget,Midwest,Core,G&A,Opex,G&A,-207602.33827778517,2023-07
2023-07-01,2023,Budget,Midwest,Core,Support,Opex,Support,-133707.61793567485,2023-07
2023-07-01,2023,Actual,Midwest,Plus,Revenue,Revenue,Sales,2735206.277352046,2023-07
2023-07-01,2023,Actual,Midwest,Plus,COGS,COGS,Sales,-1061130.3080900442,2023-07
2023-07-01,2023,Actual,Midwest,Plus,Sales & Marketing,Opex,Marketing,-460734.6935214558,2023-07
2023-07-01,2023,Actual,Midwest,Plus,R&D,Opex,R&D,-319226.43464332557,2023-07
2023-07-01,2023,Actual,Midwest,Plus,G&A,Opex,G&A,-243094.6169066691,2023-07
2023-07-01,2023,Actual,Midwest,Plus,Support,Opex,Support,-143660.23134912705,2023-07
2023-07-01,2023,Budget,Midwest,Plus,Revenue,Revenue,Sales,2573374.32,2023-07
2023-07-01,2023,Budget,Midwest,Plus,COGS,COGS,Sales,-1042811.8473684586,2023-07
2023-07-01,2023,Budget,Midwest,Plus,Sales & Marketing,Opex,Marketing,-554815.3429631502,2023-07
2023-07-01,2023,Budget,Midwest,Plus,R&D,Opex,R&D,-351805.10628143017,2023-07
2023-07-01,2023,Budget,Midwest,Plus,G&A,Opex,G&A,-219714.46541854073,2023-07
2023-07-01,2023,Budget,Midwest,Plus,Support,Opex,Support,-141525.93109850798,2023-07
2023-07-01,2023,Actual,Midwest,Enterprise,Revenue,Revenue,Sales,3179868.2759107356,2023-07
2023-07-01,2023,Actual,Midwest,Enterprise,COGS,COGS,Sales,-1301466.5773897239,2023-07
2023-07-01,2023,Actual,Midwest,Enterprise,Sales & Marketing,Opex,Marketing,-586400.1326428378,2023-07
2023-07-01,2023,Actual,Midwest,Enterprise,R&D,Opex,R&D,-390299.6077950618,2023-07
2023-07-01,2023,Actual,Midwest,Enterprise,G&A,Opex,G&A,-322923.46020480205,2023-07
2023-07-01,2023,Actual,Midwest,Enterprise,Support,Opex,Support,-159743.94405803698,2023-07
2023-07-01,2023,Budget,Midwest,Enterprise,Revenue,Revenue,Sales,3020917.6800000006,2023-07
2023-07-01,2023,Budget,Midwest,Enterprise,COGS,COGS,Sales,-1160785.696964458,2023-07
2023-07-01,2023,Budget,Midwest,Enterprise,Sales & Marketing,Opex,Marketing,-521005.37390373566,2023-07
2023-07-01,2023,Budget,Midwest,Enterprise,R&D,Opex,R&D,-383856.78886129893,2023-07
2023-07-01,2023,Budget,Midwest,Enterprise,G&A,Opex,G&A,-279319.528305171,2023-07
2023-07-01,2023,Budget,Midwest,Enterprise,Support,Opex,Support,-233805.1325628062,2023-07
2023-07-01,2023,Actual,Midwest,Marketplace Ads,Revenue,Revenue,Sales,1371686.0049890827,2023-07
2023-07-01,2023,Actual,Midwest,Marketplace Ads,COGS,COGS,Sales,-583100.2589517374,2023-07
2023-07-01,2023,Actual,Midwest,Marketplace Ads,Sales & Marketing,Opex,Marketing,-239712.728087222,2023-07
2023-07-01,2023,Actual,Midwest,Marketplace Ads,R&D,Opex,R&D,-163929.03987253158,2023-07
2023-07-01,2023,Actual,Midwest,Marketplace Ads,G&A,Opex,G&A,-111612.48099172447,2023-07
2023-07-01,2023,Actual,Midwest,Marketplace Ads,Support,Opex,Support,-98670.76848004245,2023-07
2023-07-01,2023,Budget,Midwest,Marketplace Ads,Revenue,Revenue,Sales,1342630.08,2023-07
2023-07-01,2023,Budget,Midwest,Marketplace Ads,COGS,COGS,Sales,-540066.2178488015,2023-07
2023-07-01,2023,Budget,Midwest,Marketplace Ads,Sales & Marketing,Opex,Marketing,-284779.1705843988,2023-07
2023-07-01,2023,Budget,Midwest,Marketplace Ads,R&D,Opex,R&D,-167315.5375303281,2023-07
2023-07-01,2023,Budget,Midwest,Marketplace Ads,G&A,Opex,G&A,-137136.13360323178,2023-07
2023-07-01,2023,Budget,Midwest,Marketplace Ads,Support,Opex,Support,-103535.39344820863,2023-07
2023-07-01,2023,Actual,Southwest,Core,Revenue,Revenue,Sales,2328191.8729718397,2023-07
2023-07-01,2023,Actual,Southwest,Core,COGS,COGS,Sales,-1038802.3883418356,2023-07
2023-07-01,2023,Actual,Southwest,Core,Sales & Marketing,Opex,Marketing,-424298.5355067131,2023-07
2023-07-01,2023,Actual,Southwest,Core,R&D,Opex,R&D,-299329.1210740736,2023-07
2023-07-01,2023,Actual,Southwest,Core,G&A,Opex,G&A,-193134.90452902665,2023-07
2023-07-01,2023,Actual,Southwest,Core,Support,Opex,Support,-185286.89895002922,2023-07
2023-07-01,2023,Budget,Southwest,Core,Revenue,Revenue,Sales,2486352.0,2023-07
2023-07-01,2023,Budget,Southwest,Core,COGS,COGS,Sales,-1004949.1053322026,2023-07
2023-07-01,2023,Budget,Southwest,Core,Sales & Marketing,Opex,Marketing,-447306.2891010299,2023-07
2023-07-01,2023,Budget,Southwest,Core,R&D,Opex,R&D,-255877.62516589786,2023-07
2023-07-01,2023,Budget,Southwest,Core,G&A,Opex,G&A,-258197.89142384432,2023-07
2023-07-01,2023,Budget,Southwest,Core,Support,Opex,Support,-198478.3542875133,2023-07
2023-07-01,2023,Actual,Southwest,Plus,Revenue,Revenue,Sales,2669356.65889191,2023-07
2023-07-01,2023,Actual,Southwest,Plus,COGS,COGS,Sales,-1017495.8046318146,2023-07
2023-07-01,2023,Actual,Southwest,Plus,Sales & Marketing,Opex,Marketing,-536785.7711495111,2023-07
2023-07-01,2023,Actual,Southwest,Plus,R&D,Opex,R&D,-330890.7041184683,2023-07
2023-07-01,2023,Actual,Southwest,Plus,G&A,Opex,G&A,-263368.733385381,2023-07
2023-07-01,2023,Actual,Southwest,Plus,Support,Opex,Support,-195036.90007142446,2023-07
2023-07-01,2023,Budget,Southwest,Plus,Revenue,Revenue,Sales,2859304.8000000007,2023-07
2023-07-01,2023,Budget,Southwest,Plus,COGS,COGS,Sales,-1217766.1978335748,2023-07
2023-07-01,2023,Budget,Southwest,Plus,Sales & Marketing,Opex,Marketing,-628716.525861161,2023-07
2023-07-01,2023,Budget,Southwest,Plus,R&D,Opex,R&D,-341422.1245418162,2023-07
2023-07-01,2023,Budget,Southwest,Plus,G&A,Opex,G&A,-305329.2229576915,2023-07
2023-07-01,2023,Budget,Southwest,Plus,Support,Opex,Support,-157527.3434402883,2023-07
2023-07-01,2023,Actual,Southwest,Enterprise,Revenue,Revenue,Sales,3239746.7130939737,2023-07
2023-07-01,2023,Actual,Southwest,Enterprise,COGS,COGS,Sales,-1408744.4816897977,2023-07
2023-07-01,2023,Actual,Southwest,Enterprise,Sales & Marketing,Opex,Marketing,-600946.2095171957,2023-07
2023-07-01,2023,Actual,Southwest,Enterprise,R&D,Opex,R&D,-367954.6869682688,2023-07
2023-07-01,2023,Actual,Southwest,Enterprise,G&A,Opex,G&A,-304528.4901887723,2023-07
2023-07-01,2023,Actual,Southwest,Enterprise,Support,Opex,Support,-229998.1550908203,2023-07
2023-07-01,2023,Budget,Southwest,Enterprise,Revenue,Revenue,Sales,3356575.2000000007,2023-07
2023-07-01,2023,Budget,Southwest,Enterprise,COGS,COGS,Sales,-1507680.147089237,2023-07
2023-07-01,2023,Budget,Southwest,Enterprise,Sales & Marketing,Opex,Marketing,-698585.6825994628,2023-07
2023-07-01,2023,Budget,Southwest,Enterprise,R&D,Opex,R&D,-387480.30296871555,2023-07
2023-07-01,2023,Budget,Southwest,Enterprise,G&A,Opex,G&A,-331659.49174237077,2023-07
2023-07-01,2023,Budget,Southwest,Enterprise,Support,Opex,Support,-260251.63390886429,2023-07
2023-07-01,2023,Actual,Southwest,Marketplace Ads,Revenue,Revenue,Sales,1435081.8245544687,2023-07
2023-07-01,2023,Actual,Southwest,Marketplace Ads,COGS,COGS,Sales,-618198.4984260121,2023-07
2023-07-01,2023,Actual,Southwest,Marketplace Ads,Sales & Marketing,Opex,Marketing,-272061.413754099,2023-07
2023-07-01,2023,Actual,Southwest,Marketplace Ads,R&D,Opex,R&D,-188108.15434188594,2023-07
2023-07-01,2023,Actual,Southwest,Marketplace Ads,G&A,Opex,G&A,-126668.01056339216,2023-07
2023-07-01,2023,Actual,Southwest,Marketplace Ads,Support,Opex,Support,-88914.23247974657,2023-07
2023-07-01,2023,Budget,Southwest,Marketplace Ads,Revenue,Revenue,Sales,1491811.2000000002,2023-07
2023-07-01,2023,Budget,Southwest,Marketplace Ads,COGS,COGS,Sales,-615308.8311185474,2023-07
2023-07-01,2023,Budget,Southwest,Marketplace Ads,Sales & Marketing,Opex,Marketing,-293920.9391850444,2023-07
2023-07-01,2023,Budget,Southwest,Marketplace Ads,R&D,Opex,R&D,-164565.37539191506,2023-07
2023-07-01,2023,Budget,Southwest,Marketplace Ads,G&A,Opex,G&A,-132189.21774951468,2023-07
2023-07-01,2023,Budget,Southwest,Marketplace Ads,Support,Opex,Support,-93421.87931061831,2023-07
2023-07-01,2023,Actual,West,Core,Revenue,Revenue,Sales,2715244.43026621,2023-07
2023-07-01,2023,Actual,West,Core,COGS,COGS,Sales,-1070443.9343621472,2023-07
2023-07-01,2023,Actual,West,Core,Sales & Marketing,Opex,Marketing,-498259.23295967595,2023-07
2023-07-01,2023,Actual,West,Core,R&D,Opex,R&D,-349719.04034133465,2023-07
2023-07-01,2023,Actual,West,Core,G&A,Opex,G&A,-275895.5495886396,2023-07
2023-07-01,2023,Actual,West,Core,Support,Opex,Support,-198966.81160615417,2023-07
2023-07-01,2023,Budget,West,Core,Revenue,Revenue,Sales,2734987.2,2023-07
2023-07-01,2023,Budget,West,Core,COGS,COGS,Sales,-1192428.749737406,2023-07
2023-07-01,2023,Budget,West,Core,Sales & Marketing,Opex,Marketing,-448091.7051039951,2023-07
2023-07-01,2023,Budget,West,Core,R&D,Opex,R&D,-369348.83024302765,2023-07
2023-07-01,2023,Budget,West,Core,G&A,Opex,G&A,-270685.29850418784,2023-07
2023-07-01,2023,Budget,West,Core,Support,Opex,Support,-171065.51028643985,2023-07
2023-07-01,2023,Actual,West,Plus,Revenue,Revenue,Sales,3154802.630913647,2023-07
2023-07-01,2023,Actual,West,Plus,COGS,COGS,Sales,-1409230.3687978033,2023-07
2023-07-01,2023,Actual,West,Plus,Sales & Marketing,Opex,Marketing,-551676.1171004659,2023-07
2023-07-01,2023,Actual,West,Plus,R&D,Opex,R&D,-423213.0024139037,2023-07
2023-07-01,2023,Actual,West,Plus,G&A,Opex,G&A,-346018.01943886495,2023-07
2023-07-01,2023,Actual,West,Plus,Support,Opex,Support,-192527.90467386102,2023-07
2023-07-01,2023,Budget,West,Plus,Revenue,Revenue,Sales,3145235.2800000007,2023-07
2023-07-01,2023,Budget,West,Plus,COGS,COGS,Sales,-1387655.5402591177,2023-07
2023-07-01,2023,Budget,West,Plus,Sales & Marketing,Opex,Marketing,-523893.9821324503,2023-07
2023-07-01,2023,Budget,West,Plus,R&D,Opex,R&D,-318252.34873470146,2023-07
2023-07-01,2023,Budget,West,Plus,G&A,Opex,G&A,-309687.1218231239,2023-07
2023-07-01,2023,Budget,West,Plus,Support,Opex,Support,-165907.142096469,2023-07
2023-07-01,2023,Actual,West,Enterprise,Revenue,Revenue,Sales,4042457.7517206944,2023-07
2023-07-01,2023,Actual,West,Enterprise,COGS,COGS,Sales,-1641591.5150800839,2023-07
2023-07-01,2023,Actual,West,Enterprise,Sales & Marketing,Opex,Marketing,-736760.1486098119,2023-07
2023-07-01,2023,Actual,West,Enterprise,R&D,Opex,R&D,-489684.00368709833,2023-07
2023-07-01,2023,Actual,West,Enterprise,G&A,Opex,G&A,-355549.9487156041,2023-07
2023-07-01,2023,Actual,West,Enterprise,Support,Opex,Support,-204595.72435771304,2023-07
2023-07-01,2023,Budget,West,Enterprise,Revenue,Revenue,Sales,3692232.7200000007,2023-07
2023-07-01,2023,Budget,West,Enterprise,COGS,COGS,Sales,-1446481.1069208784,2023-07
2023-07-01,2023,Budget,West,Enterprise,Sales & Marketing,Opex,Marketing,-780036.6162440189,2023-07
2023-07-01,2023,Budget,West,Enterprise,R&D,Opex,R&D,-458989.0145196042,2023-07
2023-07-01,2023,Budget,West,Enterprise,G&A,Opex,G&A,-371764.8410804974,2023-07
2023-07-01,2023,Budget,West,Enterprise,Support,Opex,Support,-249826.9284475687,2023-07
2023-07-01,2023,Actual,West,Marketplace Ads,Revenue,Revenue,Sales,1615396.7293320298,2023-07
2023-07-01,2023,Actual,West,Marketplace Ads,COGS,COGS,Sales,-715915.2640759955,2023-07
2023-07-01,2023,Actual,West,Marketplace Ads,Sales & Marketing,Opex,Marketing,-277143.5330227441,2023-07
2023-07-01,2023,Actual,West,Marketplace Ads,R&D,Opex,R&D,-183947.64682520585,2023-07
2023-07-01,2023,Actual,West,Marketplace Ads,G&A,Opex,G&A,-141757.48594984828,2023-07
2023-07-01,2023,Actual,West,Marketplace Ads,Support,Opex,Support,-85433.59903307726,2023-07
2023-07-01,2023,Budget,West,Marketplace Ads,Revenue,Revenue,Sales,1640992.3200000003,2023-07
2023-07-01,2023,Budget,West,Marketplace Ads,COGS,COGS,Sales,-667089.7093005824,2023-07
2023-07-01,2023,Budget,West,Marketplace Ads,Sales & Marketing,Opex,Marketing,-293799.4250549006,2023-07
2023-07-01,2023,Budget,West,Marketplace Ads,R&D,Opex,R&D,-170857.06247733257,2023-07
2023-07-01,2023,Budget,West,Marketplace Ads,G&A,Opex,G&A,-142442.618895525,2023-07
2023-07-01,2023,Budget,West,Marketplace Ads,Support,Opex,Support,-98300.27958046741,2023-07
2023-08-01,2023,Actual,Northeast,Core,Revenue,Revenue,Sales,2482271.955772984,2023-08
2023-08-01,2023,Actual,Northeast,Core,COGS,COGS,Sales,-1069261.563658107,2023-08
2023-08-01,2023,Actual,Northeast,Core,Sales & Marketing,Opex,Marketing,-498057.604956931,2023-08
2023-08-01,2023,Actual,Northeast,Core,R&D,Opex,R&D,-302171.5703816851,2023-08
2023-08-01,2023,Actual,Northeast,Core,G&A,Opex,G&A,-245981.47673250013,2023-08
2023-08-01,2023,Actual,Northeast,Core,Support,Opex,Support,-130088.96574560236,2023-08
2023-08-01,2023,Budget,Northeast,Core,Revenue,Revenue,Sales,2493896.3279999997,2023-08
2023-08-01,2023,Budget,Northeast,Core,COGS,COGS,Sales,-963079.5086334068,2023-08
2023-08-01,2023,Budget,Northeast,Core,Sales & Marketing,Opex,Marketing,-461596.033283122,2023-08
2023-08-01,2023,Budget,Northeast,Core,R&D,Opex,R&D,-315316.9698728376,2023-08
2023-08-01,2023,Budget,Northeast,Core,G&A,Opex,G&A,-201860.05155140956,2023-08
2023-08-01,2023,Budget,Northeast,Core,Support,Opex,Support,-129881.12551882575,2023-08
2023-08-01,2023,Actual,Northeast,Plus,Revenue,Revenue,Sales,2816685.7314945115,2023-08
2023-08-01,2023,Actual,Northeast,Plus,COGS,COGS,Sales,-1174647.0072798068,2023-08
2023-08-01,2023,Actual,Northeast,Plus,Sales & Marketing,Opex,Marketing,-594551.4762996346,2023-08
2023-08-01,2023,Actual,Northeast,Plus,R&D,Opex,R&D,-297104.52122280595,2023-08
2023-08-01,2023,Actual,Northeast,Plus,G&A,Opex,G&A,-293302.1620811188,2023-08
2023-08-01,2023,Actual,Northeast,Plus,Support,Opex,Support,-204787.21397568096,2023-08
2023-08-01,2023,Budget,Northeast,Plus,Revenue,Revenue,Sales,2867980.7772,2023-08
2023-08-01,2023,Budget,Northeast,Plus,COGS,COGS,Sales,-1192286.144780489,2023-08
2023-08-01,2023,Budget,Northeast,Plus,Sales & Marketing,Opex,Marketing,-628574.753019979,2023-08
2023-08-01,2023,Budget,Northeast,Plus,R&D,Opex,R&D,-371861.46539782203,2023-08
2023-08-01,2023,Budget,Northeast,Plus,G&A,Opex,G&A,-259549.06376477264,2023-08
2023-08-01,2023,Budget,Northeast,Plus,Support,Opex,Support,-175458.93344413114,2023-08
2023-08-01,2023,Actual,Northeast,Enterprise,Revenue,Revenue,Sales,2991330.956946764,2023-08
2023-08-01,2023,Actual,Northeast,Enterprise,COGS,COGS,Sales,-1262058.1418852243,2023-08
2023-08-01,2023,Actual,Northeast,Enterprise,Sales & Marketing,Opex,Marketing,-591577.6166856992,2023-08
2023-08-01,2023,Actual,Northeast,Enterprise,R&D,Opex,R&D,-393622.3880392786,2023-08
2023-08-01,2023,Actual,Northeast,Enterprise,G&A,Opex,G&A,-246343.4072472695,2023-08
2023-08-01,2023,Actual,Northeast,Enterprise,Support,Opex,Support,-201767.25149624437,2023-08
2023-08-01,2023,Budget,Northeast,Enterprise,Revenue,Revenue,Sales,3366760.0428,2023-08
2023-08-01,2023,Budget,Northeast,Enterprise,COGS,COGS,Sales,-1343414.2445550987,2023-08
2023-08-01,2023,Budget,Northeast,Enterprise,Sales & Marketing,Opex,Marketing,-638684.2018949247,2023-08
2023-08-01,2023,Budget,Northeast,Enterprise,R&D,Opex,R&D,-418796.38143788854,2023-08
2023-08-01,2023,Budget,Northeast,Enterprise,G&A,Opex,G&A,-314601.54852937855,2023-08
2023-08-01,2023,Budget,Northeast,Enterprise,Support,Opex,Support,-242202.11003558227,2023-08
2023-08-01,2023,Actual,Northeast,Marketplace Ads,Revenue,Revenue,Sales,1535151.256350499,2023-08
2023-08-01,2023,Actual,Northeast,Marketplace Ads,COGS,COGS,Sales,-653906.3943369521,2023-08
2023-08-01,2023,Actual,Northeast,Marketplace Ads,Sales & Marketing,Opex,Marketing,-277126.7389730678,2023-08
2023-08-01,2023,Actual,Northeast,Marketplace Ads,R&D,Opex,R&D,-204621.69317940006,2023-08
2023-08-01,2023,Actual,Northeast,Marketplace Ads,G&A,Opex,G&A,-143449.85576147004,2023-08
2023-08-01,2023,Actual,Northeast,Marketplace Ads,Support,Opex,Support,-108379.01600342215,2023-08
2023-08-01,2023,Budget,Northeast,Marketplace Ads,Revenue,Revenue,Sales,1496337.7968,2023-08
2023-08-01,2023,Budget,Northeast,Marketplace Ads,COGS,COGS,Sales,-618395.5622751786,2023-08
2023-08-01,2023,Budget,Northeast,Marketplace Ads,Sales & Marketing,Opex,Marketing,-326559.598079662,2023-08
2023-08-01,2023,Budget,Northeast,Marketplace Ads,R&D,Opex,R&D,-194952.7895585566,2023-08
2023-08-01,2023,Budget,Northeast,Marketplace Ads,G&A,Opex,G&A,-161149.68231174105,2023-08
2023-08-01,2023,Budget,Northeast,Marketplace Ads,Support,Opex,Support,-82567.56948515525,2023-08
2023-08-01,2023,Actual,Southeast,Core,Revenue,Revenue,Sales,2139683.9176207585,2023-08
2023-08-01,2023,Actual,Southeast,Core,COGS,COGS,Sales,-842940.1249968462,2023-08
2023-08-01,2023,Actual,Southeast,Core,Sales & Marketing,Opex,Marketing,-390287.64214730496,2023-08
2023-08-01,2023,Actual,Southeast,Core,R&D,Opex,R&D,-260134.20587952848,2023-08
2023-08-01,2023,Actual,Southeast,Core,G&A,Opex,G&A,-197947.37687683853,2023-08
2023-08-01,2023,Actual,Southeast,Core,Support,Opex,Support,-109486.29443610286,2023-08
2023-08-01,2023,Budget,Southeast,Core,Revenue,Revenue,Sales,2256382.3919999995,2023-08
2023-08-01,2023,Budget,Southeast,Core,COGS,COGS,Sales,-946798.1854464785,2023-08
2023-08-01,2023,Budget,Southeast,Core,Sales & Marketing,Opex,Marketing,-482044.62347895553,2023-08
2023-08-01,2023,Budget,Southeast,Core,R&D,Opex,R&D,-312334.2701767343,2023-08
2023-08-01,2023,Budget,Southeast,Core,G&A,Opex,G&A,-223999.61538395763,2023-08
2023-08-01,2023,Budget,Southeast,Core,Support,Opex,Support,-136498.94390731244,2023-08
2023-08-01,2023,Actual,Southeast,Plus,Revenue,Revenue,Sales,2649157.7802657927,2023-08
2023-08-01,2023,Actual,Southeast,Plus,COGS,COGS,Sales,-1114097.9299172824,2023-08
2023-08-01,2023,Actual,Southeast,Plus,Sales & Marketing,Opex,Marketing,-562659.0874376282,2023-08
2023-08-01,2023,Actual,Southeast,Plus,R&D,Opex,R&D,-317274.8953327928,2023-08
2023-08-01,2023,Actual,Southeast,Plus,G&A,Opex,G&A,-242747.11515016045,2023-08
2023-08-01,2023,Actual,Southeast,Plus,Support,Opex,Support,-164560.03440517563,2023-08
2023-08-01,2023,Budget,Southeast,Plus,Revenue,Revenue,Sales,2594839.7507999996,2023-08
2023-08-01,2023,Budget,Southeast,Plus,COGS,COGS,Sales,-1072137.4110558312,2023-08
2023-08-01,2023,Budget,Southeast,Plus,Sales & Marketing,Opex,Marketing,-527287.1009587812,2023-08
2023-08-01,2023,Budget,Southeast,Plus,R&D,Opex,R&D,-262011.18345281188,2023-08
2023-08-01,2023,Budget,Southeast,Plus,G&A,Opex,G&A,-247364.82676087203,2023-08
2023-08-01,2023,Budget,Southeast,Plus,Support,Opex,Support,-147724.7301383877,2023-08
2023-08-01,2023,Actual,Southeast,Enterprise,Revenue,Revenue,Sales,3187994.0457965415,2023-08
2023-08-01,2023,Actual,Southeast,Enterprise,COGS,COGS,Sales,-1234643.724404892,2023-08
2023-08-01,2023,Actual,Southeast,Enterprise,Sales & Marketing,Opex,Marketing,-655016.3920422898,2023-08
2023-08-01,2023,Actual,Southeast,Enterprise,R&D,Opex,R&D,-385268.5055284808,2023-08
2023-08-01,2023,Actual,Southeast,Enterprise,G&A,Opex,G&A,-284430.94023674703,2023-08
2023-08-01,2023,Actual,Southeast,Enterprise,Support,Opex,Support,-239450.50463725373,2023-08
2023-08-01,2023,Budget,Southeast,Enterprise,Revenue,Revenue,Sales,3046116.2291999995,2023-08
2023-08-01,2023,Budget,Southeast,Enterprise,COGS,COGS,Sales,-1190701.2611484744,2023-08
2023-08-01,2023,Budget,Southeast,Enterprise,Sales & Marketing,Opex,Marketing,-569350.8064760481,2023-08
2023-08-01,2023,Budget,Southeast,Enterprise,R&D,Opex,R&D,-367568.5584717452,2023-08
2023-08-01,2023,Budget,Southeast,Enterprise,G&A,Opex,G&A,-250721.2462568117,2023-08
2023-08-01,2023,Budget,Southeast,Enterprise,Support,Opex,Support,-225529.21270272663,2023-08
2023-08-01,2023,Actual,Southeast,Marketplace Ads,Revenue,Revenue,Sales,1324806.9698219753,2023-08
2023-08-01,2023,Actual,Southeast,Marketplace Ads,COGS,COGS,Sales,-553849.2074179988,2023-08
2023-08-01,2023,Actual,Southeast,Marketplace Ads,Sales & Marketing,Opex,Marketing,-226366.09406554804,2023-08
2023-08-01,2023,Actual,Southeast,Marketplace Ads,R&D,Opex,R&D,-144970.91990636513,2023-08
2023-08-01,2023,Actual,Southeast,Marketplace Ads,G&A,Opex,G&A,-112011.69421668835,2023-08
2023-08-01,2023,Actual,Southeast,Marketplace Ads,Support,Opex,Support,-68192.99373213024,2023-08
2023-08-01,2023,Budget,Southeast,Marketplace Ads,Revenue,Revenue,Sales,1353829.4351999997,2023-08
2023-08-01,2023,Budget,Southeast,Marketplace Ads,COGS,COGS,Sales,-554302.5293576044,2023-08
2023-08-01,2023,Budget,Southeast,Marketplace Ads,Sales & Marketing,Opex,Marketing,-283905.96439306706,2023-08
2023-08-01,2023,Budget,Southeast,Marketplace Ads,R&D,Opex,R&D,-136996.26168456118,2023-08
2023-08-01,2023,Budget,Southeast,Marketplace Ads,G&A,Opex,G&A,-121588.19031790365,2023-08
2023-08-01,2023,Budget,Southeast,Marketplace Ads,Support,Opex,Support,-97838.49230977028,2023-08
2023-08-01,2023,Actual,Midwest,Core,Revenue,Revenue,Sales,1966492.8570693266,2023-08
2023-08-01,2023,Actual,Midwest,Core,COGS,COGS,Sales,-884472.3088523077,2023-08
2023-08-01,2023,Actual,Midwest,Core,Sales & Marketing,Opex,Marketing,-393319.6018413815,2023-08
2023-08-01,2023,Actual,Midwest,Core,R&D,Opex,R&D,-246903.1382429575,2023-08
2023-08-01,2023,Actual,Midwest,Core,G&A,Opex,G&A,-160436.780940004,2023-08
2023-08-01,2023,Actual,Midwest,Core,Support,Opex,Support,-115719.97695682726,2023-08
2023-08-01,2023,Budget,Midwest,Core,Revenue,Revenue,Sales,2137625.4239999996,2023-08
2023-08-01,2023,Budget,Midwest,Core,COGS,COGS,Sales,-959805.7079091007,2023-08
2023-08-01,2023,Budget,Midwest,Core,Sales & Marketing,Opex,Marketing,-421683.77748151106,2023-08
2023-08-01,2023,Budget,Midwest,Core,R&D,Opex,R&D,-279208.3544781307,2023-08
2023-08-01,2023,Budget,Midwest,Core,G&A,Opex,G&A,-214189.70543249263,2023-08
2023-08-01,2023,Budget,Midwest,Core,Support,Opex,Support,-109520.92624208827,2023-08
2023-08-01,2023,Actual,Midwest,Plus,Revenue,Revenue,Sales,2413221.9922237503,2023-08
2023-08-01,2023,Actual,Midwest,Plus,COGS,COGS,Sales,-1048786.1517723238,2023-08
2023-08-01,2023,Actual,Midwest,Plus,Sales & Marketing,Opex,Marketing,-463574.96501743194,2023-08
2023-08-01,2023,Actual,Midwest,Plus,R&D,Opex,R&D,-263247.75474400603,2023-08
2023-08-01,2023,Actual,Midwest,Plus,G&A,Opex,G&A,-227177.70082741827,2023-08
2023-08-01,2023,Actual,Midwest,Plus,Support,Opex,Support,-188825.2712688064,2023-08
2023-08-01,2023,Budget,Midwest,Plus,Revenue,Revenue,Sales,2458269.2376,2023-08
2023-08-01,2023,Budget,Midwest,Plus,COGS,COGS,Sales,-1073582.4850682677,2023-08
2023-08-01,2023,Budget,Midwest,Plus,Sales & Marketing,Opex,Marketing,-531588.609788545,2023-08
2023-08-01,2023,Budget,Midwest,Plus,R&D,Opex,R&D,-296101.0983135156,2023-08
2023-08-01,2023,Budget,Midwest,Plus,G&A,Opex,G&A,-225804.5814335945,2023-08
2023-08-01,2023,Budget,Midwest,Plus,Support,Opex,Support,-182395.84995360734,2023-08
2023-08-01,2023,Actual,Midwest,Enterprise,Revenue,Revenue,Sales,2805300.8925838904,2023-08
2023-08-01,2023,Actual,Midwest,Enterprise,COGS,COGS,Sales,-1108779.5228994281,2023-08
2023-08-01,2023,Actual,Midwest,Enterprise,Sales & Marketing,Opex,Marketing,-460496.5899951708,2023-08
2023-08-01,2023,Actual,Midwest,Enterprise,R&D,Opex,R&D,-380642.67870719073,2023-08
2023-08-01,2023,Actual,Midwest,Enterprise,G&A,Opex,G&A,-244111.0614324777,2023-08
2023-08-01,2023,Actual,Midwest,Enterprise,Support,Opex,Support,-173125.34149587207,2023-08
2023-08-01,2023,Budget,Midwest,Enterprise,Revenue,Revenue,Sales,2885794.3223999995,2023-08
2023-08-01,2023,Budget,Midwest,Enterprise,COGS,COGS,Sales,-1239449.0196071279,2023-08
2023-08-01,2023,Budget,Midwest,Enterprise,Sales & Marketing,Opex,Marketing,-586773.4905847774,2023-08
2023-08-01,2023,Budget,Midwest,Enterprise,R&D,Opex,R&D,-295871.5362548808,2023-08
2023-08-01,2023,Budget,Midwest,Enterprise,G&A,Opex,G&A,-244526.7669426528,2023-08
2023-08-01,2023,Budget,Midwest,Enterprise,Support,Opex,Support,-189800.71456001306,2023-08
2023-08-01,2023,Actual,Midwest,Marketplace Ads,Revenue,Revenue,Sales,1204382.21388076,2023-08
2023-08-01,2023,Actual,Midwest,Marketplace Ads,COGS,COGS,Sales,-518375.7887515329,2023-08
2023-08-01,2023,Actual,Midwest,Marketplace Ads,Sales & Marketing,Opex,Marketing,-233874.6966100319,2023-08
2023-08-01,2023,Actual,Midwest,Marketplace Ads,R&D,Opex,R&D,-144384.091380384,2023-08
2023-08-01,2023,Actual,Midwest,Marketplace Ads,G&A,Opex,G&A,-100507.06528928796,2023-08
2023-08-01,2023,Actual,Midwest,Marketplace Ads,Support,Opex,Support,-92980.80580241662,2023-08
2023-08-01,2023,Budget,Midwest,Marketplace Ads,Revenue,Revenue,Sales,1282575.2544,2023-08
2023-08-01,2023,Budget,Midwest,Marketplace Ads,COGS,COGS,Sales,-489353.9842785486,2023-08
2023-08-01,2023,Budget,Midwest,Marketplace Ads,Sales & Marketing,Opex,Marketing,-270208.19528735627,2023-08
2023-08-01,2023,Budget,Midwest,Marketplace Ads,R&D,Opex,R&D,-160218.18658691982,2023-08
2023-08-01,2023,Budget,Midwest,Marketplace Ads,G&A,Opex,G&A,-134011.86321204508,2023-08
2023-08-01,2023,Budget,Midwest,Marketplace Ads,Support,Opex,Support,-70466.1058120999,2023-08
2023-08-01,2023,Actual,Southwest,Core,Revenue,Revenue,Sales,2173834.6775828963,2023-08
2023-08-01,2023,Actual,Southwest,Core,COGS,COGS,Sales,-865865.5966312006,2023-08
2023-08-01,2023,Actual,Southwest,Core,Sales & Marketing,Opex,Marketing,-356096.73366136325,2023-08
2023-08-01,2023,Actual,Southwest,Core,R&D,Opex,R&D,-265987.2587634549,2023-08
2023-08-01,2023,Actual,Southwest,Core,G&A,Opex,G&A,-239115.64284423724,2023-08
2023-08-01,2023,Actual,Southwest,Core,Support,Opex,Support,-127295.31918914027,2023-08
2023-08-01,2023,Budget,Southwest,Core,Revenue,Revenue,Sales,2375139.3599999994,2023-08
2023-08-01,2023,Budget,Southwest,Core,COGS,COGS,Sales,-903251.4123019262,2023-08
2023-08-01,2023,Budget,Southwest,Core,Sales & Marketing,Opex,Marketing,-511990.2442481927,2023-08
2023-08-01,2023,Budget,Southwest,Core,R&D,Opex,R&D,-308893.55631630827,2023-08
2023-08-01,2023,Budget,Southwest,Core,G&A,Opex,G&A,-227648.97432219272,2023-08
2023-08-01,2023,Budget,Southwest,Core,Support,Opex,Support,-145205.72395880136,2023-08
2023-08-01,2023,Actual,Southwest,Plus,Revenue,Revenue,Sales,2812837.1508605024,2023-08
2023-08-01,2023,Actual,Southwest,Plus,COGS,COGS,Sales,-1255647.8169086922,2023-08
2023-08-01,2023,Actual,Southwest,Plus,Sales & Marketing,Opex,Marketing,-472529.6943725188,2023-08
2023-08-01,2023,Actual,Southwest,Plus,R&D,Opex,R&D,-343514.8637181615,2023-08
2023-08-01,2023,Actual,Southwest,Plus,G&A,Opex,G&A,-258834.7271170217,2023-08
2023-08-01,2023,Actual,Southwest,Plus,Support,Opex,Support,-190760.7995453726,2023-08
2023-08-01,2023,Budget,Southwest,Plus,Revenue,Revenue,Sales,2731410.264,2023-08
2023-08-01,2023,Budget,Southwest,Plus,COGS,COGS,Sales,-1082214.492786843,2023-08
2023-08-01,2023,Budget,Southwest,Plus,Sales & Marketing,Opex,Marketing,-514963.6986410057,2023-08
2023-08-01,2023,Budget,Southwest,Plus,R&D,Opex,R&D,-278959.6751007763,2023-08
2023-08-01,2023,Budget,Southwest,Plus,G&A,Opex,G&A,-274712.7782668568,2023-08
2023-08-01,2023,Budget,Southwest,Plus,Support,Opex,Support,-183204.67189170286,2023-08
2023-08-01,2023,Actual,Southwest,Enterprise,Revenue,Revenue,Sales,3131540.5711931447,2023-08
2023-08-01,2023,Actual,Southwest,Enterprise,COGS,COGS,Sales,-1221780.8557768313,2023-08
2023-08-01,2023,Actual,Southwest,Enterprise,Sales & Marketing,Opex,Marketing,-593141.8115346343,2023-08
2023-08-01,2023,Actual,Southwest,Enterprise,R&D,Opex,R&D,-355929.5267834764,2023-08
2023-08-01,2023,Actual,Southwest,Enterprise,G&A,Opex,G&A,-276532.19046298455,2023-08
2023-08-01,2023,Actual,Southwest,Enterprise,Support,Opex,Support,-239640.17375917247,2023-08
2023-08-01,2023,Budget,Southwest,Enterprise,Revenue,Revenue,Sales,3206438.136,2023-08
2023-08-01,2023,Budget,Southwest,Enterprise,COGS,COGS,Sales,-1319139.977385679,2023-08
2023-08-01,2023,Budget,Southwest,Enterprise,Sales & Marketing,Opex,Marketing,-691627.4695205207,2023-08
2023-08-01,2023,Budget,Southwest,Enterprise,R&D,Opex,R&D,-405778.3263716471,2023-08
2023-08-01,2023,Budget,Southwest,Enterprise,G&A,Opex,G&A,-292162.9519688067,2023-08
2023-08-01,2023,Budget,Southwest,Enterprise,Support,Opex,Support,-179084.67874664493,2023-08
2023-08-01,2023,Actual,Southwest,Marketplace Ads,Revenue,Revenue,Sales,1437817.5236065,2023-08
2023-08-01,2023,Actual,Southwest,Marketplace Ads,COGS,COGS,Sales,-636706.4505800958,2023-08
2023-08-01,2023,Actual,Southwest,Marketplace Ads,Sales & Marketing,Opex,Marketing,-247909.95913887513,2023-08
2023-08-01,2023,Actual,Southwest,Marketplace Ads,R&D,Opex,R&D,-167201.33676590194,2023-08
2023-08-01,2023,Actual,Southwest,Marketplace Ads,G&A,Opex,G&A,-146996.0817627622,2023-08
2023-08-01,2023,Actual,Southwest,Marketplace Ads,Support,Opex,Support,-96219.7849059207,2023-08
2023-08-01,2023,Budget,Southwest,Marketplace Ads,Revenue,Revenue,Sales,1425083.616,2023-08
2023-08-01,2023,Budget,Southwest,Marketplace Ads,COGS,COGS,Sales,-579532.4437261011,2023-08
2023-08-01,2023,Budget,Southwest,Marketplace Ads,Sales & Marketing,Opex,Marketing,-242590.2997791485,2023-08
2023-08-01,2023,Budget,Southwest,Marketplace Ads,R&D,Opex,R&D,-155434.36170092865,2023-08
2023-08-01,2023,Budget,Southwest,Marketplace Ads,G&A,Opex,G&A,-154482.59007817463,2023-08
2023-08-01,2023,Budget,Southwest,Marketplace Ads,Support,Opex,Support,-112854.14451957808,2023-08
2023-08-01,2023,Actual,West,Core,Revenue,Revenue,Sales,2602633.450987395,2023-08
2023-08-01,2023,Actual,West,Core,COGS,COGS,Sales,-1082050.5500641647,2023-08
2023-08-01,2023,Actual,West,Core,Sales & Marketing,Opex,Marketing,-561574.8533543464,2023-08
2023-08-01,2023,Actual,West,Core,R&D,Opex,R&D,-296867.74748877593,2023-08
2023-08-01,2023,Actual,West,Core,G&A,Opex,G&A,-274715.3077097334,2023-08
2023-08-01,2023,Actual,West,Core,Support,Opex,Support,-156646.90023039185,2023-08
2023-08-01,2023,Budget,West,Core,Revenue,Revenue,Sales,2612653.2959999996,2023-08
2023-08-01,2023,Budget,West,Core,COGS,COGS,Sales,-1075636.0204718874,2023-08
2023-08-01,2023,Budget,West,Core,Sales & Marketing,Opex,Marketing,-439268.8857022916,2023-08
2023-08-01,2023,Budget,West,Core,R&D,Opex,R&D,-283228.8119808553,2023-08
2023-08-01,2023,Budget,West,Core,G&A,Opex,G&A,-280740.81085107144,2023-08
2023-08-01,2023,Budget,West,Core,Support,Opex,Support,-134211.51896047866,2023-08
2023-08-01,2023,Actual,West,Plus,Revenue,Revenue,Sales,3009411.3283179523,2023-08
2023-08-01,2023,Actual,West,Plus,COGS,COGS,Sales,-1224922.2956920972,2023-08
2023-08-01,2023,Actual,West,Plus,Sales & Marketing,Opex,Marketing,-554965.44660225,2023-08
2023-08-01,2023,Actual,West,Plus,R&D,Opex,R&D,-383067.9305617633,2023-08
2023-08-01,2023,Actual,West,Plus,G&A,Opex,G&A,-259076.95271107124,2023-08
2023-08-01,2023,Actual,West,Plus,Support,Opex,Support,-181345.63747067793,2023-08
2023-08-01,2023,Budget,West,Plus,Revenue,Revenue,Sales,3004551.2904,2023-08
2023-08-01,2023,Budget,West,Plus,COGS,COGS,Sales,-1156892.1817202296,2023-08
2023-08-01,2023,Budget,West,Plus,Sales & Marketing,Opex,Marketing,-655278.1725403913,2023-08
2023-08-01,2023,Budget,West,Plus,R&D,Opex,R&D,-367701.7590652509,2023-08
2023-08-01,2023,Budget,West,Plus,G&A,Opex,G&A,-257193.99820586471,2023-08
2023-08-01,2023,Budget,West,Plus,Support,Opex,Support,-177542.94094096214,2023-08
2023-08-01,2023,Actual,West,Enterprise,Revenue,Revenue,Sales,3480327.6739298254,2023-08
2023-08-01,2023,Actual,West,Enterprise,COGS,COGS,Sales,-1434757.7163082545,2023-08
2023-08-01,2023,Actual,West,Enterprise,Sales & Marketing,Opex,Marketing,-731720.3013417323,2023-08
2023-08-01,2023,Actual,West,Enterprise,R&D,Opex,R&D,-392448.31828144693,2023-08
2023-08-01,2023,Actual,West,Enterprise,G&A,Opex,G&A,-369213.7344656006,2023-08
2023-08-01,2023,Actual,West,Enterprise,Support,Opex,Support,-240138.19298931662,2023-08
2023-08-01,2023,Budget,West,Enterprise,Revenue,Revenue,Sales,3527081.9495999995,2023-08
2023-08-01,2023,Budget,West,Enterprise,COGS,COGS,Sales,-1583829.5603580354,2023-08
2023-08-01,2023,Budget,West,Enterprise,Sales & Marketing,Opex,Marketing,-591687.0851322028,2023-08
2023-08-01,2023,Budget,West,Enterprise,R&D,Opex,R&D,-478579.7902307209,2023-08
2023-08-01,2023,Budget,West,Enterprise,G&A,Opex,G&A,-345762.0684682326,2023-08
2023-08-01,2023,Budget,West,Enterprise,Support,Opex,Support,-262267.50600065145,2023-08
2023-08-01,2023,Actual,West,Marketplace Ads,Revenue,Revenue,Sales,1468016.5632575608,2023-08
2023-08-01,2023,Actual,West,Marketplace Ads,COGS,COGS,Sales,-654106.2794166805,2023-08
2023-08-01,2023,Actual,West,Marketplace Ads,Sales & Marketing,Opex,Marketing,-294959.2809908555,2023-08
2023-08-01,2023,Actual,West,Marketplace Ads,R&D,Opex,R&D,-193388.45548364322,2023-08
2023-08-01,2023,Actual,West,Marketplace Ads,G&A,Opex,G&A,-138399.3535209277,2023-08
2023-08-01,2023,Actual,West,Marketplace Ads,Support,Opex,Support,-89859.36500585599,2023-08
2023-08-01,2023,Budget,West,Marketplace Ads,Revenue,Revenue,Sales,1567591.9775999999,2023-08
2023-08-01,2023,Budget,West,Marketplace Ads,COGS,COGS,Sales,-612775.6373195181,2023-08
2023-08-01,2023,Budget,West,Marketplace Ads,Sales & Marketing,Opex,Marketing,-266328.18504633906,2023-08
2023-08-01,2023,Budget,West,Marketplace Ads,R&D,Opex,R&D,-188224.51270845678,2023-08
2023-08-01,2023,Budget,West,Marketplace Ads,G&A,Opex,G&A,-159136.50305646882,2023-08
2023-08-01,2023,Budget,West,Marketplace Ads,Support,Opex,Support,-90237.47072304894,2023-08
2023-09-01,2023,Actual,Northeast,Core,Revenue,Revenue,Sales,2399299.903845069,2023-09
2023-09-01,2023,Actual,Northeast,Core,COGS,COGS,Sales,-953113.8981579025,2023-09
2023-09-01,2023,Actual,Northeast,Core,Sales & Marketing,Opex,Marketing,-524992.7009584302,2023-09
2023-09-01,2023,Actual,Northeast,Core,R&D,Opex,R&D,-287872.0354560925,2023-09
2023-09-01,2023,Actual,Northeast,Core,G&A,Opex,G&A,-254622.01705679353,2023-09
2023-09-01,2023,Actual,Northeast,Core,Support,Opex,Support,-128489.98254934537,2023-09
2023-09-01,2023,Budget,Northeast,Core,Revenue,Revenue,Sales,2415368.9711378342,2023-09
2023-09-01,2023,Budget,Northeast,Core,COGS,COGS,Sales,-974396.1695784973,2023-09
2023-09-01,2023,Budget,Northeast,Core,Sales & Marketing,Opex,Marketing,-407789.2670495895,2023-09
2023-09-01,2023,Budget,Northeast,Core,R&D,Opex,R&D,-249364.94423489267,2023-09
2023-09-01,2023,Budget,Northeast,Core,G&A,Opex,G&A,-249060.7729816864,2023-09
2023-09-01,2023,Budget,Northeast,Core,Support,Opex,Support,-125232.13788489488,2023-09
2023-09-01,2023,Actual,Northeast,Plus,Revenue,Revenue,Sales,2645291.8509757235,2023-09
2023-09-01,2023,Actual,Northeast,Plus,COGS,COGS,Sales,-1107549.607296373,2023-09
2023-09-01,2023,Actual,Northeast,Plus,Sales & Marketing,Opex,Marketing,-506137.3890533362,2023-09
2023-09-01,2023,Actual,Northeast,Plus,R&D,Opex,R&D,-294356.7901841783,2023-09
2023-09-01,2023,Actual,Northeast,Plus,G&A,Opex,G&A,-258598.18813864162,2023-09
2023-09-01,2023,Actual,Northeast,Plus,Support,Opex,Support,-168805.641468355,2023-09
2023-09-01,2023,Budget,Northeast,Plus,Revenue,Revenue,Sales,2777674.3168085096,2023-09
2023-09-01,2023,Budget,Northeast,Plus,COGS,COGS,Sales,-1140265.1552812553,2023-09
2023-09-01,2023,Budget,Northeast,Plus,Sales & Marketing,Opex,Marketing,-466884.11851940694,2023-09
2023-09-01,2023,Budget,Northeast,Plus,R&D,Opex,R&D,-337344.33676152455,2023-09
2023-09-01,2023,Budget,Northeast,Plus,G&A,Opex,G&A,-297894.2183934918,2023-09
2023-09-01,2023,Budget,Northeast,Plus,Support,Opex,Support,-148592.23943208024,2023-09
2023-09-01,2023,Actual,Northeast,Enterprise,Revenue,Revenue,Sales,3414652.148673522,2023-09
2023-09-01,2023,Actual,Northeast,Enterprise,COGS,COGS,Sales,-1428178.6021928324,2023-09
2023-09-01,2023,Actual,Northeast,Enterprise,Sales & Marketing,Opex,Marketing,-702150.7117872741,2023-09
2023-09-01,2023,Actual,Northeast,Enterprise,R&D,Opex,R&D,-460956.4486427682,2023-09
2023-09-01,2023,Actual,Northeast,Enterprise,G&A,Opex,G&A,-299221.1482524043,2023-09
2023-09-01,2023,Actual,Northeast,Enterprise,Support,Opex,Support,-197173.93570824506,2023-09
2023-09-01,2023,Budget,Northeast,Enterprise,Revenue,Revenue,Sales,3260748.111036076,2023-09
2023-09-01,2023,Budget,Northeast,Enterprise,COGS,COGS,Sales,-1430758.371903332,2023-09
2023-09-01,2023,Budget,Northeast,Enterprise,Sales & Marketing,Opex,Marketing,-631833.3103611555,2023-09
2023-09-01,2023,Budget,Northeast,Enterprise,R&D,Opex,R&D,-425113.3037318501,2023-09
2023-09-01,2023,Budget,Northeast,Enterprise,G&A,Opex,G&A,-305139.52044240263,2023-09
2023-09-01,2023,Budget,Northeast,Enterprise,Support,Opex,Support,-198822.6225069482,2023-09
2023-09-01,2023,Actual,Northeast,Marketplace Ads,Revenue,Revenue,Sales,1497060.5482494046,2023-09
2023-09-01,2023,Actual,Northeast,Marketplace Ads,COGS,COGS,Sales,-608287.5154443643,2023-09
2023-09-01,2023,Actual,Northeast,Marketplace Ads,Sales & Marketing,Opex,Marketing,-283462.26477641746,2023-09
2023-09-01,2023,Actual,Northeast,Marketplace Ads,R&D,Opex,R&D,-173325.06323369656,2023-09
2023-09-01,2023,Actual,Northeast,Marketplace Ads,G&A,Opex,G&A,-142796.93547587408,2023-09
2023-09-01,2023,Actual,Northeast,Marketplace Ads,Support,Opex,Support,-114752.9154381868,2023-09
2023-09-01,2023,Budget,Northeast,Marketplace Ads,Revenue,Revenue,Sales,1449221.3826827006,2023-09
2023-09-01,2023,Budget,Northeast,Marketplace Ads,COGS,COGS,Sales,-610559.2796491351,2023-09
2023-09-01,2023,Budget,Northeast,Marketplace Ads,Sales & Marketing,Opex,Marketing,-279994.1524988487,2023-09
2023-09-01,2023,Budget,Northeast,Marketplace Ads,R&D,Opex,R&D,-169895.885780826,2023-09
2023-09-01,2023,Budget,Northeast,Marketplace Ads,G&A,Opex,G&A,-148785.33285814855,2023-09
2023-09-01,2023,Budget,Northeast,Marketplace Ads,Support,Opex,Support,-102738.32002636377,2023-09
2023-09-01,2023,Actual,Southeast,Core,Revenue,Revenue,Sales,2187778.284117798,2023-09
2023-09-01,2023,Actual,Southeast,Core,COGS,COGS,Sales,-969884.6499976565,2023-09
2023-09-01,2023,Actual,Southeast,Core,Sales & Marketing,Opex,Marketing,-354071.6633586851,2023-09
2023-09-01,2023,Actual,Southeast,Core,R&D,Opex,R&D,-280326.8162940199,2023-09
2023-09-01,2023,Actual,Southeast,Core,G&A,Opex,G&A,-222495.5954720129,2023-09
2023-09-01,2023,Actual,Southeast,Core,Support,Opex,Support,-118832.0578524982,2023-09
2023-09-01,2023,Budget,Southeast,Core,Revenue,Revenue,Sales,2185333.8310294687,2023-09
2023-09-01,2023,Budget,Southeast,Core,COGS,COGS,Sales,-845912.7031855276,2023-09
2023-09-01,2023,Budget,Southeast,Core,Sales & Marketing,Opex,Marketing,-378174.8234763158,2023-09
2023-09-01,2023,Budget,Southeast,Core,R&D,Opex,R&D,-277830.57005449524,2023-09
2023-09-01,2023,Budget,Southeast,Core,G&A,Opex,G&A,-181626.33691667128,2023-09
2023-09-01,2023,Budget,Southeast,Core,Support,Opex,Support,-110502.96478998252,2023-09
2023-09-01,2023,Actual,Southeast,Plus,Revenue,Revenue,Sales,2683502.4586170968,2023-09
2023-09-01,2023,Actual,Southeast,Plus,COGS,COGS,Sales,-1147673.600619791,2023-09
2023-09-01,2023,Actual,Southeast,Plus,Sales & Marketing,Opex,Marketing,-539544.9454663034,2023-09
2023-09-01,2023,Actual,Southeast,Plus,R&D,Opex,R&D,-366829.32279431034,2023-09
2023-09-01,2023,Actual,Southeast,Plus,G&A,Opex,G&A,-286463.65065463854,2023-09
2023-09-01,2023,Actual,Southeast,Plus,Support,Opex,Support,-197149.16898344428,2023-09
2023-09-01,2023,Budget,Southeast,Plus,Revenue,Revenue,Sales,2513133.9056838895,2023-09
2023-09-01,2023,Budget,Southeast,Plus,COGS,COGS,Sales,-1052307.5664296772,2023-09
2023-09-01,2023,Budget,Southeast,Plus,Sales & Marketing,Opex,Marketing,-535088.2760061794,2023-09
2023-09-01,2023,Budget,Southeast,Plus,R&D,Opex,R&D,-346453.68405977654,2023-09
2023-09-01,2023,Budget,Southeast,Plus,G&A,Opex,G&A,-244056.47842208276,2023-09
2023-09-01,2023,Budget,Southeast,Plus,Support,Opex,Support,-175009.27109596808,2023-09
2023-09-01,2023,Actual,Southeast,Enterprise,Revenue,Revenue,Sales,3025483.1207647254,2023-09
2023-09-01,2023,Actual,Southeast,Enterprise,COGS,COGS,Sales,-1285075.6328318827,2023-09
2023-09-01,2023,Actual,Southeast,Enterprise,Sales & Marketing,Opex,Marketing,-581287.6037646636,2023-09
2023-09-01,2023,Actual,Southeast,Enterprise,R&D,Opex,R&D,-417301.52089170855,2023-09
2023-09-01,2023,Actual,Southeast,Enterprise,G&A,Opex,G&A,-325069.1567997585,2023-09
2023-09-01,2023,Actual,Southeast,Enterprise,Support,Opex,Support,-189738.89430569494,2023-09
2023-09-01,2023,Budget,Southeast,Enterprise,Revenue,Revenue,Sales,2950200.671889784,2023-09
2023-09-01,2023,Budget,Southeast,Enterprise,COGS,COGS,Sales,-1149500.472770358,2023-09
2023-09-01,2023,Budget,Southeast,Enterprise,Sales & Marketing,Opex,Marketing,-562942.2304480622,2023-09
2023-09-01,2023,Budget,Southeast,Enterprise,R&D,Opex,R&D,-303904.28098353464,2023-09
2023-09-01,2023,Budget,Southeast,Enterprise,G&A,Opex,G&A,-242999.59887704958,2023-09
2023-09-01,2023,Budget,Southeast,Enterprise,Support,Opex,Support,-222215.40809766864,2023-09
2023-09-01,2023,Actual,Southeast,Marketplace Ads,Revenue,Revenue,Sales,1223863.3086356388,2023-09
2023-09-01,2023,Actual,Southeast,Marketplace Ads,COGS,COGS,Sales,-512393.85453740804,2023-09
2023-09-01,2023,Actual,Southeast,Marketplace Ads,Sales & Marketing,Opex,Marketing,-255128.47146512766,2023-09
2023-09-01,2023,Actual,Southeast,Marketplace Ads,R&D,Opex,R&D,-150958.28795907492,2023-09
2023-09-01,2023,Actual,Southeast,Marketplace Ads,G&A,Opex,G&A,-120115.97774974124,2023-09
2023-09-01,2023,Actual,Southeast,Marketplace Ads,Support,Opex,Support,-66905.20854985999,2023-09
2023-09-01,2023,Budget,Southeast,Marketplace Ads,Revenue,Revenue,Sales,1311200.2986176815,2023-09
2023-09-01,2023,Budget,Southeast,Marketplace Ads,COGS,COGS,Sales,-541441.2400435923,2023-09
2023-09-01,2023,Budget,Southeast,Marketplace Ads,Sales & Marketing,Opex,Marketing,-266020.47506086354,2023-09
2023-09-01,2023,Budget,Southeast,Marketplace Ads,R&D,Opex,R&D,-168108.80729841033,2023-09
2023-09-01,2023,Budget,Southeast,Marketplace Ads,G&A,Opex,G&A,-109196.93222546966,2023-09
2023-09-01,2023,Budget,Southeast,Marketplace Ads,Support,Opex,Support,-94039.79345199934,2023-09
2023-09-01,2023,Actual,Midwest,Core,Revenue,Revenue,Sales,2065357.7778505972,2023-09
2023-09-01,2023,Actual,Midwest,Core,COGS,COGS,Sales,-800699.5666938502,2023-09
2023-09-01,2023,Actual,Midwest,Core,Sales & Marketing,Opex,Marketing,-361798.6554908069,2023-09
2023-09-01,2023,Actual,Midwest,Core,R&D,Opex,R&D,-256952.95249305293,2023-09
2023-09-01,2023,Actual,Midwest,Core,G&A,Opex,G&A,-182182.72268924818,2023-09
2023-09-01,2023,Actual,Midwest,Core,Support,Opex,Support,-149214.42185238824,2023-09
2023-09-01,2023,Budget,Midwest,Core,Revenue,Revenue,Sales,2070316.2609752866,2023-09
2023-09-01,2023,Budget,Midwest,Core,COGS,COGS,Sales,-850180.0061534604,2023-09
2023-09-01,2023,Budget,Midwest,Core,Sales & Marketing,Opex,Marketing,-423760.5717998695,2023-09
2023-09-01,2023,Budget,Midwest,Core,R&D,Opex,R&D,-260041.21047873332,2023-09
2023-09-01,2023,Budget,Midwest,Core,G&A,Opex,G&A,-192012.11169794918,2023-09
2023-09-01,2023,Budget,Midwest,Core,Support,Opex,Support,-128833.7370866382,2023-09
2023-09-01,2023,Actual,Midwest,Plus,Revenue,Revenue,Sales,2295696.16476382,2023-09
2023-09-01,2023,Actual,Midwest,Plus,COGS,COGS,Sales,-1021160.0910679573,2023-09
2023-09-01,2023,Actual,Midwest,Plus,Sales & Marketing,Opex,Marketing,-464803.54101393203,2023-09
2023-09-01,2023,Actual,Midwest,Plus,R&D,Opex,R&D,-285438.23014577705,2023-09
2023-09-01,2023,Actual,Midwest,Plus,G&A,Opex,G&A,-193425.05682523758,2023-09
2023-09-01,2023,Actual,Midwest,Plus,Support,Opex,Support,-177161.34691275007,2023-09
2023-09-01,2023,Budget,Midwest,Plus,Revenue,Revenue,Sales,2380863.7001215797,2023-09
2023-09-01,2023,Budget,Midwest,Plus,COGS,COGS,Sales,-984575.674231419,2023-09
2023-09-01,2023,Budget,Midwest,Plus,Sales & Marketing,Opex,Marketing,-388152.42578673933,2023-09
2023-09-01,2023,Budget,Midwest,Plus,R&D,Opex,R&D,-239743.41513619377,2023-09
2023-09-01,2023,Budget,Midwest,Plus,G&A,Opex,G&A,-231970.70115979543,2023-09
2023-09-01,2023,Budget,Midwest,Plus,Support,Opex,Support,-121656.68090040068,2023-09
2023-09-01,2023,Actual,Midwest,Enterprise,Revenue,Revenue,Sales,2730051.055967378,2023-09
2023-09-01,2023,Actual,Midwest,Enterprise,COGS,COGS,Sales,-1189688.3711478359,2023-09
2023-09-01,2023,Actual,Midwest,Enterprise,Sales & Marketing,Opex,Marketing,-487733.0564256699,2023-09
2023-09-01,2023,Actual,Midwest,Enterprise,R&D,Opex,R&D,-375546.58041834325,2023-09
2023-09-01,2023,Actual,Midwest,Enterprise,G&A,Opex,G&A,-228354.69804262798,2023-09
2023-09-01,2023,Actual,Midwest,Enterprise,Support,Opex,Support,-178458.5717423381,2023-09
2023-09-01,2023,Budget,Midwest,Enterprise,Revenue,Revenue,Sales,2794926.9523166367,2023-09
2023-09-01,2023,Budget,Midwest,Enterprise,COGS,COGS,Sales,-1164024.8166742784,2023-09
2023-09-01,2023,Budget,Midwest,Enterprise,Sales & Marketing,Opex,Marketing,-612462.1784210023,2023-09
2023-09-01,2023,Budget,Midwest,Enterprise,R&D,Opex,R&D,-303526.45689223334,2023-09
2023-09-01,2023,Budget,Midwest,Enterprise,G&A,Opex,G&A,-231675.29640943778,2023-09
2023-09-01,2023,Budget,Midwest,Enterprise,Support,Opex,Support,-206183.07320483096,2023-09
2023-09-01,2023,Actual,Midwest,Marketplace Ads,Revenue,Revenue,Sales,1132966.5480429786,2023-09
2023-09-01,2023,Actual,Midwest,Marketplace Ads,COGS,COGS,Sales,-448205.3785178263,2023-09
2023-09-01,2023,Actual,Midwest,Marketplace Ads,Sales & Marketing,Opex,Marketing,-223930.67275047087,2023-09
2023-09-01,2023,Actual,Midwest,Marketplace Ads,R&D,Opex,R&D,-123794.05866446775,2023-09
2023-09-01,2023,Actual,Midwest,Marketplace Ads,G&A,Opex,G&A,-118090.95879260304,2023-09
2023-09-01,2023,Actual,Midwest,Marketplace Ads,Support,Opex,Support,-72916.01937988502,2023-09
2023-09-01,2023,Budget,Midwest,Marketplace Ads,Revenue,Revenue,Sales,1242189.756585172,2023-09
2023-09-01,2023,Budget,Midwest,Marketplace Ads,COGS,COGS,Sales,-538951.4831206317,2023-09
2023-09-01,2023,Budget,Midwest,Marketplace Ads,Sales & Marketing,Opex,Marketing,-218900.90951664164,2023-09
2023-09-01,2023,Budget,Midwest,Marketplace Ads,R&D,Opex,R&D,-155438.64072526366,2023-09
2023-09-01,2023,Budget,Midwest,Marketplace Ads,G&A,Opex,G&A,-108863.73042713999,2023-09
2023-09-01,2023,Budget,Midwest,Marketplace Ads,Support,Opex,Support,-62427.815324615825,2023-09
2023-09-01,2023,Actual,Southwest,Core,Revenue,Revenue,Sales,2431672.433793864,2023-09
2023-09-01,2023,Actual,Southwest,Core,COGS,COGS,Sales,-1059447.8251818628,2023-09
2023-09-01,2023,Actual,Southwest,Core,Sales & Marketing,Opex,Marketing,-415276.91074246576,2023-09
2023-09-01,2023,Actual,Southwest,Core,R&D,Opex,R&D,-313153.2058781127,2023-09
2023-09-01,2023,Actual,Southwest,Core,G&A,Opex,G&A,-238456.0204086623,2023-09
2023-09-01,2023,Actual,Southwest,Core,Support,Opex,Support,-122334.4892248159,2023-09
2023-09-01,2023,Budget,Southwest,Core,Revenue,Revenue,Sales,2300351.401083652,2023-09
2023-09-01,2023,Budget,Southwest,Core,COGS,COGS,Sales,-954519.5790704916,2023-09
2023-09-01,2023,Budget,Southwest,Core,Sales & Marketing,Opex,Marketing,-419065.89007093885,2023-09
2023-09-01,2023,Budget,Southwest,Core,R&D,Opex,R&D,-250963.7833683195,2023-09
2023-09-01,2023,Budget,Southwest,Core,G&A,Opex,G&A,-185477.3454139618,2023-09
2023-09-01,2023,Budget,Southwest,Core,Support,Opex,Support,-172044.15714611855,2023-09
2023-09-01,2023,Actual,Southwest,Plus,Revenue,Revenue,Sales,2474104.35387563,2023-09
2023-09-01,2023,Actual,Southwest,Plus,COGS,COGS,Sales,-965714.0882587362,2023-09
2023-09-01,2023,Actual,Southwest,Plus,Sales & Marketing,Opex,Marketing,-414659.7159470464,2023-09
2023-09-01,2023,Actual,Southwest,Plus,R&D,Opex,R&D,-299909.34619748616,2023-09
2023-09-01,2023,Actual,Southwest,Plus,G&A,Opex,G&A,-262453.27217689255,2023-09
2023-09-01,2023,Actual,Southwest,Plus,Support,Opex,Support,-144316.7410996768,2023-09
2023-09-01,2023,Budget,Southwest,Plus,Revenue,Revenue,Sales,2645404.1112461993,2023-09
2023-09-01,2023,Budget,Southwest,Plus,COGS,COGS,Sales,-1180872.2671279816,2023-09
2023-09-01,2023,Budget,Southwest,Plus,Sales & Marketing,Opex,Marketing,-553885.2442090664,2023-09
2023-09-01,2023,Budget,Southwest,Plus,R&D,Opex,R&D,-312400.58780955285,2023-09
2023-09-01,2023,Budget,Southwest,Plus,G&A,Opex,G&A,-264753.67511516984,2023-09
2023-09-01,2023,Budget,Southwest,Plus,Support,Opex,Support,-166587.56325958268,2023-09
2023-09-01,2023,Actual,Southwest,Enterprise,Revenue,Revenue,Sales,3084012.8137599155,2023-09
2023-09-01,2023,Actual,Southwest,Enterprise,COGS,COGS,Sales,-1207915.093642732,2023-09
2023-09-01,2023,Actual,Southwest,Enterprise,Sales & Marketing,Opex,Marketing,-499731.27583290095,2023-09
2023-09-01,2023,Actual,Southwest,Enterprise,R&D,Opex,R&D,-348172.0548992155,2023-09
2023-09-01,2023,Actual,Southwest,Enterprise,G&A,Opex,G&A,-311669.7703927833,2023-09
2023-09-01,2023,Actual,Southwest,Enterprise,Support,Opex,Support,-232902.2580647845,2023-09
2023-09-01,2023,Budget,Southwest,Enterprise,Revenue,Revenue,Sales,3105474.39146293,2023-09
2023-09-01,2023,Budget,Southwest,Enterprise,COGS,COGS,Sales,-1214550.5994525868,2023-09
2023-09-01,2023,Budget,Southwest,Enterprise,Sales & Marketing,Opex,Marketing,-611535.7040448688,2023-09
2023-09-01,2023,Budget,Southwest,Enterprise,R&D,Opex,R&D,-433230.3261854532,2023-09
2023-09-01,2023,Budget,Southwest,Enterprise,G&A,Opex,G&A,-287237.0299317196,2023-09
2023-09-01,2023,Budget,Southwest,Enterprise,Support,Opex,Support,-218850.73730752937,2023-09
2023-09-01,2023,Actual,Southwest,Marketplace Ads,Revenue,Revenue,Sales,1408557.3046599308,2023-09
2023-09-01,2023,Actual,Southwest,Marketplace Ads,COGS,COGS,Sales,-608095.4751010167,2023-09
2023-09-01,2023,Actual,Southwest,Marketplace Ads,Sales & Marketing,Opex,Marketing,-245273.56551778823,2023-09
2023-09-01,2023,Actual,Southwest,Marketplace Ads,R&D,Opex,R&D,-176953.5997422113,2023-09
2023-09-01,2023,Actual,Southwest,Marketplace Ads,G&A,Opex,G&A,-138288.29900699502,2023-09
2023-09-01,2023,Actual,Southwest,Marketplace Ads,Support,Opex,Support,-95931.08039694166,2023-09
2023-09-01,2023,Budget,Southwest,Marketplace Ads,Revenue,Revenue,Sales,1380210.840650191,2023-09
2023-09-01,2023,Budget,Southwest,Marketplace Ads,COGS,COGS,Sales,-613681.3484776558,2023-09
2023-09-01,2023,Budget,Southwest,Marketplace Ads,Sales & Marketing,Opex,Marketing,-248648.9068651336,2023-09
2023-09-01,2023,Budget,Southwest,Marketplace Ads,R&D,Opex,R&D,-185831.83535270064,2023-09
2023-09-01,2023,Budget,Southwest,Marketplace Ads,G&A,Opex,G&A,-146188.7454344585,2023-09
2023-09-01,2023,Budget,Southwest,Marketplace Ads,Support,Opex,Support,-105484.58411580604,2023-09
2023-09-01,2023,Actual,West,Core,Revenue,Revenue,Sales,2507331.392532128,2023-09
2023-09-01,2023,Actual,West,Core,COGS,COGS,Sales,-1016806.653186349,2023-09
2023-09-01,2023,Actual,West,Core,Sales & Marketing,Opex,Marketing,-526771.3258320857,2023-09
2023-09-01,2023,Actual,West,Core,R&D,Opex,R&D,-345354.4452257327,2023-09
2023-09-01,2023,Actual,West,Core,G&A,Opex,G&A,-236806.7834313239,2023-09
2023-09-01,2023,Actual,West,Core,Support,Opex,Support,-192470.2089357301,2023-09
2023-09-01,2023,Budget,West,Core,Revenue,Revenue,Sales,2530386.5411920166,2023-09
2023-09-01,2023,Budget,West,Core,COGS,COGS,Sales,-985587.7138446094,2023-09
2023-09-01,2023,Budget,West,Core,Sales & Marketing,Opex,Marketing,-441361.7153336633,2023-09
2023-09-01,2023,Budget,West,Core,R&D,Opex,R&D,-350098.69984310906,2023-09
2023-09-01,2023,Budget,West,Core,G&A,Opex,G&A,-220270.4930143053,2023-09
2023-09-01,2023,Budget,West,Core,Support,Opex,Support,-193749.15794480854,2023-09
2023-09-01,2023,Actual,West,Plus,Revenue,Revenue,Sales,3111107.49359569,2023-09
2023-09-01,2023,Actual,West,Plus,COGS,COGS,Sales,-1224505.4210918592,2023-09
2023-09-01,2023,Actual,West,Plus,Sales & Marketing,Opex,Marketing,-653959.6898321407,2023-09
2023-09-01,2023,Actual,West,Plus,R&D,Opex,R&D,-373093.77621102845,2023-09
2023-09-01,2023,Actual,West,Plus,G&A,Opex,G&A,-252240.48155417168,2023-09
2023-09-01,2023,Actual,West,Plus,Support,Opex,Support,-178574.0917018578,2023-09
2023-09-01,2023,Budget,West,Plus,Revenue,Revenue,Sales,2909944.5223708195,2023-09
2023-09-01,2023,Budget,West,Plus,COGS,COGS,Sales,-1139087.478675532,2023-09
2023-09-01,2023,Budget,West,Plus,Sales & Marketing,Opex,Marketing,-562139.6385809911,2023-09
2023-09-01,2023,Budget,West,Plus,R&D,Opex,R&D,-347353.27003828186,2023-09
2023-09-01,2023,Budget,West,Plus,G&A,Opex,G&A,-301293.7722133216,2023-09
2023-09-01,2023,Budget,West,Plus,Support,Opex,Support,-165825.4844486309,2023-09
2023-09-01,2023,Actual,West,Enterprise,Revenue,Revenue,Sales,3387706.252285723,2023-09
2023-09-01,2023,Actual,West,Enterprise,COGS,COGS,Sales,-1461089.4014595086,2023-09
2023-09-01,2023,Actual,West,Enterprise,Sales & Marketing,Opex,Marketing,-616328.4753681961,2023-09
2023-09-01,2023,Actual,West,Enterprise,R&D,Opex,R&D,-440776.61255107966,2023-09
2023-09-01,2023,Actual,West,Enterprise,G&A,Opex,G&A,-321903.8295403953,2023-09
2023-09-01,2023,Actual,West,Enterprise,Support,Opex,Support,-239040.92629799625,2023-09
2023-09-01,2023,Budget,West,Enterprise,Revenue,Revenue,Sales,3416021.830609223,2023-09
2023-09-01,2023,Budget,West,Enterprise,COGS,COGS,Sales,-1456883.8743180137,2023-09
2023-09-01,2023,Budget,West,Enterprise,Sales & Marketing,Opex,Marketing,-726546.996276325,2023-09
2023-09-01,2023,Budget,West,Enterprise,R&D,Opex,R&D,-468931.50770036766,2023-09
2023-09-01,2023,Budget,West,Enterprise,G&A,Opex,G&A,-290112.58804826735,2023-09
2023-09-01,2023,Budget,West,Enterprise,Support,Opex,Support,-209426.63751290136,2023-09
2023-09-01,2023,Actual,West,Marketplace Ads,Revenue,Revenue,Sales,1542120.8920791156,2023-09
2023-09-01,2023,Actual,West,Marketplace Ads,COGS,COGS,Sales,-602750.2261375855,2023-09
2023-09-01,2023,Actual,West,Marketplace Ads,Sales & Marketing,Opex,Marketing,-274472.5686070731,2023-09
2023-09-01,2023,Actual,West,Marketplace Ads,R&D,Opex,R&D,-163876.79202406094,2023-09
2023-09-01,2023,Actual,West,Marketplace Ads,G&A,Opex,G&A,-163329.33325654056,2023-09
2023-09-01,2023,Actual,West,Marketplace Ads,Support,Opex,Support,-113425.12193163537,2023-09
2023-09-01,2023,Budget,West,Marketplace Ads,Revenue,Revenue,Sales,1518231.9247152102,2023-09
2023-09-01,2023,Budget,West,Marketplace Ads,COGS,COGS,Sales,-682497.5273490897,2023-09
2023-09-01,2023,Budget,West,Marketplace Ads,Sales & Marketing,Opex,Marketing,-296463.03792910057,2023-09
2023-09-01,2023,Budget,West,Marketplace Ads,R&D,Opex,R&D,-205113.30070961925,2023-09
2023-09-01,2023,Budget,West,Marketplace Ads,G&A,Opex,G&A,-126703.2813269031,2023-09
2023-09-01,2023,Budget,West,Marketplace Ads,Support,Opex,Support,-104286.9536516364,2023-09
2023-10-01,2023,Actual,Northeast,Core,Revenue,Revenue,Sales,2275156.719053387,2023-10
2023-10-01,2023,Actual,Northeast,Core,COGS,COGS,Sales,-948749.7835429861,2023-10
2023-10-01,2023,Actual,Northeast,Core,Sales & Marketing,Opex,Marketing,-369596.18467683444,2023-10
2023-10-01,2023,Actual,Northeast,Core,R&D,Opex,R&D,-298262.9557311989,2023-10
2023-10-01,2023,Actual,Northeast,Core,G&A,Opex,G&A,-235531.94374057476,2023-10
2023-10-01,2023,Actual,Northeast,Core,Support,Opex,Support,-140749.65317345966,2023-10
2023-10-01,2023,Budget,Northeast,Core,Revenue,Revenue,Sales,2409355.8719999995,2023-10
2023-10-01,2023,Budget,Northeast,Core,COGS,COGS,Sales,-970641.1177760842,2023-10
2023-10-01,2023,Budget,Northeast,Core,Sales & Marketing,Opex,Marketing,-523801.0781515277,2023-10
2023-10-01,2023,Budget,Northeast,Core,R&D,Opex,R&D,-269935.951297257,2023-10
2023-10-01,2023,Budget,Northeast,Core,G&A,Opex,G&A,-201846.625952261,2023-10
2023-10-01,2023,Budget,Northeast,Core,Support,Opex,Support,-150213.00563425932,2023-10
2023-10-01,2023,Actual,Northeast,Plus,Revenue,Revenue,Sales,2733360.1506079263,2023-10
2023-10-01,2023,Actual,Northeast,Plus,COGS,COGS,Sales,-1147161.792795638,2023-10
2023-10-01,2023,Actual,Northeast,Plus,Sales & Marketing,Opex,Marketing,-445090.2764460762,2023-10
2023-10-01,2023,Actual,Northeast,Plus,R&D,Opex,R&D,-301294.4721105513,2023-10
2023-10-01,2023,Actual,Northeast,Plus,G&A,Opex,G&A,-259347.83645908584,2023-10
2023-10-01,2023,Actual,Northeast,Plus,Support,Opex,Support,-160533.74584739885,2023-10
2023-10-01,2023,Budget,Northeast,Plus,Revenue,Revenue,Sales,2770759.2528,2023-10
2023-10-01,2023,Budget,Northeast,Plus,COGS,COGS,Sales,-1092073.6038353746,2023-10
2023-10-01,2023,Budget,Northeast,Plus,Sales & Marketing,Opex,Marketing,-579238.7760977581,2023-10
2023-10-01,2023,Budget,Northeast,Plus,R&D,Opex,R&D,-383875.846456147,2023-10
2023-10-01,2023,Budget,Northeast,Plus,G&A,Opex,G&A,-278040.85628233297,2023-10
2023-10-01,2023,Budget,Northeast,Plus,Support,Opex,Support,-144695.37121441276,2023-10
2023-10-01,2023,Actual,Northeast,Enterprise,Revenue,Revenue,Sales,3155142.065955894,2023-10
2023-10-01,2023,Actual,Northeast,Enterprise,COGS,COGS,Sales,-1353432.2857013105,2023-10
2023-10-01,2023,Actual,Northeast,Enterprise,Sales & Marketing,Opex,Marketing,-669853.3333535715,2023-10
2023-10-01,2023,Actual,Northeast,Enterprise,R&D,Opex,R&D,-439836.6783228576,2023-10
2023-10-01,2023,Actual,Northeast,Enterprise,G&A,Opex,G&A,-256157.23361189853,2023-10
2023-10-01,2023,Actual,Northeast,Enterprise,Support,Opex,Support,-242389.06827859764,2023-10
2023-10-01,2023,Budget,Northeast,Enterprise,Revenue,Revenue,Sales,3252630.4272,2023-10
2023-10-01,2023,Budget,Northeast,Enterprise,COGS,COGS,Sales,-1335607.787927945,2023-10
2023-10-01,2023,Budget,Northeast,Enterprise,Sales & Marketing,Opex,Marketing,-669227.7106152801,2023-10
2023-10-01,2023,Budget,Northeast,Enterprise,R&D,Opex,R&D,-413362.411741218,2023-10
2023-10-01,2023,Budget,Northeast,Enterprise,G&A,Opex,G&A,-329288.20241488284,2023-10
2023-10-01,2023,Budget,Northeast,Enterprise,Support,Opex,Support,-238294.58011227308,2023-10
2023-10-01,2023,Actual,Northeast,Marketplace Ads,Revenue,Revenue,Sales,1352199.3423907198,2023-10
2023-10-01,2023,Actual,Northeast,Marketplace Ads,COGS,COGS,Sales,-518082.09476674616,2023-10
2023-10-01,2023,Actual,Northeast,Marketplace Ads,Sales & Marketing,Opex,Marketing,-234947.0543662269,2023-10
2023-10-01,2023,Actual,Northeast,Marketplace Ads,R&D,Opex,R&D,-135511.59254750345,2023-10
2023-10-01,2023,Actual,Northeast,Marketplace Ads,G&A,Opex,G&A,-144824.32239518553,2023-10
2023-10-01,2023,Actual,Northeast,Marketplace Ads,Support,Opex,Support,-99203.5934226722,2023-10
2023-10-01,2023,Budget,Northeast,Marketplace Ads,Revenue,Revenue,Sales,1445613.5232,2023-10
2023-10-01,2023,Budget,Northeast,Marketplace Ads,COGS,COGS,Sales,-600487.8843210271,2023-10
2023-10-01,2023,Budget,Northeast,Marketplace Ads,Sales & Marketing,Opex,Marketing,-300598.2546253351,2023-10
2023-10-01,2023,Budget,Northeast,Marketplace Ads,R&D,Opex,R&D,-182794.9151952155,2023-10
2023-10-01,2023,Budget,Northeast,Marketplace Ads,G&A,Opex,G&A,-157538.81388215805,2023-10
2023-10-01,2023,Budget,Northeast,Marketplace Ads,Support,Opex,Support,-93831.53910842541,2023-10
2023-10-01,2023,Actual,Southeast,Core,Revenue,Revenue,Sales,2081917.9024309462,2023-10
2023-10-01,2023,Actual,Southeast,Core,COGS,COGS,Sales,-854826.5056438274,2023-10
2023-10-01,2023,Actual,Southeast,Core,Sales & Marketing,Opex,Marketing,-359593.0276002579,2023-10
2023-10-01,2023,Actual,Southeast,Core,R&D,Opex,R&D,-237676.92754926486,2023-10
2023-10-01,2023,Actual,Southeast,Core,G&A,Opex,G&A,-173954.7088546868,2023-10
2023-10-01,2023,Actual,Southeast,Core,Support,Opex,Support,-135367.12406797215,2023-10
2023-10-01,2023,Budget,Southeast,Core,Revenue,Revenue,Sales,2179893.408,2023-10
2023-10-01,2023,Budget,Southeast,Core,COGS,COGS,Sales,-841583.3744285721,2023-10
2023-10-01,2023,Budget,Southeast,Core,Sales & Marketing,Opex,Marketing,-366666.78571151604,2023-10
2023-10-01,2023,Budget,Southeast,Core,R&D,Opex,R&D,-273680.64440578764,2023-10
2023-10-01,2023,Budget,Southeast,Core,G&A,Opex,G&A,-192870.1729495725,2023-10
2023-10-01,2023,Budget,Southeast,Core,Support,Opex,Support,-149625.41133361598,2023-10
2023-10-01,2023,Actual,Southeast,Plus,Revenue,Revenue,Sales,2440609.311978018,2023-10
2023-10-01,2023,Actual,Southeast,Plus,COGS,COGS,Sales,-1016318.0073636953,2023-10
2023-10-01,2023,Actual,Southeast,Plus,Sales & Marketing,Opex,Marketing,-439726.46791124326,2023-10
2023-10-01,2023,Actual,Southeast,Plus,R&D,Opex,R&D,-256464.56329215708,2023-10
2023-10-01,2023,Actual,Southeast,Plus,G&A,Opex,G&A,-219449.71034354498,2023-10
2023-10-01,2023,Actual,Southeast,Plus,Support,Opex,Support,-133367.03345248572,2023-10
2023-10-01,2023,Budget,Southeast,Plus,Revenue,Revenue,Sales,2506877.4192,2023-10
2023-10-01,2023,Budget,Southeast,Plus,COGS,COGS,Sales,-989815.862628935,2023-10
2023-10-01,2023,Budget,Southeast,Plus,Sales & Marketing,Opex,Marketing,-529926.4316035719,2023-10
2023-10-01,2023,Budget,Southeast,Plus,R&D,Opex,R&D,-253999.73523951182,2023-10
2023-10-01,2023,Budget,Southeast,Plus,G&A,Opex,G&A,-222406.03656212994,2023-10
2023-10-01,2023,Budget,Southeast,Plus,Support,Opex,Support,-166286.7168670185,2023-10
2023-10-01,2023,Actual,Southeast,Enterprise,Revenue,Revenue,Sales,2872282.128966973,2023-10
2023-10-01,2023,Actual,Southeast,Enterprise,COGS,COGS,Sales,-1153476.2096661413,2023-10
2023-10-01,2023,Actual,Southeast,Enterprise,Sales & Marketing,Opex,Marketing,-581765.937148168,2023-10
2023-10-01,2023,Actual,Southeast,Enterprise,R&D,Opex,R&D,-370799.94901763427,2023-10
2023-10-01,2023,Actual,Southeast,Enterprise,G&A,Opex,G&A,-254016.6565040464,2023-10
2023-10-01,2023,Actual,Southeast,Enterprise,Support,Opex,Support,-187895.42340012782,2023-10
2023-10-01,2023,Budget,Southeast,Enterprise,Revenue,Revenue,Sales,2942856.1008,2023-10
2023-10-01,2023,Budget,Southeast,Enterprise,COGS,COGS,Sales,-1251691.2349871476,2023-10
2023-10-01,2023,Budget,Southeast,Enterprise,Sales & Marketing,Opex,Marketing,-556251.8330723022,2023-10
2023-10-01,2023,Budget,Southeast,Enterprise,R&D,Opex,R&D,-404081.1055411928,2023-10
2023-10-01,2023,Budget,Southeast,Enterprise,G&A,Opex,G&A,-253975.46739816607,2023-10
2023-10-01,2023,Budget,Southeast,Enterprise,Support,Opex,Support,-151179.27490720025,2023-10
2023-10-01,2023,Actual,Southeast,Marketplace Ads,Revenue,Revenue,Sales,1249876.3750334366,2023-10
2023-10-01,2023,Actual,Southeast,Marketplace Ads,COGS,COGS,Sales,-499822.5547693798,2023-10
2023-10-01,2023,Actual,Southeast,Marketplace Ads,Sales & Marketing,Opex,Marketing,-226531.95454647372,2023-10
2023-10-01,2023,Actual,Southeast,Marketplace Ads,R&D,Opex,R&D,-125875.02576426607,2023-10
2023-10-01,2023,Actual,Southeast,Marketplace Ads,G&A,Opex,G&A,-137243.25029238898,2023-10
2023-10-01,2023,Actual,Southeast,Marketplace Ads,Support,Opex,Support,-76486.47280568318,2023-10
2023-10-01,2023,Budget,Southeast,Marketplace Ads,Revenue,Revenue,Sales,1307936.0448,2023-10
2023-10-01,2023,Budget,Southeast,Marketplace Ads,COGS,COGS,Sales,-573570.3574462933,2023-10
2023-10-01,2023,Budget,Southeast,Marketplace Ads,Sales & Marketing,Opex,Marketing,-227175.13490401767,2023-10
2023-10-01,2023,Budget,Southeast,Marketplace Ads,R&D,Opex,R&D,-174951.73998036707,2023-10
2023-10-01,2023,Budget,Southeast,Marketplace Ads,G&A,Opex,G&A,-130060.17995988822,2023-10
2023-10-01,2023,Budget,Southeast,Marketplace Ads,Support,Opex,Support,-93638.45027200197,2023-10
2023-10-01,2023,Actual,Midwest,Core,Revenue,Revenue,Sales,1995453.4526453377,2023-10
2023-10-01,2023,Actual,Midwest,Core,COGS,COGS,Sales,-778994.4333162197,2023-10
2023-10-01,2023,Actual,Midwest,Core,Sales & Marketing,Opex,Marketing,-347201.2015676547,2023-10
2023-10-01,2023,Actual,Midwest,Core,R&D,Opex,R&D,-277081.5833628489,2023-10
2023-10-01,2023,Actual,Midwest,Core,G&A,Opex,G&A,-196469.4671916347,2023-10
2023-10-01,2023,Actual,Midwest,Core,Support,Opex,Support,-147511.87168425613,2023-10
2023-10-01,2023,Budget,Midwest,Core,Revenue,Revenue,Sales,2065162.1759999997,2023-10
2023-10-01,2023,Budget,Midwest,Core,COGS,COGS,Sales,-836115.9215399678,2023-10
2023-10-01,2023,Budget,Midwest,Core,Sales & Marketing,Opex,Marketing,-414166.00305791636,2023-10
2023-10-01,2023,Budget,Midwest,Core,R&D,Opex,R&D,-243058.30189055658,2023-10
2023-10-01,2023,Budget,Midwest,Core,G&A,Opex,G&A,-168537.80873483617,2023-10
2023-10-01,2023,Budget,Midwest,Core,Support,Opex,Support,-156617.42777307623,2023-10
2023-10-01,2023,Actual,Midwest,Plus,Revenue,Revenue,Sales,2351501.5493998504,2023-10
2023-10-01,2023,Actual,Midwest,Plus,COGS,COGS,Sales,-920809.2413947138,2023-10
2023-10-01,2023,Actual,Midwest,Plus,Sales & Marketing,Opex,Marketing,-474704.3202933195,2023-10
2023-10-01,2023,Actual,Midwest,Plus,R&D,Opex,R&D,-312093.2448494675,2023-10
2023-10-01,2023,Actual,Midwest,Plus,G&A,Opex,G&A,-197031.7810295651,2023-10
2023-10-01,2023,Actual,Midwest,Plus,Support,Opex,Support,-176822.66060940464,2023-10
2023-10-01,2023,Budget,Midwest,Plus,Revenue,Revenue,Sales,2374936.5023999996,2023-10
2023-10-01,2023,Budget,Midwest,Plus,COGS,COGS,Sales,-951574.9164498546,2023-10
2023-10-01,2023,Budget,Midwest,Plus,Sales & Marketing,Opex,Marketing,-424363.21958202653,2023-10
2023-10-01,2023,Budget,Midwest,Plus,R&D,Opex,R&D,-276993.08709515224,2023-10
2023-10-01,2023,Budget,Midwest,Plus,G&A,Opex,G&A,-233202.45352413133,2023-10
2023-10-01,2023,Budget,Midwest,Plus,Support,Opex,Support,-151450.1606708568,2023-10
2023-10-01,2023,Actual,Midwest,Enterprise,Revenue,Revenue,Sales,2848935.5622809976,2023-10
2023-10-01,2023,Actual,Midwest,Enterprise,COGS,COGS,Sales,-1172917.3670431492,2023-10
2023-10-01,2023,Actual,Midwest,Enterprise,Sales & Marketing,Opex,Marketing,-563887.9245656374,2023-10
2023-10-01,2023,Actual,Midwest,Enterprise,R&D,Opex,R&D,-377069.47071061324,2023-10
2023-10-01,2023,Actual,Midwest,Enterprise,G&A,Opex,G&A,-297258.3228553308,2023-10
2023-10-01,2023,Actual,Midwest,Enterprise,Support,Opex,Support,-198493.0826544149,2023-10
2023-10-01,2023,Budget,Midwest,Enterprise,Revenue,Revenue,Sales,2787968.9376,2023-10
2023-10-01,2023,Budget,Midwest,Enterprise,COGS,COGS,Sales,-1217979.2281511552,2023-10
2023-10-01,2023,Budget,Midwest,Enterprise,Sales & Marketing,Opex,Marketing,-543121.5278039669,2023-10
2023-10-01,2023,Budget,Midwest,Enterprise,R&D,Opex,R&D,-338793.2901595148,2023-10
2023-10-01,2023,Budget,Midwest,Enterprise,G&A,Opex,G&A,-263415.08823650534,2023-10
2023-10-01,2023,Budget,Midwest,Enterprise,Support,Opex,Support,-160196.50450430004,2023-10
2023-10-01,2023,Actual,Midwest,Marketplace Ads,Revenue,Revenue,Sales,1224867.0703916785,2023-10
2023-10-01,2023,Actual,Midwest,Marketplace Ads,COGS,COGS,Sales,-493869.1828360359,2023-10
2023-10-01,2023,Actual,Midwest,Marketplace Ads,Sales & Marketing,Opex,Marketing,-266436.5679077002,2023-10
2023-10-01,2023,Actual,Midwest,Marketplace Ads,R&D,Opex,R&D,-164740.56278204967,2023-10
2023-10-01,2023,Actual,Midwest,Marketplace Ads,G&A,Opex,G&A,-109994.09156103243,2023-10
2023-10-01,2023,Actual,Midwest,Marketplace Ads,Support,Opex,Support,-75762.58939280384,2023-10
2023-10-01,2023,Budget,Midwest,Marketplace Ads,Revenue,Revenue,Sales,1239097.3056,2023-10
2023-10-01,2023,Budget,Midwest,Marketplace Ads,COGS,COGS,Sales,-492841.0145062658,2023-10
2023-10-01,2023,Budget,Midwest,Marketplace Ads,Sales & Marketing,Opex,Marketing,-271410.7985742358,2023-10
2023-10-01,2023,Budget,Midwest,Marketplace Ads,R&D,Opex,R&D,-173032.17070687434,2023-10
2023-10-01,2023,Budget,Midwest,Marketplace Ads,G&A,Opex,G&A,-120640.11767246888,2023-10
2023-10-01,2023,Budget,Midwest,Marketplace Ads,Support,Opex,Support,-67930.71315616964,2023-10
2023-10-01,2023,Actual,Southwest,Core,Revenue,Revenue,Sales,2133482.2910249704,2023-10
2023-10-01,2023,Actual,Southwest,Core,COGS,COGS,Sales,-920478.229901821,2023-10
2023-10-01,2023,Actual,Southwest,Core,Sales & Marketing,Opex,Marketing,-394745.0317511452,2023-10
2023-10-01,2023,Actual,Southwest,Core,R&D,Opex,R&D,-264795.3257112819,2023-10
2023-10-01,2023,Actual,Southwest,Core,G&A,Opex,G&A,-175337.68448331323,2023-10
2023-10-01,2023,Actual,Southwest,Core,Support,Opex,Support,-153487.1479031414,2023-10
2023-10-01,2023,Budget,Southwest,Core,Revenue,Revenue,Sales,2294624.64,2023-10
2023-10-01,2023,Budget,Southwest,Core,COGS,COGS,Sales,-941719.7790236342,2023-10
2023-10-01,2023,Budget,Southwest,Core,Sales & Marketing,Opex,Marketing,-386697.60917610757,2023-10
2023-10-01,2023,Budget,Southwest,Core,R&D,Opex,R&D,-256172.93506090826,2023-10
2023-10-01,2023,Budget,Southwest,Core,G&A,Opex,G&A,-247534.97968952716,2023-10
2023-10-01,2023,Budget,Southwest,Core,Support,Opex,Support,-148336.60706433016,2023-10
2023-10-01,2023,Actual,Southwest,Plus,Revenue,Revenue,Sales,2345627.949137023,2023-10
2023-10-01,2023,Actual,Southwest,Plus,COGS,COGS,Sales,-986892.7340736114,2023-10
2023-10-01,2023,Actual,Southwest,Plus,Sales & Marketing,Opex,Marketing,-456364.6118793965,2023-10
2023-10-01,2023,Actual,Southwest,Plus,R&D,Opex,R&D,-235849.88919082732,2023-10
2023-10-01,2023,Actual,Southwest,Plus,G&A,Opex,G&A,-221548.64211310315,2023-10
2023-10-01,2023,Actual,Southwest,Plus,Support,Opex,Support,-135042.4918493794,2023-10
2023-10-01,2023,Budget,Southwest,Plus,Revenue,Revenue,Sales,2638818.3359999997,2023-10
2023-10-01,2023,Budget,Southwest,Plus,COGS,COGS,Sales,-1088417.92315515,2023-10
2023-10-01,2023,Budget,Southwest,Plus,Sales & Marketing,Opex,Marketing,-550117.9321140348,2023-10
2023-10-01,2023,Budget,Southwest,Plus,R&D,Opex,R&D,-277549.65855154063,2023-10
2023-10-01,2023,Budget,Southwest,Plus,G&A,Opex,G&A,-261153.79528801932,2023-10
2023-10-01,2023,Budget,Southwest,Plus,Support,Opex,Support,-197365.60747502706,2023-10
2023-10-01,2023,Actual,Southwest,Enterprise,Revenue,Revenue,Sales,3071771.7420001477,2023-10
2023-10-01,2023,Actual,Southwest,Enterprise,COGS,COGS,Sales,-1272729.9672546098,2023-10
2023-10-01,2023,Actual,Southwest,Enterprise,Sales & Marketing,Opex,Marketing,-499813.27159025776,2023-10
2023-10-01,2023,Actual,Southwest,Enterprise,R&D,Opex,R&D,-427096.32079265,2023-10
2023-10-01,2023,Actual,Southwest,Enterprise,G&A,Opex,G&A,-288751.4069774962,2023-10
2023-10-01,2023,Actual,Southwest,Enterprise,Support,Opex,Support,-216085.7788565347,2023-10
2023-10-01,2023,Budget,Southwest,Enterprise,Revenue,Revenue,Sales,3097743.264,2023-10
2023-10-01,2023,Budget,Southwest,Enterprise,COGS,COGS,Sales,-1393501.4545587422,2023-10
2023-10-01,2023,Budget,Southwest,Enterprise,Sales & Marketing,Opex,Marketing,-515509.4348414665,2023-10
2023-10-01,2023,Budget,Southwest,Enterprise,R&D,Opex,R&D,-333728.10871323134,2023-10
2023-10-01,2023,Budget,Southwest,Enterprise,G&A,Opex,G&A,-324248.0924785888,2023-10
2023-10-01,2023,Budget,Southwest,Enterprise,Support,Opex,Support,-223180.7380204887,2023-10
2023-10-01,2023,Actual,Southwest,Marketplace Ads,Revenue,Revenue,Sales,1340257.3243531992,2023-10
2023-10-01,2023,Actual,Southwest,Marketplace Ads,COGS,COGS,Sales,-588425.7281395129,2023-10
2023-10-01,2023,Actual,Southwest,Marketplace Ads,Sales & Marketing,Opex,Marketing,-242355.975269039,2023-10
2023-10-01,2023,Actual,Southwest,Marketplace Ads,R&D,Opex,R&D,-148593.43829118102,2023-10
2023-10-01,2023,Actual,Southwest,Marketplace Ads,G&A,Opex,G&A,-132199.00897190467,2023-10
2023-10-01,2023,Actual,Southwest,Marketplace Ads,Support,Opex,Support,-79454.14258124327,2023-10
2023-10-01,2023,Budget,Southwest,Marketplace Ads,Revenue,Revenue,Sales,1376774.784,2023-10
2023-10-01,2023,Budget,Southwest,Marketplace Ads,COGS,COGS,Sales,-547777.3420495396,2023-10
2023-10-01,2023,Budget,Southwest,Marketplace Ads,Sales & Marketing,Opex,Marketing,-272208.30574276525,2023-10
2023-10-01,2023,Budget,Southwest,Marketplace Ads,R&D,Opex,R&D,-172984.85400089738,2023-10
2023-10-01,2023,Budget,Southwest,Marketplace Ads,G&A,Opex,G&A,-133549.8969819488,2023-10
2023-10-01,2023,Budget,Southwest,Marketplace Ads,Support,Opex,Support,-91889.21909153333,2023-10
2023-10-01,2023,Actual,West,Core,Revenue,Revenue,Sales,2576117.8825037503,2023-10
2023-10-01,2023,Actual,West,Core,COGS,COGS,Sales,-983411.169120699,2023-10
2023-10-01,2023,Actual,West,Core,Sales & Marketing,Opex,Marketing,-492444.2764943556,2023-10
2023-10-01,2023,Actual,West,Core,R&D,Opex,R&D,-302597.31133128476,2023-10
2023-10-01,2023,Actual,West,Core,G&A,Opex,G&A,-271526.45674974594,2023-10
2023-10-01,2023,Actual,West,Core,Support,Opex,Support,-172328.63071181864,2023-10
2023-10-01,2023,Budget,West,Core,Revenue,Revenue,Sales,2524087.104,2023-10
2023-10-01,2023,Budget,West,Core,COGS,COGS,Sales,-1074122.981073415,2023-10
2023-10-01,2023,Budget,West,Core,Sales & Marketing,Opex,Marketing,-467260.20601277606,2023-10
2023-10-01,2023,Budget,West,Core,R&D,Opex,R&D,-340625.6312238023,2023-10
2023-10-01,2023,Budget,West,Core,G&A,Opex,G&A,-277025.1097445279,2023-10
2023-10-01,2023,Budget,West,Core,Support,Opex,Support,-180340.07717962537,2023-10
2023-10-01,2023,Actual,West,Plus,Revenue,Revenue,Sales,2961491.7876319108,2023-10
2023-10-01,2023,Actual,West,Plus,COGS,COGS,Sales,-1145640.7450641142,2023-10
2023-10-01,2023,Actual,West,Plus,Sales & Marketing,Opex,Marketing,-502159.3904852541,2023-10
2023-10-01,2023,Actual,West,Plus,R&D,Opex,R&D,-371346.9059396864,2023-10
2023-10-01,2023,Actual,West,Plus,G&A,Opex,G&A,-243924.7236403336,2023-10
2023-10-01,2023,Actual,West,Plus,Support,Opex,Support,-189694.56351912185,2023-10
2023-10-01,2023,Budget,West,Plus,Revenue,Revenue,Sales,2902700.1696,2023-10
2023-10-01,2023,Budget,West,Plus,COGS,COGS,Sales,-1205281.5887534972,2023-10
2023-10-01,2023,Budget,West,Plus,Sales & Marketing,Opex,Marketing,-465820.5210188185,2023-10
2023-10-01,2023,Budget,West,Plus,R&D,Opex,R&D,-354534.1618210818,2023-10
2023-10-01,2023,Budget,West,Plus,G&A,Opex,G&A,-251432.08872738408,2023-10
2023-10-01,2023,Budget,West,Plus,Support,Opex,Support,-160373.13443407716,2023-10
2023-10-01,2023,Actual,West,Enterprise,Revenue,Revenue,Sales,3332260.708809878,2023-10
2023-10-01,2023,Actual,West,Enterprise,COGS,COGS,Sales,-1358944.5949523884,2023-10
2023-10-01,2023,Actual,West,Enterprise,Sales & Marketing,Opex,Marketing,-656279.5187232282,2023-10
2023-10-01,2023,Actual,West,Enterprise,R&D,Opex,R&D,-362970.3957051548,2023-10
2023-10-01,2023,Actual,West,Enterprise,G&A,Opex,G&A,-354993.5074650394,2023-10
2023-10-01,2023,Actual,West,Enterprise,Support,Opex,Support,-191884.7298850863,2023-10
2023-10-01,2023,Budget,West,Enterprise,Revenue,Revenue,Sales,3407517.5903999996,2023-10
2023-10-01,2023,Budget,West,Enterprise,COGS,COGS,Sales,-1514397.373353551,2023-10
2023-10-01,2023,Budget,West,Enterprise,Sales & Marketing,Opex,Marketing,-648547.2492457192,2023-10
2023-10-01,2023,Budget,West,Enterprise,R&D,Opex,R&D,-392548.5974472231,2023-10
2023-10-01,2023,Budget,West,Enterprise,G&A,Opex,G&A,-360673.9392859645,2023-10
2023-10-01,2023,Budget,West,Enterprise,Support,Opex,Support,-188846.7554490984,2023-10
2023-10-01,2023,Actual,West,Marketplace Ads,Revenue,Revenue,Sales,1560110.7815018203,2023-10
2023-10-01,2023,Actual,West,Marketplace Ads,COGS,COGS,Sales,-606766.9873320112,2023-10
2023-10-01,2023,Actual,West,Marketplace Ads,Sales & Marketing,Opex,Marketing,-282375.9948318629,2023-10
2023-10-01,2023,Actual,West,Marketplace Ads,R&D,Opex,R&D,-174181.84733856205,2023-10
2023-10-01,2023,Actual,West,Marketplace Ads,G&A,Opex,G&A,-166258.77568249824,2023-10
2023-10-01,2023,Actual,West,Marketplace Ads,Support,Opex,Support,-122355.78407158083,2023-10
2023-10-01,2023,Budget,West,Marketplace Ads,Revenue,Revenue,Sales,1514452.2624,2023-10
2023-10-01,2023,Budget,West,Marketplace Ads,COGS,COGS,Sales,-595582.7923129998,2023-10
2023-10-01,2023,Budget,West,Marketplace Ads,Sales & Marketing,Opex,Marketing,-326673.21044906345,2023-10
2023-10-01,2023,Budget,West,Marketplace Ads,R&D,Opex,R&D,-209462.90051988314,2023-10
2023-10-01,2023,Budget,West,Marketplace Ads,G&A,Opex,G&A,-144421.37443330282,2023-10
2023-10-01,2023,Budget,West,Marketplace Ads,Support,Opex,Support,-97703.01092815008,2023-10
2023-11-01,2023,Actual,Northeast,Core,Revenue,Revenue,Sales,2439905.6927102674,2023-11
2023-11-01,2023,Actual,Northeast,Core,COGS,COGS,Sales,-1046121.2266108975,2023-11
2023-11-01,2023,Actual,Northeast,Core,Sales & Marketing,Opex,Marketing,-402781.15956376016,2023-11
2023-11-01,2023,Actual,Northeast,Core,R&D,Opex,R&D,-341140.4405639573,2023-11
2023-11-01,2023,Actual,Northeast,Core,G&A,Opex,G&A,-266449.939797735,2023-11
2023-11-01,2023,Actual,Northeast,Core,Support,Opex,Support,-161952.96902848454,2023-11
2023-11-01,2023,Budget,Northeast,Core,Revenue,Revenue,Sales,2491377.0856141998,2023-11
2023-11-01,2023,Budget,Northeast,Core,COGS,COGS,Sales,-1050022.350379811,2023-11
2023-11-01,2023,Budget,Northeast,Core,Sales & Marketing,Opex,Marketing,-510649.98298442794,2023-11
2023-11-01,2023,Budget,Northeast,Core,R&D,Opex,R&D,-304066.5166651326,2023-11
2023-11-01,2023,Budget,Northeast,Core,G&A,Opex,G&A,-231210.25466629598,2023-11
2023-11-01,2023,Budget,Northeast,Core,Support,Opex,Support,-135506.18903691418,2023-11
2023-11-01,2023,Actual,Northeast,Plus,Revenue,Revenue,Sales,2735372.3006957443,2023-11
2023-11-01,2023,Actual,Northeast,Plus,COGS,COGS,Sales,-1048118.74695655,2023-11
2023-11-01,2023,Actual,Northeast,Plus,Sales & Marketing,Opex,Marketing,-513088.9305950186,2023-11
2023-11-01,2023,Actual,Northeast,Plus,R&D,Opex,R&D,-322723.95200708153,2023-11
2023-11-01,2023,Actual,Northeast,Plus,G&A,Opex,G&A,-250831.42598710794,2023-11
2023-11-01,2023,Actual,Northeast,Plus,Support,Opex,Support,-152204.59387405042,2023-11
2023-11-01,2023,Budget,Northeast,Plus,Revenue,Revenue,Sales,2865083.6484563295,2023-11
2023-11-01,2023,Budget,Northeast,Plus,COGS,COGS,Sales,-1186583.0107135007,2023-11
2023-11-01,2023,Budget,Northeast,Plus,Sales & Marketing,Opex,Marketing,-550953.4750444331,2023-11
2023-11-01,2023,Budget,Northeast,Plus,R&D,Opex,R&D,-369732.79249965993,2023-11
2023-11-01,2023,Budget,Northeast,Plus,G&A,Opex,G&A,-238089.46128899237,2023-11
2023-11-01,2023,Budget,Northeast,Plus,Support,Opex,Support,-217924.92567159925,2023-11
2023-11-01,2023,Actual,Northeast,Enterprise,Revenue,Revenue,Sales,3186867.14305617,2023-11
2023-11-01,2023,Actual,Northeast,Enterprise,COGS,COGS,Sales,-1395008.5314163023,2023-11
2023-11-01,2023,Actual,Northeast,Enterprise,Sales & Marketing,Opex,Marketing,-604047.484742941,2023-11
2023-11-01,2023,Actual,Northeast,Enterprise,R&D,Opex,R&D,-326363.7656367035,2023-11
2023-11-01,2023,Actual,Northeast,Enterprise,G&A,Opex,G&A,-322283.3851244788,2023-11
2023-11-01,2023,Actual,Northeast,Enterprise,Support,Opex,Support,-244573.7993059978,2023-11
2023-11-01,2023,Budget,Northeast,Enterprise,Revenue,Revenue,Sales,3363359.06557917,2023-11
2023-11-01,2023,Budget,Northeast,Enterprise,COGS,COGS,Sales,-1410168.6042304835,2023-11
2023-11-01,2023,Budget,Northeast,Enterprise,Sales & Marketing,Opex,Marketing,-567172.8021681489,2023-11
2023-11-01,2023,Budget,Northeast,Enterprise,R&D,Opex,R&D,-348049.6520532125,2023-11
2023-11-01,2023,Budget,Northeast,Enterprise,G&A,Opex,G&A,-320795.41600087885,2023-11
2023-11-01,2023,Budget,Northeast,Enterprise,Support,Opex,Support,-181174.7940538038,2023-11
2023-11-01,2023,Actual,Northeast,Marketplace Ads,Revenue,Revenue,Sales,1540943.5940841218,2023-11
2023-11-01,2023,Actual,Northeast,Marketplace Ads,COGS,COGS,Sales,-650757.4328861798,2023-11
2023-11-01,2023,Actual,Northeast,Marketplace Ads,Sales & Marketing,Opex,Marketing,-247988.4358747788,2023-11
2023-11-01,2023,Actual,Northeast,Marketplace Ads,R&D,Opex,R&D,-214483.55891827613,2023-11
2023-11-01,2023,Actual,Northeast,Marketplace Ads,G&A,Opex,G&A,-163985.2566893118,2023-11
2023-11-01,2023,Actual,Northeast,Marketplace Ads,Support,Opex,Support,-82855.94600875031,2023-11
2023-11-01,2023,Budget,Northeast,Marketplace Ads,Revenue,Revenue,Sales,1494826.25136852,2023-11
2023-11-01,2023,Budget,Northeast,Marketplace Ads,COGS,COGS,Sales,-629739.0603294112,2023-11
2023-11-01,2023,Budget,Northeast,Marketplace Ads,Sales & Marketing,Opex,Marketing,-295723.0922445511,2023-11
2023-11-01,2023,Budget,Northeast,Marketplace Ads,R&D,Opex,R&D,-156267.4979832881,2023-11
2023-11-01,2023,Budget,Northeast,Marketplace Ads,G&A,Opex,G&A,-152003.14132320776,2023-11
2023-11-01,2023,Budget,Northeast,Marketplace Ads,Support,Opex,Support,-119579.15369274544,2023-11
2023-11-01,2023,Actual,Southeast,Core,Revenue,Revenue,Sales,2159366.8732028115,2023-11
2023-11-01,2023,Actual,Southeast,Core,COGS,COGS,Sales,-903672.2575507378,2023-11
2023-11-01,2023,Actual,Southeast,Core,Sales & Marketing,Opex,Marketing,-380190.837263019,2023-11
2023-11-01,2023,Actual,Southeast,Core,R&D,Opex,R&D,-292592.9523375715,2023-11
2023-11-01,2023,Actual,Southeast,Core,G&A,Opex,G&A,-191987.30442143473,2023-11
2023-11-01,2023,Actual,Southeast,Core,Support,Opex,Support,-149440.89855632276,2023-11
2023-11-01,2023,Budget,Southeast,Core,Revenue,Revenue,Sales,2254103.0774604664,2023-11
2023-11-01,2023,Budget,Southeast,Core,COGS,COGS,Sales,-858641.0612621561,2023-11
2023-11-01,2023,Budget,Southeast,Core,Sales & Marketing,Opex,Marketing,-416092.4172978769,2023-11
2023-11-01,2023,Budget,Southeast,Core,R&D,Opex,R&D,-249580.79300393088,2023-11
2023-11-01,2023,Budget,Southeast,Core,G&A,Opex,G&A,-238007.70310134283,2023-11
2023-11-01,2023,Budget,Southeast,Core,Support,Opex,Support,-117203.77923957548,2023-11
2023-11-01,2023,Actual,Southeast,Plus,Revenue,Revenue,Sales,2453411.52029998,2023-11
2023-11-01,2023,Actual,Southeast,Plus,COGS,COGS,Sales,-976590.8553180187,2023-11
2023-11-01,2023,Actual,Southeast,Plus,Sales & Marketing,Opex,Marketing,-454871.42363263835,2023-11
2023-11-01,2023,Actual,Southeast,Plus,R&D,Opex,R&D,-270340.4507092822,2023-11
2023-11-01,2023,Actual,Southeast,Plus,G&A,Opex,G&A,-240073.3020379285,2023-11
2023-11-01,2023,Actual,Southeast,Plus,Support,Opex,Support,-156510.28311122226,2023-11
2023-11-01,2023,Budget,Southeast,Plus,Revenue,Revenue,Sales,2592218.5390795367,2023-11
2023-11-01,2023,Budget,Southeast,Plus,COGS,COGS,Sales,-1084273.6231009269,2023-11
2023-11-01,2023,Budget,Southeast,Plus,Sales & Marketing,Opex,Marketing,-552166.1269028161,2023-11
2023-11-01,2023,Budget,Southeast,Plus,R&D,Opex,R&D,-324322.19816823455,2023-11
2023-11-01,2023,Budget,Southeast,Plus,G&A,Opex,G&A,-284731.06502697506,2023-11
2023-11-01,2023,Budget,Southeast,Plus,Support,Opex,Support,-181267.9569631764,2023-11
2023-11-01,2023,Actual,Southeast,Enterprise,Revenue,Revenue,Sales,2890188.7503111814,2023-11
2023-11-01,2023,Actual,Southeast,Enterprise,COGS,COGS,Sales,-1137051.3663501723,2023-11
2023-11-01,2023,Actual,Southeast,Enterprise,Sales & Marketing,Opex,Marketing,-499993.52183460724,2023-11
2023-11-01,2023,Actual,Southeast,Enterprise,R&D,Opex,R&D,-299206.97460734035,2023-11
2023-11-01,2023,Actual,Southeast,Enterprise,G&A,Opex,G&A,-264560.06248197414,2023-11
2023-11-01,2023,Actual,Southeast,Enterprise,Support,Opex,Support,-209934.81916811047,2023-11
2023-11-01,2023,Budget,Southeast,Enterprise,Revenue,Revenue,Sales,3043039.15457163,2023-11
2023-11-01,2023,Budget,Southeast,Enterprise,COGS,COGS,Sales,-1323269.207107438,2023-11
2023-11-01,2023,Budget,Southeast,Enterprise,Sales & Marketing,Opex,Marketing,-628518.6190993878,2023-11
2023-11-01,2023,Budget,Southeast,Enterprise,R&D,Opex,R&D,-417561.5717104492,2023-11
2023-11-01,2023,Budget,Southeast,Enterprise,G&A,Opex,G&A,-320357.53491987515,2023-11
2023-11-01,2023,Budget,Southeast,Enterprise,Support,Opex,Support,-225435.19766099827,2023-11
2023-11-01,2023,Actual,Southeast,Marketplace Ads,Revenue,Revenue,Sales,1329093.1508086256,2023-11
2023-11-01,2023,Actual,Southeast,Marketplace Ads,COGS,COGS,Sales,-525222.3765946389,2023-11
2023-11-01,2023,Actual,Southeast,Marketplace Ads,Sales & Marketing,Opex,Marketing,-242990.18098428583,2023-11
2023-11-01,2023,Actual,Southeast,Marketplace Ads,R&D,Opex,R&D,-163047.2322361252,2023-11
2023-11-01,2023,Actual,Southeast,Marketplace Ads,G&A,Opex,G&A,-111274.12359724207,2023-11
2023-11-01,2023,Actual,Southeast,Marketplace Ads,Support,Opex,Support,-67384.86981798177,2023-11
2023-11-01,2023,Budget,Southeast,Marketplace Ads,Revenue,Revenue,Sales,1352461.84647628,2023-11
2023-11-01,2023,Budget,Southeast,Marketplace Ads,COGS,COGS,Sales,-601047.1501882989,2023-11
2023-11-01,2023,Budget,Southeast,Marketplace Ads,Sales & Marketing,Opex,Marketing,-232974.4066532993,2023-11
2023-11-01,2023,Budget,Southeast,Marketplace Ads,R&D,Opex,R&D,-182428.67657790982,2023-11
2023-11-01,2023,Budget,Southeast,Marketplace Ads,G&A,Opex,G&A,-144069.1787551402,2023-11
2023-11-01,2023,Budget,Southeast,Marketplace Ads,Support,Opex,Support,-74077.81571511111,2023-11
2023-11-01,2023,Actual,Midwest,Core,Revenue,Revenue,Sales,2177798.645832004,2023-11
2023-11-01,2023,Actual,Midwest,Core,COGS,COGS,Sales,-843800.2589115562,2023-11
2023-11-01,2023,Actual,Midwest,Core,Sales & Marketing,Opex,Marketing,-358729.9833208457,2023-11
2023-11-01,2023,Actual,Midwest,Core,R&D,Opex,R&D,-257812.00911777728,2023-11
2023-11-01,2023,Actual,Midwest,Core,G&A,Opex,G&A,-209686.6827920671,2023-11
2023-11-01,2023,Actual,Midwest,Core,Support,Opex,Support,-116782.673135482,2023-11
2023-11-01,2023,Budget,Midwest,Core,Revenue,Revenue,Sales,2135466.0733836,2023-11
2023-11-01,2023,Budget,Midwest,Core,COGS,COGS,Sales,-840131.0741710061,2023-11
2023-11-01,2023,Budget,Midwest,Core,Sales & Marketing,Opex,Marketing,-453980.97132083407,2023-11
2023-11-01,2023,Budget,Midwest,Core,R&D,Opex,R&D,-247661.78647297196,2023-11
2023-11-01,2023,Budget,Midwest,Core,G&A,Opex,G&A,-216798.67377261602,2023-11
2023-11-01,2023,Budget,Midwest,Core,Support,Opex,Support,-136648.80358944213,2023-11
2023-11-01,2023,Actual,Midwest,Plus,Revenue,Revenue,Sales,2374592.232261117,2023-11
2023-11-01,2023,Actual,Midwest,Plus,COGS,COGS,Sales,-1056678.819601004,2023-11
2023-11-01,2023,Actual,Midwest,Plus,Sales & Marketing,Opex,Marketing,-514203.8638204504,2023-11
2023-11-01,2023,Actual,Midwest,Plus,R&D,Opex,R&D,-255331.16151095863,2023-11
2023-11-01,2023,Actual,Midwest,Plus,G&A,Opex,G&A,-217270.71859293975,2023-11
2023-11-01,2023,Actual,Midwest,Plus,Support,Opex,Support,-136044.3574888255,2023-11
2023-11-01,2023,Budget,Midwest,Plus,Revenue,Revenue,Sales,2455785.98439114,2023-11
2023-11-01,2023,Budget,Midwest,Plus,COGS,COGS,Sales,-957007.4902117249,2023-11
2023-11-01,2023,Budget,Midwest,Plus,Sales & Marketing,Opex,Marketing,-493784.21508520894,2023-11
2023-11-01,2023,Budget,Midwest,Plus,R&D,Opex,R&D,-288099.10956039507,2023-11
2023-11-01,2023,Budget,Midwest,Plus,G&A,Opex,G&A,-230621.33903176535,2023-11
2023-11-01,2023,Budget,Midwest,Plus,Support,Opex,Support,-191721.05705474858,2023-11
2023-11-01,2023,Actual,Midwest,Enterprise,Revenue,Revenue,Sales,2844043.327466556,2023-11
2023-11-01,2023,Actual,Midwest,Enterprise,COGS,COGS,Sales,-1235437.7998861328,2023-11
2023-11-01,2023,Actual,Midwest,Enterprise,Sales & Marketing,Opex,Marketing,-610322.7324316688,2023-11
2023-11-01,2023,Actual,Midwest,Enterprise,R&D,Opex,R&D,-318637.9582105861,2023-11
2023-11-01,2023,Actual,Midwest,Enterprise,G&A,Opex,G&A,-230759.21076335435,2023-11
2023-11-01,2023,Actual,Midwest,Enterprise,Support,Opex,Support,-169133.00416700312,2023-11
2023-11-01,2023,Budget,Midwest,Enterprise,Revenue,Revenue,Sales,2882879.19906786,2023-11
2023-11-01,2023,Budget,Midwest,Enterprise,COGS,COGS,Sales,-1147035.8409001087,2023-11
2023-11-01,2023,Budget,Midwest,Enterprise,Sales & Marketing,Opex,Marketing,-495749.4695528071,2023-11
2023-11-01,2023,Budget,Midwest,Enterprise,R&D,Opex,R&D,-369742.74554393365,2023-11
2023-11-01,2023,Budget,Midwest,Enterprise,G&A,Opex,G&A,-294989.3225886495,2023-11
2023-11-01,2023,Budget,Midwest,Enterprise,Support,Opex,Support,-216965.0194422842,2023-11
2023-11-01,2023,Actual,Midwest,Marketplace Ads,Revenue,Revenue,Sales,1239439.449845193,2023-11
2023-11-01,2023,Actual,Midwest,Marketplace Ads,COGS,COGS,Sales,-552487.526972026,2023-11
2023-11-01,2023,Actual,Midwest,Marketplace Ads,Sales & Marketing,Opex,Marketing,-260374.62119803956,2023-11
2023-11-01,2023,Actual,Midwest,Marketplace Ads,R&D,Opex,R&D,-149387.03575288577,2023-11
2023-11-01,2023,Actual,Midwest,Marketplace Ads,G&A,Opex,G&A,-130363.12020506572,2023-11
2023-11-01,2023,Actual,Midwest,Marketplace Ads,Support,Opex,Support,-71454.10112635458,2023-11
2023-11-01,2023,Budget,Midwest,Marketplace Ads,Revenue,Revenue,Sales,1281279.6440301598,2023-11
2023-11-01,2023,Budget,Midwest,Marketplace Ads,COGS,COGS,Sales,-570926.602059379,2023-11
2023-11-01,2023,Budget,Midwest,Marketplace Ads,Sales & Marketing,Opex,Marketing,-226053.32835376984,2023-11
2023-11-01,2023,Budget,Midwest,Marketplace Ads,R&D,Opex,R&D,-153755.76400167722,2023-11
2023-11-01,2023,Budget,Midwest,Marketplace Ads,G&A,Opex,G&A,-133137.71336118656,2023-11
2023-11-01,2023,Budget,Midwest,Marketplace Ads,Support,Opex,Support,-85773.04392641402,2023-11
2023-11-01,2023,Actual,Southwest,Core,Revenue,Revenue,Sales,2354926.1911839778,2023-11
2023-11-01,2023,Actual,Southwest,Core,COGS,COGS,Sales,-1008444.154204353,2023-11
2023-11-01,2023,Actual,Southwest,Core,Sales & Marketing,Opex,Marketing,-425196.37497246586,2023-11
2023-11-01,2023,Actual,Southwest,Core,R&D,Opex,R&D,-328570.0244462367,2023-11
2023-11-01,2023,Actual,Southwest,Core,G&A,Opex,G&A,-206711.50941545836,2023-11
2023-11-01,2023,Actual,Southwest,Core,Support,Opex,Support,-127222.11162512201,2023-11
2023-11-01,2023,Budget,Southwest,Core,Revenue,Revenue,Sales,2372740.081537333,2023-11
2023-11-01,2023,Budget,Southwest,Core,COGS,COGS,Sales,-998250.2834275293,2023-11
2023-11-01,2023,Budget,Southwest,Core,Sales & Marketing,Opex,Marketing,-454694.27871057106,2023-11
2023-11-01,2023,Budget,Southwest,Core,R&D,Opex,R&D,-300803.44785864535,2023-11
2023-11-01,2023,Budget,Southwest,Core,G&A,Opex,G&A,-256129.00476302792,2023-11
2023-11-01,2023,Budget,Southwest,Core,Support,Opex,Support,-175934.14917535245,2023-11
2023-11-01,2023,Actual,Southwest,Plus,Revenue,Revenue,Sales,2673831.5473493743,2023-11
2023-11-01,2023,Actual,Southwest,Plus,COGS,COGS,Sales,-1142631.9619535676,2023-11
2023-11-01,2023,Actual,Southwest,Plus,Sales & Marketing,Opex,Marketing,-445133.6278297809,2023-11
2023-11-01,2023,Actual,Southwest,Plus,R&D,Opex,R&D,-292748.23644919303,2023-11
2023-11-01,2023,Actual,Southwest,Plus,G&A,Opex,G&A,-221004.04613142164,2023-11
2023-11-01,2023,Actual,Southwest,Plus,Support,Opex,Support,-190186.74504109667,2023-11
2023-11-01,2023,Budget,Southwest,Plus,Revenue,Revenue,Sales,2728651.093767933,2023-11
2023-11-01,2023,Budget,Southwest,Plus,COGS,COGS,Sales,-1080950.8339322382,2023-11
2023-11-01,2023,Budget,Southwest,Plus,Sales & Marketing,Opex,Marketing,-543460.0330867303,2023-11
2023-11-01,2023,Budget,Southwest,Plus,R&D,Opex,R&D,-284969.0338555892,2023-11
2023-11-01,2023,Budget,Southwest,Plus,G&A,Opex,G&A,-272660.06122090685,2023-11
2023-11-01,2023,Budget,Southwest,Plus,Support,Opex,Support,-165244.76763751794,2023-11
2023-11-01,2023,Actual,Southwest,Enterprise,Revenue,Revenue,Sales,2996015.683067388,2023-11
2023-11-01,2023,Actual,Southwest,Enterprise,COGS,COGS,Sales,-1297898.3572511608,2023-11
2023-11-01,2023,Actual,Southwest,Enterprise,Sales & Marketing,Opex,Marketing,-625180.8912203367,2023-11
2023-11-01,2023,Actual,Southwest,Enterprise,R&D,Opex,R&D,-302001.28681416804,2023-11
2023-11-01,2023,Actual,Southwest,Enterprise,G&A,Opex,G&A,-290363.7129677651,2023-11
2023-11-01,2023,Actual,Southwest,Enterprise,Support,Opex,Support,-226831.5119455402,2023-11
2023-11-01,2023,Budget,Southwest,Enterprise,Revenue,Revenue,Sales,3203199.1100754,2023-11
2023-11-01,2023,Budget,Southwest,Enterprise,COGS,COGS,Sales,-1253556.951132765,2023-11
2023-11-01,2023,Budget,Southwest,Enterprise,Sales & Marketing,Opex,Marketing,-588728.4783170144,2023-11
2023-11-01,2023,Budget,Southwest,Enterprise,R&D,Opex,R&D,-345650.7333439743,2023-11
2023-11-01,2023,Budget,Southwest,Enterprise,G&A,Opex,G&A,-276700.06986593606,2023-11
2023-11-01,2023,Budget,Southwest,Enterprise,Support,Opex,Support,-236557.4707080076,2023-11
2023-11-01,2023,Actual,Southwest,Marketplace Ads,Revenue,Revenue,Sales,1520165.2444702124,2023-11
2023-11-01,2023,Actual,Southwest,Marketplace Ads,COGS,COGS,Sales,-678508.3163483898,2023-11
2023-11-01,2023,Actual,Southwest,Marketplace Ads,Sales & Marketing,Opex,Marketing,-332755.72638722043,2023-11
2023-11-01,2023,Actual,Southwest,Marketplace Ads,R&D,Opex,R&D,-184205.30547459854,2023-11
2023-11-01,2023,Actual,Southwest,Marketplace Ads,G&A,Opex,G&A,-124593.24469697295,2023-11
2023-11-01,2023,Actual,Southwest,Marketplace Ads,Support,Opex,Support,-110495.84777142717,2023-11
2023-11-01,2023,Budget,Southwest,Marketplace Ads,Revenue,Revenue,Sales,1423644.0489224,2023-11
2023-11-01,2023,Budget,Southwest,Marketplace Ads,COGS,COGS,Sales,-600395.5677291681,2023-11
2023-11-01,2023,Budget,Southwest,Marketplace Ads,Sales & Marketing,Opex,Marketing,-248335.03384103868,2023-11
2023-11-01,2023,Budget,Southwest,Marketplace Ads,R&D,Opex,R&D,-158328.90088282205,2023-11
2023-11-01,2023,Budget,Southwest,Marketplace Ads,G&A,Opex,G&A,-122423.09677006719,2023-11
2023-11-01,2023,Budget,Southwest,Marketplace Ads,Support,Opex,Support,-72460.45450561114,2023-11
2023-11-01,2023,Actual,West,Core,Revenue,Revenue,Sales,2563292.0352315214,2023-11
2023-11-01,2023,Actual,West,Core,COGS,COGS,Sales,-1091953.4279628112,2023-11
2023-11-01,2023,Actual,West,Core,Sales & Marketing,Opex,Marketing,-547730.7614769059,2023-11
2023-11-01,2023,Actual,West,Core,R&D,Opex,R&D,-303717.7694466837,2023-11
2023-11-01,2023,Actual,West,Core,G&A,Opex,G&A,-232507.4269952342,2023-11
2023-11-01,2023,Actual,West,Core,Support,Opex,Support,-150802.03238834548,2023-11
2023-11-01,2023,Budget,West,Core,Revenue,Revenue,Sales,2610014.089691066,2023-11
2023-11-01,2023,Budget,West,Core,COGS,COGS,Sales,-1016291.216944797,2023-11
2023-11-01,2023,Budget,West,Core,Sales & Marketing,Opex,Marketing,-521499.527516788,2023-11
2023-11-01,2023,Budget,West,Core,R&D,Opex,R&D,-300940.4873282175,2023-11
2023-11-01,2023,Budget,West,Core,G&A,Opex,G&A,-215575.0135332186,2023-11
2023-11-01,2023,Budget,West,Core,Support,Opex,Support,-149211.44946641795,2023-11
2023-11-01,2023,Actual,West,Plus,Revenue,Revenue,Sales,2893408.7407232863,2023-11
2023-11-01,2023,Actual,West,Plus,COGS,COGS,Sales,-1135956.8363213565,2023-11
2023-11-01,2023,Actual,West,Plus,Sales & Marketing,Opex,Marketing,-635817.162537431,2023-11
2023-11-01,2023,Actual,West,Plus,R&D,Opex,R&D,-298393.85231111344,2023-11
2023-11-01,2023,Actual,West,Plus,G&A,Opex,G&A,-245043.61275593,2023-11
2023-11-01,2023,Actual,West,Plus,Support,Opex,Support,-179253.86561347844,2023-11
2023-11-01,2023,Budget,West,Plus,Revenue,Revenue,Sales,3001516.203144727,2023-11
2023-11-01,2023,Budget,West,Plus,COGS,COGS,Sales,-1272168.2244156664,2023-11
2023-11-01,2023,Budget,West,Plus,Sales & Marketing,Opex,Marketing,-495078.3806188418,2023-11
2023-11-01,2023,Budget,West,Plus,R&D,Opex,R&D,-389571.45820968103,2023-11
2023-11-01,2023,Budget,West,Plus,G&A,Opex,G&A,-249808.10995301133,2023-11
2023-11-01,2023,Budget,West,Plus,Support,Opex,Support,-237874.34936841144,2023-11
2023-11-01,2023,Actual,West,Enterprise,Revenue,Revenue,Sales,3543184.4368493073,2023-11
2023-11-01,2023,Actual,West,Enterprise,COGS,COGS,Sales,-1409823.8875018274,2023-11
2023-11-01,2023,Actual,West,Enterprise,Sales & Marketing,Opex,Marketing,-741172.638620577,2023-11
2023-11-01,2023,Actual,West,Enterprise,R&D,Opex,R&D,-470749.890884708,2023-11
2023-11-01,2023,Actual,West,Enterprise,G&A,Opex,G&A,-296120.1347812123,2023-11
2023-11-01,2023,Actual,West,Enterprise,Support,Opex,Support,-214625.35460382391,2023-11
2023-11-01,2023,Budget,West,Enterprise,Revenue,Revenue,Sales,3523519.0210829396,2023-11
2023-11-01,2023,Budget,West,Enterprise,COGS,COGS,Sales,-1360186.94434883,2023-11
2023-11-01,2023,Budget,West,Enterprise,Sales & Marketing,Opex,Marketing,-634923.6972611938,2023-11
2023-11-01,2023,Budget,West,Enterprise,R&D,Opex,R&D,-478183.8459240127,2023-11
2023-11-01,2023,Budget,West,Enterprise,G&A,Opex,G&A,-367894.17214910476,2023-11
2023-11-01,2023,Budget,West,Enterprise,Support,Opex,Support,-178494.22526312267,2023-11
2023-11-01,2023,Actual,West,Marketplace Ads,Revenue,Revenue,Sales,1479002.91312733,2023-11
2023-11-01,2023,Actual,West,Marketplace Ads,COGS,COGS,Sales,-609740.8838784466,2023-11
2023-11-01,2023,Actual,West,Marketplace Ads,Sales & Marketing,Opex,Marketing,-316927.2517365425,2023-11
2023-11-01,2023,Actual,West,Marketplace Ads,R&D,Opex,R&D,-192748.23969004786,2023-11
2023-11-01,2023,Actual,West,Marketplace Ads,G&A,Opex,G&A,-152933.2137966294,2023-11
2023-11-01,2023,Actual,West,Marketplace Ads,Support,Opex,Support,-113704.27098708233,2023-11
2023-11-01,2023,Budget,West,Marketplace Ads,Revenue,Revenue,Sales,1566008.45381464,2023-11
2023-11-01,2023,Budget,West,Marketplace Ads,COGS,COGS,Sales,-671856.2442289494,2023-11
2023-11-01,2023,Budget,West,Marketplace Ads,Sales & Marketing,Opex,Marketing,-266370.2689179082,2023-11
2023-11-01,2023,Budget,West,Marketplace Ads,R&D,Opex,R&D,-173123.29908524497,2023-11
2023-11-01,2023,Budget,West,Marketplace Ads,G&A,Opex,G&A,-158886.076835223,2023-11
2023-11-01,2023,Budget,West,Marketplace Ads,Support,Opex,Support,-81495.6952667076,2023-11
2023-12-01,2023,Actual,Northeast,Core,Revenue,Revenue,Sales,2572329.6249513444,2023-12
2023-12-01,2023,Actual,Northeast,Core,COGS,COGS,Sales,-1096039.5049508289,2023-12
2023-12-01,2023,Actual,Northeast,Core,Sales & Marketing,Opex,Marketing,-518732.679348002,2023-12
2023-12-01,2023,Actual,Northeast,Core,R&D,Opex,R&D,-316491.0804721737,2023-12
2023-12-01,2023,Actual,Northeast,Core,G&A,Opex,G&A,-265207.76896022,2023-12
2023-12-01,2023,Actual,Northeast,Core,Support,Opex,Support,-175007.4563756827,2023-12
2023-12-01,2023,Budget,Northeast,Core,Revenue,Revenue,Sales,2653363.9439999997,2023-12
2023-12-01,2023,Budget,Northeast,Core,COGS,COGS,Sales,-1146305.2390463527,2023-12
2023-12-01,2023,Budget,Northeast,Core,Sales & Marketing,Opex,Marketing,-468752.013357283,2023-12
2023-12-01,2023,Budget,Northeast,Core,R&D,Opex,R&D,-318887.96106366924,2023-12
2023-12-01,2023,Budget,Northeast,Core,G&A,Opex,G&A,-284339.5337861364,2023-12
2023-12-01,2023,Budget,Northeast,Core,Support,Opex,Support,-194629.96919854046,2023-12
2023-12-01,2023,Actual,Northeast,Plus,Revenue,Revenue,Sales,2947590.7612263123,2023-12
2023-12-01,2023,Actual,Northeast,Plus,COGS,COGS,Sales,-1121067.9916545097,2023-12
2023-12-01,2023,Actual,Northeast,Plus,Sales & Marketing,Opex,Marketing,-542412.4592272354,2023-12
2023-12-01,2023,Actual,Northeast,Plus,R&D,Opex,R&D,-357407.96894906997,2023-12
2023-12-01,2023,Actual,Northeast,Plus,G&A,Opex,G&A,-239291.02219144563,2023-12
2023-12-01,2023,Actual,Northeast,Plus,Support,Opex,Support,-159093.138035439,2023-12
2023-12-01,2023,Budget,Northeast,Plus,Revenue,Revenue,Sales,3051368.5356,2023-12
2023-12-01,2023,Budget,Northeast,Plus,COGS,COGS,Sales,-1184236.740711779,2023-12
2023-12-01,2023,Budget,Northeast,Plus,Sales & Marketing,Opex,Marketing,-624749.9170833792,2023-12
2023-12-01,2023,Budget,Northeast,Plus,R&D,Opex,R&D,-318249.4314677597,2023-12
2023-12-01,2023,Budget,Northeast,Plus,G&A,Opex,G&A,-319145.3428270046,2023-12
2023-12-01,2023,Budget,Northeast,Plus,Support,Opex,Support,-207591.95389448298,2023-12
2023-12-01,2023,Actual,Northeast,Enterprise,Revenue,Revenue,Sales,3683393.256412162,2023-12
2023-12-01,2023,Actual,Northeast,Enterprise,COGS,COGS,Sales,-1450821.8871959492,2023-12
2023-12-01,2023,Actual,Northeast,Enterprise,Sales & Marketing,Opex,Marketing,-603711.2620340965,2023-12
2023-12-01,2023,Actual,Northeast,Enterprise,R&D,Opex,R&D,-449485.78750309674,2023-12
2023-12-01,2023,Actual,Northeast,Enterprise,G&A,Opex,G&A,-399658.1672302565,2023-12
2023-12-01,2023,Actual,Northeast,Enterprise,Support,Opex,Support,-212036.47907236993,2023-12
2023-12-01,2023,Budget,Northeast,Enterprise,Revenue,Revenue,Sales,3582041.3244,2023-12
2023-12-01,2023,Budget,Northeast,Enterprise,COGS,COGS,Sales,-1573853.081871855,2023-12
2023-12-01,2023,Budget,Northeast,Enterprise,Sales & Marketing,Opex,Marketing,-672681.0582405457,2023-12
2023-12-01,2023,Budget,Northeast,Enterprise,R&D,Opex,R&D,-427656.14857942844,2023-12
2023-12-01,2023,Budget,Northeast,Enterprise,G&A,Opex,G&A,-309363.25642614183,2023-12
2023-12-01,2023,Budget,Northeast,Enterprise,Support,Opex,Support,-272063.5294445612,2023-12
2023-12-01,2023,Actual,Northeast,Marketplace Ads,Revenue,Revenue,Sales,1401665.6428476926,2023-12
2023-12-01,2023,Actual,Northeast,Marketplace Ads,COGS,COGS,Sales,-557652.7052903124,2023-12
2023-12-01,2023,Actual,Northeast,Marketplace Ads,Sales & Marketing,Opex,Marketing,-267153.5612889641,2023-12
2023-12-01,2023,Actual,Northeast,Marketplace Ads,R&D,Opex,R&D,-165241.05958603782,2023-12
2023-12-01,2023,Actual,Northeast,Marketplace Ads,G&A,Opex,G&A,-124769.01072978432,2023-12
2023-12-01,2023,Actual,Northeast,Marketplace Ads,Support,Opex,Support,-73794.37964348888,2023-12
2023-12-01,2023,Budget,Northeast,Marketplace Ads,Revenue,Revenue,Sales,1592018.3664,2023-12
2023-12-01,2023,Budget,Northeast,Marketplace Ads,COGS,COGS,Sales,-703473.009257316,2023-12
2023-12-01,2023,Budget,Northeast,Marketplace Ads,Sales & Marketing,Opex,Marketing,-326954.43875302013,2023-12
2023-12-01,2023,Budget,Northeast,Marketplace Ads,R&D,Opex,R&D,-172972.84990844043,2023-12
2023-12-01,2023,Budget,Northeast,Marketplace Ads,G&A,Opex,G&A,-166982.48832404727,2023-12
2023-12-01,2023,Budget,Northeast,Marketplace Ads,Support,Opex,Support,-109836.60351047361,2023-12
2023-12-01,2023,Actual,Southeast,Core,Revenue,Revenue,Sales,2253325.1266474253,2023-12
2023-12-01,2023,Actual,Southeast,Core,COGS,COGS,Sales,-904136.7368245703,2023-12
2023-12-01,2023,Actual,Southeast,Core,Sales & Marketing,Opex,Marketing,-377181.60337234417,2023-12
2023-12-01,2023,Actual,Southeast,Core,R&D,Opex,R&D,-258873.3350468213,2023-12
2023-12-01,2023,Actual,Southeast,Core,G&A,Opex,G&A,-185815.59574256133,2023-12
2023-12-01,2023,Actual,Southeast,Core,Support,Opex,Support,-140384.25867681345,2023-12
2023-12-01,2023,Budget,Southeast,Core,Revenue,Revenue,Sales,2400662.616,2023-12
2023-12-01,2023,Budget,Southeast,Core,COGS,COGS,Sales,-939246.8744864803,2023-12
2023-12-01,2023,Budget,Southeast,Core,Sales & Marketing,Opex,Marketing,-513531.8991159572,2023-12
2023-12-01,2023,Budget,Southeast,Core,R&D,Opex,R&D,-267441.21206028044,2023-12
2023-12-01,2023,Budget,Southeast,Core,G&A,Opex,G&A,-201976.21759880826,2023-12
2023-12-01,2023,Budget,Southeast,Core,Support,Opex,Support,-183334.90787709557,2023-12
2023-12-01,2023,Actual,Southeast,Plus,Revenue,Revenue,Sales,2688429.5785645787,2023-12
2023-12-01,2023,Actual,Southeast,Plus,COGS,COGS,Sales,-1074889.592447379,2023-12
2023-12-01,2023,Actual,Southeast,Plus,Sales & Marketing,Opex,Marketing,-543498.5198909594,2023-12
2023-12-01,2023,Actual,Southeast,Plus,R&D,Opex,R&D,-358674.2822992289,2023-12
2023-12-01,2023,Actual,Southeast,Plus,G&A,Opex,G&A,-280871.5735059605,2023-12
2023-12-01,2023,Actual,Southeast,Plus,Support,Opex,Support,-212833.10606846743,2023-12
2023-12-01,2023,Budget,Southeast,Plus,Revenue,Revenue,Sales,2760762.0084,2023-12
2023-12-01,2023,Budget,Southeast,Plus,COGS,COGS,Sales,-1115669.179249567,2023-12
2023-12-01,2023,Budget,Southeast,Plus,Sales & Marketing,Opex,Marketing,-559925.6542881037,2023-12
2023-12-01,2023,Budget,Southeast,Plus,R&D,Opex,R&D,-349463.8677647267,2023-12
2023-12-01,2023,Budget,Southeast,Plus,G&A,Opex,G&A,-259416.11323886368,2023-12
2023-12-01,2023,Budget,Southeast,Plus,Support,Opex,Support,-201165.41137556365,2023-12
2023-12-01,2023,Actual,Southeast,Enterprise,Revenue,Revenue,Sales,3183832.3447128646,2023-12
2023-12-01,2023,Actual,Southeast,Enterprise,COGS,COGS,Sales,-1302147.3096508686,2023-12
2023-12-01,2023,Actual,Southeast,Enterprise,Sales & Marketing,Opex,Marketing,-517827.4341849282,2023-12
2023-12-01,2023,Actual,Southeast,Enterprise,R&D,Opex,R&D,-383251.37051874405,2023-12
2023-12-01,2023,Actual,Southeast,Enterprise,G&A,Opex,G&A,-283256.5903047708,2023-12
2023-12-01,2023,Actual,Southeast,Enterprise,Support,Opex,Support,-181718.00905545035,2023-12
2023-12-01,2023,Budget,Southeast,Enterprise,Revenue,Revenue,Sales,3240894.5316000003,2023-12
2023-12-01,2023,Budget,Southeast,Enterprise,COGS,COGS,Sales,-1333035.8032448946,2023-12
2023-12-01,2023,Budget,Southeast,Enterprise,Sales & Marketing,Opex,Marketing,-680562.5871804587,2023-12
2023-12-01,2023,Budget,Southeast,Enterprise,R&D,Opex,R&D,-408335.1613168015,2023-12
2023-12-01,2023,Budget,Southeast,Enterprise,G&A,Opex,G&A,-313218.6442492701,2023-12
2023-12-01,2023,Budget,Southeast,Enterprise,Support,Opex,Support,-172141.68813722144,2023-12
2023-12-01,2023,Actual,Southeast,Marketplace Ads,Revenue,Revenue,Sales,1426481.5855141208,2023-12
2023-12-01,2023,Actual,Southeast,Marketplace Ads,COGS,COGS,Sales,-606771.7386429146,2023-12
2023-12-01,2023,Actual,Southeast,Marketplace Ads,Sales & Marketing,Opex,Marketing,-272061.48257820815,2023-12
2023-12-01,2023,Actual,Southeast,Marketplace Ads,R&D,Opex,R&D,-172735.36514718627,2023-12
2023-12-01,2023,Actual,Southeast,Marketplace Ads,G&A,Opex,G&A,-141791.88660961352,2023-12
2023-12-01,2023,Actual,Southeast,Marketplace Ads,Support,Opex,Support,-80749.80045170012,2023-12
2023-12-01,2023,Budget,Southeast,Marketplace Ads,Revenue,Revenue,Sales,1440397.5696,2023-12
2023-12-01,2023,Budget,Southeast,Marketplace Ads,COGS,COGS,Sales,-605066.879304446,2023-12
2023-12-01,2023,Budget,Southeast,Marketplace Ads,Sales & Marketing,Opex,Marketing,-261632.26327954768,2023-12
2023-12-01,2023,Budget,Southeast,Marketplace Ads,R&D,Opex,R&D,-162754.0954962976,2023-12
2023-12-01,2023,Budget,Southeast,Marketplace Ads,G&A,Opex,G&A,-156941.68960148672,2023-12
2023-12-01,2023,Budget,Southeast,Marketplace Ads,Support,Opex,Support,-113993.67212327158,2023-12
2023-12-01,2023,Actual,Midwest,Core,Revenue,Revenue,Sales,2344788.362695998,2023-12
2023-12-01,2023,Actual,Midwest,Core,COGS,COGS,Sales,-944355.6549431393,2023-12
2023-12-01,2023,Actual,Midwest,Core,Sales & Marketing,Opex,Marketing,-514635.51924927137,2023-12
2023-12-01,2023,Actual,Midwest,Core,R&D,Opex,R&D,-252976.5316294206,2023-12
2023-12-01,2023,Actual,Midwest,Core,G&A,Opex,G&A,-239757.141593735,2023-12
2023-12-01,2023,Actual,Midwest,Core,Support,Opex,Support,-175994.97261265854,2023-12
2023-12-01,2023,Budget,Midwest,Core,Revenue,Revenue,Sales,2274311.952,2023-12
2023-12-01,2023,Budget,Midwest,Core,COGS,COGS,Sales,-901886.1208737196,2023-12
2023-12-01,2023,Budget,Midwest,Core,Sales & Marketing,Opex,Marketing,-446350.56814363383,2023-12
2023-12-01,2023,Budget,Midwest,Core,R&D,Opex,R&D,-312167.16959364276,2023-12
2023-12-01,2023,Budget,Midwest,Core,G&A,Opex,G&A,-199776.21100697285,2023-12
2023-12-01,2023,Budget,Midwest,Core,Support,Opex,Support,-157139.0759184521,2023-12
2023-12-01,2023,Actual,Midwest,Plus,Revenue,Revenue,Sales,2600332.9969987106,2023-12
2023-12-01,2023,Actual,Midwest,Plus,COGS,COGS,Sales,-1015534.0618164602,2023-12
2023-12-01,2023,Actual,Midwest,Plus,Sales & Marketing,Opex,Marketing,-473380.86840612063,2023-12
2023-12-01,2023,Actual,Midwest,Plus,R&D,Opex,R&D,-316319.51196853083,2023-12
2023-12-01,2023,Actual,Midwest,Plus,G&A,Opex,G&A,-210744.8004361008,2023-12
2023-12-01,2023,Actual,Midwest,Plus,Support,Opex,Support,-148239.2223657844,2023-12
2023-12-01,2023,Budget,Midwest,Plus,Revenue,Revenue,Sales,2615458.7448,2023-12
2023-12-01,2023,Budget,Midwest,Plus,COGS,COGS,Sales,-1148091.0558108536,2023-12
2023-12-01,2023,Budget,Midwest,Plus,Sales & Marketing,Opex,Marketing,-569628.2661447326,2023-12
2023-12-01,2023,Budget,Midwest,Plus,R&D,Opex,R&D,-319242.8695754094,2023-12
2023-12-01,2023,Budget,Midwest,Plus,G&A,Opex,G&A,-234411.9452483381,2023-12
2023-12-01,2023,Budget,Midwest,Plus,Support,Opex,Support,-159305.75435487306,2023-12
2023-12-01,2023,Actual,Midwest,Enterprise,Revenue,Revenue,Sales,3272473.4007402733,2023-12
2023-12-01,2023,Actual,Midwest,Enterprise,COGS,COGS,Sales,-1321088.4804046382,2023-12
2023-12-01,2023,Actual,Midwest,Enterprise,Sales & Marketing,Opex,Marketing,-693436.5810837909,2023-12
2023-12-01,2023,Actual,Midwest,Enterprise,R&D,Opex,R&D,-395910.26533497556,2023-12
2023-12-01,2023,Actual,Midwest,Enterprise,G&A,Opex,G&A,-273060.15428475273,2023-12
2023-12-01,2023,Actual,Midwest,Enterprise,Support,Opex,Support,-223501.8824382822,2023-12
2023-12-01,2023,Budget,Midwest,Enterprise,Revenue,Revenue,Sales,3070321.1352,2023-12
2023-12-01,2023,Budget,Midwest,Enterprise,COGS,COGS,Sales,-1299281.4492561845,2023-12
2023-12-01,2023,Budget,Midwest,Enterprise,Sales & Marketing,Opex,Marketing,-566579.9528143652,2023-12
2023-12-01,2023,Budget,Midwest,Enterprise,R&D,Opex,R&D,-361826.47324931977,2023-12
2023-12-01,2023,Budget,Midwest,Enterprise,G&A,Opex,G&A,-324516.52048214653,2023-12
2023-12-01,2023,Budget,Midwest,Enterprise,Support,Opex,Support,-175254.9689344984,2023-12
2023-12-01,2023,Actual,Midwest,Marketplace Ads,Revenue,Revenue,Sales,1401593.098206395,2023-12
2023-12-01,2023,Actual,Midwest,Marketplace Ads,COGS,COGS,Sales,-611973.6858755042,2023-12
2023-12-01,2023,Actual,Midwest,Marketplace Ads,Sales & Marketing,Opex,Marketing,-303287.60094577295,2023-12
2023-12-01,2023,Actual,Midwest,Marketplace Ads,R&D,Opex,R&D,-191262.92644525052,2023-12
2023-12-01,2023,Actual,Midwest,Marketplace Ads,G&A,Opex,G&A,-124353.5131406706,2023-12
2023-12-01,2023,Actual,Midwest,Marketplace Ads,Support,Opex,Support,-93246.44647103881,2023-12
2023-12-01,2023,Budget,Midwest,Marketplace Ads,Revenue,Revenue,Sales,1364587.1712,2023-12
2023-12-01,2023,Budget,Midwest,Marketplace Ads,COGS,COGS,Sales,-613341.0379397968,2023-12
2023-12-01,2023,Budget,Midwest,Marketplace Ads,Sales & Marketing,Opex,Marketing,-261866.02915309966,2023-12
2023-12-01,2023,Budget,Midwest,Marketplace Ads,R&D,Opex,R&D,-188969.98200858105,2023-12
2023-12-01,2023,Budget,Midwest,Marketplace Ads,G&A,Opex,G&A,-118963.46631678804,2023-12
2023-12-01,2023,Budget,Midwest,Marketplace Ads,Support,Opex,Support,-89806.39265675569,2023-12
2023-12-01,2023,Actual,Southwest,Core,Revenue,Revenue,Sales,2616833.901690728,2023-12
2023-12-01,2023,Actual,Southwest,Core,COGS,COGS,Sales,-1097203.3892562522,2023-12
2023-12-01,2023,Actual,Southwest,Core,Sales & Marketing,Opex,Marketing,-532921.7879998122,2023-12
2023-12-01,2023,Actual,Southwest,Core,R&D,Opex,R&D,-289320.10509721853,2023-12
2023-12-01,2023,Actual,Southwest,Core,G&A,Opex,G&A,-279360.0984248865,2023-12
2023-12-01,2023,Actual,Southwest,Core,Support,Opex,Support,-194439.5382443,2023-12
2023-12-01,2023,Budget,Southwest,Core,Revenue,Revenue,Sales,2527013.28,2023-12
2023-12-01,2023,Budget,Southwest,Core,COGS,COGS,Sales,-1064842.057643455,2023-12
2023-12-01,2023,Budget,Southwest,Core,Sales & Marketing,Opex,Marketing,-533960.9624879096,2023-12
2023-12-01,2023,Budget,Southwest,Core,R&D,Opex,R&D,-281947.64068896475,2023-12
2023-12-01,2023,Budget,Southwest,Core,G&A,Opex,G&A,-255159.85365945706,2023-12
2023-12-01,2023,Budget,Southwest,Core,Support,Opex,Support,-179092.39539585257,2023-12
2023-12-01,2023,Actual,Southwest,Plus,Revenue,Revenue,Sales,2870016.483861419,2023-12
2023-12-01,2023,Actual,Southwest,Plus,COGS,COGS,Sales,-1217386.6270641545,2023-12
2023-12-01,2023,Actual,Southwest,Plus,Sales & Marketing,Opex,Marketing,-622086.9401188125,2023-12
2023-12-01,2023,Actual,Southwest,Plus,R&D,Opex,R&D,-336111.76318727987,2023-12
2023-12-01,2023,Actual,Southwest,Plus,G&A,Opex,G&A,-284481.65546142514,2023-12
2023-12-01,2023,Actual,Southwest,Plus,Support,Opex,Support,-194826.85260385086,2023-12
2023-12-01,2023,Budget,Southwest,Plus,Revenue,Revenue,Sales,2906065.2720000003,2023-12
2023-12-01,2023,Budget,Southwest,Plus,COGS,COGS,Sales,-1223133.181843833,2023-12
2023-12-01,2023,Budget,Southwest,Plus,Sales & Marketing,Opex,Marketing,-473627.34570964257,2023-12
2023-12-01,2023,Budget,Southwest,Plus,R&D,Opex,R&D,-378910.1231233347,2023-12
2023-12-01,2023,Budget,Southwest,Plus,G&A,Opex,G&A,-274090.28148516774,2023-12
2023-12-01,2023,Budget,Southwest,Plus,Support,Opex,Support,-186062.09447113445,2023-12
2023-12-01,2023,Actual,Southwest,Enterprise,Revenue,Revenue,Sales,3440645.9826659556,2023-12
2023-12-01,2023,Actual,Southwest,Enterprise,COGS,COGS,Sales,-1470135.782246953,2023-12
2023-12-01,2023,Actual,Southwest,Enterprise,Sales & Marketing,Opex,Marketing,-610120.6027986689,2023-12
2023-12-01,2023,Actual,Southwest,Enterprise,R&D,Opex,R&D,-370786.3315666602,2023-12
2023-12-01,2023,Actual,Southwest,Enterprise,G&A,Opex,G&A,-337692.60793067235,2023-12
2023-12-01,2023,Actual,Southwest,Enterprise,Support,Opex,Support,-235875.92336379967,2023-12
2023-12-01,2023,Budget,Southwest,Enterprise,Revenue,Revenue,Sales,3411467.928,2023-12
2023-12-01,2023,Budget,Southwest,Enterprise,COGS,COGS,Sales,-1347777.7123293316,2023-12
2023-12-01,2023,Budget,Southwest,Enterprise,Sales & Marketing,Opex,Marketing,-571152.1564859719,2023-12
2023-12-01,2023,Budget,Southwest,Enterprise,R&D,Opex,R&D,-351890.97112379695,2023-12
2023-12-01,2023,Budget,Southwest,Enterprise,G&A,Opex,G&A,-326382.5581902419,2023-12
2023-12-01,2023,Budget,Southwest,Enterprise,Support,Opex,Support,-174422.49168688306,2023-12
2023-12-01,2023,Actual,Southwest,Marketplace Ads,Revenue,Revenue,Sales,1529839.8231304395,2023-12
2023-12-01,2023,Actual,Southwest,Marketplace Ads,COGS,COGS,Sales,-605252.0301637871,2023-12
2023-12-01,2023,Actual,Southwest,Marketplace Ads,Sales & Marketing,Opex,Marketing,-268157.33938627143,2023-12
2023-12-01,2023,Actual,Southwest,Marketplace Ads,R&D,Opex,R&D,-156821.73009473222,2023-12
2023-12-01,2023,Actual,Southwest,Marketplace Ads,G&A,Opex,G&A,-122636.37543275436,2023-12
2023-12-01,2023,Actual,Southwest,Marketplace Ads,Support,Opex,Support,-92471.91206245248,2023-12
2023-12-01,2023,Budget,Southwest,Marketplace Ads,Revenue,Revenue,Sales,1516207.9679999999,2023-12
2023-12-01,2023,Budget,Southwest,Marketplace Ads,COGS,COGS,Sales,-577490.4401633891,2023-12
2023-12-01,2023,Budget,Southwest,Marketplace Ads,Sales & Marketing,Opex,Marketing,-265300.5345011201,2023-12
2023-12-01,2023,Budget,Southwest,Marketplace Ads,R&D,Opex,R&D,-170471.10126814648,2023-12
2023-12-01,2023,Budget,Southwest,Marketplace Ads,G&A,Opex,G&A,-136120.76940151435,2023-12
2023-12-01,2023,Budget,Southwest,Marketplace Ads,Support,Opex,Support,-86261.28045966779,2023-12
2023-12-01,2023,Actual,West,Core,Revenue,Revenue,Sales,2771223.868665716,2023-12
2023-12-01,2023,Actual,West,Core,COGS,COGS,Sales,-1058089.2973048452,2023-12
2023-12-01,2023,Actual,West,Core,Sales & Marketing,Opex,Marketing,-461515.31105156045,2023-12
2023-12-01,2023,Actual,West,Core,R&D,Opex,R&D,-369689.2653113358,2023-12
2023-12-01,2023,Actual,West,Core,G&A,Opex,G&A,-260953.89236016633,2023-12
2023-12-01,2023,Actual,West,Core,Support,Opex,Support,-143762.5095710444,2023-12
2023-12-01,2023,Budget,West,Core,Revenue,Revenue,Sales,2779714.608,2023-12
2023-12-01,2023,Budget,West,Core,COGS,COGS,Sales,-1070240.1410752553,2023-12
2023-12-01,2023,Budget,West,Core,Sales & Marketing,Opex,Marketing,-517332.48369125515,2023-12
2023-12-01,2023,Budget,West,Core,R&D,Opex,R&D,-321015.73253304936,2023-12
2023-12-01,2023,Budget,West,Core,G&A,Opex,G&A,-303506.0231941014,2023-12
2023-12-01,2023,Budget,West,Core,Support,Opex,Support,-173158.38935109807,2023-12
2023-12-01,2023,Actual,West,Plus,Revenue,Revenue,Sales,2809754.3463224038,2023-12
2023-12-01,2023,Actual,West,Plus,COGS,COGS,Sales,-1240357.6268054438,2023-12
2023-12-01,2023,Actual,West,Plus,Sales & Marketing,Opex,Marketing,-616327.9990759972,2023-12
2023-12-01,2023,Actual,West,Plus,R&D,Opex,R&D,-354396.06148746965,2023-12
2023-12-01,2023,Actual,West,Plus,G&A,Opex,G&A,-227058.40931983734,2023-12
2023-12-01,2023,Actual,West,Plus,Support,Opex,Support,-142269.37800711658,2023-12
2023-12-01,2023,Budget,West,Plus,Revenue,Revenue,Sales,3196671.7992000002,2023-12
2023-12-01,2023,Budget,West,Plus,COGS,COGS,Sales,-1220117.5133916144,2023-12
2023-12-01,2023,Budget,West,Plus,Sales & Marketing,Opex,Marketing,-516131.333540965,2023-12
2023-12-01,2023,Budget,West,Plus,R&D,Opex,R&D,-395705.4535325488,2023-12
2023-12-01,2023,Budget,West,Plus,G&A,Opex,G&A,-325695.83403032,2023-12
2023-12-01,2023,Budget,West,Plus,Support,Opex,Support,-162166.48031795432,2023-12
2023-12-01,2023,Actual,West,Enterprise,Revenue,Revenue,Sales,3964506.7491871165,2023-12
2023-12-01,2023,Actual,West,Enterprise,COGS,COGS,Sales,-1524249.9507338505,2023-12
2023-12-01,2023,Actual,West,Enterprise,Sales & Marketing,Opex,Marketing,-824412.5425252019,2023-12
2023-12-01,2023,Actual,West,Enterprise,R&D,Opex,R&D,-453974.9682452043,2023-12
2023-12-01,2023,Actual,West,Enterprise,G&A,Opex,G&A,-327202.5873495148,2023-12
2023-12-01,2023,Actual,West,Enterprise,Support,Opex,Support,-298988.89230309194,2023-12
2023-12-01,2023,Budget,West,Enterprise,Revenue,Revenue,Sales,3752614.7208000002,2023-12
2023-12-01,2023,Budget,West,Enterprise,COGS,COGS,Sales,-1648111.4617645517,2023-12
2023-12-01,2023,Budget,West,Enterprise,Sales & Marketing,Opex,Marketing,-709819.9793304198,2023-12
2023-12-01,2023,Budget,West,Enterprise,R&D,Opex,R&D,-450493.3951083945,2023-12
2023-12-01,2023,Budget,West,Enterprise,G&A,Opex,G&A,-394832.31672743295,2023-12
2023-12-01,2023,Budget,West,Enterprise,Support,Opex,Support,-189004.68811081047,2023-12
2023-12-01,2023,Actual,West,Marketplace Ads,Revenue,Revenue,Sales,1556352.0758402275,2023-12
2023-12-01,2023,Actual,West,Marketplace Ads,COGS,COGS,Sales,-647397.1860373989,2023-12
2023-12-01,2023,Actual,West,Marketplace Ads,Sales & Marketing,Opex,Marketing,-257960.06362142885,2023-12
2023-12-01,2023,Actual,West,Marketplace Ads,R&D,Opex,R&D,-163425.50189990213,2023-12
2023-12-01,2023,Actual,West,Marketplace Ads,G&A,Opex,G&A,-167049.40898621248,2023-12
2023-12-01,2023,Actual,West,Marketplace Ads,Support,Opex,Support,-98325.30019344603,2023-12
2023-12-01,2023,Budget,West,Marketplace Ads,Revenue,Revenue,Sales,1667828.7648,2023-12
2023-12-01,2023,Budget,West,Marketplace Ads,COGS,COGS,Sales,-717792.0154469281,2023-12
2023-12-01,2023,Budget,West,Marketplace Ads,Sales & Marketing,Opex,Marketing,-318903.29375379905,2023-12
2023-12-01,2023,Budget,West,Marketplace Ads,R&D,Opex,R&D,-232252.88307543742,2023-12
2023-12-01,2023,Budget,West,Marketplace Ads,G&A,Opex,G&A,-139696.8004995891,2023-12
2023-12-01,2023,Budget,West,Marketplace Ads,Support,Opex,Support,-103329.80135528746,2023-12
2024-01-01,2024,Actual,Northeast,Core,Revenue,Revenue,Sales,2597251.033801635,2024-01
2024-01-01,2024,Actual,Northeast,Core,COGS,COGS,Sales,-1068593.3477145208,2024-01
2024-01-01,2024,Actual,Northeast,Core,Sales & Marketing,Opex,Marketing,-529171.9978824607,2024-01
2024-01-01,2024,Actual,Northeast,Core,R&D,Opex,R&D,-359971.06917539495,2024-01
2024-01-01,2024,Actual,Northeast,Core,G&A,Opex,G&A,-215616.393309685,2024-01
2024-01-01,2024,Actual,Northeast,Core,Support,Opex,Support,-134448.12918576133,2024-01
2024-01-01,2024,Budget,Northeast,Core,Revenue,Revenue,Sales,2865139.2,2024-01
2024-01-01,2024,Budget,Northeast,Core,COGS,COGS,Sales,-1283991.3807684847,2024-01
2024-01-01,2024,Budget,Northeast,Core,Sales & Marketing,Opex,Marketing,-481986.8785088993,2024-01
2024-01-01,2024,Budget,Northeast,Core,R&D,Opex,R&D,-290265.33280203503,2024-01
2024-01-01,2024,Budget,Northeast,Core,G&A,Opex,G&A,-304252.6864765367,2024-01
2024-01-01,2024,Budget,Northeast,Core,Support,Opex,Support,-198036.47266537484,2024-01
2024-01-01,2024,Actual,Northeast,Plus,Revenue,Revenue,Sales,3388490.7013652846,2024-01
2024-01-01,2024,Actual,Northeast,Plus,COGS,COGS,Sales,-1298576.1840642518,2024-01
2024-01-01,2024,Actual,Northeast,Plus,Sales & Marketing,Opex,Marketing,-671546.9641028295,2024-01
2024-01-01,2024,Actual,Northeast,Plus,R&D,Opex,R&D,-408620.40542117256,2024-01
2024-01-01,2024,Actual,Northeast,Plus,G&A,Opex,G&A,-299862.80398247665,2024-01
2024-01-01,2024,Actual,Northeast,Plus,Support,Opex,Support,-200049.04692078524,2024-01
2024-01-01,2024,Budget,Northeast,Plus,Revenue,Revenue,Sales,3294910.08,2024-01
2024-01-01,2024,Budget,Northeast,Plus,COGS,COGS,Sales,-1466309.8898841715,2024-01
2024-01-01,2024,Budget,Northeast,Plus,Sales & Marketing,Opex,Marketing,-619421.2754538206,2024-01
2024-01-01,2024,Budget,Northeast,Plus,R&D,Opex,R&D,-422640.70470354235,2024-01
2024-01-01,2024,Budget,Northeast,Plus,G&A,Opex,G&A,-272098.4058753844,2024-01
2024-01-01,2024,Budget,Northeast,Plus,Support,Opex,Support,-235043.30916126602,2024-01
2024-01-01,2024,Actual,Northeast,Enterprise,Revenue,Revenue,Sales,3917992.1779375672,2024-01
2024-01-01,2024,Actual,Northeast,Enterprise,COGS,COGS,Sales,-1749422.1123938183,2024-01
2024-01-01,2024,Actual,Northeast,Enterprise,Sales & Marketing,Opex,Marketing,-652477.2486365297,2024-01
2024-01-01,2024,Actual,Northeast,Enterprise,R&D,Opex,R&D,-420172.3934160166,2024-01
2024-01-01,2024,Actual,Northeast,Enterprise,G&A,Opex,G&A,-376756.35066464654,2024-01
2024-01-01,2024,Actual,Northeast,Enterprise,Support,Opex,Support,-299409.08898751286,2024-01
2024-01-01,2024,Budget,Northeast,Enterprise,Revenue,Revenue,Sales,3867937.92,2024-01
2024-01-01,2024,Budget,Northeast,Enterprise,COGS,COGS,Sales,-1528788.597365892,2024-01
2024-01-01,2024,Budget,Northeast,Enterprise,Sales & Marketing,Opex,Marketing,-771911.5834171026,2024-01
2024-01-01,2024,Budget,Northeast,Enterprise,R&D,Opex,R&D,-473735.9292209216,2024-01
2024-01-01,2024,Budget,Northeast,Enterprise,G&A,Opex,G&A,-345679.14787402033,2024-01
2024-01-01,2024,Budget,Northeast,Enterprise,Support,Opex,Support,-249467.02669410687,2024-01
2024-01-01,2024,Actual,Northeast,Marketplace Ads,Revenue,Revenue,Sales,1722016.2116336443,2024-01
2024-01-01,2024,Actual,Northeast,Marketplace Ads,COGS,COGS,Sales,-692058.8680645005,2024-01
2024-01-01,2024,Actual,Northeast,Marketplace Ads,Sales & Marketing,Opex,Marketing,-284032.4803035351,2024-01
2024-01-01,2024,Actual,Northeast,Marketplace Ads,R&D,Opex,R&D,-217078.3280678303,2024-01
2024-01-01,2024,Actual,Northeast,Marketplace Ads,G&A,Opex,G&A,-153744.7846318751,2024-01
2024-01-01,2024,Actual,Northeast,Marketplace Ads,Support,Opex,Support,-121805.9147455798,2024-01
2024-01-01,2024,Budget,Northeast,Marketplace Ads,Revenue,Revenue,Sales,1719083.52,2024-01
2024-01-01,2024,Budget,Northeast,Marketplace Ads,COGS,COGS,Sales,-659954.510593071,2024-01
2024-01-01,2024,Budget,Northeast,Marketplace Ads,Sales & Marketing,Opex,Marketing,-323317.9647608554,2024-01
2024-01-01,2024,Budget,Northeast,Marketplace Ads,R&D,Opex,R&D,-238145.77522604255,2024-01
2024-01-01,2024,Budget,Northeast,Marketplace Ads,G&A,Opex,G&A,-170168.43296839224,2024-01
2024-01-01,2024,Budget,Northeast,Marketplace Ads,Support,Opex,Support,-100095.39643669198,2024-01
2024-01-01,2024,Actual,Southeast,Core,Revenue,Revenue,Sales,2165027.528989365,2024-01
2024-01-01,2024,Actual,Southeast,Core,COGS,COGS,Sales,-869749.0648302311,2024-01
2024-01-01,2024,Actual,Southeast,Core,Sales & Marketing,Opex,Marketing,-432979.69689942873,2024-01
2024-01-01,2024,Actual,Southeast,Core,R&D,Opex,R&D,-282616.2158936708,2024-01
2024-01-01,2024,Actual,Southeast,Core,G&A,Opex,G&A,-198292.9398021468,2024-01
2024-01-01,2024,Actual,Southeast,Core,Support,Opex,Support,-170490.2608157669,2024-01
2024-01-01,2024,Budget,Southeast,Core,Revenue,Revenue,Sales,2592268.8,2024-01
2024-01-01,2024,Budget,Southeast,Core,COGS,COGS,Sales,-1064970.2812106388,2024-01
2024-01-01,2024,Budget,Southeast,Core,Sales & Marketing,Opex,Marketing,-544099.921738778,2024-01
2024-01-01,2024,Budget,Southeast,Core,R&D,Opex,R&D,-340721.60514786164,2024-01
2024-01-01,2024,Budget,Southeast,Core,G&A,Opex,G&A,-256542.71410333924,2024-01
2024-01-01,2024,Budget,Southeast,Core,Support,Opex,Support,-177315.99373875046,2024-01
2024-01-01,2024,Actual,Southeast,Plus,Revenue,Revenue,Sales,3244685.72007021,2024-01
2024-01-01,2024,Actual,Southeast,Plus,COGS,COGS,Sales,-1432915.2988589902,2024-01
2024-01-01,2024,Actual,Southeast,Plus,Sales & Marketing,Opex,Marketing,-673442.2862825451,2024-01
2024-01-01,2024,Actual,Southeast,Plus,R&D,Opex,R&D,-440869.59868994285,2024-01
2024-01-01,2024,Actual,Southeast,Plus,G&A,Opex,G&A,-270810.5257457459,2024-01
2024-01-01,2024,Actual,Southeast,Plus,Support,Opex,Support,-183928.1324578158,2024-01
2024-01-01,2024,Budget,Southeast,Plus,Revenue,Revenue,Sales,2981109.12,2024-01
2024-01-01,2024,Budget,Southeast,Plus,COGS,COGS,Sales,-1228057.5963887833,2024-01
2024-01-01,2024,Budget,Southeast,Plus,Sales & Marketing,Opex,Marketing,-565568.4657883977,2024-01
2024-01-01,2024,Budget,Southeast,Plus,R&D,Opex,R&D,-350966.05876576283,2024-01
2024-01-01,2024,Budget,Southeast,Plus,G&A,Opex,G&A,-327835.93444547546,2024-01
2024-01-01,2024,Budget,Southeast,Plus,Support,Opex,Support,-174105.42832954906,2024-01
2024-01-01,2024,Actual,Southeast,Enterprise,Revenue,Revenue,Sales,3401803.9048440205,2024-01
2024-01-01,2024,Actual,Southeast,Enterprise,COGS,COGS,Sales,-1517546.9833484793,2024-01
2024-01-01,2024,Actual,Southeast,Enterprise,Sales & Marketing,Opex,Marketing,-580524.9700569221,2024-01
2024-01-01,2024,Actual,Southeast,Enterprise,R&D,Opex,R&D,-380266.6577979131,2024-01
2024-01-01,2024,Actual,Southeast,Enterprise,G&A,Opex,G&A,-367650.20399977267,2024-01
2024-01-01,2024,Actual,Southeast,Enterprise,Support,Opex,Support,-175030.957438315,2024-01
2024-01-01,2024,Budget,Southeast,Enterprise,Revenue,Revenue,Sales,3499562.88,2024-01
2024-01-01,2024,Budget,Southeast,Enterprise,COGS,COGS,Sales,-1367230.2386324797,2024-01
2024-01-01,2024,Budget,Southeast,Enterprise,Sales & Marketing,Opex,Marketing,-769745.6802894424,2024-01
2024-01-01,2024,Budget,Southeast,Enterprise,R&D,Opex,R&D,-458710.5745846814,2024-01
2024-01-01,2024,Budget,Southeast,Enterprise,G&A,Opex,G&A,-318053.2513129928,2024-01
2024-01-01,2024,Budget,Southeast,Enterprise,Support,Opex,Support,-254656.58883286797,2024-01
2024-01-01,2024,Actual,Southeast,Marketplace Ads,Revenue,Revenue,Sales,1515775.5076917545,2024-01
2024-01-01,2024,Actual,Southeast,Marketplace Ads,COGS,COGS,Sales,-644235.8991785883,2024-01
2024-01-01,2024,Actual,Southeast,Marketplace Ads,Sales & Marketing,Opex,Marketing,-322881.1732580324,2024-01
2024-01-01,2024,Actual,Southeast,Marketplace Ads,R&D,Opex,R&D,-184895.3814639292,2024-01
2024-01-01,2024,Actual,Southeast,Marketplace Ads,G&A,Opex,G&A,-136658.23233984722,2024-01
2024-01-01,2024,Actual,Southeast,Marketplace Ads,Support,Opex,Support,-95260.42049861413,2024-01
2024-01-01,2024,Budget,Southeast,Marketplace Ads,Revenue,Revenue,Sales,1555361.28,2024-01
2024-01-01,2024,Budget,Southeast,Marketplace Ads,COGS,COGS,Sales,-658169.2964472885,2024-01
2024-01-01,2024,Budget,Southeast,Marketplace Ads,Sales & Marketing,Opex,Marketing,-258437.30634693571,2024-01
2024-01-01,2024,Budget,Southeast,Marketplace Ads,R&D,Opex,R&D,-168773.28401281263,2024-01
2024-01-01,2024,Budget,Southeast,Marketplace Ads,G&A,Opex,G&A,-143990.37020195846,2024-01
2024-01-01,2024,Budget,Southeast,Marketplace Ads,Support,Opex,Support,-115549.78691270895,2024-01
2024-01-01,2024,Actual,Midwest,Core,Revenue,Revenue,Sales,2272292.183228104,2024-01
2024-01-01,2024,Actual,Midwest,Core,COGS,COGS,Sales,-911262.1147536222,2024-01
2024-01-01,2024,Actual,Midwest,Core,Sales & Marketing,Opex,Marketing,-398184.62015457684,2024-01
2024-01-01,2024,Actual,Midwest,Core,R&D,Opex,R&D,-290157.3453864796,2024-01
2024-01-01,2024,Actual,Midwest,Core,G&A,Opex,G&A,-215736.57675685055,2024-01
2024-01-01,2024,Actual,Midwest,Core,Support,Opex,Support,-155408.63549989433,2024-01
2024-01-01,2024,Budget,Midwest,Core,Revenue,Revenue,Sales,2455833.6,2024-01
2024-01-01,2024,Budget,Midwest,Core,COGS,COGS,Sales,-936916.8008753279,2024-01
2024-01-01,2024,Budget,Midwest,Core,Sales & Marketing,Opex,Marketing,-467710.19975759427,2024-01
2024-01-01,2024,Budget,Midwest,Core,R&D,Opex,R&D,-291132.97100521444,2024-01
2024-01-01,2024,Budget,Midwest,Core,G&A,Opex,G&A,-201900.19186861845,2024-01
2024-01-01,2024,Budget,Midwest,Core,Support,Opex,Support,-158129.80858843683,2024-01
2024-01-01,2024,Actual,Midwest,Plus,Revenue,Revenue,Sales,2942813.974398497,2024-01
2024-01-01,2024,Actual,Midwest,Plus,COGS,COGS,Sales,-1143283.918535921,2024-01
2024-01-01,2024,Actual,Midwest,Plus,Sales & Marketing,Opex,Marketing,-640759.1695366363,2024-01
2024-01-01,2024,Actual,Midwest,Plus,R&D,Opex,R&D,-313609.47384626116,2024-01
2024-01-01,2024,Actual,Midwest,Plus,G&A,Opex,G&A,-246531.45318680117,2024-01
2024-01-01,2024,Actual,Midwest,Plus,Support,Opex,Support,-181012.93170549907,2024-01
2024-01-01,2024,Budget,Midwest,Plus,Revenue,Revenue,Sales,2824208.64,2024-01
2024-01-01,2024,Budget,Midwest,Plus,COGS,COGS,Sales,-1224323.6693492867,2024-01
2024-01-01,2024,Budget,Midwest,Plus,Sales & Marketing,Opex,Marketing,-588873.6279441979,2024-01
2024-01-01,2024,Budget,Midwest,Plus,R&D,Opex,R&D,-283571.7513907487,2024-01
2024-01-01,2024,Budget,Midwest,Plus,G&A,Opex,G&A,-301083.19250962493,2024-01
2024-01-01,2024,Budget,Midwest,Plus,Support,Opex,Support,-149068.51259122317,2024-01
2024-01-01,2024,Actual,Midwest,Enterprise,Revenue,Revenue,Sales,3086540.87980577,2024-01
2024-01-01,2024,Actual,Midwest,Enterprise,COGS,COGS,Sales,-1330049.6891053375,2024-01
2024-01-01,2024,Actual,Midwest,Enterprise,Sales & Marketing,Opex,Marketing,-523528.3645925526,2024-01
2024-01-01,2024,Actual,Midwest,Enterprise,R&D,Opex,R&D,-369160.54309313797,2024-01
2024-01-01,2024,Actual,Midwest,Enterprise,G&A,Opex,G&A,-313023.4310586209,2024-01
2024-01-01,2024,Actual,Midwest,Enterprise,Support,Opex,Support,-219393.3136798214,2024-01
2024-01-01,2024,Budget,Midwest,Enterprise,Revenue,Revenue,Sales,3315375.36,2024-01
2024-01-01,2024,Budget,Midwest,Enterprise,COGS,COGS,Sales,-1265984.8345239395,2024-01
2024-01-01,2024,Budget,Midwest,Enterprise,Sales & Marketing,Opex,Marketing,-726057.6921763622,2024-01
2024-01-01,2024,Budget,Midwest,Enterprise,R&D,Opex,R&D,-374518.2141867409,2024-01
2024-01-01,2024,Budget,Midwest,Enterprise,G&A,Opex,G&A,-283381.88498578337,2024-01
2024-01-01,2024,Budget,Midwest,Enterprise,Support,Opex,Support,-173663.2563623594,2024-01
2024-01-01,2024,Actual,Midwest,Marketplace Ads,Revenue,Revenue,Sales,1472348.3471784412,2024-01
2024-01-01,2024,Actual,Midwest,Marketplace Ads,COGS,COGS,Sales,-661276.1930672195,2024-01
2024-01-01,2024,Actual,Midwest,Marketplace Ads,Sales & Marketing,Opex,Marketing,-291188.0455882633,2024-01
2024-01-01,2024,Actual,Midwest,Marketplace Ads,R&D,Opex,R&D,-152696.63580255647,2024-01
2024-01-01,2024,Actual,Midwest,Marketplace Ads,G&A,Opex,G&A,-140759.4246638825,2024-01
2024-01-01,2024,Actual,Midwest,Marketplace Ads,Support,Opex,Support,-115617.91585054596,2024-01
2024-01-01,2024,Budget,Midwest,Marketplace Ads,Revenue,Revenue,Sales,1473500.16,2024-01
2024-01-01,2024,Budget,Midwest,Marketplace Ads,COGS,COGS,Sales,-655762.1338168923,2024-01
2024-01-01,2024,Budget,Midwest,Marketplace Ads,Sales & Marketing,Opex,Marketing,-321504.61863256193,2024-01
2024-01-01,2024,Budget,Midwest,Marketplace Ads,R&D,Opex,R&D,-202463.5024702525,2024-01
2024-01-01,2024,Budget,Midwest,Marketplace Ads,G&A,Opex,G&A,-133042.51082758402,2024-01
2024-01-01,2024,Budget,Midwest,Marketplace Ads,Support,Opex,Support,-109525.7444207051,2024-01
2024-01-01,2024,Actual,Southwest,Core,Revenue,Revenue,Sales,2695955.389038434,2024-01
2024-01-01,2024,Actual,Southwest,Core,COGS,COGS,Sales,-1206275.626143066,2024-01
2024-01-01,2024,Actual,Southwest,Core,Sales & Marketing,Opex,Marketing,-506695.1019534956,2024-01
2024-01-01,2024,Actual,Southwest,Core,R&D,Opex,R&D,-355565.6832241739,2024-01
2024-01-01,2024,Actual,Southwest,Core,G&A,Opex,G&A,-270126.90564099245,2024-01
2024-01-01,2024,Actual,Southwest,Core,Support,Opex,Support,-177277.1033147495,2024-01
2024-01-01,2024,Budget,Southwest,Core,Revenue,Revenue,Sales,2728704.0,2024-01
2024-01-01,2024,Budget,Southwest,Core,COGS,COGS,Sales,-1047741.5636331497,2024-01
2024-01-01,2024,Budget,Southwest,Core,Sales & Marketing,Opex,Marketing,-485128.08476759243,2024-01
2024-01-01,2024,Budget,Southwest,Core,R&D,Opex,R&D,-309005.6755657645,2024-01
2024-01-01,2024,Budget,Southwest,Core,G&A,Opex,G&A,-227987.3803087662,2024-01
2024-01-01,2024,Budget,Southwest,Core,Support,Opex,Support,-183850.05972893423,2024-01
2024-01-01,2024,Actual,Southwest,Plus,Revenue,Revenue,Sales,3089153.8366200184,2024-01
2024-01-01,2024,Actual,Southwest,Plus,COGS,COGS,Sales,-1188180.3999668292,2024-01
2024-01-01,2024,Actual,Southwest,Plus,Sales & Marketing,Opex,Marketing,-548182.8409656016,2024-01
2024-01-01,2024,Actual,Southwest,Plus,R&D,Opex,R&D,-350065.66688720474,2024-01
2024-01-01,2024,Actual,Southwest,Plus,G&A,Opex,G&A,-315732.2351735507,2024-01
2024-01-01,2024,Actual,Southwest,Plus,Support,Opex,Support,-169878.06213497417,2024-01
2024-01-01,2024,Budget,Southwest,Plus,Revenue,Revenue,Sales,3138009.6,2024-01
2024-01-01,2024,Budget,Southwest,Plus,COGS,COGS,Sales,-1351223.6088091922,2024-01
2024-01-01,2024,Budget,Southwest,Plus,Sales & Marketing,Opex,Marketing,-552847.026869688,2024-01
2024-01-01,2024,Budget,Southwest,Plus,R&D,Opex,R&D,-387201.71549490513,2024-01
2024-01-01,2024,Budget,Southwest,Plus,G&A,Opex,G&A,-280665.7452501977,2024-01
2024-01-01,2024,Budget,Southwest,Plus,Support,Opex,Support,-247678.84786305027,2024-01
2024-01-01,2024,Actual,Southwest,Enterprise,Revenue,Revenue,Sales,3435766.642370338,2024-01
2024-01-01,2024,Actual,Southwest,Enterprise,COGS,COGS,Sales,-1373884.3910080958,2024-01
2024-01-01,2024,Actual,Southwest,Enterprise,Sales & Marketing,Opex,Marketing,-556203.5251176496,2024-01
2024-01-01,2024,Actual,Southwest,Enterprise,R&D,Opex,R&D,-415915.59789067425,2024-01
2024-01-01,2024,Actual,Southwest,Enterprise,G&A,Opex,G&A,-299510.59586168366,2024-01
2024-01-01,2024,Actual,Southwest,Enterprise,Support,Opex,Support,-178778.3900179711,2024-01
2024-01-01,2024,Budget,Southwest,Enterprise,Revenue,Revenue,Sales,3683750.4,2024-01
2024-01-01,2024,Budget,Southwest,Enterprise,COGS,COGS,Sales,-1558642.4777837452,2024-01
2024-01-01,2024,Budget,Southwest,Enterprise,Sales & Marketing,Opex,Marketing,-664431.187786191,2024-01
2024-01-01,2024,Budget,Southwest,Enterprise,R&D,Opex,R&D,-466831.5939057503,2024-01
2024-01-01,2024,Budget,Southwest,Enterprise,G&A,Opex,G&A,-300189.06348576513,2024-01
2024-01-01,2024,Budget,Southwest,Enterprise,Support,Opex,Support,-201844.5719195017,2024-01
2024-01-01,2024,Actual,Southwest,Marketplace Ads,Revenue,Revenue,Sales,1591334.856523566,2024-01
2024-01-01,2024,Actual,Southwest,Marketplace Ads,COGS,COGS,Sales,-687427.354842527,2024-01
2024-01-01,2024,Actual,Southwest,Marketplace Ads,Sales & Marketing,Opex,Marketing,-347895.55003558384,2024-01
2024-01-01,2024,Actual,Southwest,Marketplace Ads,R&D,Opex,R&D,-165821.90172747153,2024-01
2024-01-01,2024,Actual,Southwest,Marketplace Ads,G&A,Opex,G&A,-151504.30740974686,2024-01
2024-01-01,2024,Actual,Southwest,Marketplace Ads,Support,Opex,Support,-126088.06418913987,2024-01
2024-01-01,2024,Budget,Southwest,Marketplace Ads,Revenue,Revenue,Sales,1637222.4000000001,2024-01
2024-01-01,2024,Budget,Southwest,Marketplace Ads,COGS,COGS,Sales,-687299.0816011367,2024-01
2024-01-01,2024,Budget,Southwest,Marketplace Ads,Sales & Marketing,Opex,Marketing,-347682.1708254322,2024-01
2024-01-01,2024,Budget,Southwest,Marketplace Ads,R&D,Opex,R&D,-204847.53907994003,2024-01
2024-01-01,2024,Budget,Southwest,Marketplace Ads,G&A,Opex,G&A,-132403.77570141217,2024-01
2024-01-01,2024,Budget,Southwest,Marketplace Ads,Support,Opex,Support,-98865.32653022515,2024-01
2024-01-01,2024,Actual,West,Core,Revenue,Revenue,Sales,3028194.001841858,2024-01
2024-01-01,2024,Actual,West,Core,COGS,COGS,Sales,-1272772.771790669,2024-01
2024-01-01,2024,Actual,West,Core,Sales & Marketing,Opex,Marketing,-589441.7006326492,2024-01
2024-01-01,2024,Actual,West,Core,R&D,Opex,R&D,-313689.9859929266,2024-01
2024-01-01,2024,Actual,West,Core,G&A,Opex,G&A,-268979.67241335736,2024-01
2024-01-01,2024,Actual,West,Core,Support,Opex,Support,-184646.94720447407,2024-01
2024-01-01,2024,Budget,West,Core,Revenue,Revenue,Sales,3001574.4,2024-01
2024-01-01,2024,Budget,West,Core,COGS,COGS,Sales,-1316380.2455352147,2024-01
2024-01-01,2024,Budget,West,Core,Sales & Marketing,Opex,Marketing,-573288.7156902938,2024-01
2024-01-01,2024,Budget,West,Core,R&D,Opex,R&D,-339097.9201204929,2024-01
2024-01-01,2024,Budget,West,Core,G&A,Opex,G&A,-262737.48909178516,2024-01
2024-01-01,2024,Budget,West,Core,Support,Opex,Support,-173918.36413852705,2024-01
2024-01-01,2024,Actual,West,Plus,Revenue,Revenue,Sales,3577710.8185377293,2024-01
2024-01-01,2024,Actual,West,Plus,COGS,COGS,Sales,-1415458.9533985108,2024-01
2024-01-01,2024,Actual,West,Plus,Sales & Marketing,Opex,Marketing,-716833.6672123481,2024-01
2024-01-01,2024,Actual,West,Plus,R&D,Opex,R&D,-376961.2762799647,2024-01
2024-01-01,2024,Actual,West,Plus,G&A,Opex,G&A,-340571.5393701352,2024-01
2024-01-01,2024,Actual,West,Plus,Support,Opex,Support,-188045.11573125384,2024-01
2024-01-01,2024,Budget,West,Plus,Revenue,Revenue,Sales,3451810.56,2024-01
2024-01-01,2024,Budget,West,Plus,COGS,COGS,Sales,-1500265.8911244506,2024-01
2024-01-01,2024,Budget,West,Plus,Sales & Marketing,Opex,Marketing,-678204.3101981648,2024-01
2024-01-01,2024,Budget,West,Plus,R&D,Opex,R&D,-398324.60109233233,2024-01
2024-01-01,2024,Budget,West,Plus,G&A,Opex,G&A,-374707.99524623476,2024-01
2024-01-01,2024,Budget,West,Plus,Support,Opex,Support,-255519.2483314169,2024-01
2024-01-01,2024,Actual,West,Enterprise,Revenue,Revenue,Sales,3729826.194192896,2024-01
2024-01-01,2024,Actual,West,Enterprise,COGS,COGS,Sales,-1624881.3418927148,2024-01
2024-01-01,2024,Actual,West,Enterprise,Sales & Marketing,Opex,Marketing,-610717.2093699558,2024-01
2024-01-01,2024,Actual,West,Enterprise,R&D,Opex,R&D,-411552.9226309578,2024-01
2024-01-01,2024,Actual,West,Enterprise,G&A,Opex,G&A,-317875.7236837967,2024-01
2024-01-01,2024,Actual,West,Enterprise,Support,Opex,Support,-231327.52155464445,2024-01
2024-01-01,2024,Budget,West,Enterprise,Revenue,Revenue,Sales,4052125.44,2024-01
2024-01-01,2024,Budget,West,Enterprise,COGS,COGS,Sales,-1739657.5340742245,2024-01
2024-01-01,2024,Budget,West,Enterprise,Sales & Marketing,Opex,Marketing,-789220.9605377539,2024-01
2024-01-01,2024,Budget,West,Enterprise,R&D,Opex,R&D,-434151.83732028404,2024-01
2024-01-01,2024,Budget,West,Enterprise,G&A,Opex,G&A,-420044.4738087945,2024-01
2024-01-01,2024,Budget,West,Enterprise,Support,Opex,Support,-235663.0882186001,2024-01
2024-01-01,2024,Actual,West,Marketplace Ads,Revenue,Revenue,Sales,1825917.4903346654,2024-01
2024-01-01,2024,Actual,West,Marketplace Ads,COGS,COGS,Sales,-791316.1841262375,2024-01
2024-01-01,2024,Actual,West,Marketplace Ads,Sales & Marketing,Opex,Marketing,-339005.1356725006,2024-01
2024-01-01,2024,Actual,West,Marketplace Ads,R&D,Opex,R&D,-242579.08395945298,2024-01
2024-01-01,2024,Actual,West,Marketplace Ads,G&A,Opex,G&A,-195716.44116905652,2024-01
2024-01-01,2024,Actual,West,Marketplace Ads,Support,Opex,Support,-142904.49902041667,2024-01
2024-01-01,2024,Budget,West,Marketplace Ads,Revenue,Revenue,Sales,1800944.6400000001,2024-01
2024-01-01,2024,Budget,West,Marketplace Ads,COGS,COGS,Sales,-760758.4797497591,2024-01
2024-01-01,2024,Budget,West,Marketplace Ads,Sales & Marketing,Opex,Marketing,-326217.9500923672,2024-01
2024-01-01,2024,Budget,West,Marketplace Ads,R&D,Opex,R&D,-237465.8899236059,2024-01
2024-01-01,2024,Budget,West,Marketplace Ads,G&A,Opex,G&A,-162825.57446397972,2024-01
2024-01-01,2024,Budget,West,Marketplace Ads,Support,Opex,Support,-123026.5319146512,2024-01
2024-02-01,2024,Actual,Northeast,Core,Revenue,Revenue,Sales,2978725.1989887417,2024-02
2024-02-01,2024,Actual,Northeast,Core,COGS,COGS,Sales,-1300602.4003335636,2024-02
2024-02-01,2024,Actual,Northeast,Core,Sales & Marketing,Opex,Marketing,-498553.34738333215,2024-02
2024-02-01,2024,Actual,Northeast,Core,R&D,Opex,R&D,-362932.8049550385,2024-02
2024-02-01,2024,Actual,Northeast,Core,G&A,Opex,G&A,-313995.805424858,2024-02
2024-02-01,2024,Actual,Northeast,Core,Support,Opex,Support,-232842.80530342486,2024-02
2024-02-01,2024,Budget,Northeast,Core,Revenue,Revenue,Sales,3082003.8479999998,2024-02
2024-02-01,2024,Budget,Northeast,Core,COGS,COGS,Sales,-1384091.375858339,2024-02
2024-02-01,2024,Budget,Northeast,Core,Sales & Marketing,Opex,Marketing,-629673.4883732114,2024-02
2024-02-01,2024,Budget,Northeast,Core,R&D,Opex,R&D,-344339.54490758316,2024-02
2024-02-01,2024,Budget,Northeast,Core,G&A,Opex,G&A,-307113.6801020437,2024-02
2024-02-01,2024,Budget,Northeast,Core,Support,Opex,Support,-214586.86540186132,2024-02
2024-02-01,2024,Actual,Northeast,Plus,Revenue,Revenue,Sales,3473953.231454034,2024-02
2024-02-01,2024,Actual,Northeast,Plus,COGS,COGS,Sales,-1432496.2563398918,2024-02
2024-02-01,2024,Actual,Northeast,Plus,Sales & Marketing,Opex,Marketing,-669170.2093904718,2024-02
2024-02-01,2024,Actual,Northeast,Plus,R&D,Opex,R&D,-397502.62675042154,2024-02
2024-02-01,2024,Actual,Northeast,Plus,G&A,Opex,G&A,-334985.5763603105,2024-02
2024-02-01,2024,Actual,Northeast,Plus,Support,Opex,Support,-202902.65208582723,2024-02
2024-02-01,2024,Budget,Northeast,Plus,Revenue,Revenue,Sales,3544304.4252,2024-02
2024-02-01,2024,Budget,Northeast,Plus,COGS,COGS,Sales,-1422064.629069842,2024-02
2024-02-01,2024,Budget,Northeast,Plus,Sales & Marketing,Opex,Marketing,-572967.999273003,2024-02
2024-02-01,2024,Budget,Northeast,Plus,R&D,Opex,R&D,-384474.83477046515,2024-02
2024-02-01,2024,Budget,Northeast,Plus,G&A,Opex,G&A,-299925.91063747124,2024-02
2024-02-01,2024,Budget,Northeast,Plus,Support,Opex,Support,-237697.278979801,2024-02
2024-02-01,2024,Actual,Northeast,Enterprise,Revenue,Revenue,Sales,3840330.9986765427,2024-02
2024-02-01,2024,Actual,Northeast,Enterprise,COGS,COGS,Sales,-1505963.8660534506,2024-02
2024-02-01,2024,Actual,Northeast,Enterprise,Sales & Marketing,Opex,Marketing,-790805.3837035357,2024-02
2024-02-01,2024,Actual,Northeast,Enterprise,R&D,Opex,R&D,-408653.86302877124,2024-02
2024-02-01,2024,Actual,Northeast,Enterprise,G&A,Opex,G&A,-395218.2626494614,2024-02
2024-02-01,2024,Actual,Northeast,Enterprise,Support,Opex,Support,-286743.5504064684,2024-02
2024-02-01,2024,Budget,Northeast,Enterprise,Revenue,Revenue,Sales,4160705.1947999997,2024-02
2024-02-01,2024,Budget,Northeast,Enterprise,COGS,COGS,Sales,-1782101.6110273676,2024-02
2024-02-01,2024,Budget,Northeast,Enterprise,Sales & Marketing,Opex,Marketing,-754491.8099358554,2024-02
2024-02-01,2024,Budget,Northeast,Enterprise,R&D,Opex,R&D,-439483.3153420082,2024-02
2024-02-01,2024,Budget,Northeast,Enterprise,G&A,Opex,G&A,-456280.35520815506,2024-02
2024-02-01,2024,Budget,Northeast,Enterprise,Support,Opex,Support,-253859.89821325362,2024-02
2024-02-01,2024,Actual,Northeast,Marketplace Ads,Revenue,Revenue,Sales,1757184.350199113,2024-02
2024-02-01,2024,Actual,Northeast,Marketplace Ads,COGS,COGS,Sales,-670343.796869122,2024-02
2024-02-01,2024,Actual,Northeast,Marketplace Ads,Sales & Marketing,Opex,Marketing,-385021.8601172932,2024-02
2024-02-01,2024,Actual,Northeast,Marketplace Ads,R&D,Opex,R&D,-223282.7137734704,2024-02
2024-02-01,2024,Actual,Northeast,Marketplace Ads,G&A,Opex,G&A,-142232.31489205387,2024-02
2024-02-01,2024,Actual,Northeast,Marketplace Ads,Support,Opex,Support,-94466.58784034396,2024-02
2024-02-01,2024,Budget,Northeast,Marketplace Ads,Revenue,Revenue,Sales,1849202.3088,2024-02
2024-02-01,2024,Budget,Northeast,Marketplace Ads,COGS,COGS,Sales,-734825.0771311006,2024-02
2024-02-01,2024,Budget,Northeast,Marketplace Ads,Sales & Marketing,Opex,Marketing,-375179.09489230526,2024-02
2024-02-01,2024,Budget,Northeast,Marketplace Ads,R&D,Opex,R&D,-191138.41007785196,2024-02
2024-02-01,2024,Budget,Northeast,Marketplace Ads,G&A,Opex,G&A,-202749.6704723712,2024-02
2024-02-01,2024,Budget,Northeast,Marketplace Ads,Support,Opex,Support,-147843.19562020124,2024-02
2024-02-01,2024,Actual,Southeast,Core,Revenue,Revenue,Sales,2647354.7095590867,2024-02
2024-02-01,2024,Actual,Southeast,Core,COGS,COGS,Sales,-1183524.4139108264,2024-02
2024-02-01,2024,Actual,Southeast,Core,Sales & Marketing,Opex,Marketing,-438983.46637527924,2024-02
2024-02-01,2024,Actual,Southeast,Core,R&D,Opex,R&D,-335586.4891468596,2024-02
2024-02-01,2024,Actual,Southeast,Core,G&A,Opex,G&A,-253793.00238479095,2024-02
2024-02-01,2024,Actual,Southeast,Core,Support,Opex,Support,-146821.32275817567,2024-02
2024-02-01,2024,Budget,Southeast,Core,Revenue,Revenue,Sales,2788479.6720000003,2024-02
2024-02-01,2024,Budget,Southeast,Core,COGS,COGS,Sales,-1204911.3762090097,2024-02
2024-02-01,2024,Budget,Southeast,Core,Sales & Marketing,Opex,Marketing,-541704.1523453888,2024-02
2024-02-01,2024,Budget,Southeast,Core,R&D,Opex,R&D,-304684.8552476543,2024-02
2024-02-01,2024,Budget,Southeast,Core,G&A,Opex,G&A,-306510.9759212932,2024-02
2024-02-01,2024,Budget,Southeast,Core,Support,Opex,Support,-146091.52410521614,2024-02
2024-02-01,2024,Actual,Southeast,Plus,Revenue,Revenue,Sales,3000687.1165186306,2024-02
2024-02-01,2024,Actual,Southeast,Plus,COGS,COGS,Sales,-1176054.4091283088,2024-02
2024-02-01,2024,Actual,Southeast,Plus,Sales & Marketing,Opex,Marketing,-605779.534870853,2024-02
2024-02-01,2024,Actual,Southeast,Plus,R&D,Opex,R&D,-359276.3315156582,2024-02
2024-02-01,2024,Actual,Southeast,Plus,G&A,Opex,G&A,-246017.57465223593,2024-02
2024-02-01,2024,Actual,Southeast,Plus,Support,Opex,Support,-236495.54783473545,2024-02
2024-02-01,2024,Budget,Southeast,Plus,Revenue,Revenue,Sales,3206751.6228,2024-02
2024-02-01,2024,Budget,Southeast,Plus,COGS,COGS,Sales,-1283294.069956317,2024-02
2024-02-01,2024,Budget,Southeast,Plus,Sales & Marketing,Opex,Marketing,-584199.851492563,2024-02
2024-02-01,2024,Budget,Southeast,Plus,R&D,Opex,R&D,-337509.85333050316,2024-02
2024-02-01,2024,Budget,Southeast,Plus,G&A,Opex,G&A,-272069.1916058228,2024-02
2024-02-01,2024,Budget,Southeast,Plus,Support,Opex,Support,-165661.40463791418,2024-02
2024-02-01,2024,Actual,Southeast,Enterprise,Revenue,Revenue,Sales,3637265.3856959594,2024-02
2024-02-01,2024,Actual,Southeast,Enterprise,COGS,COGS,Sales,-1466935.5444544547,2024-02
2024-02-01,2024,Actual,Southeast,Enterprise,Sales & Marketing,Opex,Marketing,-640080.0810840467,2024-02
2024-02-01,2024,Actual,Southeast,Enterprise,R&D,Opex,R&D,-372650.52921654406,2024-02
2024-02-01,2024,Actual,Southeast,Enterprise,G&A,Opex,G&A,-303079.8854921936,2024-02
2024-02-01,2024,Actual,Southeast,Enterprise,Support,Opex,Support,-237260.13655820067,2024-02
2024-02-01,2024,Budget,Southeast,Enterprise,Revenue,Revenue,Sales,3764447.5572,2024-02
2024-02-01,2024,Budget,Southeast,Enterprise,COGS,COGS,Sales,-1615230.5065641615,2024-02
2024-02-01,2024,Budget,Southeast,Enterprise,Sales & Marketing,Opex,Marketing,-772716.3328699748,2024-02
2024-02-01,2024,Budget,Southeast,Enterprise,R&D,Opex,R&D,-466065.3250786311,2024-02
2024-02-01,2024,Budget,Southeast,Enterprise,G&A,Opex,G&A,-344338.57703657367,2024-02
2024-02-01,2024,Budget,Southeast,Enterprise,Support,Opex,Support,-281366.3743365309,2024-02
2024-02-01,2024,Actual,Southeast,Marketplace Ads,Revenue,Revenue,Sales,1751891.6761765238,2024-02
2024-02-01,2024,Actual,Southeast,Marketplace Ads,COGS,COGS,Sales,-771526.7062597419,2024-02
2024-02-01,2024,Actual,Southeast,Marketplace Ads,Sales & Marketing,Opex,Marketing,-365698.5625497478,2024-02
2024-02-01,2024,Actual,Southeast,Marketplace Ads,R&D,Opex,R&D,-192834.9142223253,2024-02
2024-02-01,2024,Actual,Southeast,Marketplace Ads,G&A,Opex,G&A,-151455.11071507423,2024-02
2024-02-01,2024,Actual,Southeast,Marketplace Ads,Support,Opex,Support,-136706.66510841026,2024-02
2024-02-01,2024,Budget,Southeast,Marketplace Ads,Revenue,Revenue,Sales,1673087.8032,2024-02
2024-02-01,2024,Budget,Southeast,Marketplace Ads,COGS,COGS,Sales,-701556.9804982127,2024-02
2024-02-01,2024,Budget,Southeast,Marketplace Ads,Sales & Marketing,Opex,Marketing,-331806.5084322598,2024-02
2024-02-01,2024,Budget,Southeast,Marketplace Ads,R&D,Opex,R&D,-196284.58383909028,2024-02
2024-02-01,2024,Budget,Southeast,Marketplace Ads,G&A,Opex,G&A,-137981.31529495254,2024-02
2024-02-01,2024,Budget,Southeast,Marketplace Ads,Support,Opex,Support,-99214.61606576448,2024-02
2024-02-01,2024,Actual,Midwest,Core,Revenue,Revenue,Sales,2724467.188324579,2024-02
2024-02-01,2024,Actual,Midwest,Core,COGS,COGS,Sales,-1168188.5950814134,2024-02
2024-02-01,2024,Actual,Midwest,Core,Sales & Marketing,Opex,Marketing,-452493.52325525496,2024-02
2024-02-01,2024,Actual,Midwest,Core,R&D,Opex,R&D,-336765.9038133143,2024-02
2024-02-01,2024,Actual,Midwest,Core,G&A,Opex,G&A,-228294.0538469693,2024-02
2024-02-01,2024,Actual,Midwest,Core,Support,Opex,Support,-163020.5939076169,2024-02
2024-02-01,2024,Budget,Midwest,Core,Revenue,Revenue,Sales,2641717.5840000003,2024-02
2024-02-01,2024,Budget,Midwest,Core,COGS,COGS,Sales,-1079305.0383265773,2024-02
2024-02-01,2024,Budget,Midwest,Core,Sales & Marketing,Opex,Marketing,-424661.19318319333,2024-02
2024-02-01,2024,Budget,Midwest,Core,R&D,Opex,R&D,-361589.49733583577,2024-02
2024-02-01,2024,Budget,Midwest,Core,G&A,Opex,G&A,-255398.89001350154,2024-02
2024-02-01,2024,Budget,Midwest,Core,Support,Opex,Support,-144772.76654941708,2024-02
2024-02-01,2024,Actual,Midwest,Plus,Revenue,Revenue,Sales,2751644.9226358403,2024-02
2024-02-01,2024,Actual,Midwest,Plus,COGS,COGS,Sales,-1203060.6758028418,2024-02
2024-02-01,2024,Actual,Midwest,Plus,Sales & Marketing,Opex,Marketing,-529638.1382342877,2024-02
2024-02-01,2024,Actual,Midwest,Plus,R&D,Opex,R&D,-335082.7387561853,2024-02
2024-02-01,2024,Actual,Midwest,Plus,G&A,Opex,G&A,-250427.05402937243,2024-02
2024-02-01,2024,Actual,Midwest,Plus,Support,Opex,Support,-190512.86295540354,2024-02
2024-02-01,2024,Budget,Midwest,Plus,Revenue,Revenue,Sales,3037975.2216000003,2024-02
2024-02-01,2024,Budget,Midwest,Plus,COGS,COGS,Sales,-1309752.727846802,2024-02
2024-02-01,2024,Budget,Midwest,Plus,Sales & Marketing,Opex,Marketing,-667718.540615201,2024-02
2024-02-01,2024,Budget,Midwest,Plus,R&D,Opex,R&D,-328245.2086578678,2024-02
2024-02-01,2024,Budget,Midwest,Plus,G&A,Opex,G&A,-255340.5161678009,2024-02
2024-02-01,2024,Budget,Midwest,Plus,Support,Opex,Support,-177783.50322275076,2024-02
2024-02-01,2024,Actual,Midwest,Enterprise,Revenue,Revenue,Sales,3359744.6834924575,2024-02
2024-02-01,2024,Actual,Midwest,Enterprise,COGS,COGS,Sales,-1482452.9062464428,2024-02
2024-02-01,2024,Actual,Midwest,Enterprise,Sales & Marketing,Opex,Marketing,-642851.6693544303,2024-02
2024-02-01,2024,Actual,Midwest,Enterprise,R&D,Opex,R&D,-389764.4307292167,2024-02
2024-02-01,2024,Actual,Midwest,Enterprise,G&A,Opex,G&A,-322842.66599330585,2024-02
2024-02-01,2024,Actual,Midwest,Enterprise,Support,Opex,Support,-239503.63714585503,2024-02
2024-02-01,2024,Budget,Midwest,Enterprise,Revenue,Revenue,Sales,3566318.7384,2024-02
2024-02-01,2024,Budget,Midwest,Enterprise,COGS,COGS,Sales,-1480285.958762744,2024-02
2024-02-01,2024,Budget,Midwest,Enterprise,Sales & Marketing,Opex,Marketing,-640711.9950150036,2024-02
2024-02-01,2024,Budget,Midwest,Enterprise,R&D,Opex,R&D,-415212.67778944806,2024-02
2024-02-01,2024,Budget,Midwest,Enterprise,G&A,Opex,G&A,-296602.42459284415,2024-02
2024-02-01,2024,Budget,Midwest,Enterprise,Support,Opex,Support,-246735.98109139068,2024-02
2024-02-01,2024,Actual,Midwest,Marketplace Ads,Revenue,Revenue,Sales,1525189.683433701,2024-02
2024-02-01,2024,Actual,Midwest,Marketplace Ads,COGS,COGS,Sales,-623720.7757225536,2024-02
2024-02-01,2024,Actual,Midwest,Marketplace Ads,Sales & Marketing,Opex,Marketing,-285045.93478196935,2024-02
2024-02-01,2024,Actual,Midwest,Marketplace Ads,R&D,Opex,R&D,-156904.01531876533,2024-02
2024-02-01,2024,Actual,Midwest,Marketplace Ads,G&A,Opex,G&A,-142192.36735823442,2024-02
2024-02-01,2024,Actual,Midwest,Marketplace Ads,Support,Opex,Support,-80406.43788067585,2024-02
2024-02-01,2024,Budget,Midwest,Marketplace Ads,Revenue,Revenue,Sales,1585030.5504,2024-02
2024-02-01,2024,Budget,Midwest,Marketplace Ads,COGS,COGS,Sales,-665652.6897489617,2024-02
2024-02-01,2024,Budget,Midwest,Marketplace Ads,Sales & Marketing,Opex,Marketing,-316002.3500489666,2024-02
2024-02-01,2024,Budget,Midwest,Marketplace Ads,R&D,Opex,R&D,-178059.1742249063,2024-02
2024-02-01,2024,Budget,Midwest,Marketplace Ads,G&A,Opex,G&A,-159672.25058866251,2024-02
2024-02-01,2024,Budget,Midwest,Marketplace Ads,Support,Opex,Support,-89215.7458944213,2024-02
2024-02-01,2024,Actual,Southwest,Core,Revenue,Revenue,Sales,2781058.3988776053,2024-02
2024-02-01,2024,Actual,Southwest,Core,COGS,COGS,Sales,-1150415.500987569,2024-02
2024-02-01,2024,Actual,Southwest,Core,Sales & Marketing,Opex,Marketing,-585267.4635448207,2024-02
2024-02-01,2024,Actual,Southwest,Core,R&D,Opex,R&D,-281614.0760640262,2024-02
2024-02-01,2024,Actual,Southwest,Core,G&A,Opex,G&A,-273705.0412623854,2024-02
2024-02-01,2024,Actual,Southwest,Core,Support,Opex,Support,-182460.2740319372,2024-02
2024-02-01,2024,Budget,Southwest,Core,Revenue,Revenue,Sales,2935241.7600000002,2024-02
2024-02-01,2024,Budget,Southwest,Core,COGS,COGS,Sales,-1259387.251751854,2024-02
2024-02-01,2024,Budget,Southwest,Core,Sales & Marketing,Opex,Marketing,-598043.1334750279,2024-02
2024-02-01,2024,Budget,Southwest,Core,R&D,Opex,R&D,-314475.6688603703,2024-02
2024-02-01,2024,Budget,Southwest,Core,G&A,Opex,G&A,-303445.3712394195,2024-02
2024-02-01,2024,Budget,Southwest,Core,Support,Opex,Support,-199952.8310037507,2024-02
2024-02-01,2024,Actual,Southwest,Plus,Revenue,Revenue,Sales,3553259.0234227623,2024-02
2024-02-01,2024,Actual,Southwest,Plus,COGS,COGS,Sales,-1483712.263736468,2024-02
2024-02-01,2024,Actual,Southwest,Plus,Sales & Marketing,Opex,Marketing,-589606.4722702395,2024-02
2024-02-01,2024,Actual,Southwest,Plus,R&D,Opex,R&D,-467474.3600326614,2024-02
2024-02-01,2024,Actual,Southwest,Plus,G&A,Opex,G&A,-326811.54210735665,2024-02
2024-02-01,2024,Actual,Southwest,Plus,Support,Opex,Support,-249981.6473896112,2024-02
2024-02-01,2024,Budget,Southwest,Plus,Revenue,Revenue,Sales,3375528.024,2024-02
2024-02-01,2024,Budget,Southwest,Plus,COGS,COGS,Sales,-1319962.868780571,2024-02
2024-02-01,2024,Budget,Southwest,Plus,Sales & Marketing,Opex,Marketing,-608086.0543600677,2024-02
2024-02-01,2024,Budget,Southwest,Plus,R&D,Opex,R&D,-454022.5995516039,2024-02
2024-02-01,2024,Budget,Southwest,Plus,G&A,Opex,G&A,-294980.751001622,2024-02
2024-02-01,2024,Budget,Southwest,Plus,Support,Opex,Support,-253502.51305848907,2024-02
2024-02-01,2024,Actual,Southwest,Enterprise,Revenue,Revenue,Sales,3850788.8951748316,2024-02
2024-02-01,2024,Actual,Southwest,Enterprise,COGS,COGS,Sales,-1640938.5762444977,2024-02
2024-02-01,2024,Actual,Southwest,Enterprise,Sales & Marketing,Opex,Marketing,-786313.5677932157,2024-02
2024-02-01,2024,Actual,Southwest,Enterprise,R&D,Opex,R&D,-474712.81647142954,2024-02
2024-02-01,2024,Actual,Southwest,Enterprise,G&A,Opex,G&A,-325157.7291074705,2024-02
2024-02-01,2024,Actual,Southwest,Enterprise,Support,Opex,Support,-233415.7684362851,2024-02
2024-02-01,2024,Budget,Southwest,Enterprise,Revenue,Revenue,Sales,3962576.3759999997,2024-02
2024-02-01,2024,Budget,Southwest,Enterprise,COGS,COGS,Sales,-1658416.3988055894,2024-02
2024-02-01,2024,Budget,Southwest,Enterprise,Sales & Marketing,Opex,Marketing,-673831.2952713267,2024-02
2024-02-01,2024,Budget,Southwest,Enterprise,R&D,Opex,R&D,-474852.47027392784,2024-02
2024-02-01,2024,Budget,Southwest,Enterprise,G&A,Opex,G&A,-342953.0319884237,2024-02
2024-02-01,2024,Budget,Southwest,Enterprise,Support,Opex,Support,-212002.11915454708,2024-02
2024-02-01,2024,Actual,Southwest,Marketplace Ads,Revenue,Revenue,Sales,1700557.8547708623,2024-02
2024-02-01,2024,Actual,Southwest,Marketplace Ads,COGS,COGS,Sales,-669873.4970729236,2024-02
2024-02-01,2024,Actual,Southwest,Marketplace Ads,Sales & Marketing,Opex,Marketing,-285399.91088724264,2024-02
2024-02-01,2024,Actual,Southwest,Marketplace Ads,R&D,Opex,R&D,-216914.8588049862,2024-02
2024-02-01,2024,Actual,Southwest,Marketplace Ads,G&A,Opex,G&A,-165914.99851259298,2024-02
2024-02-01,2024,Actual,Southwest,Marketplace Ads,Support,Opex,Support,-115671.09649870732,2024-02
2024-02-01,2024,Budget,Southwest,Marketplace Ads,Revenue,Revenue,Sales,1761145.056,2024-02
2024-02-01,2024,Budget,Southwest,Marketplace Ads,COGS,COGS,Sales,-765391.6113099409,2024-02
2024-02-01,2024,Budget,Southwest,Marketplace Ads,Sales & Marketing,Opex,Marketing,-314354.1673602779,2024-02
2024-02-01,2024,Budget,Southwest,Marketplace Ads,R&D,Opex,R&D,-210030.57418822523,2024-02
2024-02-01,2024,Budget,Southwest,Marketplace Ads,G&A,Opex,G&A,-166224.96550471516,2024-02
2024-02-01,2024,Budget,Southwest,Marketplace Ads,Support,Opex,Support,-118451.9298917435,2024-02
2024-02-01,2024,Actual,West,Core,Revenue,Revenue,Sales,3167727.3577987244,2024-02
2024-02-01,2024,Actual,West,Core,COGS,COGS,Sales,-1382794.6391428304,2024-02
2024-02-01,2024,Actual,West,Core,Sales & Marketing,Opex,Marketing,-631573.8254217391,2024-02
2024-02-01,2024,Actual,West,Core,R&D,Opex,R&D,-419393.36504789884,2024-02
2024-02-01,2024,Actual,West,Core,G&A,Opex,G&A,-294178.4240929417,2024-02
2024-02-01,2024,Actual,West,Core,Support,Opex,Support,-242923.30891973243,2024-02
2024-02-01,2024,Budget,West,Core,Revenue,Revenue,Sales,3228765.9359999998,2024-02
2024-02-01,2024,Budget,West,Core,COGS,COGS,Sales,-1415347.329916208,2024-02
2024-02-01,2024,Budget,West,Core,Sales & Marketing,Opex,Marketing,-547615.6643875432,2024-02
2024-02-01,2024,Budget,West,Core,R&D,Opex,R&D,-423999.16039738193,2024-02
2024-02-01,2024,Budget,West,Core,G&A,Opex,G&A,-302323.15666512906,2024-02
2024-02-01,2024,Budget,West,Core,Support,Opex,Support,-225650.97789490354,2024-02
2024-02-01,2024,Actual,West,Plus,Revenue,Revenue,Sales,3899079.1679694876,2024-02
2024-02-01,2024,Actual,West,Plus,COGS,COGS,Sales,-1498813.4605164023,2024-02
2024-02-01,2024,Actual,West,Plus,Sales & Marketing,Opex,Marketing,-722693.0505983527,2024-02
2024-02-01,2024,Actual,West,Plus,R&D,Opex,R&D,-488424.0426810333,2024-02
2024-02-01,2024,Actual,West,Plus,G&A,Opex,G&A,-345671.6863963275,2024-02
2024-02-01,2024,Actual,West,Plus,Support,Opex,Support,-272020.7467561075,2024-02
2024-02-01,2024,Budget,West,Plus,Revenue,Revenue,Sales,3713080.8263999997,2024-02
2024-02-01,2024,Budget,West,Plus,COGS,COGS,Sales,-1562204.2906824392,2024-02
2024-02-01,2024,Budget,West,Plus,Sales & Marketing,Opex,Marketing,-626165.9351765149,2024-02
2024-02-01,2024,Budget,West,Plus,R&D,Opex,R&D,-457190.5786014767,2024-02
2024-02-01,2024,Budget,West,Plus,G&A,Opex,G&A,-302028.6184170953,2024-02
2024-02-01,2024,Budget,West,Plus,Support,Opex,Support,-198443.03740819954,2024-02
2024-02-01,2024,Actual,West,Enterprise,Revenue,Revenue,Sales,4229284.625453185,2024-02
2024-02-01,2024,Actual,West,Enterprise,COGS,COGS,Sales,-1724589.6686436154,2024-02
2024-02-01,2024,Actual,West,Enterprise,Sales & Marketing,Opex,Marketing,-704002.4906373378,2024-02
2024-02-01,2024,Actual,West,Enterprise,R&D,Opex,R&D,-501422.9366031406,2024-02
2024-02-01,2024,Actual,West,Enterprise,G&A,Opex,G&A,-419632.86721324397,2024-02
2024-02-01,2024,Actual,West,Enterprise,Support,Opex,Support,-286264.5932304302,2024-02
2024-02-01,2024,Budget,West,Enterprise,Revenue,Revenue,Sales,4358834.0136,2024-02
2024-02-01,2024,Budget,West,Enterprise,COGS,COGS,Sales,-1744327.8183845384,2024-02
2024-02-01,2024,Budget,West,Enterprise,Sales & Marketing,Opex,Marketing,-774150.9368704101,2024-02
2024-02-01,2024,Budget,West,Enterprise,R&D,Opex,R&D,-577547.8885632596,2024-02
2024-02-01,2024,Budget,West,Enterprise,G&A,Opex,G&A,-372994.6534439369,2024-02
2024-02-01,2024,Budget,West,Enterprise,Support,Opex,Support,-239693.15973441946,2024-02
2024-02-01,2024,Actual,West,Marketplace Ads,Revenue,Revenue,Sales,1905137.05113303,2024-02
2024-02-01,2024,Actual,West,Marketplace Ads,COGS,COGS,Sales,-751578.4249067528,2024-02
2024-02-01,2024,Actual,West,Marketplace Ads,Sales & Marketing,Opex,Marketing,-313743.678326251,2024-02
2024-02-01,2024,Actual,West,Marketplace Ads,R&D,Opex,R&D,-205118.63537214705,2024-02
2024-02-01,2024,Actual,West,Marketplace Ads,G&A,Opex,G&A,-172949.59659947274,2024-02
2024-02-01,2024,Actual,West,Marketplace Ads,Support,Opex,Support,-137457.20637789406,2024-02
2024-02-01,2024,Budget,West,Marketplace Ads,Revenue,Revenue,Sales,1937259.5616000001,2024-02
2024-02-01,2024,Budget,West,Marketplace Ads,COGS,COGS,Sales,-817599.2798856461,2024-02
2024-02-01,2024,Budget,West,Marketplace Ads,Sales & Marketing,Opex,Marketing,-371086.657099672,2024-02
2024-02-01,2024,Budget,West,Marketplace Ads,R&D,Opex,R&D,-214916.5370213959,2024-02
2024-02-01,2024,Budget,West,Marketplace Ads,G&A,Opex,G&A,-187641.79572772278,2024-02
2024-02-01,2024,Budget,West,Marketplace Ads,Support,Opex,Support,-123195.36204165663,2024-02
2024-03-01,2024,Actual,Northeast,Core,Revenue,Revenue,Sales,3171672.354795369,2024-03
2024-03-01,2024,Actual,Northeast,Core,COGS,COGS,Sales,-1389039.0015180698,2024-03
2024-03-01,2024,Actual,Northeast,Core,Sales & Marketing,Opex,Marketing,-552131.9910850598,2024-03
2024-03-01,2024,Actual,Northeast,Core,R&D,Opex,R&D,-431020.76930045907,2024-03
2024-03-01,2024,Actual,Northeast,Core,G&A,Opex,G&A,-324365.336176829,2024-03
2024-03-01,2024,Actual,Northeast,Core,Support,Opex,Support,-243983.18122953153,2024-03
2024-03-01,2024,Budget,Northeast,Core,Revenue,Revenue,Sales,3256531.485433069,2024-03
2024-03-01,2024,Budget,Northeast,Core,COGS,COGS,Sales,-1355309.121561553,2024-03
2024-03-01,2024,Budget,Northeast,Core,Sales & Marketing,Opex,Marketing,-572259.9251949053,2024-03
2024-03-01,2024,Budget,Northeast,Core,R&D,Opex,R&D,-400260.36829172313,2024-03
2024-03-01,2024,Budget,Northeast,Core,G&A,Opex,G&A,-270446.9928330595,2024-03
2024-03-01,2024,Budget,Northeast,Core,Support,Opex,Support,-175330.94895756413,2024-03
2024-03-01,2024,Actual,Northeast,Plus,Revenue,Revenue,Sales,3335698.4725849642,2024-03
2024-03-01,2024,Actual,Northeast,Plus,COGS,COGS,Sales,-1332600.7093700264,2024-03
2024-03-01,2024,Actual,Northeast,Plus,Sales & Marketing,Opex,Marketing,-678405.3198156432,2024-03
2024-03-01,2024,Actual,Northeast,Plus,R&D,Opex,R&D,-426022.001019153,2024-03
2024-03-01,2024,Actual,Northeast,Plus,G&A,Opex,G&A,-271445.9299444774,2024-03
2024-03-01,2024,Actual,Northeast,Plus,Support,Opex,Support,-213885.26868064574,2024-03
2024-03-01,2024,Budget,Northeast,Plus,Revenue,Revenue,Sales,3745011.20824803,2024-03
2024-03-01,2024,Budget,Northeast,Plus,COGS,COGS,Sales,-1459939.0125791787,2024-03
2024-03-01,2024,Budget,Northeast,Plus,Sales & Marketing,Opex,Marketing,-625255.4006069305,2024-03
2024-03-01,2024,Budget,Northeast,Plus,R&D,Opex,R&D,-403510.4364848155,2024-03
2024-03-01,2024,Budget,Northeast,Plus,G&A,Opex,G&A,-314107.0431905332,2024-03
2024-03-01,2024,Budget,Northeast,Plus,Support,Opex,Support,-242328.87166546265,2024-03
2024-03-01,2024,Actual,Northeast,Enterprise,Revenue,Revenue,Sales,3890941.033386582,2024-03
2024-03-01,2024,Actual,Northeast,Enterprise,COGS,COGS,Sales,-1547038.4474389488,2024-03
2024-03-01,2024,Actual,Northeast,Enterprise,Sales & Marketing,Opex,Marketing,-796316.3127914503,2024-03
2024-03-01,2024,Actual,Northeast,Enterprise,R&D,Opex,R&D,-399468.61077692494,2024-03
2024-03-01,2024,Actual,Northeast,Enterprise,G&A,Opex,G&A,-342697.43071601866,2024-03
2024-03-01,2024,Actual,Northeast,Enterprise,Support,Opex,Support,-225398.51253995832,2024-03
2024-03-01,2024,Budget,Northeast,Enterprise,Revenue,Revenue,Sales,4396317.505334645,2024-03
2024-03-01,2024,Budget,Northeast,Enterprise,COGS,COGS,Sales,-1676269.2733918242,2024-03
2024-03-01,2024,Budget,Northeast,Enterprise,Sales & Marketing,Opex,Marketing,-861728.8282822421,2024-03
2024-03-01,2024,Budget,Northeast,Enterprise,R&D,Opex,R&D,-466430.1870601772,2024-03
2024-03-01,2024,Budget,Northeast,Enterprise,G&A,Opex,G&A,-470285.39823629236,2024-03
2024-03-01,2024,Budget,Northeast,Enterprise,Support,Opex,Support,-227446.82958384173,2024-03
2024-03-01,2024,Actual,Northeast,Marketplace Ads,Revenue,Revenue,Sales,1898944.2828087339,2024-03
2024-03-01,2024,Actual,Northeast,Marketplace Ads,COGS,COGS,Sales,-740376.8966321942,2024-03
2024-03-01,2024,Actual,Northeast,Marketplace Ads,Sales & Marketing,Opex,Marketing,-387478.05752307875,2024-03
2024-03-01,2024,Actual,Northeast,Marketplace Ads,R&D,Opex,R&D,-208217.15541521058,2024-03
2024-03-01,2024,Actual,Northeast,Marketplace Ads,G&A,Opex,G&A,-159672.60269186692,2024-03
2024-03-01,2024,Actual,Northeast,Marketplace Ads,Support,Opex,Support,-133640.69532488225,2024-03
2024-03-01,2024,Budget,Northeast,Marketplace Ads,Revenue,Revenue,Sales,1953918.8912598419,2024-03
2024-03-01,2024,Budget,Northeast,Marketplace Ads,COGS,COGS,Sales,-786703.0986304145,2024-03
2024-03-01,2024,Budget,Northeast,Marketplace Ads,Sales & Marketing,Opex,Marketing,-321707.1261277588,2024-03
2024-03-01,2024,Budget,Northeast,Marketplace Ads,R&D,Opex,R&D,-270168.3933714047,2024-03
2024-03-01,2024,Budget,Northeast,Marketplace Ads,G&A,Opex,G&A,-207360.29120414084,2024-03
2024-03-01,2024,Budget,Northeast,Marketplace Ads,Support,Opex,Support,-114938.9719237551,2024-03
2024-03-01,2024,Actual,Southeast,Core,Revenue,Revenue,Sales,2850949.473167052,2024-03
2024-03-01,2024,Actual,Southeast,Core,COGS,COGS,Sales,-1122950.1674151802,2024-03
2024-03-01,2024,Actual,Southeast,Core,Sales & Marketing,Opex,Marketing,-499477.44972307247,2024-03
2024-03-01,2024,Actual,Southeast,Core,R&D,Opex,R&D,-293616.4851006564,2024-03
2024-03-01,2024,Actual,Southeast,Core,G&A,Opex,G&A,-235970.82777503697,2024-03
2024-03-01,2024,Actual,Southeast,Core,Support,Opex,Support,-216944.12897269794,2024-03
2024-03-01,2024,Budget,Southeast,Core,Revenue,Revenue,Sales,2946385.629677539,2024-03
2024-03-01,2024,Budget,Southeast,Core,COGS,COGS,Sales,-1285775.2626375873,2024-03
2024-03-01,2024,Budget,Southeast,Core,Sales & Marketing,Opex,Marketing,-637216.7535179453,2024-03
2024-03-01,2024,Budget,Southeast,Core,R&D,Opex,R&D,-344799.0227363058,2024-03
2024-03-01,2024,Budget,Southeast,Core,G&A,Opex,G&A,-304095.65640462347,2024-03
2024-03-01,2024,Budget,Southeast,Core,Support,Opex,Support,-228102.81875242604,2024-03
2024-03-01,2024,Actual,Southeast,Plus,Revenue,Revenue,Sales,3388424.169750701,2024-03
2024-03-01,2024,Actual,Southeast,Plus,COGS,COGS,Sales,-1328325.052197318,2024-03
2024-03-01,2024,Actual,Southeast,Plus,Sales & Marketing,Opex,Marketing,-675994.4991187709,2024-03
2024-03-01,2024,Actual,Southeast,Plus,R&D,Opex,R&D,-418983.09210415126,2024-03
2024-03-01,2024,Actual,Southeast,Plus,G&A,Opex,G&A,-277978.534337782,2024-03
2024-03-01,2024,Actual,Southeast,Plus,Support,Opex,Support,-248266.94077986703,2024-03
2024-03-01,2024,Budget,Southeast,Plus,Revenue,Revenue,Sales,3388343.4741291697,2024-03
2024-03-01,2024,Budget,Southeast,Plus,COGS,COGS,Sales,-1308506.740248307,2024-03
2024-03-01,2024,Budget,Southeast,Plus,Sales & Marketing,Opex,Marketing,-554706.9110851983,2024-03
2024-03-01,2024,Budget,Southeast,Plus,R&D,Opex,R&D,-352712.83905641764,2024-03
2024-03-01,2024,Budget,Southeast,Plus,G&A,Opex,G&A,-289007.74912737263,2024-03
2024-03-01,2024,Budget,Southeast,Plus,Support,Opex,Support,-248199.11401924337,2024-03
2024-03-01,2024,Actual,Southeast,Enterprise,Revenue,Revenue,Sales,4039426.7846106496,2024-03
2024-03-01,2024,Actual,Southeast,Enterprise,COGS,COGS,Sales,-1654286.4844029893,2024-03
2024-03-01,2024,Actual,Southeast,Enterprise,Sales & Marketing,Opex,Marketing,-692017.0094363596,2024-03
2024-03-01,2024,Actual,Southeast,Enterprise,R&D,Opex,R&D,-477839.3395737422,2024-03
2024-03-01,2024,Actual,Southeast,Enterprise,G&A,Opex,G&A,-426477.26627960644,2024-03
2024-03-01,2024,Actual,Southeast,Enterprise,Support,Opex,Support,-257489.09715840814,2024-03
2024-03-01,2024,Budget,Southeast,Enterprise,Revenue,Revenue,Sales,3977620.6000646777,2024-03
2024-03-01,2024,Budget,Southeast,Enterprise,COGS,COGS,Sales,-1699298.4247703878,2024-03
2024-03-01,2024,Budget,Southeast,Enterprise,Sales & Marketing,Opex,Marketing,-802698.0051011742,2024-03
2024-03-01,2024,Budget,Southeast,Enterprise,R&D,Opex,R&D,-444892.15178286587,2024-03
2024-03-01,2024,Budget,Southeast,Enterprise,G&A,Opex,G&A,-373517.10033420287,2024-03
2024-03-01,2024,Budget,Southeast,Enterprise,Support,Opex,Support,-292858.549941213,2024-03
2024-03-01,2024,Actual,Southeast,Marketplace Ads,Revenue,Revenue,Sales,1817239.3399239162,2024-03
2024-03-01,2024,Actual,Southeast,Marketplace Ads,COGS,COGS,Sales,-786311.8840284079,2024-03
2024-03-01,2024,Actual,Southeast,Marketplace Ads,Sales & Marketing,Opex,Marketing,-318707.19118682964,2024-03
2024-03-01,2024,Actual,Southeast,Marketplace Ads,R&D,Opex,R&D,-201180.31803684033,2024-03
2024-03-01,2024,Actual,Southeast,Marketplace Ads,G&A,Opex,G&A,-177826.73147276326,2024-03
2024-03-01,2024,Actual,Southeast,Marketplace Ads,Support,Opex,Support,-93697.85453233513,2024-03
2024-03-01,2024,Budget,Southeast,Marketplace Ads,Revenue,Revenue,Sales,1767831.3778065236,2024-03
2024-03-01,2024,Budget,Southeast,Marketplace Ads,COGS,COGS,Sales,-685918.0460094715,2024-03
2024-03-01,2024,Budget,Southeast,Marketplace Ads,Sales & Marketing,Opex,Marketing,-312024.4481993787,2024-03
2024-03-01,2024,Budget,Southeast,Marketplace Ads,R&D,Opex,R&D,-229383.96433447726,2024-03
2024-03-01,2024,Budget,Southeast,Marketplace Ads,G&A,Opex,G&A,-158291.38922238207,2024-03
2024-03-01,2024,Budget,Southeast,Marketplace Ads,Support,Opex,Support,-108631.73261085898,2024-03
2024-03-01,2024,Actual,Midwest,Core,Revenue,Revenue,Sales,2863718.6688341005,2024-03
2024-03-01,2024,Actual,Midwest,Core,COGS,COGS,Sales,-1268416.0380063208,2024-03
2024-03-01,2024,Actual,Midwest,Core,Sales & Marketing,Opex,Marketing,-580227.6431697694,2024-03
2024-03-01,2024,Actual,Midwest,Core,R&D,Opex,R&D,-352914.2489387552,2024-03
2024-03-01,2024,Actual,Midwest,Core,G&A,Opex,G&A,-307419.3780834458,2024-03
2024-03-01,2024,Actual,Midwest,Core,Support,Opex,Support,-150282.26118022317,2024-03
2024-03-01,2024,Budget,Midwest,Core,Revenue,Revenue,Sales,2791312.701799774,2024-03
2024-03-01,2024,Budget,Midwest,Core,COGS,COGS,Sales,-1170289.9589934743,2024-03
2024-03-01,2024,Budget,Midwest,Core,Sales & Marketing,Opex,Marketing,-480697.56092171214,2024-03
2024-03-01,2024,Budget,Midwest,Core,R&D,Opex,R&D,-380329.7115773031,2024-03
2024-03-01,2024,Budget,Midwest,Core,G&A,Opex,G&A,-247440.81034726562,2024-03
2024-03-01,2024,Budget,Midwest,Core,Support,Opex,Support,-215228.10747586866,2024-03
2024-03-01,2024,Actual,Midwest,Plus,Revenue,Revenue,Sales,3282463.80457301,2024-03
2024-03-01,2024,Actual,Midwest,Plus,COGS,COGS,Sales,-1331525.8809940445,2024-03
2024-03-01,2024,Actual,Midwest,Plus,Sales & Marketing,Opex,Marketing,-592392.056567514,2024-03
2024-03-01,2024,Actual,Midwest,Plus,R&D,Opex,R&D,-350103.19218323455,2024-03
2024-03-01,2024,Actual,Midwest,Plus,G&A,Opex,G&A,-285028.98981152923,2024-03
2024-03-01,2024,Actual,Midwest,Plus,Support,Opex,Support,-229051.6564456508,2024-03
2024-03-01,2024,Budget,Midwest,Plus,Revenue,Revenue,Sales,3210009.60706974,2024-03
2024-03-01,2024,Budget,Midwest,Plus,COGS,COGS,Sales,-1275789.377992491,2024-03
2024-03-01,2024,Budget,Midwest,Plus,Sales & Marketing,Opex,Marketing,-690895.8534258743,2024-03
2024-03-01,2024,Budget,Midwest,Plus,R&D,Opex,R&D,-427658.24697362294,2024-03
2024-03-01,2024,Budget,Midwest,Plus,G&A,Opex,G&A,-312599.279277731,2024-03
2024-03-01,2024,Budget,Midwest,Plus,Support,Opex,Support,-213439.223369839,2024-03
2024-03-01,2024,Actual,Midwest,Enterprise,Revenue,Revenue,Sales,3435858.1043615434,2024-03
2024-03-01,2024,Actual,Midwest,Enterprise,COGS,COGS,Sales,-1538093.4945579397,2024-03
2024-03-01,2024,Actual,Midwest,Enterprise,Sales & Marketing,Opex,Marketing,-748343.64930503,2024-03
2024-03-01,2024,Actual,Midwest,Enterprise,R&D,Opex,R&D,-427623.76639723394,2024-03
2024-03-01,2024,Actual,Midwest,Enterprise,G&A,Opex,G&A,-372355.48218003026,2024-03
2024-03-01,2024,Actual,Midwest,Enterprise,Support,Opex,Support,-185735.40147028727,2024-03
2024-03-01,2024,Budget,Midwest,Enterprise,Revenue,Revenue,Sales,3768272.1474296944,2024-03
2024-03-01,2024,Budget,Midwest,Enterprise,COGS,COGS,Sales,-1555958.2306228199,2024-03
2024-03-01,2024,Budget,Midwest,Enterprise,Sales & Marketing,Opex,Marketing,-752134.9627682943,2024-03
2024-03-01,2024,Budget,Midwest,Enterprise,R&D,Opex,R&D,-514472.4992340559,2024-03
2024-03-01,2024,Budget,Midwest,Enterprise,G&A,Opex,G&A,-368746.58082562464,2024-03
2024-03-01,2024,Budget,Midwest,Enterprise,Support,Opex,Support,-211693.49174526052,2024-03
2024-03-01,2024,Actual,Midwest,Marketplace Ads,Revenue,Revenue,Sales,1615732.2815956227,2024-03
2024-03-01,2024,Actual,Midwest,Marketplace Ads,COGS,COGS,Sales,-718154.3310910155,2024-03
2024-03-01,2024,Actual,Midwest,Marketplace Ads,Sales & Marketing,Opex,Marketing,-261853.89672310383,2024-03
2024-03-01,2024,Actual,Midwest,Marketplace Ads,R&D,Opex,R&D,-196565.02852566648,2024-03
2024-03-01,2024,Actual,Midwest,Marketplace Ads,G&A,Opex,G&A,-142934.5807799227,2024-03
2024-03-01,2024,Actual,Midwest,Marketplace Ads,Support,Opex,Support,-107488.33719754471,2024-03
2024-03-01,2024,Budget,Midwest,Marketplace Ads,Revenue,Revenue,Sales,1674787.6210798642,2024-03
2024-03-01,2024,Budget,Midwest,Marketplace Ads,COGS,COGS,Sales,-670782.1518358061,2024-03
2024-03-01,2024,Budget,Midwest,Marketplace Ads,Sales & Marketing,Opex,Marketing,-350596.54885735834,2024-03
2024-03-01,2024,Budget,Midwest,Marketplace Ads,R&D,Opex,R&D,-196014.59736038168,2024-03
2024-03-01,2024,Budget,Midwest,Marketplace Ads,G&A,Opex,G&A,-153302.3309712046,2024-03
2024-03-01,2024,Budget,Midwest,Marketplace Ads,Support,Opex,Support,-120558.62500579916,2024-03
2024-03-01,2024,Actual,Southwest,Core,Revenue,Revenue,Sales,3149194.8477825234,2024-03
2024-03-01,2024,Actual,Southwest,Core,COGS,COGS,Sales,-1353542.8021574959,2024-03
2024-03-01,2024,Actual,Southwest,Core,Sales & Marketing,Opex,Marketing,-590917.1058892299,2024-03
2024-03-01,2024,Actual,Southwest,Core,R&D,Opex,R&D,-419596.24487050495,2024-03
2024-03-01,2024,Actual,Southwest,Core,G&A,Opex,G&A,-272560.2168082045,2024-03
2024-03-01,2024,Actual,Southwest,Core,Support,Opex,Support,-209139.16818103855,2024-03
2024-03-01,2024,Budget,Southwest,Core,Revenue,Revenue,Sales,3101458.5575553044,2024-03
2024-03-01,2024,Budget,Southwest,Core,COGS,COGS,Sales,-1251955.6944340498,2024-03
2024-03-01,2024,Budget,Southwest,Core,Sales & Marketing,Opex,Marketing,-667277.0954812252,2024-03
2024-03-01,2024,Budget,Southwest,Core,R&D,Opex,R&D,-377616.56463648187,2024-03
2024-03-01,2024,Budget,Southwest,Core,G&A,Opex,G&A,-292477.26027954003,2024-03
2024-03-01,2024,Budget,Southwest,Core,Support,Opex,Support,-221496.39329544353,2024-03
2024-03-01,2024,Actual,Southwest,Plus,Revenue,Revenue,Sales,3316500.0039840178,2024-03
2024-03-01,2024,Actual,Southwest,Plus,COGS,COGS,Sales,-1420009.5119284962,2024-03
2024-03-01,2024,Actual,Southwest,Plus,Sales & Marketing,Opex,Marketing,-715342.118927402,2024-03
2024-03-01,2024,Actual,Southwest,Plus,R&D,Opex,R&D,-389195.14369845635,2024-03
2024-03-01,2024,Actual,Southwest,Plus,G&A,Opex,G&A,-321131.22310387186,2024-03
2024-03-01,2024,Actual,Southwest,Plus,Support,Opex,Support,-256394.3231820091,2024-03
2024-03-01,2024,Budget,Southwest,Plus,Revenue,Revenue,Sales,3566677.3411886003,2024-03
2024-03-01,2024,Budget,Southwest,Plus,COGS,COGS,Sales,-1547948.6614677792,2024-03
2024-03-01,2024,Budget,Southwest,Plus,Sales & Marketing,Opex,Marketing,-681825.6192290778,2024-03
2024-03-01,2024,Budget,Southwest,Plus,R&D,Opex,R&D,-357131.2885976145,2024-03
2024-03-01,2024,Budget,Southwest,Plus,G&A,Opex,G&A,-390936.4063468134,2024-03
2024-03-01,2024,Budget,Southwest,Plus,Support,Opex,Support,-231053.35641904076,2024-03
2024-03-01,2024,Actual,Southwest,Enterprise,Revenue,Revenue,Sales,3980278.28883557,2024-03
2024-03-01,2024,Actual,Southwest,Enterprise,COGS,COGS,Sales,-1660339.7465907494,2024-03
2024-03-01,2024,Actual,Southwest,Enterprise,Sales & Marketing,Opex,Marketing,-674091.2293269639,2024-03
2024-03-01,2024,Actual,Southwest,Enterprise,R&D,Opex,R&D,-551119.5857334533,2024-03
2024-03-01,2024,Actual,Southwest,Enterprise,G&A,Opex,G&A,-380798.86678307864,2024-03
2024-03-01,2024,Actual,Southwest,Enterprise,Support,Opex,Support,-252876.7016268324,2024-03
2024-03-01,2024,Budget,Southwest,Enterprise,Revenue,Revenue,Sales,4186969.0526996613,2024-03
2024-03-01,2024,Budget,Southwest,Enterprise,COGS,COGS,Sales,-1727150.4339287928,2024-03
2024-03-01,2024,Budget,Southwest,Enterprise,Sales & Marketing,Opex,Marketing,-791775.5746238898,2024-03
2024-03-01,2024,Budget,Southwest,Enterprise,R&D,Opex,R&D,-476383.8062164646,2024-03
2024-03-01,2024,Budget,Southwest,Enterprise,G&A,Opex,G&A,-428675.7412213593,2024-03
2024-03-01,2024,Budget,Southwest,Enterprise,Support,Opex,Support,-277786.50215596537,2024-03
2024-03-01,2024,Actual,Southwest,Marketplace Ads,Revenue,Revenue,Sales,1905617.1566939915,2024-03
2024-03-01,2024,Actual,Southwest,Marketplace Ads,COGS,COGS,Sales,-758324.5554973306,2024-03
2024-03-01,2024,Actual,Southwest,Marketplace Ads,Sales & Marketing,Opex,Marketing,-372113.3119693447,2024-03
2024-03-01,2024,Actual,Southwest,Marketplace Ads,R&D,Opex,R&D,-260336.46994543224,2024-03
2024-03-01,2024,Actual,Southwest,Marketplace Ads,G&A,Opex,G&A,-205425.58385382034,2024-03
2024-03-01,2024,Actual,Southwest,Marketplace Ads,Support,Opex,Support,-141644.52713498104,2024-03
2024-03-01,2024,Budget,Southwest,Marketplace Ads,Revenue,Revenue,Sales,1860875.1345331827,2024-03
2024-03-01,2024,Budget,Southwest,Marketplace Ads,COGS,COGS,Sales,-827069.064610273,2024-03
2024-03-01,2024,Budget,Southwest,Marketplace Ads,Sales & Marketing,Opex,Marketing,-387064.2942395288,2024-03
2024-03-01,2024,Budget,Southwest,Marketplace Ads,R&D,Opex,R&D,-258604.0497631698,2024-03
2024-03-01,2024,Budget,Southwest,Marketplace Ads,G&A,Opex,G&A,-158990.7820125877,2024-03
2024-03-01,2024,Budget,Southwest,Marketplace Ads,Support,Opex,Support,-116043.01624664824,2024-03
2024-03-01,2024,Actual,West,Core,Revenue,Revenue,Sales,3221826.4500256684,2024-03
2024-03-01,2024,Actual,West,Core,COGS,COGS,Sales,-1439160.8552798298,2024-03
2024-03-01,2024,Actual,West,Core,Sales & Marketing,Opex,Marketing,-613793.8959372722,2024-03
2024-03-01,2024,Actual,West,Core,R&D,Opex,R&D,-419083.9892894983,2024-03
2024-03-01,2024,Actual,West,Core,G&A,Opex,G&A,-348320.02347911557,2024-03
2024-03-01,2024,Actual,West,Core,Support,Opex,Support,-225058.87172833274,2024-03
2024-03-01,2024,Budget,West,Core,Revenue,Revenue,Sales,3411604.413310835,2024-03
2024-03-01,2024,Budget,West,Core,COGS,COGS,Sales,-1354216.86151957,2024-03
2024-03-01,2024,Budget,West,Core,Sales & Marketing,Opex,Marketing,-735914.9307382149,2024-03
2024-03-01,2024,Budget,West,Core,R&D,Opex,R&D,-365810.6552942321,2024-03
2024-03-01,2024,Budget,West,Core,G&A,Opex,G&A,-368626.0401269547,2024-03
2024-03-01,2024,Budget,West,Core,Support,Opex,Support,-226191.95630857165,2024-03
2024-03-01,2024,Actual,West,Plus,Revenue,Revenue,Sales,3870005.0871510026,2024-03
2024-03-01,2024,Actual,West,Plus,COGS,COGS,Sales,-1580349.8135192455,2024-03
2024-03-01,2024,Actual,West,Plus,Sales & Marketing,Opex,Marketing,-644622.9893218554,2024-03
2024-03-01,2024,Actual,West,Plus,R&D,Opex,R&D,-460633.7860104164,2024-03
2024-03-01,2024,Actual,West,Plus,G&A,Opex,G&A,-370838.8108505519,2024-03
2024-03-01,2024,Actual,West,Plus,Support,Opex,Support,-232356.79839447263,2024-03
2024-03-01,2024,Budget,West,Plus,Revenue,Revenue,Sales,3923345.07530746,2024-03
2024-03-01,2024,Budget,West,Plus,COGS,COGS,Sales,-1635078.1415730012,2024-03
2024-03-01,2024,Budget,West,Plus,Sales & Marketing,Opex,Marketing,-634676.5931765565,2024-03
2024-03-01,2024,Budget,West,Plus,R&D,Opex,R&D,-532512.0169393402,2024-03
2024-03-01,2024,Budget,West,Plus,G&A,Opex,G&A,-341985.0750884474,2024-03
2024-03-01,2024,Budget,West,Plus,Support,Opex,Support,-298770.1427742301,2024-03
2024-03-01,2024,Actual,West,Enterprise,Revenue,Revenue,Sales,4364708.904935312,2024-03
2024-03-01,2024,Actual,West,Enterprise,COGS,COGS,Sales,-1878027.2628664034,2024-03
2024-03-01,2024,Actual,West,Enterprise,Sales & Marketing,Opex,Marketing,-764138.9660468473,2024-03
2024-03-01,2024,Actual,West,Enterprise,R&D,Opex,R&D,-559404.535521091,2024-03
2024-03-01,2024,Actual,West,Enterprise,G&A,Opex,G&A,-453224.22776933317,2024-03
2024-03-01,2024,Actual,West,Enterprise,Support,Opex,Support,-334058.2766241568,2024-03
2024-03-01,2024,Budget,West,Enterprise,Revenue,Revenue,Sales,4605665.957969627,2024-03
2024-03-01,2024,Budget,West,Enterprise,COGS,COGS,Sales,-1773425.9430058997,2024-03
2024-03-01,2024,Budget,West,Enterprise,Sales & Marketing,Opex,Marketing,-944267.0020109963,2024-03
2024-03-01,2024,Budget,West,Enterprise,R&D,Opex,R&D,-511740.3305780137,2024-03
2024-03-01,2024,Budget,West,Enterprise,G&A,Opex,G&A,-427563.7745734627,2024-03
2024-03-01,2024,Budget,West,Enterprise,Support,Opex,Support,-257292.69089527894,2024-03
2024-03-01,2024,Actual,West,Marketplace Ads,Revenue,Revenue,Sales,1990199.763817449,2024-03
2024-03-01,2024,Actual,West,Marketplace Ads,COGS,COGS,Sales,-843742.8052619868,2024-03
2024-03-01,2024,Actual,West,Marketplace Ads,Sales & Marketing,Opex,Marketing,-361209.6219104351,2024-03
2024-03-01,2024,Actual,West,Marketplace Ads,R&D,Opex,R&D,-233033.6491928117,2024-03
2024-03-01,2024,Actual,West,Marketplace Ads,G&A,Opex,G&A,-167208.41024319737,2024-03
2024-03-01,2024,Actual,West,Marketplace Ads,Support,Opex,Support,-106405.72739264094,2024-03
2024-03-01,2024,Budget,West,Marketplace Ads,Revenue,Revenue,Sales,2046962.647986501,2024-03
2024-03-01,2024,Budget,West,Marketplace Ads,COGS,COGS,Sales,-791934.5591462762,2024-03
2024-03-01,2024,Budget,West,Marketplace Ads,Sales & Marketing,Opex,Marketing,-386557.0369704557,2024-03
2024-03-01,2024,Budget,West,Marketplace Ads,R&D,Opex,R&D,-213017.13471189467,2024-03
2024-03-01,2024,Budget,West,Marketplace Ads,G&A,Opex,G&A,-216712.4290551005,2024-03
2024-03-01,2024,Budget,West,Marketplace Ads,Support,Opex,Support,-145950.05888228817,2024-03
2024-04-01,2024,Actual,Northeast,Core,Revenue,Revenue,Sales,3454827.2386257728,2024-04
2024-04-01,2024,Actual,Northeast,Core,COGS,COGS,Sales,-1393984.2130120622,2024-04
2024-04-01,2024,Actual,Northeast,Core,Sales & Marketing,Opex,Marketing,-698352.5973638867,2024-04
2024-04-01,2024,Actual,Northeast,Core,R&D,Opex,R&D,-435852.3776439449,2024-04
2024-04-01,2024,Actual,Northeast,Core,G&A,Opex,G&A,-358683.9190926882,2024-04
2024-04-01,2024,Actual,Northeast,Core,Support,Opex,Support,-251957.19156782507,2024-04
2024-04-01,2024,Budget,Northeast,Core,Revenue,Revenue,Sales,3351458.8800000004,2024-04
2024-04-01,2024,Budget,Northeast,Core,COGS,COGS,Sales,-1427596.5152348776,2024-04
2024-04-01,2024,Budget,Northeast,Core,Sales & Marketing,Opex,Marketing,-675017.6560959689,2024-04
2024-04-01,2024,Budget,Northeast,Core,R&D,Opex,R&D,-406907.88128553546,2024-04
2024-04-01,2024,Budget,Northeast,Core,G&A,Opex,G&A,-294339.06357809115,2024-04
2024-04-01,2024,Budget,Northeast,Core,Support,Opex,Support,-199953.10113652074,2024-04
2024-04-01,2024,Actual,Northeast,Plus,Revenue,Revenue,Sales,3848594.383967389,2024-04
2024-04-01,2024,Actual,Northeast,Plus,COGS,COGS,Sales,-1571256.958493602,2024-04
2024-04-01,2024,Actual,Northeast,Plus,Sales & Marketing,Opex,Marketing,-709909.7909205277,2024-04
2024-04-01,2024,Actual,Northeast,Plus,R&D,Opex,R&D,-476571.12493271957,2024-04
2024-04-01,2024,Actual,Northeast,Plus,G&A,Opex,G&A,-375747.2740721957,2024-04
2024-04-01,2024,Actual,Northeast,Plus,Support,Opex,Support,-242039.38978948165,2024-04
2024-04-01,2024,Budget,Northeast,Plus,Revenue,Revenue,Sales,3854177.7120000008,2024-04
2024-04-01,2024,Budget,Northeast,Plus,COGS,COGS,Sales,-1499373.2045409456,2024-04
2024-04-01,2024,Budget,Northeast,Plus,Sales & Marketing,Opex,Marketing,-751716.0304926881,2024-04
2024-04-01,2024,Budget,Northeast,Plus,R&D,Opex,R&D,-389479.6549922433,2024-04
2024-04-01,2024,Budget,Northeast,Plus,G&A,Opex,G&A,-403256.3389374941,2024-04
2024-04-01,2024,Budget,Northeast,Plus,Support,Opex,Support,-193713.05258234555,2024-04
2024-04-01,2024,Actual,Northeast,Enterprise,Revenue,Revenue,Sales,4455202.98220777,2024-04
2024-04-01,2024,Actual,Northeast,Enterprise,COGS,COGS,Sales,-1971053.284989259,2024-04
2024-04-01,2024,Actual,Northeast,Enterprise,Sales & Marketing,Opex,Marketing,-776928.7969272815,2024-04
2024-04-01,2024,Actual,Northeast,Enterprise,R&D,Opex,R&D,-528465.7781635851,2024-04
2024-04-01,2024,Actual,Northeast,Enterprise,G&A,Opex,G&A,-396978.0289438602,2024-04
2024-04-01,2024,Actual,Northeast,Enterprise,Support,Opex,Support,-322684.4223010345,2024-04
2024-04-01,2024,Budget,Northeast,Enterprise,Revenue,Revenue,Sales,4524469.488000001,2024-04
2024-04-01,2024,Budget,Northeast,Enterprise,COGS,COGS,Sales,-1992058.3588629775,2024-04
2024-04-01,2024,Budget,Northeast,Enterprise,Sales & Marketing,Opex,Marketing,-792229.0233352977,2024-04
2024-04-01,2024,Budget,Northeast,Enterprise,R&D,Opex,R&D,-600625.3294130447,2024-04
2024-04-01,2024,Budget,Northeast,Enterprise,G&A,Opex,G&A,-365647.83111329225,2024-04
2024-04-01,2024,Budget,Northeast,Enterprise,Support,Opex,Support,-351009.7060201472,2024-04
2024-04-01,2024,Actual,Northeast,Marketplace Ads,Revenue,Revenue,Sales,1865945.733429893,2024-04
2024-04-01,2024,Actual,Northeast,Marketplace Ads,COGS,COGS,Sales,-725015.7618106509,2024-04
2024-04-01,2024,Actual,Northeast,Marketplace Ads,Sales & Marketing,Opex,Marketing,-410306.7430044116,2024-04
2024-04-01,2024,Actual,Northeast,Marketplace Ads,R&D,Opex,R&D,-224480.04624976075,2024-04
2024-04-01,2024,Actual,Northeast,Marketplace Ads,G&A,Opex,G&A,-187348.52561166923,2024-04
2024-04-01,2024,Actual,Northeast,Marketplace Ads,Support,Opex,Support,-103988.62822457892,2024-04
2024-04-01,2024,Budget,Northeast,Marketplace Ads,Revenue,Revenue,Sales,2010875.3280000004,2024-04
2024-04-01,2024,Budget,Northeast,Marketplace Ads,COGS,COGS,Sales,-902166.8859372595,2024-04
2024-04-01,2024,Budget,Northeast,Marketplace Ads,Sales & Marketing,Opex,Marketing,-325996.67554133874,2024-04
2024-04-01,2024,Budget,Northeast,Marketplace Ads,R&D,Opex,R&D,-231629.83449333973,2024-04
2024-04-01,2024,Budget,Northeast,Marketplace Ads,G&A,Opex,G&A,-164918.90677235695,2024-04
2024-04-01,2024,Budget,Northeast,Marketplace Ads,Support,Opex,Support,-106929.62956844669,2024-04
2024-04-01,2024,Actual,Southeast,Core,Revenue,Revenue,Sales,2988635.6588175283,2024-04
2024-04-01,2024,Actual,Southeast,Core,COGS,COGS,Sales,-1152799.3738815985,2024-04
2024-04-01,2024,Actual,Southeast,Core,Sales & Marketing,Opex,Marketing,-568916.8598473696,2024-04
2024-04-01,2024,Actual,Southeast,Core,R&D,Opex,R&D,-328068.4860801606,2024-04
2024-04-01,2024,Actual,Southeast,Core,G&A,Opex,G&A,-274280.82257270423,2024-04
2024-04-01,2024,Actual,Southeast,Core,Support,Opex,Support,-175731.2560369838,2024-04
2024-04-01,2024,Budget,Southeast,Core,Revenue,Revenue,Sales,3032272.32,2024-04
2024-04-01,2024,Budget,Southeast,Core,COGS,COGS,Sales,-1212807.1161921453,2024-04
2024-04-01,2024,Budget,Southeast,Core,Sales & Marketing,Opex,Marketing,-572375.8827568118,2024-04
2024-04-01,2024,Budget,Southeast,Core,R&D,Opex,R&D,-309754.59307521814,2024-04
2024-04-01,2024,Budget,Southeast,Core,G&A,Opex,G&A,-314487.1186554136,2024-04
2024-04-01,2024,Budget,Southeast,Core,Support,Opex,Support,-184383.28863703442,2024-04
2024-04-01,2024,Actual,Southeast,Plus,Revenue,Revenue,Sales,3328707.897107106,2024-04
2024-04-01,2024,Actual,Southeast,Plus,COGS,COGS,Sales,-1489419.6676688043,2024-04
2024-04-01,2024,Actual,Southeast,Plus,Sales & Marketing,Opex,Marketing,-676766.0631091152,2024-04
2024-04-01,2024,Actual,Southeast,Plus,R&D,Opex,R&D,-370995.4147650158,2024-04
2024-04-01,2024,Actual,Southeast,Plus,G&A,Opex,G&A,-305575.6608874609,2024-04
2024-04-01,2024,Actual,Southeast,Plus,Support,Opex,Support,-172168.79198534111,2024-04
2024-04-01,2024,Budget,Southeast,Plus,Revenue,Revenue,Sales,3487113.168000001,2024-04
2024-04-01,2024,Budget,Southeast,Plus,COGS,COGS,Sales,-1378289.2263078722,2024-04
2024-04-01,2024,Budget,Southeast,Plus,Sales & Marketing,Opex,Marketing,-729487.3041278668,2024-04
2024-04-01,2024,Budget,Southeast,Plus,R&D,Opex,R&D,-392697.6534086804,2024-04
2024-04-01,2024,Budget,Southeast,Plus,G&A,Opex,G&A,-347468.2893805013,2024-04
2024-04-01,2024,Budget,Southeast,Plus,Support,Opex,Support,-225472.61007300534,2024-04
2024-04-01,2024,Actual,Southeast,Enterprise,Revenue,Revenue,Sales,4292076.2225934,2024-04
2024-04-01,2024,Actual,Southeast,Enterprise,COGS,COGS,Sales,-1684852.9677371306,2024-04
2024-04-01,2024,Actual,Southeast,Enterprise,Sales & Marketing,Opex,Marketing,-779695.2103594008,2024-04
2024-04-01,2024,Actual,Southeast,Enterprise,R&D,Opex,R&D,-513850.7780866453,2024-04
2024-04-01,2024,Actual,Southeast,Enterprise,G&A,Opex,G&A,-426416.90404779976,2024-04
2024-04-01,2024,Actual,Southeast,Enterprise,Support,Opex,Support,-242703.6672671684,2024-04
2024-04-01,2024,Budget,Southeast,Enterprise,Revenue,Revenue,Sales,4093567.6320000007,2024-04
2024-04-01,2024,Budget,Southeast,Enterprise,COGS,COGS,Sales,-1756184.1610794445,2024-04
2024-04-01,2024,Budget,Southeast,Enterprise,Sales & Marketing,Opex,Marketing,-773790.4331125107,2024-04
2024-04-01,2024,Budget,Southeast,Enterprise,R&D,Opex,R&D,-464808.9038656631,2024-04
2024-04-01,2024,Budget,Southeast,Enterprise,G&A,Opex,G&A,-333754.79759915435,2024-04
2024-04-01,2024,Budget,Southeast,Enterprise,Support,Opex,Support,-291000.8886915998,2024-04
2024-04-01,2024,Actual,Southeast,Marketplace Ads,Revenue,Revenue,Sales,1793132.041852599,2024-04
2024-04-01,2024,Actual,Southeast,Marketplace Ads,COGS,COGS,Sales,-688536.591314698,2024-04
2024-04-01,2024,Actual,Southeast,Marketplace Ads,Sales & Marketing,Opex,Marketing,-329044.02684705047,2024-04
2024-04-01,2024,Actual,Southeast,Marketplace Ads,R&D,Opex,R&D,-179339.62059482202,2024-04
2024-04-01,2024,Actual,Southeast,Marketplace Ads,G&A,Opex,G&A,-161056.3815006414,2024-04
2024-04-01,2024,Actual,Southeast,Marketplace Ads,Support,Opex,Support,-107653.10707260609,2024-04
2024-04-01,2024,Budget,Southeast,Marketplace Ads,Revenue,Revenue,Sales,1819363.3920000005,2024-04
2024-04-01,2024,Budget,Southeast,Marketplace Ads,COGS,COGS,Sales,-730387.1490865552,2024-04
2024-04-01,2024,Budget,Southeast,Marketplace Ads,Sales & Marketing,Opex,Marketing,-320128.91941663553,2024-04
2024-04-01,2024,Budget,Southeast,Marketplace Ads,R&D,Opex,R&D,-194014.1241542967,2024-04
2024-04-01,2024,Budget,Southeast,Marketplace Ads,G&A,Opex,G&A,-172402.4160694125,2024-04
2024-04-01,2024,Budget,Southeast,Marketplace Ads,Support,Opex,Support,-98365.3281733791,2024-04
2024-04-01,2024,Actual,Midwest,Core,Revenue,Revenue,Sales,2877579.2024838612,2024-04
2024-04-01,2024,Actual,Midwest,Core,COGS,COGS,Sales,-1198693.5385071093,2024-04
2024-04-01,2024,Actual,Midwest,Core,Sales & Marketing,Opex,Marketing,-578117.8018832221,2024-04
2024-04-01,2024,Actual,Midwest,Core,R&D,Opex,R&D,-350599.59664862056,2024-04
2024-04-01,2024,Actual,Midwest,Core,G&A,Opex,G&A,-253296.29375395473,2024-04
2024-04-01,2024,Actual,Midwest,Core,Support,Opex,Support,-174294.66798668503,2024-04
2024-04-01,2024,Budget,Midwest,Core,Revenue,Revenue,Sales,2872679.04,2024-04
2024-04-01,2024,Budget,Midwest,Core,COGS,COGS,Sales,-1280004.9611962028,2024-04
2024-04-01,2024,Budget,Midwest,Core,Sales & Marketing,Opex,Marketing,-533675.4846574713,2024-04
2024-04-01,2024,Budget,Midwest,Core,R&D,Opex,R&D,-307548.40553856245,2024-04
2024-04-01,2024,Budget,Midwest,Core,G&A,Opex,G&A,-270407.48182666634,2024-04
2024-04-01,2024,Budget,Midwest,Core,Support,Opex,Support,-182604.1711617464,2024-04
2024-04-01,2024,Actual,Midwest,Plus,Revenue,Revenue,Sales,3167841.213202882,2024-04
2024-04-01,2024,Actual,Midwest,Plus,COGS,COGS,Sales,-1283713.244443786,2024-04
2024-04-01,2024,Actual,Midwest,Plus,Sales & Marketing,Opex,Marketing,-566810.3522586998,2024-04
2024-04-01,2024,Actual,Midwest,Plus,R&D,Opex,R&D,-323440.6795463856,2024-04
2024-04-01,2024,Actual,Midwest,Plus,G&A,Opex,G&A,-294933.18989642954,2024-04
2024-04-01,2024,Actual,Midwest,Plus,Support,Opex,Support,-196833.15390560654,2024-04
2024-04-01,2024,Budget,Midwest,Plus,Revenue,Revenue,Sales,3303580.8960000006,2024-04
2024-04-01,2024,Budget,Midwest,Plus,COGS,COGS,Sales,-1342849.6105566423,2024-04
2024-04-01,2024,Budget,Midwest,Plus,Sales & Marketing,Opex,Marketing,-572073.7602643305,2024-04
2024-04-01,2024,Budget,Midwest,Plus,R&D,Opex,R&D,-333465.22766480624,2024-04
2024-04-01,2024,Budget,Midwest,Plus,G&A,Opex,G&A,-333897.21889736876,2024-04
2024-04-01,2024,Budget,Midwest,Plus,Support,Opex,Support,-238176.89425481175,2024-04
2024-04-01,2024,Actual,Midwest,Enterprise,Revenue,Revenue,Sales,3615760.8437948734,2024-04
2024-04-01,2024,Actual,Midwest,Enterprise,COGS,COGS,Sales,-1416438.0655051894,2024-04
2024-04-01,2024,Actual,Midwest,Enterprise,Sales & Marketing,Opex,Marketing,-646290.1325757392,2024-04
2024-04-01,2024,Actual,Midwest,Enterprise,R&D,Opex,R&D,-444714.45947136433,2024-04
2024-04-01,2024,Actual,Midwest,Enterprise,G&A,Opex,G&A,-362064.91094728507,2024-04
2024-04-01,2024,Actual,Midwest,Enterprise,Support,Opex,Support,-270283.3830405272,2024-04
2024-04-01,2024,Budget,Midwest,Enterprise,Revenue,Revenue,Sales,3878116.704000001,2024-04
2024-04-01,2024,Budget,Midwest,Enterprise,COGS,COGS,Sales,-1581320.8061578758,2024-04
2024-04-01,2024,Budget,Midwest,Enterprise,Sales & Marketing,Opex,Marketing,-804371.9602251641,2024-04
2024-04-01,2024,Budget,Midwest,Enterprise,R&D,Opex,R&D,-495915.7126619202,2024-04
2024-04-01,2024,Budget,Midwest,Enterprise,G&A,Opex,G&A,-321331.9443205899,2024-04
2024-04-01,2024,Budget,Midwest,Enterprise,Support,Opex,Support,-215380.83943786204,2024-04
2024-04-01,2024,Actual,Midwest,Marketplace Ads,Revenue,Revenue,Sales,1730585.0195721143,2024-04
2024-04-01,2024,Actual,Midwest,Marketplace Ads,COGS,COGS,Sales,-732767.8510907523,2024-04
2024-04-01,2024,Actual,Midwest,Marketplace Ads,Sales & Marketing,Opex,Marketing,-373603.52347946353,2024-04
2024-04-01,2024,Actual,Midwest,Marketplace Ads,R&D,Opex,R&D,-191916.67101763666,2024-04
2024-04-01,2024,Actual,Midwest,Marketplace Ads,G&A,Opex,G&A,-140360.0764298981,2024-04
2024-04-01,2024,Actual,Midwest,Marketplace Ads,Support,Opex,Support,-89196.1784173697,2024-04
2024-04-01,2024,Budget,Midwest,Marketplace Ads,Revenue,Revenue,Sales,1723607.4240000003,2024-04
2024-04-01,2024,Budget,Midwest,Marketplace Ads,COGS,COGS,Sales,-747580.1253173101,2024-04
2024-04-01,2024,Budget,Midwest,Marketplace Ads,Sales & Marketing,Opex,Marketing,-345264.17256840324,2024-04
2024-04-01,2024,Budget,Midwest,Marketplace Ads,R&D,Opex,R&D,-235935.53150589974,2024-04
2024-04-01,2024,Budget,Midwest,Marketplace Ads,G&A,Opex,G&A,-159722.16710583595,2024-04
2024-04-01,2024,Budget,Midwest,Marketplace Ads,Support,Opex,Support,-125575.39410631156,2024-04
2024-04-01,2024,Actual,Southwest,Core,Revenue,Revenue,Sales,3186806.8582061986,2024-04
2024-04-01,2024,Actual,Southwest,Core,COGS,COGS,Sales,-1329521.020437557,2024-04
2024-04-01,2024,Actual,Southwest,Core,Sales & Marketing,Opex,Marketing,-572379.5940795237,2024-04
2024-04-01,2024,Actual,Southwest,Core,R&D,Opex,R&D,-365312.22446955927,2024-04
2024-04-01,2024,Actual,Southwest,Core,G&A,Opex,G&A,-309994.7450726127,2024-04
2024-04-01,2024,Actual,Southwest,Core,Support,Opex,Support,-221901.71538253862,2024-04
2024-04-01,2024,Budget,Southwest,Core,Revenue,Revenue,Sales,3191865.6000000006,2024-04
2024-04-01,2024,Budget,Southwest,Core,COGS,COGS,Sales,-1274487.8570529004,2024-04
2024-04-01,2024,Budget,Southwest,Core,Sales & Marketing,Opex,Marketing,-664473.7597188558,2024-04
2024-04-01,2024,Budget,Southwest,Core,R&D,Opex,R&D,-404859.29742761736,2024-04
2024-04-01,2024,Budget,Southwest,Core,G&A,Opex,G&A,-265546.7160879046,2024-04
2024-04-01,2024,Budget,Southwest,Core,Support,Opex,Support,-255169.70048218226,2024-04
2024-04-01,2024,Actual,Southwest,Plus,Revenue,Revenue,Sales,3418322.9135274827,2024-04
2024-04-01,2024,Actual,Southwest,Plus,COGS,COGS,Sales,-1441556.5742151127,2024-04
2024-04-01,2024,Actual,Southwest,Plus,Sales & Marketing,Opex,Marketing,-640557.7755096392,2024-04
2024-04-01,2024,Actual,Southwest,Plus,R&D,Opex,R&D,-448179.8217064261,2024-04
2024-04-01,2024,Actual,Southwest,Plus,G&A,Opex,G&A,-311337.37152664876,2024-04
2024-04-01,2024,Actual,Southwest,Plus,Support,Opex,Support,-223604.04411670295,2024-04
2024-04-01,2024,Budget,Southwest,Plus,Revenue,Revenue,Sales,3670645.4400000004,2024-04
2024-04-01,2024,Budget,Southwest,Plus,COGS,COGS,Sales,-1640617.2812708428,2024-04
2024-04-01,2024,Budget,Southwest,Plus,Sales & Marketing,Opex,Marketing,-604290.1480871988,2024-04
2024-04-01,2024,Budget,Southwest,Plus,R&D,Opex,R&D,-470851.12478472857,2024-04
2024-04-01,2024,Budget,Southwest,Plus,G&A,Opex,G&A,-316344.0659586628,2024-04
2024-04-01,2024,Budget,Southwest,Plus,Support,Opex,Support,-190665.0668244457,2024-04
2024-04-01,2024,Actual,Southwest,Enterprise,Revenue,Revenue,Sales,4276538.330381337,2024-04
2024-04-01,2024,Actual,Southwest,Enterprise,COGS,COGS,Sales,-1641050.3793905512,2024-04
2024-04-01,2024,Actual,Southwest,Enterprise,Sales & Marketing,Opex,Marketing,-935200.9604905683,2024-04
2024-04-01,2024,Actual,Southwest,Enterprise,R&D,Opex,R&D,-590153.011354102,2024-04
2024-04-01,2024,Actual,Southwest,Enterprise,G&A,Opex,G&A,-361279.9145683008,2024-04
2024-04-01,2024,Actual,Southwest,Enterprise,Support,Opex,Support,-276650.43039150175,2024-04
2024-04-01,2024,Budget,Southwest,Enterprise,Revenue,Revenue,Sales,4309018.560000001,2024-04
2024-04-01,2024,Budget,Southwest,Enterprise,COGS,COGS,Sales,-1833432.227766268,2024-04
2024-04-01,2024,Budget,Southwest,Enterprise,Sales & Marketing,Opex,Marketing,-830366.6795666248,2024-04
2024-04-01,2024,Budget,Southwest,Enterprise,R&D,Opex,R&D,-519992.426469456,2024-04
2024-04-01,2024,Budget,Southwest,Enterprise,G&A,Opex,G&A,-414310.8123824867,2024-04
2024-04-01,2024,Budget,Southwest,Enterprise,Support,Opex,Support,-328948.1167937151,2024-04
2024-04-01,2024,Actual,Southwest,Marketplace Ads,Revenue,Revenue,Sales,2035860.986983405,2024-04
2024-04-01,2024,Actual,Southwest,Marketplace Ads,COGS,COGS,Sales,-858367.3819604656,2024-04
2024-04-01,2024,Actual,Southwest,Marketplace Ads,Sales & Marketing,Opex,Marketing,-391693.711504226,2024-04
2024-04-01,2024,Actual,Southwest,Marketplace Ads,R&D,Opex,R&D,-219052.75252662334,2024-04
2024-04-01,2024,Actual,Southwest,Marketplace Ads,G&A,Opex,G&A,-211322.05153027785,2024-04
2024-04-01,2024,Actual,Southwest,Marketplace Ads,Support,Opex,Support,-125153.96116226235,2024-04
2024-04-01,2024,Budget,Southwest,Marketplace Ads,Revenue,Revenue,Sales,1915119.3600000003,2024-04
2024-04-01,2024,Budget,Southwest,Marketplace Ads,COGS,COGS,Sales,-742357.6565510571,2024-04
2024-04-01,2024,Budget,Southwest,Marketplace Ads,Sales & Marketing,Opex,Marketing,-357322.78703926667,2024-04
2024-04-01,2024,Budget,Southwest,Marketplace Ads,R&D,Opex,R&D,-264980.28171338857,2024-04
2024-04-01,2024,Budget,Southwest,Marketplace Ads,G&A,Opex,G&A,-178946.32158490614,2024-04
2024-04-01,2024,Budget,Southwest,Marketplace Ads,Support,Opex,Support,-135868.27406918423,2024-04
2024-04-01,2024,Actual,West,Core,Revenue,Revenue,Sales,3604641.1324867625,2024-04
2024-04-01,2024,Actual,West,Core,COGS,COGS,Sales,-1439274.8379608612,2024-04
2024-04-01,2024,Actual,West,Core,Sales & Marketing,Opex,Marketing,-593604.1828200822,2024-04
2024-04-01,2024,Actual,West,Core,R&D,Opex,R&D,-472828.7248507944,2024-04
2024-04-01,2024,Actual,West,Core,G&A,Opex,G&A,-384188.5538621309,2024-04
2024-04-01,2024,Actual,West,Core,Support,Opex,Support,-235188.973802151,2024-04
2024-04-01,2024,Budget,West,Core,Revenue,Revenue,Sales,3511052.1600000006,2024-04
2024-04-01,2024,Budget,West,Core,COGS,COGS,Sales,-1517451.6797646629,2024-04
2024-04-01,2024,Budget,West,Core,Sales & Marketing,Opex,Marketing,-705093.8778871781,2024-04
2024-04-01,2024,Budget,West,Core,R&D,Opex,R&D,-368721.411603403,2024-04
2024-04-01,2024,Budget,West,Core,G&A,Opex,G&A,-345001.20944725577,2024-04
2024-04-01,2024,Budget,West,Core,Support,Opex,Support,-268039.5355114255,2024-04
2024-04-01,2024,Actual,West,Plus,Revenue,Revenue,Sales,3855353.473430367,2024-04
2024-04-01,2024,Actual,West,Plus,COGS,COGS,Sales,-1724761.6757481256,2024-04
2024-04-01,2024,Actual,West,Plus,Sales & Marketing,Opex,Marketing,-666058.3671641254,2024-04
2024-04-01,2024,Actual,West,Plus,R&D,Opex,R&D,-485258.88358691055,2024-04
2024-04-01,2024,Actual,West,Plus,G&A,Opex,G&A,-369048.4637966706,2024-04
2024-04-01,2024,Actual,West,Plus,Support,Opex,Support,-240003.3569019628,2024-04
2024-04-01,2024,Budget,West,Plus,Revenue,Revenue,Sales,4037709.9840000006,2024-04
2024-04-01,2024,Budget,West,Plus,COGS,COGS,Sales,-1642142.9106383938,2024-04
2024-04-01,2024,Budget,West,Plus,Sales & Marketing,Opex,Marketing,-759090.3494342794,2024-04
2024-04-01,2024,Budget,West,Plus,R&D,Opex,R&D,-507981.8536758821,2024-04
2024-04-01,2024,Budget,West,Plus,G&A,Opex,G&A,-369925.14808372903,2024-04
2024-04-01,2024,Budget,West,Plus,Support,Opex,Support,-257000.0096330233,2024-04
2024-04-01,2024,Actual,West,Enterprise,Revenue,Revenue,Sales,4326696.501119954,2024-04
2024-04-01,2024,Actual,West,Enterprise,COGS,COGS,Sales,-1698214.0407019306,2024-04
2024-04-01,2024,Actual,West,Enterprise,Sales & Marketing,Opex,Marketing,-901097.6192511191,2024-04
2024-04-01,2024,Actual,West,Enterprise,R&D,Opex,R&D,-519741.0036693249,2024-04
2024-04-01,2024,Actual,West,Enterprise,G&A,Opex,G&A,-467565.9095998551,2024-04
2024-04-01,2024,Actual,West,Enterprise,Support,Opex,Support,-294492.87944154046,2024-04
2024-04-01,2024,Budget,West,Enterprise,Revenue,Revenue,Sales,4739920.416000001,2024-04
2024-04-01,2024,Budget,West,Enterprise,COGS,COGS,Sales,-2108272.741009949,2024-04
2024-04-01,2024,Budget,West,Enterprise,Sales & Marketing,Opex,Marketing,-774914.6938198883,2024-04
2024-04-01,2024,Budget,West,Enterprise,R&D,Opex,R&D,-485561.8705151141,2024-04
2024-04-01,2024,Budget,West,Enterprise,G&A,Opex,G&A,-386084.6772325702,2024-04
2024-04-01,2024,Budget,West,Enterprise,Support,Opex,Support,-337599.8677508813,2024-04
2024-04-01,2024,Actual,West,Marketplace Ads,Revenue,Revenue,Sales,2072584.21261914,2024-04
2024-04-01,2024,Actual,West,Marketplace Ads,COGS,COGS,Sales,-872861.754629641,2024-04
2024-04-01,2024,Actual,West,Marketplace Ads,Sales & Marketing,Opex,Marketing,-437672.2996649027,2024-04
2024-04-01,2024,Actual,West,Marketplace Ads,R&D,Opex,R&D,-257284.81534738222,2024-04
2024-04-01,2024,Actual,West,Marketplace Ads,G&A,Opex,G&A,-205573.7388900588,2024-04
2024-04-01,2024,Actual,West,Marketplace Ads,Support,Opex,Support,-123957.46432623784,2024-04
2024-04-01,2024,Budget,West,Marketplace Ads,Revenue,Revenue,Sales,2106631.296,2024-04
2024-04-01,2024,Budget,West,Marketplace Ads,COGS,COGS,Sales,-872558.8747575983,2024-04
2024-04-01,2024,Budget,West,Marketplace Ads,Sales & Marketing,Opex,Marketing,-346396.10125975555,2024-04
2024-04-01,2024,Budget,West,Marketplace Ads,R&D,Opex,R&D,-241786.2792072031,2024-04
2024-04-01,2024,Budget,West,Marketplace Ads,G&A,Opex,G&A,-184904.31084604457,2024-04
2024-04-01,2024,Budget,West,Marketplace Ads,Support,Opex,Support,-141213.13526253632,2024-04
2024-05-01,2024,Actual,Northeast,Core,Revenue,Revenue,Sales,3403415.744417355,2024-05
2024-05-01,2024,Actual,Northeast,Core,COGS,COGS,Sales,-1418225.5753529829,2024-05
2024-05-01,2024,Actual,Northeast,Core,Sales & Marketing,Opex,Marketing,-669082.3006196843,2024-05
2024-05-01,2024,Actual,Northeast,Core,R&D,Opex,R&D,-397815.572436872,2024-05
2024-05-01,2024,Actual,Northeast,Core,G&A,Opex,G&A,-327836.278129939,2024-05
2024-05-01,2024,Actual,Northeast,Core,Support,Opex,Support,-202321.07409681714,2024-05
2024-05-01,2024,Budget,Northeast,Core,Revenue,Revenue,Sales,3350169.770956704,2024-05
2024-05-01,2024,Budget,Northeast,Core,COGS,COGS,Sales,-1367912.9885047483,2024-05
2024-05-01,2024,Budget,Northeast,Core,Sales & Marketing,Opex,Marketing,-557038.5952399973,2024-05
2024-05-01,2024,Budget,Northeast,Core,R&D,Opex,R&D,-461866.07673419936,2024-05
2024-05-01,2024,Budget,Northeast,Core,G&A,Opex,G&A,-355193.59890766745,2024-05
2024-05-01,2024,Budget,Northeast,Core,Support,Opex,Support,-265108.2938812866,2024-05
2024-05-01,2024,Actual,Northeast,Plus,Revenue,Revenue,Sales,3666881.965032026,2024-05
2024-05-01,2024,Actual,Northeast,Plus,COGS,COGS,Sales,-1556475.8986778876,2024-05
2024-05-01,2024,Actual,Northeast,Plus,Sales & Marketing,Opex,Marketing,-713072.7102967213,2024-05
2024-05-01,2024,Actual,Northeast,Plus,R&D,Opex,R&D,-473038.9100744155,2024-05
2024-05-01,2024,Actual,Northeast,Plus,G&A,Opex,G&A,-358241.84693022515,2024-05
2024-05-01,2024,Actual,Northeast,Plus,Support,Opex,Support,-210992.9608741322,2024-05
2024-05-01,2024,Budget,Northeast,Plus,Revenue,Revenue,Sales,3852695.23660021,2024-05
2024-05-01,2024,Budget,Northeast,Plus,COGS,COGS,Sales,-1677478.0242715508,2024-05
2024-05-01,2024,Budget,Northeast,Plus,Sales & Marketing,Opex,Marketing,-689157.5742275732,2024-05
2024-05-01,2024,Budget,Northeast,Plus,R&D,Opex,R&D,-393279.2458216206,2024-05
2024-05-01,2024,Budget,Northeast,Plus,G&A,Opex,G&A,-422530.6559509024,2024-05
2024-05-01,2024,Budget,Northeast,Plus,Support,Opex,Support,-293573.8276339838,2024-05
2024-05-01,2024,Actual,Northeast,Enterprise,Revenue,Revenue,Sales,4824852.784433153,2024-05
2024-05-01,2024,Actual,Northeast,Enterprise,COGS,COGS,Sales,-1922669.0901764126,2024-05
2024-05-01,2024,Actual,Northeast,Enterprise,Sales & Marketing,Opex,Marketing,-862783.6713223248,2024-05
2024-05-01,2024,Actual,Northeast,Enterprise,R&D,Opex,R&D,-556517.8650902966,2024-05
2024-05-01,2024,Actual,Northeast,Enterprise,G&A,Opex,G&A,-495168.45775099687,2024-05
2024-05-01,2024,Actual,Northeast,Enterprise,Support,Opex,Support,-384727.8147027269,2024-05
2024-05-01,2024,Budget,Northeast,Enterprise,Revenue,Revenue,Sales,4522729.19079155,2024-05
2024-05-01,2024,Budget,Northeast,Enterprise,COGS,COGS,Sales,-1753317.3166012436,2024-05
2024-05-01,2024,Budget,Northeast,Enterprise,Sales & Marketing,Opex,Marketing,-861013.6099790467,2024-05
2024-05-01,2024,Budget,Northeast,Enterprise,R&D,Opex,R&D,-475469.7114268234,2024-05
2024-05-01,2024,Budget,Northeast,Enterprise,G&A,Opex,G&A,-481847.6697540614,2024-05
2024-05-01,2024,Budget,Northeast,Enterprise,Support,Opex,Support,-325588.2013664132,2024-05
2024-05-01,2024,Actual,Northeast,Marketplace Ads,Revenue,Revenue,Sales,2028501.1797971933,2024-05
2024-05-01,2024,Actual,Northeast,Marketplace Ads,COGS,COGS,Sales,-895990.3957949146,2024-05
2024-05-01,2024,Actual,Northeast,Marketplace Ads,Sales & Marketing,Opex,Marketing,-366020.3556446058,2024-05
2024-05-01,2024,Actual,Northeast,Marketplace Ads,R&D,Opex,R&D,-215710.39896234122,2024-05
2024-05-01,2024,Actual,Northeast,Marketplace Ads,G&A,Opex,G&A,-200839.57488187842,2024-05
2024-05-01,2024,Actual,Northeast,Marketplace Ads,Support,Opex,Support,-136291.1382372359,2024-05
2024-05-01,2024,Budget,Northeast,Marketplace Ads,Revenue,Revenue,Sales,2010101.8625740227,2024-05
2024-05-01,2024,Budget,Northeast,Marketplace Ads,COGS,COGS,Sales,-869509.9428385391,2024-05
2024-05-01,2024,Budget,Northeast,Marketplace Ads,Sales & Marketing,Opex,Marketing,-408142.21046971134,2024-05
2024-05-01,2024,Budget,Northeast,Marketplace Ads,R&D,Opex,R&D,-249696.17219885692,2024-05
2024-05-01,2024,Budget,Northeast,Marketplace Ads,G&A,Opex,G&A,-197344.34963713778,2024-05
2024-05-01,2024,Budget,Northeast,Marketplace Ads,Support,Opex,Support,-113613.96408061383,2024-05
2024-05-01,2024,Actual,Southeast,Core,Revenue,Revenue,Sales,2974190.513624435,2024-05
2024-05-01,2024,Actual,Southeast,Core,COGS,COGS,Sales,-1165029.7937114262,2024-05
2024-05-01,2024,Actual,Southeast,Core,Sales & Marketing,Opex,Marketing,-574316.7943548801,2024-05
2024-05-01,2024,Actual,Southeast,Core,R&D,Opex,R&D,-347175.6408116187,2024-05
2024-05-01,2024,Actual,Southeast,Core,G&A,Opex,G&A,-281057.65324283397,2024-05
2024-05-01,2024,Actual,Southeast,Core,Support,Opex,Support,-199128.28274262205,2024-05
2024-05-01,2024,Budget,Southeast,Core,Revenue,Revenue,Sales,3031105.983246542,2024-05
2024-05-01,2024,Budget,Southeast,Core,COGS,COGS,Sales,-1252874.4606940805,2024-05
2024-05-01,2024,Budget,Southeast,Core,Sales & Marketing,Opex,Marketing,-519018.52935775515,2024-05
2024-05-01,2024,Budget,Southeast,Core,R&D,Opex,R&D,-419319.7005922959,2024-05
2024-05-01,2024,Budget,Southeast,Core,G&A,Opex,G&A,-249405.81016919765,2024-05
2024-05-01,2024,Budget,Southeast,Core,Support,Opex,Support,-203413.605181501,2024-05
2024-05-01,2024,Actual,Southeast,Plus,Revenue,Revenue,Sales,3284204.9772627912,2024-05
2024-05-01,2024,Actual,Southeast,Plus,COGS,COGS,Sales,-1283467.682837853,2024-05
2024-05-01,2024,Actual,Southeast,Plus,Sales & Marketing,Opex,Marketing,-645196.8981473122,2024-05
2024-05-01,2024,Actual,Southeast,Plus,R&D,Opex,R&D,-432626.27531499154,2024-05
2024-05-01,2024,Actual,Southeast,Plus,G&A,Opex,G&A,-329945.96180292655,2024-05
2024-05-01,2024,Actual,Southeast,Plus,Support,Opex,Support,-199636.1315759584,2024-05
2024-05-01,2024,Budget,Southeast,Plus,Revenue,Revenue,Sales,3485771.8807335226,2024-05
2024-05-01,2024,Budget,Southeast,Plus,COGS,COGS,Sales,-1416259.5389465285,2024-05
2024-05-01,2024,Budget,Southeast,Plus,Sales & Marketing,Opex,Marketing,-573942.7342753028,2024-05
2024-05-01,2024,Budget,Southeast,Plus,R&D,Opex,R&D,-364712.63089338446,2024-05
2024-05-01,2024,Budget,Southeast,Plus,G&A,Opex,G&A,-369175.93079168076,2024-05
2024-05-01,2024,Budget,Southeast,Plus,Support,Opex,Support,-213582.93969045742,2024-05
2024-05-01,2024,Actual,Southeast,Enterprise,Revenue,Revenue,Sales,4116063.474066027,2024-05
2024-05-01,2024,Actual,Southeast,Enterprise,COGS,COGS,Sales,-1805024.45623193,2024-05
2024-05-01,2024,Actual,Southeast,Enterprise,Sales & Marketing,Opex,Marketing,-751006.0072024603,2024-05
2024-05-01,2024,Actual,Southeast,Enterprise,R&D,Opex,R&D,-461735.93533210014,2024-05
2024-05-01,2024,Actual,Southeast,Enterprise,G&A,Opex,G&A,-448163.7164846854,2024-05
2024-05-01,2024,Actual,Southeast,Enterprise,Support,Opex,Support,-270475.9019829958,2024-05
2024-05-01,2024,Budget,Southeast,Enterprise,Revenue,Revenue,Sales,4091993.077382832,2024-05
2024-05-01,2024,Budget,Southeast,Enterprise,COGS,COGS,Sales,-1732421.5371361566,2024-05
2024-05-01,2024,Budget,Southeast,Enterprise,Sales & Marketing,Opex,Marketing,-719277.8178839489,2024-05
2024-05-01,2024,Budget,Southeast,Enterprise,R&D,Opex,R&D,-429074.62988227187,2024-05
2024-05-01,2024,Budget,Southeast,Enterprise,G&A,Opex,G&A,-331959.1612577593,2024-05
2024-05-01,2024,Budget,Southeast,Enterprise,Support,Opex,Support,-222123.55518460466,2024-05
2024-05-01,2024,Actual,Southeast,Marketplace Ads,Revenue,Revenue,Sales,1718795.4785353635,2024-05
2024-05-01,2024,Actual,Southeast,Marketplace Ads,COGS,COGS,Sales,-740768.62650378,2024-05
2024-05-01,2024,Actual,Southeast,Marketplace Ads,Sales & Marketing,Opex,Marketing,-329973.98367313825,2024-05
2024-05-01,2024,Actual,Southeast,Marketplace Ads,R&D,Opex,R&D,-182242.1840623765,2024-05
2024-05-01,2024,Actual,Southeast,Marketplace Ads,G&A,Opex,G&A,-156524.36508112005,2024-05
2024-05-01,2024,Actual,Southeast,Marketplace Ads,Support,Opex,Support,-134139.3379829916,2024-05
2024-05-01,2024,Budget,Southeast,Marketplace Ads,Revenue,Revenue,Sales,1818663.5899479252,2024-05
2024-05-01,2024,Budget,Southeast,Marketplace Ads,COGS,COGS,Sales,-735220.3345845017,2024-05
2024-05-01,2024,Budget,Southeast,Marketplace Ads,Sales & Marketing,Opex,Marketing,-340669.6487813692,2024-05
2024-05-01,2024,Budget,Southeast,Marketplace Ads,R&D,Opex,R&D,-253347.2581209348,2024-05
2024-05-01,2024,Budget,Southeast,Marketplace Ads,G&A,Opex,G&A,-167640.47469807687,2024-05
2024-05-01,2024,Budget,Southeast,Marketplace Ads,Support,Opex,Support,-129561.0895420715,2024-05
2024-05-01,2024,Actual,Midwest,Core,Revenue,Revenue,Sales,3042556.5361229586,2024-05
2024-05-01,2024,Actual,Midwest,Core,COGS,COGS,Sales,-1332931.7734779182,2024-05
2024-05-01,2024,Actual,Midwest,Core,Sales & Marketing,Opex,Marketing,-654907.2299068742,2024-05
2024-05-01,2024,Actual,Midwest,Core,R&D,Opex,R&D,-331434.03537548374,2024-05
2024-05-01,2024,Actual,Midwest,Core,G&A,Opex,G&A,-290328.97524075466,2024-05
2024-05-01,2024,Actual,Midwest,Core,Support,Opex,Support,-212980.2108420702,2024-05
2024-05-01,2024,Budget,Midwest,Core,Revenue,Revenue,Sales,2871574.089391461,2024-05
2024-05-01,2024,Budget,Midwest,Core,COGS,COGS,Sales,-1124025.5099123132,2024-05
2024-05-01,2024,Budget,Midwest,Core,Sales & Marketing,Opex,Marketing,-603628.9451356016,2024-05
2024-05-01,2024,Budget,Midwest,Core,R&D,Opex,R&D,-295238.3953648383,2024-05
2024-05-01,2024,Budget,Midwest,Core,G&A,Opex,G&A,-310407.3609813139,2024-05
2024-05-01,2024,Budget,Midwest,Core,Support,Opex,Support,-192496.15263581768,2024-05
2024-05-01,2024,Actual,Midwest,Plus,Revenue,Revenue,Sales,3361403.0987054603,2024-05
2024-05-01,2024,Actual,Midwest,Plus,COGS,COGS,Sales,-1380015.794278643,2024-05
2024-05-01,2024,Actual,Midwest,Plus,Sales & Marketing,Opex,Marketing,-608725.5024042788,2024-05
2024-05-01,2024,Actual,Midwest,Plus,R&D,Opex,R&D,-382759.64670481905,2024-05
2024-05-01,2024,Actual,Midwest,Plus,G&A,Opex,G&A,-274661.5516367872,2024-05
2024-05-01,2024,Actual,Midwest,Plus,Support,Opex,Support,-205161.38922443584,2024-05
2024-05-01,2024,Budget,Midwest,Plus,Revenue,Revenue,Sales,3302310.2028001803,2024-05
2024-05-01,2024,Budget,Midwest,Plus,COGS,COGS,Sales,-1368355.2116107927,2024-05
2024-05-01,2024,Budget,Midwest,Plus,Sales & Marketing,Opex,Marketing,-641707.3236583185,2024-05
2024-05-01,2024,Budget,Midwest,Plus,R&D,Opex,R&D,-437610.35051824106,2024-05
2024-05-01,2024,Budget,Midwest,Plus,G&A,Opex,G&A,-326182.58063067513,2024-05
2024-05-01,2024,Budget,Midwest,Plus,Support,Opex,Support,-176353.74475229884,2024-05
2024-05-01,2024,Actual,Midwest,Enterprise,Revenue,Revenue,Sales,3903125.8825743273,2024-05
2024-05-01,2024,Actual,Midwest,Enterprise,COGS,COGS,Sales,-1591943.5225630933,2024-05
2024-05-01,2024,Actual,Midwest,Enterprise,Sales & Marketing,Opex,Marketing,-693121.6022719421,2024-05
2024-05-01,2024,Actual,Midwest,Enterprise,R&D,Opex,R&D,-477543.9978674655,2024-05
2024-05-01,2024,Actual,Midwest,Enterprise,G&A,Opex,G&A,-328325.0563964985,2024-05
2024-05-01,2024,Actual,Midwest,Enterprise,Support,Opex,Support,-241025.2743607606,2024-05
2024-05-01,2024,Budget,Midwest,Enterprise,Revenue,Revenue,Sales,3876625.020678472,2024-05
2024-05-01,2024,Budget,Midwest,Enterprise,COGS,COGS,Sales,-1601962.4522322812,2024-05
2024-05-01,2024,Budget,Midwest,Enterprise,Sales & Marketing,Opex,Marketing,-675567.2985554312,2024-05
2024-05-01,2024,Budget,Midwest,Enterprise,R&D,Opex,R&D,-419028.4926313895,2024-05
2024-05-01,2024,Budget,Midwest,Enterprise,G&A,Opex,G&A,-349047.5159750286,2024-05
2024-05-01,2024,Budget,Midwest,Enterprise,Support,Opex,Support,-233866.5268097437,2024-05
2024-05-01,2024,Actual,Midwest,Marketplace Ads,Revenue,Revenue,Sales,1607006.344354595,2024-05
2024-05-01,2024,Actual,Midwest,Marketplace Ads,COGS,COGS,Sales,-662489.187806539,2024-05
2024-05-01,2024,Actual,Midwest,Marketplace Ads,Sales & Marketing,Opex,Marketing,-340161.09931707336,2024-05
2024-05-01,2024,Actual,Midwest,Marketplace Ads,R&D,Opex,R&D,-203909.74688112037,2024-05
2024-05-01,2024,Actual,Midwest,Marketplace Ads,G&A,Opex,G&A,-156290.1835494157,2024-05
2024-05-01,2024,Actual,Midwest,Marketplace Ads,Support,Opex,Support,-104712.49372476504,2024-05
2024-05-01,2024,Budget,Midwest,Marketplace Ads,Revenue,Revenue,Sales,1722944.4536348763,2024-05
2024-05-01,2024,Budget,Midwest,Marketplace Ads,COGS,COGS,Sales,-678535.5133238329,2024-05
2024-05-01,2024,Budget,Midwest,Marketplace Ads,Sales & Marketing,Opex,Marketing,-368036.0841827111,2024-05
2024-05-01,2024,Budget,Midwest,Marketplace Ads,R&D,Opex,R&D,-208496.73849267565,2024-05
2024-05-01,2024,Budget,Midwest,Marketplace Ads,G&A,Opex,G&A,-175101.7647544407,2024-05
2024-05-01,2024,Budget,Midwest,Marketplace Ads,Support,Opex,Support,-101839.53966451947,2024-05
2024-05-01,2024,Actual,Southwest,Core,Revenue,Revenue,Sales,3090106.061191169,2024-05
2024-05-01,2024,Actual,Southwest,Core,COGS,COGS,Sales,-1294240.8431046568,2024-05
2024-05-01,2024,Actual,Southwest,Core,Sales & Marketing,Opex,Marketing,-614877.78605642,2024-05
2024-05-01,2024,Actual,Southwest,Core,R&D,Opex,R&D,-368469.3556288961,2024-05
2024-05-01,2024,Actual,Southwest,Core,G&A,Opex,G&A,-328358.5290431537,2024-05
2024-05-01,2024,Actual,Southwest,Core,Support,Opex,Support,-208519.84641632097,2024-05
2024-05-01,2024,Budget,Southwest,Core,Revenue,Revenue,Sales,3190637.8771016235,2024-05
2024-05-01,2024,Budget,Southwest,Core,COGS,COGS,Sales,-1241222.4551400673,2024-05
2024-05-01,2024,Budget,Southwest,Core,Sales & Marketing,Opex,Marketing,-608692.3409444864,2024-05
2024-05-01,2024,Budget,Southwest,Core,R&D,Opex,R&D,-332067.45817277464,2024-05
2024-05-01,2024,Budget,Southwest,Core,G&A,Opex,G&A,-279039.4625038293,2024-05
2024-05-01,2024,Budget,Southwest,Core,Support,Opex,Support,-229721.9555439599,2024-05
2024-05-01,2024,Actual,Southwest,Plus,Revenue,Revenue,Sales,3735125.081791194,2024-05
2024-05-01,2024,Actual,Southwest,Plus,COGS,COGS,Sales,-1459395.827677002,2024-05
2024-05-01,2024,Actual,Southwest,Plus,Sales & Marketing,Opex,Marketing,-677067.2017096896,2024-05
2024-05-01,2024,Actual,Southwest,Plus,R&D,Opex,R&D,-491917.6055994239,2024-05
2024-05-01,2024,Actual,Southwest,Plus,G&A,Opex,G&A,-344973.4779879878,2024-05
2024-05-01,2024,Actual,Southwest,Plus,Support,Opex,Support,-273780.5086696778,2024-05
2024-05-01,2024,Budget,Southwest,Plus,Revenue,Revenue,Sales,3669233.5586668667,2024-05
2024-05-01,2024,Budget,Southwest,Plus,COGS,COGS,Sales,-1542213.1497279832,2024-05
2024-05-01,2024,Budget,Southwest,Plus,Sales & Marketing,Opex,Marketing,-708548.9937075889,2024-05
2024-05-01,2024,Budget,Southwest,Plus,R&D,Opex,R&D,-368505.0787101641,2024-05
2024-05-01,2024,Budget,Southwest,Plus,G&A,Opex,G&A,-353967.244426248,2024-05
2024-05-01,2024,Budget,Southwest,Plus,Support,Opex,Support,-239321.53619713773,2024-05
2024-05-01,2024,Actual,Southwest,Enterprise,Revenue,Revenue,Sales,4110677.8636339866,2024-05
2024-05-01,2024,Actual,Southwest,Enterprise,COGS,COGS,Sales,-1674690.167020667,2024-05
2024-05-01,2024,Actual,Southwest,Enterprise,Sales & Marketing,Opex,Marketing,-688483.6100687027,2024-05
2024-05-01,2024,Actual,Southwest,Enterprise,R&D,Opex,R&D,-435965.16132961545,2024-05
2024-05-01,2024,Actual,Southwest,Enterprise,G&A,Opex,G&A,-358541.1439603813,2024-05
2024-05-01,2024,Actual,Southwest,Enterprise,Support,Opex,Support,-227701.39683629066,2024-05
2024-05-01,2024,Budget,Southwest,Enterprise,Revenue,Revenue,Sales,4307361.134087192,2024-05
2024-05-01,2024,Budget,Southwest,Enterprise,COGS,COGS,Sales,-1669371.4299847307,2024-05
2024-05-01,2024,Budget,Southwest,Enterprise,Sales & Marketing,Opex,Marketing,-757411.4444506323,2024-05
2024-05-01,2024,Budget,Southwest,Enterprise,R&D,Opex,R&D,-536455.9938489335,2024-05
2024-05-01,2024,Budget,Southwest,Enterprise,G&A,Opex,G&A,-390605.1678516003,2024-05
2024-05-01,2024,Budget,Southwest,Enterprise,Support,Opex,Support,-278834.0290942001,2024-05
2024-05-01,2024,Actual,Southwest,Marketplace Ads,Revenue,Revenue,Sales,1945572.8018942766,2024-05
2024-05-01,2024,Actual,Southwest,Marketplace Ads,COGS,COGS,Sales,-829271.9477483717,2024-05
2024-05-01,2024,Actual,Southwest,Marketplace Ads,Sales & Marketing,Opex,Marketing,-425959.9645525951,2024-05
2024-05-01,2024,Actual,Southwest,Marketplace Ads,R&D,Opex,R&D,-215555.7624468117,2024-05
2024-05-01,2024,Actual,Southwest,Marketplace Ads,G&A,Opex,G&A,-207000.8064451789,2024-05
2024-05-01,2024,Actual,Southwest,Marketplace Ads,Support,Opex,Support,-102356.77319261969,2024-05
2024-05-01,2024,Budget,Southwest,Marketplace Ads,Revenue,Revenue,Sales,1914382.726260974,2024-05
2024-05-01,2024,Budget,Southwest,Marketplace Ads,COGS,COGS,Sales,-799321.265776383,2024-05
2024-05-01,2024,Budget,Southwest,Marketplace Ads,Sales & Marketing,Opex,Marketing,-316538.0279380048,2024-05
2024-05-01,2024,Budget,Southwest,Marketplace Ads,R&D,Opex,R&D,-213835.72423739653,2024-05
2024-05-01,2024,Budget,Southwest,Marketplace Ads,G&A,Opex,G&A,-153586.7956295818,2024-05
2024-05-01,2024,Budget,Southwest,Marketplace Ads,Support,Opex,Support,-126374.4997836777,2024-05
2024-05-01,2024,Actual,West,Core,Revenue,Revenue,Sales,3534776.1390420366,2024-05
2024-05-01,2024,Actual,West,Core,COGS,COGS,Sales,-1344189.3468559291,2024-05
2024-05-01,2024,Actual,West,Core,Sales & Marketing,Opex,Marketing,-776182.7411621822,2024-05
2024-05-01,2024,Actual,West,Core,R&D,Opex,R&D,-406907.04515896534,2024-05
2024-05-01,2024,Actual,West,Core,G&A,Opex,G&A,-364293.8374612963,2024-05
2024-05-01,2024,Actual,West,Core,Support,Opex,Support,-252300.88705521807,2024-05
2024-05-01,2024,Budget,West,Core,Revenue,Revenue,Sales,3509701.6648117853,2024-05
2024-05-01,2024,Budget,West,Core,COGS,COGS,Sales,-1415342.8073837021,2024-05
2024-05-01,2024,Budget,West,Core,Sales & Marketing,Opex,Marketing,-709022.7341309185,2024-05
2024-05-01,2024,Budget,West,Core,R&D,Opex,R&D,-422022.01842191746,2024-05
2024-05-01,2024,Budget,West,Core,G&A,Opex,G&A,-360130.1676567837,2024-05
2024-05-01,2024,Budget,West,Core,Support,Opex,Support,-230873.56852388298,2024-05
2024-05-01,2024,Actual,West,Plus,Revenue,Revenue,Sales,3922046.8553473726,2024-05
2024-05-01,2024,Actual,West,Plus,COGS,COGS,Sales,-1739395.3316872697,2024-05
2024-05-01,2024,Actual,West,Plus,Sales & Marketing,Opex,Marketing,-828040.1498201858,2024-05
2024-05-01,2024,Actual,West,Plus,R&D,Opex,R&D,-488763.0881514007,2024-05
2024-05-01,2024,Actual,West,Plus,G&A,Opex,G&A,-370437.8902386877,2024-05
2024-05-01,2024,Actual,West,Plus,Support,Opex,Support,-205390.04153654168,2024-05
2024-05-01,2024,Budget,West,Plus,Revenue,Revenue,Sales,4036156.914533553,2024-05
2024-05-01,2024,Budget,West,Plus,COGS,COGS,Sales,-1679779.489668724,2024-05
2024-05-01,2024,Budget,West,Plus,Sales & Marketing,Opex,Marketing,-807378.3286610076,2024-05
2024-05-01,2024,Budget,West,Plus,R&D,Opex,R&D,-476499.85864455346,2024-05
2024-05-01,2024,Budget,West,Plus,G&A,Opex,G&A,-394027.5524290406,2024-05
2024-05-01,2024,Budget,West,Plus,Support,Opex,Support,-299572.9236893413,2024-05
2024-05-01,2024,Actual,West,Enterprise,Revenue,Revenue,Sales,4430036.645156334,2024-05
2024-05-01,2024,Actual,West,Enterprise,COGS,COGS,Sales,-1820105.3208803467,2024-05
2024-05-01,2024,Actual,West,Enterprise,Sales & Marketing,Opex,Marketing,-950706.4913487941,2024-05
2024-05-01,2024,Actual,West,Enterprise,R&D,Opex,R&D,-544327.6755283613,2024-05
2024-05-01,2024,Actual,West,Enterprise,G&A,Opex,G&A,-377861.52769196423,2024-05
2024-05-01,2024,Actual,West,Enterprise,Support,Opex,Support,-338916.83020884905,2024-05
2024-05-01,2024,Budget,West,Enterprise,Revenue,Revenue,Sales,4738097.24749591,2024-05
2024-05-01,2024,Budget,West,Enterprise,COGS,COGS,Sales,-2016540.6038976978,2024-05
2024-05-01,2024,Budget,West,Enterprise,Sales & Marketing,Opex,Marketing,-1020377.2936342144,2024-05
2024-05-01,2024,Budget,West,Enterprise,R&D,Opex,R&D,-558016.7853158908,2024-05
2024-05-01,2024,Budget,West,Enterprise,G&A,Opex,G&A,-466618.45266898425,2024-05
2024-05-01,2024,Budget,West,Enterprise,Support,Opex,Support,-352895.5447419597,2024-05
2024-05-01,2024,Actual,West,Marketplace Ads,Revenue,Revenue,Sales,1951801.808364725,2024-05
2024-05-01,2024,Actual,West,Marketplace Ads,COGS,COGS,Sales,-819030.5655258049,2024-05
2024-05-01,2024,Actual,West,Marketplace Ads,Sales & Marketing,Opex,Marketing,-331208.12476280174,2024-05
2024-05-01,2024,Actual,West,Marketplace Ads,R&D,Opex,R&D,-230308.5581232885,2024-05
2024-05-01,2024,Actual,West,Marketplace Ads,G&A,Opex,G&A,-174065.68450827288,2024-05
2024-05-01,2024,Actual,West,Marketplace Ads,Support,Opex,Support,-149969.88508792195,2024-05
2024-05-01,2024,Budget,West,Marketplace Ads,Revenue,Revenue,Sales,2105820.9988870714,2024-05
2024-05-01,2024,Budget,West,Marketplace Ads,COGS,COGS,Sales,-859248.2532683461,2024-05
2024-05-01,2024,Budget,West,Marketplace Ads,Sales & Marketing,Opex,Marketing,-405484.5914792337,2024-05
2024-05-01,2024,Budget,West,Marketplace Ads,R&D,Opex,R&D,-262773.99180722464,2024-05
2024-05-01,2024,Budget,West,Marketplace Ads,G&A,Opex,G&A,-169430.28435655558,2024-05
2024-05-01,2024,Budget,West,Marketplace Ads,Support,Opex,Support,-116030.8929471479,2024-05
2024-06-01,2024,Actual,Northeast,Core,Revenue,Revenue,Sales,3128445.808251436,2024-06
2024-06-01,2024,Actual,Northeast,Core,COGS,COGS,Sales,-1297387.7144952472,2024-06
2024-06-01,2024,Actual,Northeast,Core,Sales & Marketing,Opex,Marketing,-636985.3175165094,2024-06
2024-06-01,2024,Actual,Northeast,Core,R&D,Opex,R&D,-324989.1062370658,2024-06
2024-06-01,2024,Actual,Northeast,Core,G&A,Opex,G&A,-257950.42072987114,2024-06
2024-06-01,2024,Actual,Northeast,Core,Support,Opex,Support,-248918.42623075357,2024-06
2024-06-01,2024,Budget,Northeast,Core,Revenue,Revenue,Sales,3261829.032,2024-06
2024-06-01,2024,Budget,Northeast,Core,COGS,COGS,Sales,-1338532.1051986197,2024-06
2024-06-01,2024,Budget,Northeast,Core,Sales & Marketing,Opex,Marketing,-642599.1268072878,2024-06
2024-06-01,2024,Budget,Northeast,Core,R&D,Opex,R&D,-334925.4960372682,2024-06
2024-06-01,2024,Budget,Northeast,Core,G&A,Opex,G&A,-332597.1434794996,2024-06
2024-06-01,2024,Budget,Northeast,Core,Support,Opex,Support,-224639.8529568031,2024-06
2024-06-01,2024,Actual,Northeast,Plus,Revenue,Revenue,Sales,3501709.107471835,2024-06
2024-06-01,2024,Actual,Northeast,Plus,COGS,COGS,Sales,-1442750.7197723652,2024-06
2024-06-01,2024,Actual,Northeast,Plus,Sales & Marketing,Opex,Marketing,-764213.0041415222,2024-06
2024-06-01,2024,Actual,Northeast,Plus,R&D,Opex,R&D,-465931.85311334557,2024-06
2024-06-01,2024,Actual,Northeast,Plus,G&A,Opex,G&A,-297708.9820991116,2024-06
2024-06-01,2024,Actual,Northeast,Plus,Support,Opex,Support,-191517.7804788155,2024-06
2024-06-01,2024,Budget,Northeast,Plus,Revenue,Revenue,Sales,3751103.3868000004,2024-06
2024-06-01,2024,Budget,Northeast,Plus,COGS,COGS,Sales,-1530812.1179484986,2024-06
2024-06-01,2024,Budget,Northeast,Plus,Sales & Marketing,Opex,Marketing,-788000.4592238803,2024-06
2024-06-01,2024,Budget,Northeast,Plus,R&D,Opex,R&D,-408285.97773147887,2024-06
2024-06-01,2024,Budget,Northeast,Plus,G&A,Opex,G&A,-364227.9657312362,2024-06
2024-06-01,2024,Budget,Northeast,Plus,Support,Opex,Support,-228835.46737942722,2024-06
2024-06-01,2024,Actual,Northeast,Enterprise,Revenue,Revenue,Sales,3972081.3688523658,2024-06
2024-06-01,2024,Actual,Northeast,Enterprise,COGS,COGS,Sales,-1592347.1950336033,2024-06
2024-06-01,2024,Actual,Northeast,Enterprise,Sales & Marketing,Opex,Marketing,-661918.7069340681,2024-06
2024-06-01,2024,Actual,Northeast,Enterprise,R&D,Opex,R&D,-549890.1280437036,2024-06
2024-06-01,2024,Actual,Northeast,Enterprise,G&A,Opex,G&A,-421156.3266534807,2024-06
2024-06-01,2024,Actual,Northeast,Enterprise,Support,Opex,Support,-222856.26800027132,2024-06
2024-06-01,2024,Budget,Northeast,Enterprise,Revenue,Revenue,Sales,4403469.193200001,2024-06
2024-06-01,2024,Budget,Northeast,Enterprise,COGS,COGS,Sales,-1818937.1006585083,2024-06
2024-06-01,2024,Budget,Northeast,Enterprise,Sales & Marketing,Opex,Marketing,-707884.6409231396,2024-06
2024-06-01,2024,Budget,Northeast,Enterprise,R&D,Opex,R&D,-496113.1894397097,2024-06
2024-06-01,2024,Budget,Northeast,Enterprise,G&A,Opex,G&A,-416767.86642320437,2024-06
2024-06-01,2024,Budget,Northeast,Enterprise,Support,Opex,Support,-316815.6727997127,2024-06
2024-06-01,2024,Actual,Northeast,Marketplace Ads,Revenue,Revenue,Sales,1889164.0742636465,2024-06
2024-06-01,2024,Actual,Northeast,Marketplace Ads,COGS,COGS,Sales,-737503.8642783074,2024-06
2024-06-01,2024,Actual,Northeast,Marketplace Ads,Sales & Marketing,Opex,Marketing,-351489.9271780177,2024-06
2024-06-01,2024,Actual,Northeast,Marketplace Ads,R&D,Opex,R&D,-210185.62022643365,2024-06
2024-06-01,2024,Actual,Northeast,Marketplace Ads,G&A,Opex,G&A,-204092.73812220723,2024-06
2024-06-01,2024,Actual,Northeast,Marketplace Ads,Support,Opex,Support,-140082.0490797361,2024-06
2024-06-01,2024,Budget,Northeast,Marketplace Ads,Revenue,Revenue,Sales,1957097.4192,2024-06
2024-06-01,2024,Budget,Northeast,Marketplace Ads,COGS,COGS,Sales,-762049.3838856985,2024-06
2024-06-01,2024,Budget,Northeast,Marketplace Ads,Sales & Marketing,Opex,Marketing,-402591.66845603747,2024-06
2024-06-01,2024,Budget,Northeast,Marketplace Ads,R&D,Opex,R&D,-235090.225659633,2024-06
2024-06-01,2024,Budget,Northeast,Marketplace Ads,G&A,Opex,G&A,-159730.16510059263,2024-06
2024-06-01,2024,Budget,Northeast,Marketplace Ads,Support,Opex,Support,-107735.70821532767,2024-06
2024-06-01,2024,Actual,Southeast,Core,Revenue,Revenue,Sales,2946048.207068161,2024-06
2024-06-01,2024,Actual,Southeast,Core,COGS,COGS,Sales,-1291037.5101944967,2024-06
2024-06-01,2024,Actual,Southeast,Core,Sales & Marketing,Opex,Marketing,-585035.6185182036,2024-06
2024-06-01,2024,Actual,Southeast,Core,R&D,Opex,R&D,-376652.44125113136,2024-06
2024-06-01,2024,Actual,Southeast,Core,G&A,Opex,G&A,-289173.98424388457,2024-06
2024-06-01,2024,Actual,Southeast,Core,Support,Opex,Support,-185592.6828978608,2024-06
2024-06-01,2024,Budget,Southeast,Core,Revenue,Revenue,Sales,2951178.648,2024-06
2024-06-01,2024,Budget,Southeast,Core,COGS,COGS,Sales,-1219191.8967966847,2024-06
2024-06-01,2024,Budget,Southeast,Core,Sales & Marketing,Opex,Marketing,-630525.7375028321,2024-06
2024-06-01,2024,Budget,Southeast,Core,R&D,Opex,R&D,-379709.5720687676,2024-06
2024-06-01,2024,Budget,Southeast,Core,G&A,Opex,G&A,-290673.41567256546,2024-06
2024-06-01,2024,Budget,Southeast,Core,Support,Opex,Support,-151345.04971612353,2024-06
2024-06-01,2024,Actual,Southeast,Plus,Revenue,Revenue,Sales,3219349.261766616,2024-06
2024-06-01,2024,Actual,Southeast,Plus,COGS,COGS,Sales,-1281054.0824763698,2024-06
2024-06-01,2024,Actual,Southeast,Plus,Sales & Marketing,Opex,Marketing,-707175.6735356821,2024-06
2024-06-01,2024,Actual,Southeast,Plus,R&D,Opex,R&D,-434047.3969820942,2024-06
2024-06-01,2024,Actual,Southeast,Plus,G&A,Opex,G&A,-290945.72059938277,2024-06
2024-06-01,2024,Actual,Southeast,Plus,Support,Opex,Support,-205403.4166756893,2024-06
2024-06-01,2024,Budget,Southeast,Plus,Revenue,Revenue,Sales,3393855.4452000004,2024-06
2024-06-01,2024,Budget,Southeast,Plus,COGS,COGS,Sales,-1409618.2003319485,2024-06
2024-06-01,2024,Budget,Southeast,Plus,Sales & Marketing,Opex,Marketing,-742641.9100446579,2024-06
2024-06-01,2024,Budget,Southeast,Plus,R&D,Opex,R&D,-356712.7276580859,2024-06
2024-06-01,2024,Budget,Southeast,Plus,G&A,Opex,G&A,-360728.7019884872,2024-06
2024-06-01,2024,Budget,Southeast,Plus,Support,Opex,Support,-232558.92284117863,2024-06
2024-06-01,2024,Actual,Southeast,Enterprise,Revenue,Revenue,Sales,3689941.5693054837,2024-06
2024-06-01,2024,Actual,Southeast,Enterprise,COGS,COGS,Sales,-1643169.6809571984,2024-06
2024-06-01,2024,Actual,Southeast,Enterprise,Sales & Marketing,Opex,Marketing,-672892.2150253563,2024-06
2024-06-01,2024,Actual,Southeast,Enterprise,R&D,Opex,R&D,-451104.02563423465,2024-06
2024-06-01,2024,Actual,Southeast,Enterprise,G&A,Opex,G&A,-333366.56510760536,2024-06
2024-06-01,2024,Actual,Southeast,Enterprise,Support,Opex,Support,-205378.22975796295,2024-06
2024-06-01,2024,Budget,Southeast,Enterprise,Revenue,Revenue,Sales,3984091.1748,2024-06
2024-06-01,2024,Budget,Southeast,Enterprise,COGS,COGS,Sales,-1665047.9834345751,2024-06
2024-06-01,2024,Budget,Southeast,Enterprise,Sales & Marketing,Opex,Marketing,-725452.8347013093,2024-06
2024-06-01,2024,Budget,Southeast,Enterprise,R&D,Opex,R&D,-488548.5781955716,2024-06
2024-06-01,2024,Budget,Southeast,Enterprise,G&A,Opex,G&A,-363313.3864326874,2024-06
2024-06-01,2024,Budget,Southeast,Enterprise,Support,Opex,Support,-254420.8626205415,2024-06
2024-06-01,2024,Actual,Southeast,Marketplace Ads,Revenue,Revenue,Sales,1553150.5277885648,2024-06
2024-06-01,2024,Actual,Southeast,Marketplace Ads,COGS,COGS,Sales,-694960.6361257879,2024-06
2024-06-01,2024,Actual,Southeast,Marketplace Ads,Sales & Marketing,Opex,Marketing,-314772.5982952774,2024-06
2024-06-01,2024,Actual,Southeast,Marketplace Ads,R&D,Opex,R&D,-203433.559124616,2024-06
2024-06-01,2024,Actual,Southeast,Marketplace Ads,G&A,Opex,G&A,-152317.31922881014,2024-06
2024-06-01,2024,Actual,Southeast,Marketplace Ads,Support,Opex,Support,-119110.03692293435,2024-06
2024-06-01,2024,Budget,Southeast,Marketplace Ads,Revenue,Revenue,Sales,1770707.1888000001,2024-06
2024-06-01,2024,Budget,Southeast,Marketplace Ads,COGS,COGS,Sales,-793820.0036332799,2024-06
2024-06-01,2024,Budget,Southeast,Marketplace Ads,Sales & Marketing,Opex,Marketing,-294675.6751233169,2024-06
2024-06-01,2024,Budget,Southeast,Marketplace Ads,R&D,Opex,R&D,-188480.18459572166,2024-06
2024-06-01,2024,Budget,Southeast,Marketplace Ads,G&A,Opex,G&A,-143753.0999443077,2024-06
2024-06-01,2024,Budget,Southeast,Marketplace Ads,Support,Opex,Support,-100254.39530029365,2024-06
2024-06-01,2024,Actual,Midwest,Core,Revenue,Revenue,Sales,2707260.954048663,2024-06
2024-06-01,2024,Actual,Midwest,Core,COGS,COGS,Sales,-1054279.3172414762,2024-06
2024-06-01,2024,Actual,Midwest,Core,Sales & Marketing,Opex,Marketing,-519274.64663142554,2024-06
2024-06-01,2024,Actual,Midwest,Core,R&D,Opex,R&D,-298209.75196846307,2024-06
2024-06-01,2024,Actual,Midwest,Core,G&A,Opex,G&A,-260789.57565696933,2024-06
2024-06-01,2024,Actual,Midwest,Core,Support,Opex,Support,-186310.98119776614,2024-06
2024-06-01,2024,Budget,Midwest,Core,Revenue,Revenue,Sales,2795853.4560000002,2024-06
2024-06-01,2024,Budget,Midwest,Core,COGS,COGS,Sales,-1096118.0174662434,2024-06
2024-06-01,2024,Budget,Midwest,Core,Sales & Marketing,Opex,Marketing,-502766.9407615831,2024-06
2024-06-01,2024,Budget,Midwest,Core,R&D,Opex,R&D,-359046.41938194376,2024-06
2024-06-01,2024,Budget,Midwest,Core,G&A,Opex,G&A,-242217.59848686162,2024-06
2024-06-01,2024,Budget,Midwest,Core,Support,Opex,Support,-146847.4232668323,2024-06
2024-06-01,2024,Actual,Midwest,Plus,Revenue,Revenue,Sales,3353324.4437924116,2024-06
2024-06-01,2024,Actual,Midwest,Plus,COGS,COGS,Sales,-1386734.9471900824,2024-06
2024-06-01,2024,Actual,Midwest,Plus,Sales & Marketing,Opex,Marketing,-621042.073572943,2024-06
2024-06-01,2024,Actual,Midwest,Plus,R&D,Opex,R&D,-413706.46346214245,2024-06
2024-06-01,2024,Actual,Midwest,Plus,G&A,Opex,G&A,-295725.975778247,2024-06
2024-06-01,2024,Actual,Midwest,Plus,Support,Opex,Support,-209126.98319574023,2024-06
2024-06-01,2024,Budget,Midwest,Plus,Revenue,Revenue,Sales,3215231.4744,2024-06
2024-06-01,2024,Budget,Midwest,Plus,COGS,COGS,Sales,-1389536.402775569,2024-06
2024-06-01,2024,Budget,Midwest,Plus,Sales & Marketing,Opex,Marketing,-662946.6731199261,2024-06
2024-06-01,2024,Budget,Midwest,Plus,R&D,Opex,R&D,-347828.2269359479,2024-06
2024-06-01,2024,Budget,Midwest,Plus,G&A,Opex,G&A,-347028.51749758655,2024-06
2024-06-01,2024,Budget,Midwest,Plus,Support,Opex,Support,-213773.34083914993,2024-06
2024-06-01,2024,Actual,Midwest,Enterprise,Revenue,Revenue,Sales,3700266.458156176,2024-06
2024-06-01,2024,Actual,Midwest,Enterprise,COGS,COGS,Sales,-1544320.353522037,2024-06
2024-06-01,2024,Actual,Midwest,Enterprise,Sales & Marketing,Opex,Marketing,-660105.2485251961,2024-06
2024-06-01,2024,Actual,Midwest,Enterprise,R&D,Opex,R&D,-468514.1705870911,2024-06
2024-06-01,2024,Actual,Midwest,Enterprise,G&A,Opex,G&A,-404809.44697682635,2024-06
2024-06-01,2024,Actual,Midwest,Enterprise,Support,Opex,Support,-217149.43399396059,2024-06
2024-06-01,2024,Budget,Midwest,Enterprise,Revenue,Revenue,Sales,3774402.1656000004,2024-06
2024-06-01,2024,Budget,Midwest,Enterprise,COGS,COGS,Sales,-1518888.7003775847,2024-06
2024-06-01,2024,Budget,Midwest,Enterprise,Sales & Marketing,Opex,Marketing,-688207.9594539269,2024-06
2024-06-01,2024,Budget,Midwest,Enterprise,R&D,Opex,R&D,-521940.7091130563,2024-06
2024-06-01,2024,Budget,Midwest,Enterprise,G&A,Opex,G&A,-330054.76679325494,2024-06
2024-06-01,2024,Budget,Midwest,Enterprise,Support,Opex,Support,-258498.14716846167,2024-06
2024-06-01,2024,Actual,Midwest,Marketplace Ads,Revenue,Revenue,Sales,1712404.4494315954,2024-06
2024-06-01,2024,Actual,Midwest,Marketplace Ads,COGS,COGS,Sales,-731150.5052821488,2024-06
2024-06-01,2024,Actual,Midwest,Marketplace Ads,Sales & Marketing,Opex,Marketing,-279033.2043053006,2024-06
2024-06-01,2024,Actual,Midwest,Marketplace Ads,R&D,Opex,R&D,-223135.09273902772,2024-06
2024-06-01,2024,Actual,Midwest,Marketplace Ads,G&A,Opex,G&A,-158834.83607845078,2024-06
2024-06-01,2024,Actual,Midwest,Marketplace Ads,Support,Opex,Support,-111255.95769718004,2024-06
2024-06-01,2024,Budget,Midwest,Marketplace Ads,Revenue,Revenue,Sales,1677512.0736000002,2024-06
2024-06-01,2024,Budget,Midwest,Marketplace Ads,COGS,COGS,Sales,-661169.849299236,2024-06
2024-06-01,2024,Budget,Midwest,Marketplace Ads,Sales & Marketing,Opex,Marketing,-338234.2915899896,2024-06
2024-06-01,2024,Budget,Midwest,Marketplace Ads,R&D,Opex,R&D,-178647.64700139547,2024-06
2024-06-01,2024,Budget,Midwest,Marketplace Ads,G&A,Opex,G&A,-146338.19202658636,2024-06
2024-06-01,2024,Budget,Midwest,Marketplace Ads,Support,Opex,Support,-88860.55641855027,2024-06
2024-06-01,2024,Actual,Southwest,Core,Revenue,Revenue,Sales,3224012.282609769,2024-06
2024-06-01,2024,Actual,Southwest,Core,COGS,COGS,Sales,-1318790.6694935998,2024-06
2024-06-01,2024,Actual,Southwest,Core,Sales & Marketing,Opex,Marketing,-519880.3332549733,2024-06
2024-06-01,2024,Actual,Southwest,Core,R&D,Opex,R&D,-396478.8681932133,2024-06
2024-06-01,2024,Actual,Southwest,Core,G&A,Opex,G&A,-309875.4608496859,2024-06
2024-06-01,2024,Actual,Southwest,Core,Support,Opex,Support,-213882.67154018438,2024-06
2024-06-01,2024,Budget,Southwest,Core,Revenue,Revenue,Sales,3106503.84,2024-06
2024-06-01,2024,Budget,Southwest,Core,COGS,COGS,Sales,-1202174.4982190062,2024-06
2024-06-01,2024,Budget,Southwest,Core,Sales & Marketing,Opex,Marketing,-655330.9811522743,2024-06
2024-06-01,2024,Budget,Southwest,Core,R&D,Opex,R&D,-422066.1079746131,2024-06
2024-06-01,2024,Budget,Southwest,Core,G&A,Opex,G&A,-277276.2302078173,2024-06
2024-06-01,2024,Budget,Southwest,Core,Support,Opex,Support,-204904.58734724144,2024-06
2024-06-01,2024,Actual,Southwest,Plus,Revenue,Revenue,Sales,3868215.3957005627,2024-06
2024-06-01,2024,Actual,Southwest,Plus,COGS,COGS,Sales,-1686439.3905018913,2024-06
2024-06-01,2024,Actual,Southwest,Plus,Sales & Marketing,Opex,Marketing,-839860.8344383754,2024-06
2024-06-01,2024,Actual,Southwest,Plus,R&D,Opex,R&D,-392805.2462356179,2024-06
2024-06-01,2024,Actual,Southwest,Plus,G&A,Opex,G&A,-407309.9078007581,2024-06
2024-06-01,2024,Actual,Southwest,Plus,Support,Opex,Support,-277835.1770768148,2024-06
2024-06-01,2024,Budget,Southwest,Plus,Revenue,Revenue,Sales,3572479.416,2024-06
2024-06-01,2024,Budget,Southwest,Plus,COGS,COGS,Sales,-1531240.3980237718,2024-06
2024-06-01,2024,Budget,Southwest,Plus,Sales & Marketing,Opex,Marketing,-770445.8724555323,2024-06
2024-06-01,2024,Budget,Southwest,Plus,R&D,Opex,R&D,-436286.9405168493,2024-06
2024-06-01,2024,Budget,Southwest,Plus,G&A,Opex,G&A,-340809.08500702237,2024-06
2024-06-01,2024,Budget,Southwest,Plus,Support,Opex,Support,-182416.73424717272,2024-06
2024-06-01,2024,Actual,Southwest,Enterprise,Revenue,Revenue,Sales,4111792.308044205,2024-06
2024-06-01,2024,Actual,Southwest,Enterprise,COGS,COGS,Sales,-1715515.2595326344,2024-06
2024-06-01,2024,Actual,Southwest,Enterprise,Sales & Marketing,Opex,Marketing,-822827.2155064067,2024-06
2024-06-01,2024,Actual,Southwest,Enterprise,R&D,Opex,R&D,-521699.5033393096,2024-06
2024-06-01,2024,Actual,Southwest,Enterprise,G&A,Opex,G&A,-332209.2215405163,2024-06
2024-06-01,2024,Actual,Southwest,Enterprise,Support,Opex,Support,-221159.94438416176,2024-06
2024-06-01,2024,Budget,Southwest,Enterprise,Revenue,Revenue,Sales,4193780.1840000004,2024-06
2024-06-01,2024,Budget,Southwest,Enterprise,COGS,COGS,Sales,-1826411.0065355205,2024-06
2024-06-01,2024,Budget,Southwest,Enterprise,Sales & Marketing,Opex,Marketing,-812305.1354724675,2024-06
2024-06-01,2024,Budget,Southwest,Enterprise,R&D,Opex,R&D,-520592.68669467204,2024-06
2024-06-01,2024,Budget,Southwest,Enterprise,G&A,Opex,G&A,-435595.0258780295,2024-06
2024-06-01,2024,Budget,Southwest,Enterprise,Support,Opex,Support,-284758.7048673047,2024-06
2024-06-01,2024,Actual,Southwest,Marketplace Ads,Revenue,Revenue,Sales,1774553.768766142,2024-06
2024-06-01,2024,Actual,Southwest,Marketplace Ads,COGS,COGS,Sales,-674994.7366004336,2024-06
2024-06-01,2024,Actual,Southwest,Marketplace Ads,Sales & Marketing,Opex,Marketing,-363041.250933707,2024-06
2024-06-01,2024,Actual,Southwest,Marketplace Ads,R&D,Opex,R&D,-209100.71924637642,2024-06
2024-06-01,2024,Actual,Southwest,Marketplace Ads,G&A,Opex,G&A,-152496.78725311274,2024-06
2024-06-01,2024,Actual,Southwest,Marketplace Ads,Support,Opex,Support,-120291.56749528786,2024-06
2024-06-01,2024,Budget,Southwest,Marketplace Ads,Revenue,Revenue,Sales,1863902.304,2024-06
2024-06-01,2024,Budget,Southwest,Marketplace Ads,COGS,COGS,Sales,-836194.0366813345,2024-06
2024-06-01,2024,Budget,Southwest,Marketplace Ads,Sales & Marketing,Opex,Marketing,-352865.9624477621,2024-06
2024-06-01,2024,Budget,Southwest,Marketplace Ads,R&D,Opex,R&D,-249450.07415184734,2024-06
2024-06-01,2024,Budget,Southwest,Marketplace Ads,G&A,Opex,G&A,-194644.6402399413,2024-06
2024-06-01,2024,Budget,Southwest,Marketplace Ads,Support,Opex,Support,-138901.3491215643,2024-06
2024-06-01,2024,Actual,West,Core,Revenue,Revenue,Sales,3402077.273776315,2024-06
2024-06-01,2024,Actual,West,Core,COGS,COGS,Sales,-1475025.9177678237,2024-06
2024-06-01,2024,Actual,West,Core,Sales & Marketing,Opex,Marketing,-644471.1491702262,2024-06
2024-06-01,2024,Actual,West,Core,R&D,Opex,R&D,-419132.7096364395,2024-06
2024-06-01,2024,Actual,West,Core,G&A,Opex,G&A,-362993.9856655668,2024-06
2024-06-01,2024,Actual,West,Core,Support,Opex,Support,-248103.29708343282,2024-06
2024-06-01,2024,Budget,West,Core,Revenue,Revenue,Sales,3417154.2240000004,2024-06
2024-06-01,2024,Budget,West,Core,COGS,COGS,Sales,-1510260.6819909513,2024-06
2024-06-01,2024,Budget,West,Core,Sales & Marketing,Opex,Marketing,-700967.7921830183,2024-06
2024-06-01,2024,Budget,West,Core,R&D,Opex,R&D,-452748.5446107271,2024-06
2024-06-01,2024,Budget,West,Core,G&A,Opex,G&A,-331399.4012948458,2024-06
2024-06-01,2024,Budget,West,Core,Support,Opex,Support,-199799.7722017808,2024-06
2024-06-01,2024,Actual,West,Plus,Revenue,Revenue,Sales,3916413.792222208,2024-06
2024-06-01,2024,Actual,West,Plus,COGS,COGS,Sales,-1693098.3077336585,2024-06
2024-06-01,2024,Actual,West,Plus,Sales & Marketing,Opex,Marketing,-811100.1000383979,2024-06
2024-06-01,2024,Actual,West,Plus,R&D,Opex,R&D,-499272.0297467585,2024-06
2024-06-01,2024,Actual,West,Plus,G&A,Opex,G&A,-315933.66770046187,2024-06
2024-06-01,2024,Actual,West,Plus,Support,Opex,Support,-271631.16894926364,2024-06
2024-06-01,2024,Budget,West,Plus,Revenue,Revenue,Sales,3929727.3576,2024-06
2024-06-01,2024,Budget,West,Plus,COGS,COGS,Sales,-1603971.1185538028,2024-06
2024-06-01,2024,Budget,West,Plus,Sales & Marketing,Opex,Marketing,-740390.6215743925,2024-06
2024-06-01,2024,Budget,West,Plus,R&D,Opex,R&D,-471677.30360961263,2024-06
2024-06-01,2024,Budget,West,Plus,G&A,Opex,G&A,-401660.48322738975,2024-06
2024-06-01,2024,Budget,West,Plus,Support,Opex,Support,-308693.64304131415,2024-06
2024-06-01,2024,Actual,West,Enterprise,Revenue,Revenue,Sales,4479231.496068251,2024-06
2024-06-01,2024,Actual,West,Enterprise,COGS,COGS,Sales,-1777319.800752325,2024-06
2024-06-01,2024,Actual,West,Enterprise,Sales & Marketing,Opex,Marketing,-787365.154661199,2024-06
2024-06-01,2024,Actual,West,Enterprise,R&D,Opex,R&D,-598398.0503811691,2024-06
2024-06-01,2024,Actual,West,Enterprise,G&A,Opex,G&A,-363250.5991385738,2024-06
2024-06-01,2024,Actual,West,Enterprise,Support,Opex,Support,-316231.6248912702,2024-06
2024-06-01,2024,Budget,West,Enterprise,Revenue,Revenue,Sales,4613158.2024,2024-06
2024-06-01,2024,Budget,West,Enterprise,COGS,COGS,Sales,-1936789.8352158666,2024-06
2024-06-01,2024,Budget,West,Enterprise,Sales & Marketing,Opex,Marketing,-877680.5002477472,2024-06
2024-06-01,2024,Budget,West,Enterprise,R&D,Opex,R&D,-619586.2141537338,2024-06
2024-06-01,2024,Budget,West,Enterprise,G&A,Opex,G&A,-378549.2936424376,2024-06
2024-06-01,2024,Budget,West,Enterprise,Support,Opex,Support,-238074.2178667468,2024-06
2024-06-01,2024,Actual,West,Marketplace Ads,Revenue,Revenue,Sales,1960872.631831046,2024-06
2024-06-01,2024,Actual,West,Marketplace Ads,COGS,COGS,Sales,-862257.6573107314,2024-06
2024-06-01,2024,Actual,West,Marketplace Ads,Sales & Marketing,Opex,Marketing,-401209.6570641779,2024-06
2024-06-01,2024,Actual,West,Marketplace Ads,R&D,Opex,R&D,-255424.98183301702,2024-06
2024-06-01,2024,Actual,West,Marketplace Ads,G&A,Opex,G&A,-187658.7066066466,2024-06
2024-06-01,2024,Actual,West,Marketplace Ads,Support,Opex,Support,-105682.45504777002,2024-06
2024-06-01,2024,Budget,West,Marketplace Ads,Revenue,Revenue,Sales,2050292.5344,2024-06
2024-06-01,2024,Budget,West,Marketplace Ads,COGS,COGS,Sales,-828918.8187179384,2024-06
2024-06-01,2024,Budget,West,Marketplace Ads,Sales & Marketing,Opex,Marketing,-449717.6645462717,2024-06
2024-06-01,2024,Budget,West,Marketplace Ads,R&D,Opex,R&D,-245152.504469012,2024-06
2024-06-01,2024,Budget,West,Marketplace Ads,G&A,Opex,G&A,-169096.82494869747,2024-06
2024-06-01,2024,Budget,West,Marketplace Ads,Support,Opex,Support,-116669.33901827432,2024-06
2024-07-01,2024,Actual,Northeast,Core,Revenue,Revenue,Sales,2999734.2145010172,2024-07
2024-07-01,2024,Actual,Northeast,Core,COGS,COGS,Sales,-1203609.589561612,2024-07
2024-07-01,2024,Actual,Northeast,Core,Sales & Marketing,Opex,Marketing,-546619.2008930705,2024-07
2024-07-01,2024,Actual,Northeast,Core,R&D,Opex,R&D,-326913.360285126,2024-07
2024-07-01,2024,Actual,Northeast,Core,G&A,Opex,G&A,-265662.24509424716,2024-07
2024-07-01,2024,Actual,Northeast,Core,Support,Opex,Support,-187787.29655068726,2024-07
2024-07-01,2024,Budget,Northeast,Core,Revenue,Revenue,Sales,3119608.7999999993,2024-07
2024-07-01,2024,Budget,Northeast,Core,COGS,COGS,Sales,-1326126.8003884743,2024-07
2024-07-01,2024,Budget,Northeast,Core,Sales & Marketing,Opex,Marketing,-595607.5943472775,2024-07
2024-07-01,2024,Budget,Northeast,Core,R&D,Opex,R&D,-432264.75120779645,2024-07
2024-07-01,2024,Budget,Northeast,Core,G&A,Opex,G&A,-277035.9592920403,2024-07
2024-07-01,2024,Budget,Northeast,Core,Support,Opex,Support,-237361.55848705827,2024-07
2024-07-01,2024,Actual,Northeast,Plus,Revenue,Revenue,Sales,3260981.12717523,2024-07
2024-07-01,2024,Actual,Northeast,Plus,COGS,COGS,Sales,-1277969.263302211,2024-07
2024-07-01,2024,Actual,Northeast,Plus,Sales & Marketing,Opex,Marketing,-712601.5520428427,2024-07
2024-07-01,2024,Actual,Northeast,Plus,R&D,Opex,R&D,-388073.52448702516,2024-07
2024-07-01,2024,Actual,Northeast,Plus,G&A,Opex,G&A,-335716.1683022459,2024-07
2024-07-01,2024,Actual,Northeast,Plus,Support,Opex,Support,-192215.5596148272,2024-07
2024-07-01,2024,Budget,Northeast,Plus,Revenue,Revenue,Sales,3587550.1199999996,2024-07
2024-07-01,2024,Budget,Northeast,Plus,COGS,COGS,Sales,-1598706.4598042052,2024-07
2024-07-01,2024,Budget,Northeast,Plus,Sales & Marketing,Opex,Marketing,-616972.0372565256,2024-07
2024-07-01,2024,Budget,Northeast,Plus,R&D,Opex,R&D,-474685.62887323013,2024-07
2024-07-01,2024,Budget,Northeast,Plus,G&A,Opex,G&A,-309632.54223766056,2024-07
2024-07-01,2024,Budget,Northeast,Plus,Support,Opex,Support,-283543.771409868,2024-07
2024-07-01,2024,Actual,Northeast,Enterprise,Revenue,Revenue,Sales,3792012.164253953,2024-07
2024-07-01,2024,Actual,Northeast,Enterprise,COGS,COGS,Sales,-1688781.585158997,2024-07
2024-07-01,2024,Actual,Northeast,Enterprise,Sales & Marketing,Opex,Marketing,-665729.9738973273,2024-07
2024-07-01,2024,Actual,Northeast,Enterprise,R&D,Opex,R&D,-449977.40840380266,2024-07
2024-07-01,2024,Actual,Northeast,Enterprise,G&A,Opex,G&A,-327619.41133678495,2024-07
2024-07-01,2024,Actual,Northeast,Enterprise,Support,Opex,Support,-265192.3858147792,2024-07
2024-07-01,2024,Budget,Northeast,Enterprise,Revenue,Revenue,Sales,4211471.88,2024-07
2024-07-01,2024,Budget,Northeast,Enterprise,COGS,COGS,Sales,-1722104.1024028158,2024-07
2024-07-01,2024,Budget,Northeast,Enterprise,Sales & Marketing,Opex,Marketing,-824746.2400002714,2024-07
2024-07-01,2024,Budget,Northeast,Enterprise,R&D,Opex,R&D,-487966.9504925904,2024-07
2024-07-01,2024,Budget,Northeast,Enterprise,G&A,Opex,G&A,-347059.1964425001,2024-07
2024-07-01,2024,Budget,Northeast,Enterprise,Support,Opex,Support,-231428.47340116437,2024-07
2024-07-01,2024,Actual,Northeast,Marketplace Ads,Revenue,Revenue,Sales,1758971.387781117,2024-07
2024-07-01,2024,Actual,Northeast,Marketplace Ads,COGS,COGS,Sales,-709757.6394585889,2024-07
2024-07-01,2024,Actual,Northeast,Marketplace Ads,Sales & Marketing,Opex,Marketing,-344934.2893636484,2024-07
2024-07-01,2024,Actual,Northeast,Marketplace Ads,R&D,Opex,R&D,-186758.82963233275,2024-07
2024-07-01,2024,Actual,Northeast,Marketplace Ads,G&A,Opex,G&A,-189377.27792107395,2024-07
2024-07-01,2024,Actual,Northeast,Marketplace Ads,Support,Opex,Support,-117874.98609479745,2024-07
2024-07-01,2024,Budget,Northeast,Marketplace Ads,Revenue,Revenue,Sales,1871765.2799999998,2024-07
2024-07-01,2024,Budget,Northeast,Marketplace Ads,COGS,COGS,Sales,-783896.3231056011,2024-07
2024-07-01,2024,Budget,Northeast,Marketplace Ads,Sales & Marketing,Opex,Marketing,-347139.1861891851,2024-07
2024-07-01,2024,Budget,Northeast,Marketplace Ads,R&D,Opex,R&D,-208427.4555511255,2024-07
2024-07-01,2024,Budget,Northeast,Marketplace Ads,G&A,Opex,G&A,-199264.76892168794,2024-07
2024-07-01,2024,Budget,Northeast,Marketplace Ads,Support,Opex,Support,-109622.83644779382,2024-07
2024-07-01,2024,Actual,Southeast,Core,Revenue,Revenue,Sales,3023112.249795918,2024-07
2024-07-01,2024,Actual,Southeast,Core,COGS,COGS,Sales,-1221776.4812216545,2024-07
2024-07-01,2024,Actual,Southeast,Core,Sales & Marketing,Opex,Marketing,-532893.771450335,2024-07
2024-07-01,2024,Actual,Southeast,Core,R&D,Opex,R&D,-362995.3099009456,2024-07
2024-07-01,2024,Actual,Southeast,Core,G&A,Opex,G&A,-265266.38326440414,2024-07
2024-07-01,2024,Actual,Southeast,Core,Support,Opex,Support,-219528.54651077013,2024-07
2024-07-01,2024,Budget,Southeast,Core,Revenue,Revenue,Sales,2822503.1999999997,2024-07
2024-07-01,2024,Budget,Southeast,Core,COGS,COGS,Sales,-1211628.4731847986,2024-07
2024-07-01,2024,Budget,Southeast,Core,Sales & Marketing,Opex,Marketing,-576647.1742605678,2024-07
2024-07-01,2024,Budget,Southeast,Core,R&D,Opex,R&D,-357549.4053352868,2024-07
2024-07-01,2024,Budget,Southeast,Core,G&A,Opex,G&A,-251912.2416215704,2024-07
2024-07-01,2024,Budget,Southeast,Core,Support,Opex,Support,-207333.3665405924,2024-07
2024-07-01,2024,Actual,Southeast,Plus,Revenue,Revenue,Sales,3113686.186466786,2024-07
2024-07-01,2024,Actual,Southeast,Plus,COGS,COGS,Sales,-1299789.8877499436,2024-07
2024-07-01,2024,Actual,Southeast,Plus,Sales & Marketing,Opex,Marketing,-537361.1426220211,2024-07
2024-07-01,2024,Actual,Southeast,Plus,R&D,Opex,R&D,-423447.27016287955,2024-07
2024-07-01,2024,Actual,Southeast,Plus,G&A,Opex,G&A,-254148.2227714115,2024-07
2024-07-01,2024,Actual,Southeast,Plus,Support,Opex,Support,-174088.62242259667,2024-07
2024-07-01,2024,Budget,Southeast,Plus,Revenue,Revenue,Sales,3245878.6799999997,2024-07
2024-07-01,2024,Budget,Southeast,Plus,COGS,COGS,Sales,-1401871.1325924867,2024-07
2024-07-01,2024,Budget,Southeast,Plus,Sales & Marketing,Opex,Marketing,-634447.8395588079,2024-07
2024-07-01,2024,Budget,Southeast,Plus,R&D,Opex,R&D,-345310.8277700363,2024-07
2024-07-01,2024,Budget,Southeast,Plus,G&A,Opex,G&A,-300303.94181685126,2024-07
2024-07-01,2024,Budget,Southeast,Plus,Support,Opex,Support,-185905.74252520988,2024-07
2024-07-01,2024,Actual,Southeast,Enterprise,Revenue,Revenue,Sales,4093310.56655719,2024-07
2024-07-01,2024,Actual,Southeast,Enterprise,COGS,COGS,Sales,-1681057.5135265538,2024-07
2024-07-01,2024,Actual,Southeast,Enterprise,Sales & Marketing,Opex,Marketing,-727715.9759421073,2024-07
2024-07-01,2024,Actual,Southeast,Enterprise,R&D,Opex,R&D,-504021.1210792064,2024-07
2024-07-01,2024,Actual,Southeast,Enterprise,G&A,Opex,G&A,-339122.8075406513,2024-07
2024-07-01,2024,Actual,Southeast,Enterprise,Support,Opex,Support,-263594.6180651817,2024-07
2024-07-01,2024,Budget,Southeast,Enterprise,Revenue,Revenue,Sales,3810379.3199999994,2024-07
2024-07-01,2024,Budget,Southeast,Enterprise,COGS,COGS,Sales,-1459659.7451829358,2024-07
2024-07-01,2024,Budget,Southeast,Enterprise,Sales & Marketing,Opex,Marketing,-708946.492271758,2024-07
2024-07-01,2024,Budget,Southeast,Enterprise,R&D,Opex,R&D,-409795.5969521479,2024-07
2024-07-01,2024,Budget,Southeast,Enterprise,G&A,Opex,G&A,-404156.7717288134,2024-07
2024-07-01,2024,Budget,Southeast,Enterprise,Support,Opex,Support,-259590.36867774834,2024-07
2024-07-01,2024,Actual,Southeast,Marketplace Ads,Revenue,Revenue,Sales,1659524.5612997478,2024-07
2024-07-01,2024,Actual,Southeast,Marketplace Ads,COGS,COGS,Sales,-742767.8442343532,2024-07
2024-07-01,2024,Actual,Southeast,Marketplace Ads,Sales & Marketing,Opex,Marketing,-305294.84440592345,2024-07
2024-07-01,2024,Actual,Southeast,Marketplace Ads,R&D,Opex,R&D,-172490.6677220907,2024-07
2024-07-01,2024,Actual,Southeast,Marketplace Ads,G&A,Opex,G&A,-156857.53109065164,2024-07
2024-07-01,2024,Actual,Southeast,Marketplace Ads,Support,Opex,Support,-132274.90245948822,2024-07
2024-07-01,2024,Budget,Southeast,Marketplace Ads,Revenue,Revenue,Sales,1693501.9199999997,2024-07
2024-07-01,2024,Budget,Southeast,Marketplace Ads,COGS,COGS,Sales,-690310.8298214246,2024-07
2024-07-01,2024,Budget,Southeast,Marketplace Ads,Sales & Marketing,Opex,Marketing,-303030.6514813047,2024-07
2024-07-01,2024,Budget,Southeast,Marketplace Ads,R&D,Opex,R&D,-195904.48739810256,2024-07
2024-07-01,2024,Budget,Southeast,Marketplace Ads,G&A,Opex,G&A,-160959.55047911237,2024-07
2024-07-01,2024,Budget,Southeast,Marketplace Ads,Support,Opex,Support,-122382.56992247583,2024-07
2024-07-01,2024,Actual,Midwest,Core,Revenue,Revenue,Sales,2849588.3454780644,2024-07
2024-07-01,2024,Actual,Midwest,Core,COGS,COGS,Sales,-1240696.9385094799,2024-07
2024-07-01,2024,Actual,Midwest,Core,Sales & Marketing,Opex,Marketing,-464779.79144249327,2024-07
2024-07-01,2024,Actual,Midwest,Core,R&D,Opex,R&D,-371621.7822673866,2024-07
2024-07-01,2024,Actual,Midwest,Core,G&A,Opex,G&A,-257316.34852438635,2024-07
2024-07-01,2024,Actual,Midwest,Core,Support,Opex,Support,-165097.98718992717,2024-07
2024-07-01,2024,Budget,Midwest,Core,Revenue,Revenue,Sales,2673950.3999999994,2024-07
2024-07-01,2024,Budget,Midwest,Core,COGS,COGS,Sales,-1194878.2009993931,2024-07
2024-07-01,2024,Budget,Midwest,Core,Sales & Marketing,Opex,Marketing,-462280.53743484203,2024-07
2024-07-01,2024,Budget,Midwest,Core,R&D,Opex,R&D,-277606.1758562538,2024-07
2024-07-01,2024,Budget,Midwest,Core,G&A,Opex,G&A,-228638.74916333027,2024-07
2024-07-01,2024,Budget,Midwest,Core,Support,Opex,Support,-185923.14042535893,2024-07
2024-07-01,2024,Actual,Midwest,Plus,Revenue,Revenue,Sales,3017195.9611355467,2024-07
2024-07-01,2024,Actual,Midwest,Plus,COGS,COGS,Sales,-1200949.7795914388,2024-07
2024-07-01,2024,Actual,Midwest,Plus,Sales & Marketing,Opex,Marketing,-528639.3674459523,2024-07
2024-07-01,2024,Actual,Midwest,Plus,R&D,Opex,R&D,-401415.620249455,2024-07
2024-07-01,2024,Actual,Midwest,Plus,G&A,Opex,G&A,-325443.3208229675,2024-07
2024-07-01,2024,Actual,Midwest,Plus,Support,Opex,Support,-224845.98157398877,2024-07
2024-07-01,2024,Budget,Midwest,Plus,Revenue,Revenue,Sales,3075042.9599999995,2024-07
2024-07-01,2024,Budget,Midwest,Plus,COGS,COGS,Sales,-1191950.5577361023,2024-07
2024-07-01,2024,Budget,Midwest,Plus,Sales & Marketing,Opex,Marketing,-562345.0988186306,2024-07
2024-07-01,2024,Budget,Midwest,Plus,R&D,Opex,R&D,-366248.0356346345,2024-07
2024-07-01,2024,Budget,Midwest,Plus,G&A,Opex,G&A,-289341.2182801489,2024-07
2024-07-01,2024,Budget,Midwest,Plus,Support,Opex,Support,-233482.67199770082,2024-07
2024-07-01,2024,Actual,Midwest,Enterprise,Revenue,Revenue,Sales,3460889.323098271,2024-07
2024-07-01,2024,Actual,Midwest,Enterprise,COGS,COGS,Sales,-1362283.1640767849,2024-07
2024-07-01,2024,Actual,Midwest,Enterprise,Sales & Marketing,Opex,Marketing,-560456.4903615853,2024-07
2024-07-01,2024,Actual,Midwest,Enterprise,R&D,Opex,R&D,-390182.248730114,2024-07
2024-07-01,2024,Actual,Midwest,Enterprise,G&A,Opex,G&A,-335518.068294308,2024-07
2024-07-01,2024,Actual,Midwest,Enterprise,Support,Opex,Support,-261065.4646278274,2024-07
2024-07-01,2024,Budget,Midwest,Enterprise,Revenue,Revenue,Sales,3609833.0399999996,2024-07
2024-07-01,2024,Budget,Midwest,Enterprise,COGS,COGS,Sales,-1371988.4852909443,2024-07
2024-07-01,2024,Budget,Midwest,Enterprise,Sales & Marketing,Opex,Marketing,-600057.5848940599,2024-07
2024-07-01,2024,Budget,Midwest,Enterprise,R&D,Opex,R&D,-437818.74115138664,2024-07
2024-07-01,2024,Budget,Midwest,Enterprise,G&A,Opex,G&A,-322369.8342528096,2024-07
2024-07-01,2024,Budget,Midwest,Enterprise,Support,Opex,Support,-263690.13998107816,2024-07
2024-07-01,2024,Actual,Midwest,Marketplace Ads,Revenue,Revenue,Sales,1640810.7867485716,2024-07
2024-07-01,2024,Actual,Midwest,Marketplace Ads,COGS,COGS,Sales,-738051.0467220249,2024-07
2024-07-01,2024,Actual,Midwest,Marketplace Ads,Sales & Marketing,Opex,Marketing,-318051.54558364744,2024-07
2024-07-01,2024,Actual,Midwest,Marketplace Ads,R&D,Opex,R&D,-169169.30424847893,2024-07
2024-07-01,2024,Actual,Midwest,Marketplace Ads,G&A,Opex,G&A,-148382.0335668561,2024-07
2024-07-01,2024,Actual,Midwest,Marketplace Ads,Support,Opex,Support,-91048.98696068137,2024-07
2024-07-01,2024,Budget,Midwest,Marketplace Ads,Revenue,Revenue,Sales,1604370.2399999998,2024-07
2024-07-01,2024,Budget,Midwest,Marketplace Ads,COGS,COGS,Sales,-662242.5122589496,2024-07
2024-07-01,2024,Budget,Midwest,Marketplace Ads,Sales & Marketing,Opex,Marketing,-285028.23411332007,2024-07
2024-07-01,2024,Budget,Midwest,Marketplace Ads,R&D,Opex,R&D,-204928.66835140047,2024-07
2024-07-01,2024,Budget,Midwest,Marketplace Ads,G&A,Opex,G&A,-172243.1101168269,2024-07
2024-07-01,2024,Budget,Midwest,Marketplace Ads,Support,Opex,Support,-81506.43128188213,2024-07
2024-07-01,2024,Actual,Southwest,Core,Revenue,Revenue,Sales,2823299.8287821766,2024-07
2024-07-01,2024,Actual,Southwest,Core,COGS,COGS,Sales,-1157183.8692256147,2024-07
2024-07-01,2024,Actual,Southwest,Core,Sales & Marketing,Opex,Marketing,-507349.3494882871,2024-07
2024-07-01,2024,Actual,Southwest,Core,R&D,Opex,R&D,-371837.85285115364,2024-07
2024-07-01,2024,Actual,Southwest,Core,G&A,Opex,G&A,-302591.25607034354,2024-07
2024-07-01,2024,Actual,Southwest,Core,Support,Opex,Support,-180295.28057999417,2024-07
2024-07-01,2024,Budget,Southwest,Core,Revenue,Revenue,Sales,2971055.9999999995,2024-07
2024-07-01,2024,Budget,Southwest,Core,COGS,COGS,Sales,-1305342.8317809592,2024-07
2024-07-01,2024,Budget,Southwest,Core,Sales & Marketing,Opex,Marketing,-571779.6649262987,2024-07
2024-07-01,2024,Budget,Southwest,Core,R&D,Opex,R&D,-357885.3158746681,2024-07
2024-07-01,2024,Budget,Southwest,Core,G&A,Opex,G&A,-277429.6690081262,2024-07
2024-07-01,2024,Budget,Southwest,Core,Support,Opex,Support,-197752.24099325956,2024-07
2024-07-01,2024,Actual,Southwest,Plus,Revenue,Revenue,Sales,3093331.4463540665,2024-07
2024-07-01,2024,Actual,Southwest,Plus,COGS,COGS,Sales,-1387801.338798842,2024-07
2024-07-01,2024,Actual,Southwest,Plus,Sales & Marketing,Opex,Marketing,-586910.474577566,2024-07
2024-07-01,2024,Actual,Southwest,Plus,R&D,Opex,R&D,-316109.6238332629,2024-07
2024-07-01,2024,Actual,Southwest,Plus,G&A,Opex,G&A,-321043.147518017,2024-07
2024-07-01,2024,Actual,Southwest,Plus,Support,Opex,Support,-169402.62778323656,2024-07
2024-07-01,2024,Budget,Southwest,Plus,Revenue,Revenue,Sales,3416714.3999999994,2024-07
2024-07-01,2024,Budget,Southwest,Plus,COGS,COGS,Sales,-1325964.4936383092,2024-07
2024-07-01,2024,Budget,Southwest,Plus,Sales & Marketing,Opex,Marketing,-659629.2113276022,2024-07
2024-07-01,2024,Budget,Southwest,Plus,R&D,Opex,R&D,-383458.2193413593,2024-07
2024-07-01,2024,Budget,Southwest,Plus,G&A,Opex,G&A,-316723.1977519302,2024-07
2024-07-01,2024,Budget,Southwest,Plus,Support,Opex,Support,-217378.1008798748,2024-07
2024-07-01,2024,Actual,Southwest,Enterprise,Revenue,Revenue,Sales,3842416.2017127792,2024-07
2024-07-01,2024,Actual,Southwest,Enterprise,COGS,COGS,Sales,-1510781.7041545415,2024-07
2024-07-01,2024,Actual,Southwest,Enterprise,Sales & Marketing,Opex,Marketing,-662830.1198064147,2024-07
2024-07-01,2024,Actual,Southwest,Enterprise,R&D,Opex,R&D,-420539.10583809146,2024-07
2024-07-01,2024,Actual,Southwest,Enterprise,G&A,Opex,G&A,-376346.13873058895,2024-07
2024-07-01,2024,Actual,Southwest,Enterprise,Support,Opex,Support,-292349.3013607629,2024-07
2024-07-01,2024,Budget,Southwest,Enterprise,Revenue,Revenue,Sales,4010925.5999999996,2024-07
2024-07-01,2024,Budget,Southwest,Enterprise,COGS,COGS,Sales,-1542316.5015431428,2024-07
2024-07-01,2024,Budget,Southwest,Enterprise,Sales & Marketing,Opex,Marketing,-714989.9092964407,2024-07
2024-07-01,2024,Budget,Southwest,Enterprise,R&D,Opex,R&D,-443702.2366569579,2024-07
2024-07-01,2024,Budget,Southwest,Enterprise,G&A,Opex,G&A,-429591.6085097467,2024-07
2024-07-01,2024,Budget,Southwest,Enterprise,Support,Opex,Support,-265522.82831523276,2024-07
2024-07-01,2024,Actual,Southwest,Marketplace Ads,Revenue,Revenue,Sales,1659733.8158654303,2024-07
2024-07-01,2024,Actual,Southwest,Marketplace Ads,COGS,COGS,Sales,-653711.9219106766,2024-07
2024-07-01,2024,Actual,Southwest,Marketplace Ads,Sales & Marketing,Opex,Marketing,-299187.2678827333,2024-07
2024-07-01,2024,Actual,Southwest,Marketplace Ads,R&D,Opex,R&D,-200741.5256062789,2024-07
2024-07-01,2024,Actual,Southwest,Marketplace Ads,G&A,Opex,G&A,-161742.18474894998,2024-07
2024-07-01,2024,Actual,Southwest,Marketplace Ads,Support,Opex,Support,-121688.8426631243,2024-07
2024-07-01,2024,Budget,Southwest,Marketplace Ads,Revenue,Revenue,Sales,1782633.5999999999,2024-07
2024-07-01,2024,Budget,Southwest,Marketplace Ads,COGS,COGS,Sales,-735906.110565687,2024-07
2024-07-01,2024,Budget,Southwest,Marketplace Ads,Sales & Marketing,Opex,Marketing,-345225.9083164468,2024-07
2024-07-01,2024,Budget,Southwest,Marketplace Ads,R&D,Opex,R&D,-213162.61081147316,2024-07
2024-07-01,2024,Budget,Southwest,Marketplace Ads,G&A,Opex,G&A,-186246.89969223985,2024-07
2024-07-01,2024,Budget,Southwest,Marketplace Ads,Support,Opex,Support,-99537.2043811964,2024-07
2024-07-01,2024,Actual,West,Core,Revenue,Revenue,Sales,3241243.4936249754,2024-07
2024-07-01,2024,Actual,West,Core,COGS,COGS,Sales,-1248790.9379234323,2024-07
2024-07-01,2024,Actual,West,Core,Sales & Marketing,Opex,Marketing,-613055.2867855155,2024-07
2024-07-01,2024,Actual,West,Core,R&D,Opex,R&D,-429762.1416579235,2024-07
2024-07-01,2024,Actual,West,Core,G&A,Opex,G&A,-281592.5167354282,2024-07
2024-07-01,2024,Actual,West,Core,Support,Opex,Support,-221563.0838515572,2024-07
2024-07-01,2024,Budget,West,Core,Revenue,Revenue,Sales,3268161.5999999996,2024-07
2024-07-01,2024,Budget,West,Core,COGS,COGS,Sales,-1262803.2782244124,2024-07
2024-07-01,2024,Budget,West,Core,Sales & Marketing,Opex,Marketing,-647689.7402213597,2024-07
2024-07-01,2024,Budget,West,Core,R&D,Opex,R&D,-338927.69262508804,2024-07
2024-07-01,2024,Budget,West,Core,G&A,Opex,G&A,-268616.64038771077,2024-07
2024-07-01,2024,Budget,West,Core,Support,Opex,Support,-224938.67709184482,2024-07
2024-07-01,2024,Actual,West,Plus,Revenue,Revenue,Sales,3617170.0878100055,2024-07
2024-07-01,2024,Actual,West,Plus,COGS,COGS,Sales,-1592041.4011582104,2024-07
2024-07-01,2024,Actual,West,Plus,Sales & Marketing,Opex,Marketing,-579932.2349046319,2024-07
2024-07-01,2024,Actual,West,Plus,R&D,Opex,R&D,-369026.8304939412,2024-07
2024-07-01,2024,Actual,West,Plus,G&A,Opex,G&A,-385536.458385733,2024-07
2024-07-01,2024,Actual,West,Plus,Support,Opex,Support,-274752.1978867574,2024-07
2024-07-01,2024,Budget,West,Plus,Revenue,Revenue,Sales,3758385.8399999994,2024-07
2024-07-01,2024,Budget,West,Plus,COGS,COGS,Sales,-1619940.2841759645,2024-07
2024-07-01,2024,Budget,West,Plus,Sales & Marketing,Opex,Marketing,-817832.7444577941,2024-07
2024-07-01,2024,Budget,West,Plus,R&D,Opex,R&D,-418083.82631423394,2024-07
2024-07-01,2024,Budget,West,Plus,G&A,Opex,G&A,-348266.0992070793,2024-07
2024-07-01,2024,Budget,West,Plus,Support,Opex,Support,-281624.0428741829,2024-07
2024-07-01,2024,Actual,West,Enterprise,Revenue,Revenue,Sales,4518789.505342181,2024-07
2024-07-01,2024,Actual,West,Enterprise,COGS,COGS,Sales,-1932934.2581782888,2024-07
2024-07-01,2024,Actual,West,Enterprise,Sales & Marketing,Opex,Marketing,-838396.6395945926,2024-07
2024-07-01,2024,Actual,West,Enterprise,R&D,Opex,R&D,-479130.8639654246,2024-07
2024-07-01,2024,Actual,West,Enterprise,G&A,Opex,G&A,-485828.5964704347,2024-07
2024-07-01,2024,Actual,West,Enterprise,Support,Opex,Support,-297291.57028874604,2024-07
2024-07-01,2024,Budget,West,Enterprise,Revenue,Revenue,Sales,4412018.159999999,2024-07
2024-07-01,2024,Budget,West,Enterprise,COGS,COGS,Sales,-1888647.6141975117,2024-07
2024-07-01,2024,Budget,West,Enterprise,Sales & Marketing,Opex,Marketing,-962041.2930953825,2024-07
2024-07-01,2024,Budget,West,Enterprise,R&D,Opex,R&D,-505867.00499472686,2024-07
2024-07-01,2024,Budget,West,Enterprise,G&A,Opex,G&A,-388347.50340876903,2024-07
2024-07-01,2024,Budget,West,Enterprise,Support,Opex,Support,-262933.246609137,2024-07
2024-07-01,2024,Actual,West,Marketplace Ads,Revenue,Revenue,Sales,1939508.5795947148,2024-07
2024-07-01,2024,Actual,West,Marketplace Ads,COGS,COGS,Sales,-792921.2414577424,2024-07
2024-07-01,2024,Actual,West,Marketplace Ads,Sales & Marketing,Opex,Marketing,-355181.273724852,2024-07
2024-07-01,2024,Actual,West,Marketplace Ads,R&D,Opex,R&D,-201405.78782801153,2024-07
2024-07-01,2024,Actual,West,Marketplace Ads,G&A,Opex,G&A,-155908.32102752,2024-07
2024-07-01,2024,Actual,West,Marketplace Ads,Support,Opex,Support,-125210.39503670207,2024-07
2024-07-01,2024,Budget,West,Marketplace Ads,Revenue,Revenue,Sales,1960896.9599999997,2024-07
2024-07-01,2024,Budget,West,Marketplace Ads,COGS,COGS,Sales,-750972.1757353296,2024-07
2024-07-01,2024,Budget,West,Marketplace Ads,Sales & Marketing,Opex,Marketing,-375113.55994962185,2024-07
2024-07-01,2024,Budget,West,Marketplace Ads,R&D,Opex,R&D,-224828.88526232005,2024-07
2024-07-01,2024,Budget,West,Marketplace Ads,G&A,Opex,G&A,-184909.9490617772,2024-07
2024-07-01,2024,Budget,West,Marketplace Ads,Support,Opex,Support,-100420.33707852483,2024-07
2024-08-01,2024,Actual,Northeast,Core,Revenue,Revenue,Sales,2649376.850093967,2024-08
2024-08-01,2024,Actual,Northeast,Core,COGS,COGS,Sales,-1051336.5572168739,2024-08
2024-08-01,2024,Actual,Northeast,Core,Sales & Marketing,Opex,Marketing,-459048.7629491581,2024-08
2024-08-01,2024,Actual,Northeast,Core,R&D,Opex,R&D,-299852.8113193757,2024-08
2024-08-01,2024,Actual,Northeast,Core,G&A,Opex,G&A,-257924.72486578012,2024-08
2024-08-01,2024,Actual,Northeast,Core,Support,Opex,Support,-187785.8768543656,2024-08
2024-08-01,2024,Budget,Northeast,Core,Revenue,Revenue,Sales,2972299.1760000004,2024-08
2024-08-01,2024,Budget,Northeast,Core,COGS,COGS,Sales,-1165672.076749311,2024-08
2024-08-01,2024,Budget,Northeast,Core,Sales & Marketing,Opex,Marketing,-537268.9042472874,2024-08
2024-08-01,2024,Budget,Northeast,Core,R&D,Opex,R&D,-342986.1339672115,2024-08
2024-08-01,2024,Budget,Northeast,Core,G&A,Opex,G&A,-317944.6633060304,2024-08
2024-08-01,2024,Budget,Northeast,Core,Support,Opex,Support,-194055.57525660223,2024-08
2024-08-01,2024,Actual,Northeast,Plus,Revenue,Revenue,Sales,3052168.833713992,2024-08
2024-08-01,2024,Actual,Northeast,Plus,COGS,COGS,Sales,-1320353.9551720787,2024-08
2024-08-01,2024,Actual,Northeast,Plus,Sales & Marketing,Opex,Marketing,-576414.64711796,2024-08
2024-08-01,2024,Actual,Northeast,Plus,R&D,Opex,R&D,-418470.0823826268,2024-08
2024-08-01,2024,Actual,Northeast,Plus,G&A,Opex,G&A,-306423.96916472,2024-08
2024-08-01,2024,Actual,Northeast,Plus,Support,Opex,Support,-200928.77666420664,2024-08
2024-08-01,2024,Budget,Northeast,Plus,Revenue,Revenue,Sales,3418144.0524000004,2024-08
2024-08-01,2024,Budget,Northeast,Plus,COGS,COGS,Sales,-1298927.2239157772,2024-08
2024-08-01,2024,Budget,Northeast,Plus,Sales & Marketing,Opex,Marketing,-635844.5100021083,2024-08
2024-08-01,2024,Budget,Northeast,Plus,R&D,Opex,R&D,-426793.2853882875,2024-08
2024-08-01,2024,Budget,Northeast,Plus,G&A,Opex,G&A,-290012.541837111,2024-08
2024-08-01,2024,Budget,Northeast,Plus,Support,Opex,Support,-270619.95239645167,2024-08
2024-08-01,2024,Actual,Northeast,Enterprise,Revenue,Revenue,Sales,3869058.9846881535,2024-08
2024-08-01,2024,Actual,Northeast,Enterprise,COGS,COGS,Sales,-1661665.095856819,2024-08
2024-08-01,2024,Actual,Northeast,Enterprise,Sales & Marketing,Opex,Marketing,-751893.4845920939,2024-08
2024-08-01,2024,Actual,Northeast,Enterprise,R&D,Opex,R&D,-444485.12465622526,2024-08
2024-08-01,2024,Actual,Northeast,Enterprise,G&A,Opex,G&A,-355227.5493524369,2024-08
2024-08-01,2024,Actual,Northeast,Enterprise,Support,Opex,Support,-212025.1816956973,2024-08
2024-08-01,2024,Budget,Northeast,Enterprise,Revenue,Revenue,Sales,4012603.8876000005,2024-08
2024-08-01,2024,Budget,Northeast,Enterprise,COGS,COGS,Sales,-1769565.781571267,2024-08
2024-08-01,2024,Budget,Northeast,Enterprise,Sales & Marketing,Opex,Marketing,-850723.1302978079,2024-08
2024-08-01,2024,Budget,Northeast,Enterprise,R&D,Opex,R&D,-475522.01257835835,2024-08
2024-08-01,2024,Budget,Northeast,Enterprise,G&A,Opex,G&A,-380037.6166233311,2024-08
2024-08-01,2024,Budget,Northeast,Enterprise,Support,Opex,Support,-209772.60566327817,2024-08
2024-08-01,2024,Actual,Northeast,Marketplace Ads,Revenue,Revenue,Sales,1684176.706671174,2024-08
2024-08-01,2024,Actual,Northeast,Marketplace Ads,COGS,COGS,Sales,-685158.4370760137,2024-08
2024-08-01,2024,Actual,Northeast,Marketplace Ads,Sales & Marketing,Opex,Marketing,-319374.86853891506,2024-08
2024-08-01,2024,Actual,Northeast,Marketplace Ads,R&D,Opex,R&D,-177295.4739187726,2024-08
2024-08-01,2024,Actual,Northeast,Marketplace Ads,G&A,Opex,G&A,-150482.21390682526,2024-08
2024-08-01,2024,Actual,Northeast,Marketplace Ads,Support,Opex,Support,-107565.82268563607,2024-08
2024-08-01,2024,Budget,Northeast,Marketplace Ads,Revenue,Revenue,Sales,1783379.5056,2024-08
2024-08-01,2024,Budget,Northeast,Marketplace Ads,COGS,COGS,Sales,-772434.7438687392,2024-08
2024-08-01,2024,Budget,Northeast,Marketplace Ads,Sales & Marketing,Opex,Marketing,-389108.18777074956,2024-08
2024-08-01,2024,Budget,Northeast,Marketplace Ads,R&D,Opex,R&D,-186236.0446236334,2024-08
2024-08-01,2024,Budget,Northeast,Marketplace Ads,G&A,Opex,G&A,-153487.59494197211,2024-08
2024-08-01,2024,Budget,Northeast,Marketplace Ads,Support,Opex,Support,-115975.4007329893,2024-08
2024-08-01,2024,Actual,Southeast,Core,Revenue,Revenue,Sales,2719290.9449545573,2024-08
2024-08-01,2024,Actual,Southeast,Core,COGS,COGS,Sales,-1067485.968978894,2024-08
2024-08-01,2024,Actual,Southeast,Core,Sales & Marketing,Opex,Marketing,-469997.78499932453,2024-08
2024-08-01,2024,Actual,Southeast,Core,R&D,Opex,R&D,-313112.25938325125,2024-08
2024-08-01,2024,Actual,Southeast,Core,G&A,Opex,G&A,-258678.1096498831,2024-08
2024-08-01,2024,Actual,Southeast,Core,Support,Opex,Support,-137298.45116640322,2024-08
2024-08-01,2024,Budget,Southeast,Core,Revenue,Revenue,Sales,2689223.0640000002,2024-08
2024-08-01,2024,Budget,Southeast,Core,COGS,COGS,Sales,-1085421.0917771892,2024-08
2024-08-01,2024,Budget,Southeast,Core,Sales & Marketing,Opex,Marketing,-442946.5102396196,2024-08
2024-08-01,2024,Budget,Southeast,Core,R&D,Opex,R&D,-342312.2266552495,2024-08
2024-08-01,2024,Budget,Southeast,Core,G&A,Opex,G&A,-287293.74879036675,2024-08
2024-08-01,2024,Budget,Southeast,Core,Support,Opex,Support,-153277.50631307505,2024-08
2024-08-01,2024,Actual,Southeast,Plus,Revenue,Revenue,Sales,3028270.720572748,2024-08
2024-08-01,2024,Actual,Southeast,Plus,COGS,COGS,Sales,-1225232.3425100893,2024-08
2024-08-01,2024,Actual,Southeast,Plus,Sales & Marketing,Opex,Marketing,-627682.5153543875,2024-08
2024-08-01,2024,Actual,Southeast,Plus,R&D,Opex,R&D,-332121.28701462515,2024-08
2024-08-01,2024,Actual,Southeast,Plus,G&A,Opex,G&A,-273265.7050571863,2024-08
2024-08-01,2024,Actual,Southeast,Plus,Support,Opex,Support,-212073.371111037,2024-08
2024-08-01,2024,Budget,Southeast,Plus,Revenue,Revenue,Sales,3092606.5236000004,2024-08
2024-08-01,2024,Budget,Southeast,Plus,COGS,COGS,Sales,-1182912.200140963,2024-08
2024-08-01,2024,Budget,Southeast,Plus,Sales & Marketing,Opex,Marketing,-627445.2573375684,2024-08
2024-08-01,2024,Budget,Southeast,Plus,R&D,Opex,R&D,-397521.9697059302,2024-08
2024-08-01,2024,Budget,Southeast,Plus,G&A,Opex,G&A,-284468.1428072849,2024-08
2024-08-01,2024,Budget,Southeast,Plus,Support,Opex,Support,-217729.711206208,2024-08
2024-08-01,2024,Actual,Southeast,Enterprise,Revenue,Revenue,Sales,3529384.7746801623,2024-08
2024-08-01,2024,Actual,Southeast,Enterprise,COGS,COGS,Sales,-1458372.3067165038,2024-08
2024-08-01,2024,Actual,Southeast,Enterprise,Sales & Marketing,Opex,Marketing,-711669.7202636686,2024-08
2024-08-01,2024,Actual,Southeast,Enterprise,R&D,Opex,R&D,-491000.788432179,2024-08
2024-08-01,2024,Actual,Southeast,Enterprise,G&A,Opex,G&A,-328214.75200666644,2024-08
2024-08-01,2024,Actual,Southeast,Enterprise,Support,Opex,Support,-188520.9329291135,2024-08
2024-08-01,2024,Budget,Southeast,Enterprise,Revenue,Revenue,Sales,3630451.1364,2024-08
2024-08-01,2024,Budget,Southeast,Enterprise,COGS,COGS,Sales,-1397082.3244432725,2024-08
2024-08-01,2024,Budget,Southeast,Enterprise,Sales & Marketing,Opex,Marketing,-615935.4989763697,2024-08
2024-08-01,2024,Budget,Southeast,Enterprise,R&D,Opex,R&D,-470275.67893199297,2024-08
2024-08-01,2024,Budget,Southeast,Enterprise,G&A,Opex,G&A,-305347.2935494764,2024-08
2024-08-01,2024,Budget,Southeast,Enterprise,Support,Opex,Support,-207072.03664551637,2024-08
2024-08-01,2024,Actual,Southeast,Marketplace Ads,Revenue,Revenue,Sales,1467893.7787610292,2024-08
2024-08-01,2024,Actual,Southeast,Marketplace Ads,COGS,COGS,Sales,-646454.0443543858,2024-08
2024-08-01,2024,Actual,Southeast,Marketplace Ads,Sales & Marketing,Opex,Marketing,-322094.07506476017,2024-08
2024-08-01,2024,Actual,Southeast,Marketplace Ads,R&D,Opex,R&D,-154644.69796830718,2024-08
2024-08-01,2024,Actual,Southeast,Marketplace Ads,G&A,Opex,G&A,-128911.82348903523,2024-08
2024-08-01,2024,Actual,Southeast,Marketplace Ads,Support,Opex,Support,-75173.93021902117,2024-08
2024-08-01,2024,Budget,Southeast,Marketplace Ads,Revenue,Revenue,Sales,1613533.8384000002,2024-08
2024-08-01,2024,Budget,Southeast,Marketplace Ads,COGS,COGS,Sales,-655134.8908309685,2024-08
2024-08-01,2024,Budget,Southeast,Marketplace Ads,Sales & Marketing,Opex,Marketing,-290605.80101905006,2024-08
2024-08-01,2024,Budget,Southeast,Marketplace Ads,R&D,Opex,R&D,-185101.54435091728,2024-08
2024-08-01,2024,Budget,Southeast,Marketplace Ads,G&A,Opex,G&A,-145030.77714541898,2024-08
2024-08-01,2024,Budget,Southeast,Marketplace Ads,Support,Opex,Support,-117089.81133654442,2024-08
2024-08-01,2024,Actual,Midwest,Core,Revenue,Revenue,Sales,2753332.6673107184,2024-08
2024-08-01,2024,Actual,Midwest,Core,COGS,COGS,Sales,-1050275.940193508,2024-08
2024-08-01,2024,Actual,Midwest,Core,Sales & Marketing,Opex,Marketing,-475343.496055726,2024-08
2024-08-01,2024,Actual,Midwest,Core,R&D,Opex,R&D,-350904.9566026821,2024-08
2024-08-01,2024,Actual,Midwest,Core,G&A,Opex,G&A,-284819.58556123107,2024-08
2024-08-01,2024,Actual,Midwest,Core,Support,Opex,Support,-171495.67656131406,2024-08
2024-08-01,2024,Budget,Midwest,Core,Revenue,Revenue,Sales,2547685.0080000004,2024-08
2024-08-01,2024,Budget,Midwest,Core,COGS,COGS,Sales,-1105585.698074329,2024-08
2024-08-01,2024,Budget,Midwest,Core,Sales & Marketing,Opex,Marketing,-431018.75822764554,2024-08
2024-08-01,2024,Budget,Midwest,Core,R&D,Opex,R&D,-337051.8811030767,2024-08
2024-08-01,2024,Budget,Midwest,Core,G&A,Opex,G&A,-252660.04139857285,2024-08
2024-08-01,2024,Budget,Midwest,Core,Support,Opex,Support,-141722.86361609312,2024-08
2024-08-01,2024,Actual,Midwest,Plus,Revenue,Revenue,Sales,2639018.3263234617,2024-08
2024-08-01,2024,Actual,Midwest,Plus,COGS,COGS,Sales,-1064768.134561544,2024-08
2024-08-01,2024,Actual,Midwest,Plus,Sales & Marketing,Opex,Marketing,-495326.99993966345,2024-08
2024-08-01,2024,Actual,Midwest,Plus,R&D,Opex,R&D,-303448.32183176716,2024-08
2024-08-01,2024,Actual,Midwest,Plus,G&A,Opex,G&A,-216975.7102999805,2024-08
2024-08-01,2024,Actual,Midwest,Plus,Support,Opex,Support,-157602.46742366313,2024-08
2024-08-01,2024,Budget,Midwest,Plus,Revenue,Revenue,Sales,2929837.7592,2024-08
2024-08-01,2024,Budget,Midwest,Plus,COGS,COGS,Sales,-1228133.8433681887,2024-08
2024-08-01,2024,Budget,Midwest,Plus,Sales & Marketing,Opex,Marketing,-597169.503592604,2024-08
2024-08-01,2024,Budget,Midwest,Plus,R&D,Opex,R&D,-303373.7266723613,2024-08
2024-08-01,2024,Budget,Midwest,Plus,G&A,Opex,G&A,-321844.7855105762,2024-08
2024-08-01,2024,Budget,Midwest,Plus,Support,Opex,Support,-222132.4151014926,2024-08
2024-08-01,2024,Actual,Midwest,Enterprise,Revenue,Revenue,Sales,3541578.283661586,2024-08
2024-08-01,2024,Actual,Midwest,Enterprise,COGS,COGS,Sales,-1529450.8104839397,2024-08
2024-08-01,2024,Actual,Midwest,Enterprise,Sales & Marketing,Opex,Marketing,-590728.7660967855,2024-08
2024-08-01,2024,Actual,Midwest,Enterprise,R&D,Opex,R&D,-469116.47132866184,2024-08
2024-08-01,2024,Actual,Midwest,Enterprise,G&A,Opex,G&A,-330681.1172921708,2024-08
2024-08-01,2024,Actual,Midwest,Enterprise,Support,Opex,Support,-278971.2883243841,2024-08
2024-08-01,2024,Budget,Midwest,Enterprise,Revenue,Revenue,Sales,3439374.7608000003,2024-08
2024-08-01,2024,Budget,Midwest,Enterprise,COGS,COGS,Sales,-1388769.5218913476,2024-08
2024-08-01,2024,Budget,Midwest,Enterprise,Sales & Marketing,Opex,Marketing,-578172.3009162497,2024-08
2024-08-01,2024,Budget,Midwest,Enterprise,R&D,Opex,R&D,-449101.9618281083,2024-08
2024-08-01,2024,Budget,Midwest,Enterprise,G&A,Opex,G&A,-293974.0600515235,2024-08
2024-08-01,2024,Budget,Midwest,Enterprise,Support,Opex,Support,-253335.02981840365,2024-08
2024-08-01,2024,Actual,Midwest,Marketplace Ads,Revenue,Revenue,Sales,1551534.9048186147,2024-08
2024-08-01,2024,Actual,Midwest,Marketplace Ads,COGS,COGS,Sales,-670928.0815060815,2024-08
2024-08-01,2024,Actual,Midwest,Marketplace Ads,Sales & Marketing,Opex,Marketing,-269804.03548791696,2024-08
2024-08-01,2024,Actual,Midwest,Marketplace Ads,R&D,Opex,R&D,-156989.43666059079,2024-08
2024-08-01,2024,Actual,Midwest,Marketplace Ads,G&A,Opex,G&A,-133685.02732478583,2024-08
2024-08-01,2024,Actual,Midwest,Marketplace Ads,Support,Opex,Support,-102989.31728585494,2024-08
2024-08-01,2024,Budget,Midwest,Marketplace Ads,Revenue,Revenue,Sales,1528611.0048,2024-08
2024-08-01,2024,Budget,Midwest,Marketplace Ads,COGS,COGS,Sales,-643148.1891625901,2024-08
2024-08-01,2024,Budget,Midwest,Marketplace Ads,Sales & Marketing,Opex,Marketing,-286367.4849006432,2024-08
2024-08-01,2024,Budget,Midwest,Marketplace Ads,R&D,Opex,R&D,-165375.4443211864,2024-08
2024-08-01,2024,Budget,Midwest,Marketplace Ads,G&A,Opex,G&A,-162547.2683312187,2024-08
2024-08-01,2024,Budget,Midwest,Marketplace Ads,Support,Opex,Support,-114444.02212095066,2024-08
2024-08-01,2024,Actual,Southwest,Core,Revenue,Revenue,Sales,2703019.583901368,2024-08
2024-08-01,2024,Actual,Southwest,Core,COGS,COGS,Sales,-1038888.1718560061,2024-08
2024-08-01,2024,Actual,Southwest,Core,Sales & Marketing,Opex,Marketing,-527249.7702238042,2024-08
2024-08-01,2024,Actual,Southwest,Core,R&D,Opex,R&D,-372110.1446827633,2024-08
2024-08-01,2024,Actual,Southwest,Core,G&A,Opex,G&A,-257728.5617855363,2024-08
2024-08-01,2024,Actual,Southwest,Core,Support,Opex,Support,-137750.23941998256,2024-08
2024-08-01,2024,Budget,Southwest,Core,Revenue,Revenue,Sales,2830761.12,2024-08
2024-08-01,2024,Budget,Southwest,Core,COGS,COGS,Sales,-1220914.0096462942,2024-08
2024-08-01,2024,Budget,Southwest,Core,Sales & Marketing,Opex,Marketing,-494922.0062648726,2024-08
2024-08-01,2024,Budget,Southwest,Core,R&D,Opex,R&D,-294359.4188426547,2024-08
2024-08-01,2024,Budget,Southwest,Core,G&A,Opex,G&A,-288979.7955124251,2024-08
2024-08-01,2024,Budget,Southwest,Core,Support,Opex,Support,-217726.5346576256,2024-08
2024-08-01,2024,Actual,Southwest,Plus,Revenue,Revenue,Sales,3169044.279455307,2024-08
2024-08-01,2024,Actual,Southwest,Plus,COGS,COGS,Sales,-1408848.5048337337,2024-08
2024-08-01,2024,Actual,Southwest,Plus,Sales & Marketing,Opex,Marketing,-636807.5578765258,2024-08
2024-08-01,2024,Actual,Southwest,Plus,R&D,Opex,R&D,-359178.58465404133,2024-08
2024-08-01,2024,Actual,Southwest,Plus,G&A,Opex,G&A,-333263.30380605813,2024-08
2024-08-01,2024,Actual,Southwest,Plus,Support,Opex,Support,-251901.92294293642,2024-08
2024-08-01,2024,Budget,Southwest,Plus,Revenue,Revenue,Sales,3255375.2880000006,2024-08
2024-08-01,2024,Budget,Southwest,Plus,COGS,COGS,Sales,-1370225.0082642934,2024-08
2024-08-01,2024,Budget,Southwest,Plus,Sales & Marketing,Opex,Marketing,-604508.44877734,2024-08
2024-08-01,2024,Budget,Southwest,Plus,R&D,Opex,R&D,-364313.7116268594,2024-08
2024-08-01,2024,Budget,Southwest,Plus,G&A,Opex,G&A,-322913.5523943119,2024-08
2024-08-01,2024,Budget,Southwest,Plus,Support,Opex,Support,-237025.70918440216,2024-08
2024-08-01,2024,Actual,Southwest,Enterprise,Revenue,Revenue,Sales,3812499.062139179,2024-08
2024-08-01,2024,Actual,Southwest,Enterprise,COGS,COGS,Sales,-1600480.2734307167,2024-08
2024-08-01,2024,Actual,Southwest,Enterprise,Sales & Marketing,Opex,Marketing,-714779.5364764899,2024-08
2024-08-01,2024,Actual,Southwest,Enterprise,R&D,Opex,R&D,-416733.2062345901,2024-08
2024-08-01,2024,Actual,Southwest,Enterprise,G&A,Opex,G&A,-312280.0183316165,2024-08
2024-08-01,2024,Actual,Southwest,Enterprise,Support,Opex,Support,-280754.105079823,2024-08
2024-08-01,2024,Budget,Southwest,Enterprise,Revenue,Revenue,Sales,3821527.512,2024-08
2024-08-01,2024,Budget,Southwest,Enterprise,COGS,COGS,Sales,-1550318.4958483097,2024-08
2024-08-01,2024,Budget,Southwest,Enterprise,Sales & Marketing,Opex,Marketing,-727980.9644238941,2024-08
2024-08-01,2024,Budget,Southwest,Enterprise,R&D,Opex,R&D,-505186.67348578473,2024-08
2024-08-01,2024,Budget,Southwest,Enterprise,G&A,Opex,G&A,-411004.4633866244,2024-08
2024-08-01,2024,Budget,Southwest,Enterprise,Support,Opex,Support,-206714.4759249143,2024-08
2024-08-01,2024,Actual,Southwest,Marketplace Ads,Revenue,Revenue,Sales,1624955.6611169507,2024-08
2024-08-01,2024,Actual,Southwest,Marketplace Ads,COGS,COGS,Sales,-652461.6214092561,2024-08
2024-08-01,2024,Actual,Southwest,Marketplace Ads,Sales & Marketing,Opex,Marketing,-281017.54753853887,2024-08
2024-08-01,2024,Actual,Southwest,Marketplace Ads,R&D,Opex,R&D,-164852.28566654655,2024-08
2024-08-01,2024,Actual,Southwest,Marketplace Ads,G&A,Opex,G&A,-138874.2427122424,2024-08
2024-08-01,2024,Actual,Southwest,Marketplace Ads,Support,Opex,Support,-118178.33187220036,2024-08
2024-08-01,2024,Budget,Southwest,Marketplace Ads,Revenue,Revenue,Sales,1698456.672,2024-08
2024-08-01,2024,Budget,Southwest,Marketplace Ads,COGS,COGS,Sales,-683314.0642367142,2024-08
2024-08-01,2024,Budget,Southwest,Marketplace Ads,Sales & Marketing,Opex,Marketing,-334138.1741775283,2024-08
2024-08-01,2024,Budget,Southwest,Marketplace Ads,R&D,Opex,R&D,-184970.4207513748,2024-08
2024-08-01,2024,Budget,Southwest,Marketplace Ads,G&A,Opex,G&A,-147070.16039737902,2024-08
2024-08-01,2024,Budget,Southwest,Marketplace Ads,Support,Opex,Support,-85594.61952949557,2024-08
2024-08-01,2024,Actual,West,Core,Revenue,Revenue,Sales,3055191.736161647,2024-08
2024-08-01,2024,Actual,West,Core,COGS,COGS,Sales,-1182708.2705780612,2024-08
2024-08-01,2024,Actual,West,Core,Sales & Marketing,Opex,Marketing,-603480.2451604224,2024-08
2024-08-01,2024,Actual,West,Core,R&D,Opex,R&D,-421175.04933928576,2024-08
2024-08-01,2024,Actual,West,Core,G&A,Opex,G&A,-332609.6426621803,2024-08
2024-08-01,2024,Actual,West,Core,Support,Opex,Support,-168943.85159903867,2024-08
2024-08-01,2024,Budget,West,Core,Revenue,Revenue,Sales,3113837.2320000003,2024-08
2024-08-01,2024,Budget,West,Core,COGS,COGS,Sales,-1235546.155068173,2024-08
2024-08-01,2024,Budget,West,Core,Sales & Marketing,Opex,Marketing,-660976.4069539749,2024-08
2024-08-01,2024,Budget,West,Core,R&D,Opex,R&D,-319941.75969294726,2024-08
2024-08-01,2024,Budget,West,Core,G&A,Opex,G&A,-290567.6015698591,2024-08
2024-08-01,2024,Budget,West,Core,Support,Opex,Support,-210508.24070481735,2024-08
2024-08-01,2024,Actual,West,Plus,Revenue,Revenue,Sales,3546467.51932367,2024-08
2024-08-01,2024,Actual,West,Plus,COGS,COGS,Sales,-1578753.9084084781,2024-08
2024-08-01,2024,Actual,West,Plus,Sales & Marketing,Opex,Marketing,-732142.8876108149,2024-08
2024-08-01,2024,Actual,West,Plus,R&D,Opex,R&D,-383376.0448079102,2024-08
2024-08-01,2024,Actual,West,Plus,G&A,Opex,G&A,-380561.6107582733,2024-08
2024-08-01,2024,Actual,West,Plus,Support,Opex,Support,-276409.2522168346,2024-08
2024-08-01,2024,Budget,West,Plus,Revenue,Revenue,Sales,3580912.8168000006,2024-08
2024-08-01,2024,Budget,West,Plus,COGS,COGS,Sales,-1605834.4075257063,2024-08
2024-08-01,2024,Budget,West,Plus,Sales & Marketing,Opex,Marketing,-784061.659411327,2024-08
2024-08-01,2024,Budget,West,Plus,R&D,Opex,R&D,-491730.1067411408,2024-08
2024-08-01,2024,Budget,West,Plus,G&A,Opex,G&A,-319377.56474785117,2024-08
2024-08-01,2024,Budget,West,Plus,Support,Opex,Support,-229228.11362604404,2024-08
2024-08-01,2024,Actual,West,Enterprise,Revenue,Revenue,Sales,4115040.3815637627,2024-08
2024-08-01,2024,Actual,West,Enterprise,COGS,COGS,Sales,-1755503.5841860606,2024-08
2024-08-01,2024,Actual,West,Enterprise,Sales & Marketing,Opex,Marketing,-814060.4909361504,2024-08
2024-08-01,2024,Actual,West,Enterprise,R&D,Opex,R&D,-466660.079191461,2024-08
2024-08-01,2024,Actual,West,Enterprise,G&A,Opex,G&A,-400453.520832811,2024-08
2024-08-01,2024,Actual,West,Enterprise,Support,Opex,Support,-257772.36836615403,2024-08
2024-08-01,2024,Budget,West,Enterprise,Revenue,Revenue,Sales,4203680.2632,2024-08
2024-08-01,2024,Budget,West,Enterprise,COGS,COGS,Sales,-1815932.615618557,2024-08
2024-08-01,2024,Budget,West,Enterprise,Sales & Marketing,Opex,Marketing,-899682.0631623969,2024-08
2024-08-01,2024,Budget,West,Enterprise,R&D,Opex,R&D,-504920.11992043705,2024-08
2024-08-01,2024,Budget,West,Enterprise,G&A,Opex,G&A,-428271.16338956665,2024-08
2024-08-01,2024,Budget,West,Enterprise,Support,Opex,Support,-227314.32030340884,2024-08
2024-08-01,2024,Actual,West,Marketplace Ads,Revenue,Revenue,Sales,1766391.110513951,2024-08
2024-08-01,2024,Actual,West,Marketplace Ads,COGS,COGS,Sales,-671365.2501564944,2024-08
2024-08-01,2024,Actual,West,Marketplace Ads,Sales & Marketing,Opex,Marketing,-290869.8617087718,2024-08
2024-08-01,2024,Actual,West,Marketplace Ads,R&D,Opex,R&D,-182628.57706744102,2024-08
2024-08-01,2024,Actual,West,Marketplace Ads,G&A,Opex,G&A,-179744.06399729033,2024-08
2024-08-01,2024,Actual,West,Marketplace Ads,Support,Opex,Support,-138687.82628287937,2024-08
2024-08-01,2024,Budget,West,Marketplace Ads,Revenue,Revenue,Sales,1868302.3392000003,2024-08
2024-08-01,2024,Budget,West,Marketplace Ads,COGS,COGS,Sales,-803140.3979034098,2024-08
2024-08-01,2024,Budget,West,Marketplace Ads,Sales & Marketing,Opex,Marketing,-407246.43899396923,2024-08
2024-08-01,2024,Budget,West,Marketplace Ads,R&D,Opex,R&D,-206516.49211597774,2024-08
2024-08-01,2024,Budget,West,Marketplace Ads,G&A,Opex,G&A,-162744.51824171218,2024-08
2024-08-01,2024,Budget,West,Marketplace Ads,Support,Opex,Support,-121010.85646604028,2024-08
2024-09-01,2024,Actual,Northeast,Core,Revenue,Revenue,Sales,2721824.6923433305,2024-09
2024-09-01,2024,Actual,Northeast,Core,COGS,COGS,Sales,-1212105.298211624,2024-09
2024-09-01,2024,Actual,Northeast,Core,Sales & Marketing,Opex,Marketing,-461537.5470506023,2024-09
2024-09-01,2024,Actual,Northeast,Core,R&D,Opex,R&D,-283479.59058778355,2024-09
2024-09-01,2024,Actual,Northeast,Core,G&A,Opex,G&A,-248164.299983938,2024-09
2024-09-01,2024,Actual,Northeast,Core,Support,Opex,Support,-195332.55718635782,2024-09
2024-09-01,2024,Budget,Northeast,Core,Revenue,Revenue,Sales,2871417.657996027,2024-09
2024-09-01,2024,Budget,Northeast,Core,COGS,COGS,Sales,-1263496.619950511,2024-09
2024-09-01,2024,Budget,Northeast,Core,Sales & Marketing,Opex,Marketing,-570690.6533829758,2024-09
2024-09-01,2024,Budget,Northeast,Core,R&D,Opex,R&D,-401919.36030035425,2024-09
2024-09-01,2024,Budget,Northeast,Core,G&A,Opex,G&A,-310651.8739029311,2024-09
2024-09-01,2024,Budget,Northeast,Core,Support,Opex,Support,-164631.6616928016,2024-09
2024-09-01,2024,Actual,Northeast,Plus,Revenue,Revenue,Sales,3215130.1509319167,2024-09
2024-09-01,2024,Actual,Northeast,Plus,COGS,COGS,Sales,-1221773.7237176104,2024-09
2024-09-01,2024,Actual,Northeast,Plus,Sales & Marketing,Opex,Marketing,-578133.4344936842,2024-09
2024-09-01,2024,Actual,Northeast,Plus,R&D,Opex,R&D,-325747.5386679255,2024-09
2024-09-01,2024,Actual,Northeast,Plus,G&A,Opex,G&A,-333951.9217136971,2024-09
2024-09-01,2024,Actual,Northeast,Plus,Support,Opex,Support,-238688.03812666732,2024-09
2024-09-01,2024,Budget,Northeast,Plus,Revenue,Revenue,Sales,3302130.306695431,2024-09
2024-09-01,2024,Budget,Northeast,Plus,COGS,COGS,Sales,-1418428.7811438267,2024-09
2024-09-01,2024,Budget,Northeast,Plus,Sales & Marketing,Opex,Marketing,-582960.0541631362,2024-09
2024-09-01,2024,Budget,Northeast,Plus,R&D,Opex,R&D,-452305.79818488925,2024-09
2024-09-01,2024,Budget,Northeast,Plus,G&A,Opex,G&A,-356145.33836736187,2024-09
2024-09-01,2024,Budget,Northeast,Plus,Support,Opex,Support,-170920.89733091145,2024-09
2024-09-01,2024,Actual,Northeast,Enterprise,Revenue,Revenue,Sales,3864602.9833079632,2024-09
2024-09-01,2024,Actual,Northeast,Enterprise,COGS,COGS,Sales,-1556329.72606384,2024-09
2024-09-01,2024,Actual,Northeast,Enterprise,Sales & Marketing,Opex,Marketing,-783612.450771613,2024-09
2024-09-01,2024,Actual,Northeast,Enterprise,R&D,Opex,R&D,-424183.7755401494,2024-09
2024-09-01,2024,Actual,Northeast,Enterprise,G&A,Opex,G&A,-372754.98790496436,2024-09
2024-09-01,2024,Actual,Northeast,Enterprise,Support,Opex,Support,-231099.77377693728,2024-09
2024-09-01,2024,Budget,Northeast,Enterprise,Revenue,Revenue,Sales,3876413.8382946365,2024-09
2024-09-01,2024,Budget,Northeast,Enterprise,COGS,COGS,Sales,-1512184.8141545106,2024-09
2024-09-01,2024,Budget,Northeast,Enterprise,Sales & Marketing,Opex,Marketing,-688219.6312390369,2024-09
2024-09-01,2024,Budget,Northeast,Enterprise,R&D,Opex,R&D,-405685.9751529345,2024-09
2024-09-01,2024,Budget,Northeast,Enterprise,G&A,Opex,G&A,-421042.18127505534,2024-09
2024-09-01,2024,Budget,Northeast,Enterprise,Support,Opex,Support,-226600.20065213836,2024-09
2024-09-01,2024,Actual,Northeast,Marketplace Ads,Revenue,Revenue,Sales,1679488.204407439,2024-09
2024-09-01,2024,Actual,Northeast,Marketplace Ads,COGS,COGS,Sales,-728242.878743581,2024-09
2024-09-01,2024,Actual,Northeast,Marketplace Ads,Sales & Marketing,Opex,Marketing,-353588.1176488833,2024-09
2024-09-01,2024,Actual,Northeast,Marketplace Ads,R&D,Opex,R&D,-228706.64930504444,2024-09
2024-09-01,2024,Actual,Northeast,Marketplace Ads,G&A,Opex,G&A,-148898.9209052459,2024-09
2024-09-01,2024,Actual,Northeast,Marketplace Ads,Support,Opex,Support,-99338.60734749008,2024-09
2024-09-01,2024,Budget,Northeast,Marketplace Ads,Revenue,Revenue,Sales,1722850.5947976164,2024-09
2024-09-01,2024,Budget,Northeast,Marketplace Ads,COGS,COGS,Sales,-716261.7479067575,2024-09
2024-09-01,2024,Budget,Northeast,Marketplace Ads,Sales & Marketing,Opex,Marketing,-310349.525084959,2024-09
2024-09-01,2024,Budget,Northeast,Marketplace Ads,R&D,Opex,R&D,-238590.44633057382,2024-09
2024-09-01,2024,Budget,Northeast,Marketplace Ads,G&A,Opex,G&A,-156420.08910027405,2024-09
2024-09-01,2024,Budget,Northeast,Marketplace Ads,Support,Opex,Support,-125463.0582583879,2024-09
2024-09-01,2024,Actual,Southeast,Core,Revenue,Revenue,Sales,2388749.000901717,2024-09
2024-09-01,2024,Actual,Southeast,Core,COGS,COGS,Sales,-951358.3436755193,2024-09
2024-09-01,2024,Actual,Southeast,Core,Sales & Marketing,Opex,Marketing,-440483.5682265381,2024-09
2024-09-01,2024,Actual,Southeast,Core,R&D,Opex,R&D,-326437.6836659815,2024-09
2024-09-01,2024,Actual,Southeast,Core,G&A,Opex,G&A,-229497.7851124695,2024-09
2024-09-01,2024,Actual,Southeast,Core,Support,Opex,Support,-140223.9537513317,2024-09
2024-09-01,2024,Budget,Southeast,Core,Revenue,Revenue,Sales,2597949.309615453,2024-09
2024-09-01,2024,Budget,Southeast,Core,COGS,COGS,Sales,-1133272.8355306636,2024-09
2024-09-01,2024,Budget,Southeast,Core,Sales & Marketing,Opex,Marketing,-532504.7422331625,2024-09
2024-09-01,2024,Budget,Southeast,Core,R&D,Opex,R&D,-287240.6894434239,2024-09
2024-09-01,2024,Budget,Southeast,Core,G&A,Opex,G&A,-283158.143174721,2024-09
2024-09-01,2024,Budget,Southeast,Core,Support,Opex,Support,-182809.5201138394,2024-09
2024-09-01,2024,Actual,Southeast,Plus,Revenue,Revenue,Sales,3158997.8197971787,2024-09
2024-09-01,2024,Actual,Southeast,Plus,COGS,COGS,Sales,-1343719.1858177346,2024-09
2024-09-01,2024,Actual,Southeast,Plus,Sales & Marketing,Opex,Marketing,-540766.8350911317,2024-09
2024-09-01,2024,Actual,Southeast,Plus,R&D,Opex,R&D,-389656.67130648106,2024-09
2024-09-01,2024,Actual,Southeast,Plus,G&A,Opex,G&A,-303751.2076025298,2024-09
2024-09-01,2024,Actual,Southeast,Plus,Support,Opex,Support,-168425.24933561275,2024-09
2024-09-01,2024,Budget,Southeast,Plus,Revenue,Revenue,Sales,2987641.7060577706,2024-09
2024-09-01,2024,Budget,Southeast,Plus,COGS,COGS,Sales,-1181704.0337111137,2024-09
2024-09-01,2024,Budget,Southeast,Plus,Sales & Marketing,Opex,Marketing,-578071.4041660212,2024-09
2024-09-01,2024,Budget,Southeast,Plus,R&D,Opex,R&D,-315432.30431944726,2024-09
2024-09-01,2024,Budget,Southeast,Plus,G&A,Opex,G&A,-258285.48555839475,2024-09
2024-09-01,2024,Budget,Southeast,Plus,Support,Opex,Support,-171187.2173089326,2024-09
2024-09-01,2024,Actual,Southeast,Enterprise,Revenue,Revenue,Sales,3557293.213355398,2024-09
2024-09-01,2024,Actual,Southeast,Enterprise,COGS,COGS,Sales,-1525334.5535511635,2024-09
2024-09-01,2024,Actual,Southeast,Enterprise,Sales & Marketing,Opex,Marketing,-574651.0878741194,2024-09
2024-09-01,2024,Actual,Southeast,Enterprise,R&D,Opex,R&D,-399006.12542985304,2024-09
2024-09-01,2024,Actual,Southeast,Enterprise,G&A,Opex,G&A,-313584.76908539666,2024-09
2024-09-01,2024,Actual,Southeast,Enterprise,Support,Opex,Support,-255939.14420270428,2024-09
2024-09-01,2024,Budget,Southeast,Enterprise,Revenue,Revenue,Sales,3507231.5679808618,2024-09
2024-09-01,2024,Budget,Southeast,Enterprise,COGS,COGS,Sales,-1340339.7279046702,2024-09
2024-09-01,2024,Budget,Southeast,Enterprise,Sales & Marketing,Opex,Marketing,-709643.6817816058,2024-09
2024-09-01,2024,Budget,Southeast,Enterprise,R&D,Opex,R&D,-382147.31751569366,2024-09
2024-09-01,2024,Budget,Southeast,Enterprise,G&A,Opex,G&A,-306977.04309594235,2024-09
2024-09-01,2024,Budget,Southeast,Enterprise,Support,Opex,Support,-253340.0348521611,2024-09
2024-09-01,2024,Actual,Southeast,Marketplace Ads,Revenue,Revenue,Sales,1628999.4476451378,2024-09
2024-09-01,2024,Actual,Southeast,Marketplace Ads,COGS,COGS,Sales,-680606.6252080504,2024-09
2024-09-01,2024,Actual,Southeast,Marketplace Ads,Sales & Marketing,Opex,Marketing,-342470.06004266057,2024-09
2024-09-01,2024,Actual,Southeast,Marketplace Ads,R&D,Opex,R&D,-174642.14683890672,2024-09
2024-09-01,2024,Actual,Southeast,Marketplace Ads,G&A,Opex,G&A,-142929.78528868075,2024-09
2024-09-01,2024,Actual,Southeast,Marketplace Ads,Support,Opex,Support,-110872.88167162948,2024-09
2024-09-01,2024,Budget,Southeast,Marketplace Ads,Revenue,Revenue,Sales,1558769.5857692717,2024-09
2024-09-01,2024,Budget,Southeast,Marketplace Ads,COGS,COGS,Sales,-615097.6207819221,2024-09
2024-09-01,2024,Budget,Southeast,Marketplace Ads,Sales & Marketing,Opex,Marketing,-286378.13104385266,2024-09
2024-09-01,2024,Budget,Southeast,Marketplace Ads,R&D,Opex,R&D,-166266.02766608246,2024-09
2024-09-01,2024,Budget,Southeast,Marketplace Ads,G&A,Opex,G&A,-139539.74575179705,2024-09
2024-09-01,2024,Budget,Southeast,Marketplace Ads,Support,Opex,Support,-101662.34296329535,2024-09
2024-09-01,2024,Actual,Midwest,Core,Revenue,Revenue,Sales,2273210.723928327,2024-09
2024-09-01,2024,Actual,Midwest,Core,COGS,COGS,Sales,-1016636.0182782094,2024-09
2024-09-01,2024,Actual,Midwest,Core,Sales & Marketing,Opex,Marketing,-380210.89575705846,2024-09
2024-09-01,2024,Actual,Midwest,Core,R&D,Opex,R&D,-290019.00180329225,2024-09
2024-09-01,2024,Actual,Midwest,Core,G&A,Opex,G&A,-204453.8007322292,2024-09
2024-09-01,2024,Actual,Midwest,Core,Support,Opex,Support,-165905.19743811982,2024-09
2024-09-01,2024,Budget,Midwest,Core,Revenue,Revenue,Sales,2461215.1354251658,2024-09
2024-09-01,2024,Budget,Midwest,Core,COGS,COGS,Sales,-1068275.5584243175,2024-09
2024-09-01,2024,Budget,Midwest,Core,Sales & Marketing,Opex,Marketing,-426669.7148978293,2024-09
2024-09-01,2024,Budget,Midwest,Core,R&D,Opex,R&D,-336300.8948250106,2024-09
2024-09-01,2024,Budget,Midwest,Core,G&A,Opex,G&A,-227512.65864669794,2024-09
2024-09-01,2024,Budget,Midwest,Core,Support,Opex,Support,-123449.20671125,2024-09
2024-09-01,2024,Actual,Midwest,Plus,Revenue,Revenue,Sales,2749321.595740679,2024-09
2024-09-01,2024,Actual,Midwest,Plus,COGS,COGS,Sales,-1079882.2257074465,2024-09
2024-09-01,2024,Actual,Midwest,Plus,Sales & Marketing,Opex,Marketing,-584805.8434469166,2024-09
2024-09-01,2024,Actual,Midwest,Plus,R&D,Opex,R&D,-306966.8386284646,2024-09
2024-09-01,2024,Actual,Midwest,Plus,G&A,Opex,G&A,-225140.40178974418,2024-09
2024-09-01,2024,Actual,Midwest,Plus,Support,Opex,Support,-153508.1391216987,2024-09
2024-09-01,2024,Budget,Midwest,Plus,Revenue,Revenue,Sales,2830397.4057389405,2024-09
2024-09-01,2024,Budget,Midwest,Plus,COGS,COGS,Sales,-1253329.8703243835,2024-09
2024-09-01,2024,Budget,Midwest,Plus,Sales & Marketing,Opex,Marketing,-479414.3197068439,2024-09
2024-09-01,2024,Budget,Midwest,Plus,R&D,Opex,R&D,-356380.22654765437,2024-09
2024-09-01,2024,Budget,Midwest,Plus,G&A,Opex,G&A,-234907.47156018534,2024-09
2024-09-01,2024,Budget,Midwest,Plus,Support,Opex,Support,-208696.07188822742,2024-09
2024-09-01,2024,Actual,Midwest,Enterprise,Revenue,Revenue,Sales,3127628.0478571835,2024-09
2024-09-01,2024,Actual,Midwest,Enterprise,COGS,COGS,Sales,-1281144.0453705937,2024-09
2024-09-01,2024,Actual,Midwest,Enterprise,Sales & Marketing,Opex,Marketing,-515996.254996908,2024-09
2024-09-01,2024,Actual,Midwest,Enterprise,R&D,Opex,R&D,-356441.46868002194,2024-09
2024-09-01,2024,Actual,Midwest,Enterprise,G&A,Opex,G&A,-321440.21310157934,2024-09
2024-09-01,2024,Actual,Midwest,Enterprise,Support,Opex,Support,-169988.23982325944,2024-09
2024-09-01,2024,Budget,Midwest,Enterprise,Revenue,Revenue,Sales,3322640.4328239737,2024-09
2024-09-01,2024,Budget,Midwest,Enterprise,COGS,COGS,Sales,-1340799.5009427066,2024-09
2024-09-01,2024,Budget,Midwest,Enterprise,Sales & Marketing,Opex,Marketing,-701697.509894723,2024-09
2024-09-01,2024,Budget,Midwest,Enterprise,R&D,Opex,R&D,-371273.244684803,2024-09
2024-09-01,2024,Budget,Midwest,Enterprise,G&A,Opex,G&A,-315897.3344127219,2024-09
2024-09-01,2024,Budget,Midwest,Enterprise,Support,Opex,Support,-173230.19421845887,2024-09
2024-09-01,2024,Actual,Midwest,Marketplace Ads,Revenue,Revenue,Sales,1440270.6663532895,2024-09
2024-09-01,2024,Actual,Midwest,Marketplace Ads,COGS,COGS,Sales,-630855.047601526,2024-09
2024-09-01,2024,Actual,Midwest,Marketplace Ads,Sales & Marketing,Opex,Marketing,-282647.5952484444,2024-09
2024-09-01,2024,Actual,Midwest,Marketplace Ads,R&D,Opex,R&D,-177109.6509918161,2024-09
2024-09-01,2024,Actual,Midwest,Marketplace Ads,G&A,Opex,G&A,-155179.45804542245,2024-09
2024-09-01,2024,Actual,Midwest,Marketplace Ads,Support,Opex,Support,-108760.77986440813,2024-09
2024-09-01,2024,Budget,Midwest,Marketplace Ads,Revenue,Revenue,Sales,1476729.0812550993,2024-09
2024-09-01,2024,Budget,Midwest,Marketplace Ads,COGS,COGS,Sales,-625704.3353506146,2024-09
2024-09-01,2024,Budget,Midwest,Marketplace Ads,Sales & Marketing,Opex,Marketing,-237171.30530016485,2024-09
2024-09-01,2024,Budget,Midwest,Marketplace Ads,R&D,Opex,R&D,-197938.7641790763,2024-09
2024-09-01,2024,Budget,Midwest,Marketplace Ads,G&A,Opex,G&A,-134188.48217413775,2024-09
2024-09-01,2024,Budget,Midwest,Marketplace Ads,Support,Opex,Support,-115784.50337970267,2024-09
2024-09-01,2024,Actual,Southwest,Core,Revenue,Revenue,Sales,2635186.948749294,2024-09
2024-09-01,2024,Actual,Southwest,Core,COGS,COGS,Sales,-1162261.8149248878,2024-09
2024-09-01,2024,Actual,Southwest,Core,Sales & Marketing,Opex,Marketing,-450153.8120166185,2024-09
2024-09-01,2024,Actual,Southwest,Core,R&D,Opex,R&D,-308362.4602398094,2024-09
2024-09-01,2024,Actual,Southwest,Core,G&A,Opex,G&A,-289376.37316611205,2024-09
2024-09-01,2024,Actual,Southwest,Core,Support,Opex,Support,-140233.16262701125,2024-09
2024-09-01,2024,Budget,Southwest,Core,Revenue,Revenue,Sales,2734683.48380574,2024-09
2024-09-01,2024,Budget,Southwest,Core,COGS,COGS,Sales,-1171437.3484073714,2024-09
2024-09-01,2024,Budget,Southwest,Core,Sales & Marketing,Opex,Marketing,-563059.2044672695,2024-09
2024-09-01,2024,Budget,Southwest,Core,R&D,Opex,R&D,-277565.9268806978,2024-09
2024-09-01,2024,Budget,Southwest,Core,G&A,Opex,G&A,-265292.750165008,2024-09
2024-09-01,2024,Budget,Southwest,Core,Support,Opex,Support,-211618.83741157223,2024-09
2024-09-01,2024,Actual,Southwest,Plus,Revenue,Revenue,Sales,3041549.626323427,2024-09
2024-09-01,2024,Actual,Southwest,Plus,COGS,COGS,Sales,-1162619.540735317,2024-09
2024-09-01,2024,Actual,Southwest,Plus,Sales & Marketing,Opex,Marketing,-528917.8066615623,2024-09
2024-09-01,2024,Actual,Southwest,Plus,R&D,Opex,R&D,-360914.4151632127,2024-09
2024-09-01,2024,Actual,Southwest,Plus,G&A,Opex,G&A,-317414.67769726255,2024-09
2024-09-01,2024,Actual,Southwest,Plus,Support,Opex,Support,-242934.1778651416,2024-09
2024-09-01,2024,Budget,Southwest,Plus,Revenue,Revenue,Sales,3144886.006376601,2024-09
2024-09-01,2024,Budget,Southwest,Plus,COGS,COGS,Sales,-1196140.1338802662,2024-09
2024-09-01,2024,Budget,Southwest,Plus,Sales & Marketing,Opex,Marketing,-647777.8834103079,2024-09
2024-09-01,2024,Budget,Southwest,Plus,R&D,Opex,R&D,-410619.6929523572,2024-09
2024-09-01,2024,Budget,Southwest,Plus,G&A,Opex,G&A,-279336.60803769587,2024-09
2024-09-01,2024,Budget,Southwest,Plus,Support,Opex,Support,-236844.19230888752,2024-09
2024-09-01,2024,Actual,Southwest,Enterprise,Revenue,Revenue,Sales,3529956.6666123434,2024-09
2024-09-01,2024,Actual,Southwest,Enterprise,COGS,COGS,Sales,-1520006.601572763,2024-09
2024-09-01,2024,Actual,Southwest,Enterprise,Sales & Marketing,Opex,Marketing,-618904.6506214197,2024-09
2024-09-01,2024,Actual,Southwest,Enterprise,R&D,Opex,R&D,-376735.72572856094,2024-09
2024-09-01,2024,Actual,Southwest,Enterprise,G&A,Opex,G&A,-287794.2919644867,2024-09
2024-09-01,2024,Actual,Southwest,Enterprise,Support,Opex,Support,-196885.18215170433,2024-09
2024-09-01,2024,Budget,Southwest,Enterprise,Revenue,Revenue,Sales,3691822.703137749,2024-09
2024-09-01,2024,Budget,Southwest,Enterprise,COGS,COGS,Sales,-1528328.701147849,2024-09
2024-09-01,2024,Budget,Southwest,Enterprise,Sales & Marketing,Opex,Marketing,-625728.6352639067,2024-09
2024-09-01,2024,Budget,Southwest,Enterprise,R&D,Opex,R&D,-388392.9746945262,2024-09
2024-09-01,2024,Budget,Southwest,Enterprise,G&A,Opex,G&A,-317371.55594679556,2024-09
2024-09-01,2024,Budget,Southwest,Enterprise,Support,Opex,Support,-235908.15384903768,2024-09
2024-09-01,2024,Actual,Southwest,Marketplace Ads,Revenue,Revenue,Sales,1567184.2006594476,2024-09
2024-09-01,2024,Actual,Southwest,Marketplace Ads,COGS,COGS,Sales,-610618.2882890045,2024-09
2024-09-01,2024,Actual,Southwest,Marketplace Ads,Sales & Marketing,Opex,Marketing,-320790.7651122467,2024-09
2024-09-01,2024,Actual,Southwest,Marketplace Ads,R&D,Opex,R&D,-174524.75265396415,2024-09
2024-09-01,2024,Actual,Southwest,Marketplace Ads,G&A,Opex,G&A,-170069.8888127541,2024-09
2024-09-01,2024,Actual,Southwest,Marketplace Ads,Support,Opex,Support,-122298.8934217136,2024-09
2024-09-01,2024,Budget,Southwest,Marketplace Ads,Revenue,Revenue,Sales,1640810.090283444,2024-09
2024-09-01,2024,Budget,Southwest,Marketplace Ads,COGS,COGS,Sales,-708827.9196670909,2024-09
2024-09-01,2024,Budget,Southwest,Marketplace Ads,Sales & Marketing,Opex,Marketing,-282286.2812829589,2024-09
2024-09-01,2024,Budget,Southwest,Marketplace Ads,R&D,Opex,R&D,-221876.36094344358,2024-09
2024-09-01,2024,Budget,Southwest,Marketplace Ads,G&A,Opex,G&A,-145990.88200152142,2024-09
2024-09-01,2024,Budget,Southwest,Marketplace Ads,Support,Opex,Support,-129330.27808547497,2024-09
2024-09-01,2024,Actual,West,Core,Revenue,Revenue,Sales,2929221.5676479577,2024-09
2024-09-01,2024,Actual,West,Core,COGS,COGS,Sales,-1273985.0674908967,2024-09
2024-09-01,2024,Actual,West,Core,Sales & Marketing,Opex,Marketing,-598451.2429698505,2024-09
2024-09-01,2024,Actual,West,Core,R&D,Opex,R&D,-314021.68848861114,2024-09
2024-09-01,2024,Actual,West,Core,G&A,Opex,G&A,-319326.83961144433,2024-09
2024-09-01,2024,Actual,West,Core,Support,Opex,Support,-205136.85165728355,2024-09
2024-09-01,2024,Budget,West,Core,Revenue,Revenue,Sales,3008151.8321863133,2024-09
2024-09-01,2024,Budget,West,Core,COGS,COGS,Sales,-1298186.156442404,2024-09
2024-09-01,2024,Budget,West,Core,Sales & Marketing,Opex,Marketing,-583632.8916758473,2024-09
2024-09-01,2024,Budget,West,Core,R&D,Opex,R&D,-315032.66271126986,2024-09
2024-09-01,2024,Budget,West,Core,G&A,Opex,G&A,-315493.97654555517,2024-09
2024-09-01,2024,Budget,West,Core,Support,Opex,Support,-193356.07019659627,2024-09
2024-09-01,2024,Actual,West,Plus,Revenue,Revenue,Sales,3270692.2104817713,2024-09
2024-09-01,2024,Actual,West,Plus,COGS,COGS,Sales,-1363411.107901589,2024-09
2024-09-01,2024,Actual,West,Plus,Sales & Marketing,Opex,Marketing,-635158.9776993138,2024-09
2024-09-01,2024,Actual,West,Plus,R&D,Opex,R&D,-435924.5390882598,2024-09
2024-09-01,2024,Actual,West,Plus,G&A,Opex,G&A,-318430.8492788892,2024-09
2024-09-01,2024,Actual,West,Plus,Support,Opex,Support,-245906.8038717567,2024-09
2024-09-01,2024,Budget,West,Plus,Revenue,Revenue,Sales,3459374.607014261,2024-09
2024-09-01,2024,Budget,West,Plus,COGS,COGS,Sales,-1452020.5484276551,2024-09
2024-09-01,2024,Budget,West,Plus,Sales & Marketing,Opex,Marketing,-678272.218846666,2024-09
2024-09-01,2024,Budget,West,Plus,R&D,Opex,R&D,-408775.2484975904,2024-09
2024-09-01,2024,Budget,West,Plus,G&A,Opex,G&A,-343866.7916762587,2024-09
2024-09-01,2024,Budget,West,Plus,Support,Opex,Support,-257892.75235909724,2024-09
2024-09-01,2024,Actual,West,Enterprise,Revenue,Revenue,Sales,3977340.653653922,2024-09
2024-09-01,2024,Actual,West,Enterprise,COGS,COGS,Sales,-1657380.8883411062,2024-09
2024-09-01,2024,Actual,West,Enterprise,Sales & Marketing,Opex,Marketing,-795797.9304455535,2024-09
2024-09-01,2024,Actual,West,Enterprise,R&D,Opex,R&D,-422564.34603347874,2024-09
2024-09-01,2024,Actual,West,Enterprise,G&A,Opex,G&A,-364748.5993483161,2024-09
2024-09-01,2024,Actual,West,Enterprise,Support,Opex,Support,-248704.18714424295,2024-09
2024-09-01,2024,Budget,West,Enterprise,Revenue,Revenue,Sales,4061004.9734515236,2024-09
2024-09-01,2024,Budget,West,Enterprise,COGS,COGS,Sales,-1614766.2551314996,2024-09
2024-09-01,2024,Budget,West,Enterprise,Sales & Marketing,Opex,Marketing,-743705.5865875283,2024-09
2024-09-01,2024,Budget,West,Enterprise,R&D,Opex,R&D,-513905.49334765435,2024-09
2024-09-01,2024,Budget,West,Enterprise,G&A,Opex,G&A,-366197.7443019131,2024-09
2024-09-01,2024,Budget,West,Enterprise,Support,Opex,Support,-208453.32794574212,2024-09
2024-09-01,2024,Actual,West,Marketplace Ads,Revenue,Revenue,Sales,1741429.077931512,2024-09
2024-09-01,2024,Actual,West,Marketplace Ads,COGS,COGS,Sales,-745384.6871239363,2024-09
2024-09-01,2024,Actual,West,Marketplace Ads,Sales & Marketing,Opex,Marketing,-346460.7580968885,2024-09
2024-09-01,2024,Actual,West,Marketplace Ads,R&D,Opex,R&D,-238279.8523680492,2024-09
2024-09-01,2024,Actual,West,Marketplace Ads,G&A,Opex,G&A,-177447.87770925538,2024-09
2024-09-01,2024,Actual,West,Marketplace Ads,Support,Opex,Support,-137477.9671259208,2024-09
2024-09-01,2024,Budget,West,Marketplace Ads,Revenue,Revenue,Sales,1804891.0993117883,2024-09
2024-09-01,2024,Budget,West,Marketplace Ads,COGS,COGS,Sales,-803413.7560546508,2024-09
2024-09-01,2024,Budget,West,Marketplace Ads,Sales & Marketing,Opex,Marketing,-366834.55614804034,2024-09
2024-09-01,2024,Budget,West,Marketplace Ads,R&D,Opex,R&D,-240191.50260162642,2024-09
2024-09-01,2024,Budget,West,Marketplace Ads,G&A,Opex,G&A,-176737.41849321194,2024-09
2024-09-01,2024,Budget,West,Marketplace Ads,Support,Opex,Support,-127600.82668928149,2024-09
2024-10-01,2024,Actual,Northeast,Core,Revenue,Revenue,Sales,2630931.949765489,2024-10
2024-10-01,2024,Actual,Northeast,Core,COGS,COGS,Sales,-1043643.3237835926,2024-10
2024-10-01,2024,Actual,Northeast,Core,Sales & Marketing,Opex,Marketing,-549427.38681876,2024-10
2024-10-01,2024,Actual,Northeast,Core,R&D,Opex,R&D,-265562.92267806333,2024-10
2024-10-01,2024,Actual,Northeast,Core,G&A,Opex,G&A,-235193.6551645592,2024-10
2024-10-01,2024,Actual,Northeast,Core,Support,Opex,Support,-173863.05286220287,2024-10
2024-10-01,2024,Budget,Northeast,Core,Revenue,Revenue,Sales,2857222.368,2024-10
2024-10-01,2024,Budget,Northeast,Core,COGS,COGS,Sales,-1147638.372126483,2024-10
2024-10-01,2024,Budget,Northeast,Core,Sales & Marketing,Opex,Marketing,-470907.31243560143,2024-10
2024-10-01,2024,Budget,Northeast,Core,R&D,Opex,R&D,-318243.896080302,2024-10
2024-10-01,2024,Budget,Northeast,Core,G&A,Opex,G&A,-300791.5005352931,2024-10
2024-10-01,2024,Budget,Northeast,Core,Support,Opex,Support,-170193.29791540338,2024-10
2024-10-01,2024,Actual,Northeast,Plus,Revenue,Revenue,Sales,3479549.7174575794,2024-10
2024-10-01,2024,Actual,Northeast,Plus,COGS,COGS,Sales,-1542218.8036622405,2024-10
2024-10-01,2024,Actual,Northeast,Plus,Sales & Marketing,Opex,Marketing,-685645.2705932495,2024-10
2024-10-01,2024,Actual,Northeast,Plus,R&D,Opex,R&D,-443955.86123339244,2024-10
2024-10-01,2024,Actual,Northeast,Plus,G&A,Opex,G&A,-308817.51880899566,2024-10
2024-10-01,2024,Actual,Northeast,Plus,Support,Opex,Support,-239325.38549810305,2024-10
2024-10-01,2024,Budget,Northeast,Plus,Revenue,Revenue,Sales,3285805.7232,2024-10
2024-10-01,2024,Budget,Northeast,Plus,COGS,COGS,Sales,-1433590.2274069276,2024-10
2024-10-01,2024,Budget,Northeast,Plus,Sales & Marketing,Opex,Marketing,-573347.6344273699,2024-10
2024-10-01,2024,Budget,Northeast,Plus,R&D,Opex,R&D,-356107.02574829437,2024-10
2024-10-01,2024,Budget,Northeast,Plus,G&A,Opex,G&A,-283584.2823413203,2024-10
2024-10-01,2024,Budget,Northeast,Plus,Support,Opex,Support,-193198.08188968382,2024-10
2024-10-01,2024,Actual,Northeast,Enterprise,Revenue,Revenue,Sales,3862521.403534333,2024-10
2024-10-01,2024,Actual,Northeast,Enterprise,COGS,COGS,Sales,-1737522.3382127516,2024-10
2024-10-01,2024,Actual,Northeast,Enterprise,Sales & Marketing,Opex,Marketing,-626045.326585058,2024-10
2024-10-01,2024,Actual,Northeast,Enterprise,R&D,Opex,R&D,-456697.9764742927,2024-10
2024-10-01,2024,Actual,Northeast,Enterprise,G&A,Opex,G&A,-384430.1247491038,2024-10
2024-10-01,2024,Actual,Northeast,Enterprise,Support,Opex,Support,-253667.34298078803,2024-10
2024-10-01,2024,Budget,Northeast,Enterprise,Revenue,Revenue,Sales,3857250.1968,2024-10
2024-10-01,2024,Budget,Northeast,Enterprise,COGS,COGS,Sales,-1475850.659116784,2024-10
2024-10-01,2024,Budget,Northeast,Enterprise,Sales & Marketing,Opex,Marketing,-649320.1648248285,2024-10
2024-10-01,2024,Budget,Northeast,Enterprise,R&D,Opex,R&D,-401093.10310704604,2024-10
2024-10-01,2024,Budget,Northeast,Enterprise,G&A,Opex,G&A,-410925.3623051649,2024-10
2024-10-01,2024,Budget,Northeast,Enterprise,Support,Opex,Support,-235077.1398582312,2024-10
2024-10-01,2024,Actual,Northeast,Marketplace Ads,Revenue,Revenue,Sales,1649303.1244218356,2024-10
2024-10-01,2024,Actual,Northeast,Marketplace Ads,COGS,COGS,Sales,-684217.21213357,2024-10
2024-10-01,2024,Actual,Northeast,Marketplace Ads,Sales & Marketing,Opex,Marketing,-295782.8138892375,2024-10
2024-10-01,2024,Actual,Northeast,Marketplace Ads,R&D,Opex,R&D,-181611.44920190502,2024-10
2024-10-01,2024,Actual,Northeast,Marketplace Ads,G&A,Opex,G&A,-157104.9106168166,2024-10
2024-10-01,2024,Actual,Northeast,Marketplace Ads,Support,Opex,Support,-100657.03746472656,2024-10
2024-10-01,2024,Budget,Northeast,Marketplace Ads,Revenue,Revenue,Sales,1714333.4207999997,2024-10
2024-10-01,2024,Budget,Northeast,Marketplace Ads,COGS,COGS,Sales,-719693.6275129578,2024-10
2024-10-01,2024,Budget,Northeast,Marketplace Ads,Sales & Marketing,Opex,Marketing,-308521.3498308552,2024-10
2024-10-01,2024,Budget,Northeast,Marketplace Ads,R&D,Opex,R&D,-229601.2416129674,2024-10
2024-10-01,2024,Budget,Northeast,Marketplace Ads,G&A,Opex,G&A,-140478.3084597138,2024-10
2024-10-01,2024,Budget,Northeast,Marketplace Ads,Support,Opex,Support,-122239.11656931048,2024-10
2024-10-01,2024,Actual,Southeast,Core,Revenue,Revenue,Sales,2580873.363201812,2024-10
2024-10-01,2024,Actual,Southeast,Core,COGS,COGS,Sales,-992250.4221591998,2024-10
2024-10-01,2024,Actual,Southeast,Core,Sales & Marketing,Opex,Marketing,-448413.7808591151,2024-10
2024-10-01,2024,Actual,Southeast,Core,R&D,Opex,R&D,-325587.91933677753,2024-10
2024-10-01,2024,Actual,Southeast,Core,G&A,Opex,G&A,-237392.74190087194,2024-10
2024-10-01,2024,Actual,Southeast,Core,Support,Opex,Support,-191184.8773399356,2024-10
2024-10-01,2024,Budget,Southeast,Core,Revenue,Revenue,Sales,2585105.9519999996,2024-10
2024-10-01,2024,Budget,Southeast,Core,COGS,COGS,Sales,-1094691.658131664,2024-10
2024-10-01,2024,Budget,Southeast,Core,Sales & Marketing,Opex,Marketing,-560042.5728344069,2024-10
2024-10-01,2024,Budget,Southeast,Core,R&D,Opex,R&D,-306806.9287062968,2024-10
2024-10-01,2024,Budget,Southeast,Core,G&A,Opex,G&A,-265993.1825805472,2024-10
2024-10-01,2024,Budget,Southeast,Core,Support,Opex,Support,-151872.67518340622,2024-10
2024-10-01,2024,Actual,Southeast,Plus,Revenue,Revenue,Sales,3009246.00787673,2024-10
2024-10-01,2024,Actual,Southeast,Plus,COGS,COGS,Sales,-1298852.962838961,2024-10
2024-10-01,2024,Actual,Southeast,Plus,Sales & Marketing,Opex,Marketing,-482664.87343894894,2024-10
2024-10-01,2024,Actual,Southeast,Plus,R&D,Opex,R&D,-333975.11023922934,2024-10
2024-10-01,2024,Actual,Southeast,Plus,G&A,Opex,G&A,-287875.64186941076,2024-10
2024-10-01,2024,Actual,Southeast,Plus,Support,Opex,Support,-188128.0270791036,2024-10
2024-10-01,2024,Budget,Southeast,Plus,Revenue,Revenue,Sales,2972871.8447999996,2024-10
2024-10-01,2024,Budget,Southeast,Plus,COGS,COGS,Sales,-1208802.468150721,2024-10
2024-10-01,2024,Budget,Southeast,Plus,Sales & Marketing,Opex,Marketing,-494911.6511039996,2024-10
2024-10-01,2024,Budget,Southeast,Plus,R&D,Opex,R&D,-333960.65564139467,2024-10
2024-10-01,2024,Budget,Southeast,Plus,G&A,Opex,G&A,-314261.9059762667,2024-10
2024-10-01,2024,Budget,Southeast,Plus,Support,Opex,Support,-227446.5186684723,2024-10
2024-10-01,2024,Actual,Southeast,Enterprise,Revenue,Revenue,Sales,3540024.4250225346,2024-10
2024-10-01,2024,Actual,Southeast,Enterprise,COGS,COGS,Sales,-1512977.2139261416,2024-10
2024-10-01,2024,Actual,Southeast,Enterprise,Sales & Marketing,Opex,Marketing,-641776.6365128919,2024-10
2024-10-01,2024,Actual,Southeast,Enterprise,R&D,Opex,R&D,-420346.9894429501,2024-10
2024-10-01,2024,Actual,Southeast,Enterprise,G&A,Opex,G&A,-341519.90855049994,2024-10
2024-10-01,2024,Actual,Southeast,Enterprise,Support,Opex,Support,-198739.60685271455,2024-10
2024-10-01,2024,Budget,Southeast,Enterprise,Revenue,Revenue,Sales,3489893.0352,2024-10
2024-10-01,2024,Budget,Southeast,Enterprise,COGS,COGS,Sales,-1393122.8458202959,2024-10
2024-10-01,2024,Budget,Southeast,Enterprise,Sales & Marketing,Opex,Marketing,-586283.7992030543,2024-10
2024-10-01,2024,Budget,Southeast,Enterprise,R&D,Opex,R&D,-482531.00083584443,2024-10
2024-10-01,2024,Budget,Southeast,Enterprise,G&A,Opex,G&A,-367837.72267056676,2024-10
2024-10-01,2024,Budget,Southeast,Enterprise,Support,Opex,Support,-236711.43959212812,2024-10
2024-10-01,2024,Actual,Southeast,Marketplace Ads,Revenue,Revenue,Sales,1517113.4664845292,2024-10
2024-10-01,2024,Actual,Southeast,Marketplace Ads,COGS,COGS,Sales,-679243.775523792,2024-10
2024-10-01,2024,Actual,Southeast,Marketplace Ads,Sales & Marketing,Opex,Marketing,-300016.5998547891,2024-10
2024-10-01,2024,Actual,Southeast,Marketplace Ads,R&D,Opex,R&D,-152290.91818336205,2024-10
2024-10-01,2024,Actual,Southeast,Marketplace Ads,G&A,Opex,G&A,-157196.5940782398,2024-10
2024-10-01,2024,Actual,Southeast,Marketplace Ads,Support,Opex,Support,-106378.27737820322,2024-10
2024-10-01,2024,Budget,Southeast,Marketplace Ads,Revenue,Revenue,Sales,1551063.5712,2024-10
2024-10-01,2024,Budget,Southeast,Marketplace Ads,COGS,COGS,Sales,-600969.6556024996,2024-10
2024-10-01,2024,Budget,Southeast,Marketplace Ads,Sales & Marketing,Opex,Marketing,-332871.8665721073,2024-10
2024-10-01,2024,Budget,Southeast,Marketplace Ads,R&D,Opex,R&D,-169465.54448799428,2024-10
2024-10-01,2024,Budget,Southeast,Marketplace Ads,G&A,Opex,G&A,-169239.9016766754,2024-10
2024-10-01,2024,Budget,Southeast,Marketplace Ads,Support,Opex,Support,-119416.87561926318,2024-10
2024-10-01,2024,Actual,Midwest,Core,Revenue,Revenue,Sales,2455235.7686394607,2024-10
2024-10-01,2024,Actual,Midwest,Core,COGS,COGS,Sales,-1087046.0182942762,2024-10
2024-10-01,2024,Actual,Midwest,Core,Sales & Marketing,Opex,Marketing,-470954.30777564866,2024-10
2024-10-01,2024,Actual,Midwest,Core,R&D,Opex,R&D,-313936.8443795798,2024-10
2024-10-01,2024,Actual,Midwest,Core,G&A,Opex,G&A,-211290.95874707025,2024-10
2024-10-01,2024,Actual,Midwest,Core,Support,Opex,Support,-123246.10625451193,2024-10
2024-10-01,2024,Budget,Midwest,Core,Revenue,Revenue,Sales,2449047.744,2024-10
2024-10-01,2024,Budget,Midwest,Core,COGS,COGS,Sales,-981253.0673362695,2024-10
2024-10-01,2024,Budget,Midwest,Core,Sales & Marketing,Opex,Marketing,-518974.4521843029,2024-10
2024-10-01,2024,Budget,Midwest,Core,R&D,Opex,R&D,-336441.7137961461,2024-10
2024-10-01,2024,Budget,Midwest,Core,G&A,Opex,G&A,-197777.52313743674,2024-10
2024-10-01,2024,Budget,Midwest,Core,Support,Opex,Support,-173516.27721842667,2024-10
2024-10-01,2024,Actual,Midwest,Plus,Revenue,Revenue,Sales,2754116.54717911,2024-10
2024-10-01,2024,Actual,Midwest,Plus,COGS,COGS,Sales,-1208491.9203328674,2024-10
2024-10-01,2024,Actual,Midwest,Plus,Sales & Marketing,Opex,Marketing,-534954.7601722187,2024-10
2024-10-01,2024,Actual,Midwest,Plus,R&D,Opex,R&D,-348754.48518803396,2024-10
2024-10-01,2024,Actual,Midwest,Plus,G&A,Opex,G&A,-249894.39201888072,2024-10
2024-10-01,2024,Actual,Midwest,Plus,Support,Opex,Support,-202002.95046830885,2024-10
2024-10-01,2024,Budget,Midwest,Plus,Revenue,Revenue,Sales,2816404.9055999997,2024-10
2024-10-01,2024,Budget,Midwest,Plus,COGS,COGS,Sales,-1170103.2320380027,2024-10
2024-10-01,2024,Budget,Midwest,Plus,Sales & Marketing,Opex,Marketing,-453039.9512909631,2024-10
2024-10-01,2024,Budget,Midwest,Plus,R&D,Opex,R&D,-367630.0909749766,2024-10
2024-10-01,2024,Budget,Midwest,Plus,G&A,Opex,G&A,-258055.89856874046,2024-10
2024-10-01,2024,Budget,Midwest,Plus,Support,Opex,Support,-149819.3467556149,2024-10
2024-10-01,2024,Actual,Midwest,Enterprise,Revenue,Revenue,Sales,3103940.2838680884,2024-10
2024-10-01,2024,Actual,Midwest,Enterprise,COGS,COGS,Sales,-1334114.2313157918,2024-10
2024-10-01,2024,Actual,Midwest,Enterprise,Sales & Marketing,Opex,Marketing,-646048.7474355669,2024-10
2024-10-01,2024,Actual,Midwest,Enterprise,R&D,Opex,R&D,-419708.1047708879,2024-10
2024-10-01,2024,Actual,Midwest,Enterprise,G&A,Opex,G&A,-284597.5412545563,2024-10
2024-10-01,2024,Actual,Midwest,Enterprise,Support,Opex,Support,-213693.92727463687,2024-10
2024-10-01,2024,Budget,Midwest,Enterprise,Revenue,Revenue,Sales,3306214.4543999997,2024-10
2024-10-01,2024,Budget,Midwest,Enterprise,COGS,COGS,Sales,-1392527.2788260174,2024-10
2024-10-01,2024,Budget,Midwest,Enterprise,Sales & Marketing,Opex,Marketing,-557757.481589351,2024-10
2024-10-01,2024,Budget,Midwest,Enterprise,R&D,Opex,R&D,-379183.89758726105,2024-10
2024-10-01,2024,Budget,Midwest,Enterprise,G&A,Opex,G&A,-353804.143119397,2024-10
2024-10-01,2024,Budget,Midwest,Enterprise,Support,Opex,Support,-263775.3818713362,2024-10
2024-10-01,2024,Actual,Midwest,Marketplace Ads,Revenue,Revenue,Sales,1467718.7175862575,2024-10
2024-10-01,2024,Actual,Midwest,Marketplace Ads,COGS,COGS,Sales,-593939.6610017372,2024-10
2024-10-01,2024,Actual,Midwest,Marketplace Ads,Sales & Marketing,Opex,Marketing,-302610.17922434886,2024-10
2024-10-01,2024,Actual,Midwest,Marketplace Ads,R&D,Opex,R&D,-153754.74747187973,2024-10
2024-10-01,2024,Actual,Midwest,Marketplace Ads,G&A,Opex,G&A,-125161.17821272186,2024-10
2024-10-01,2024,Actual,Midwest,Marketplace Ads,Support,Opex,Support,-77935.1174175937,2024-10
2024-10-01,2024,Budget,Midwest,Marketplace Ads,Revenue,Revenue,Sales,1469428.6464,2024-10
2024-10-01,2024,Budget,Midwest,Marketplace Ads,COGS,COGS,Sales,-637789.3658232284,2024-10
2024-10-01,2024,Budget,Midwest,Marketplace Ads,Sales & Marketing,Opex,Marketing,-304553.60606286675,2024-10
2024-10-01,2024,Budget,Midwest,Marketplace Ads,R&D,Opex,R&D,-197943.7587590821,2024-10
2024-10-01,2024,Budget,Midwest,Marketplace Ads,G&A,Opex,G&A,-124869.19084801518,2024-10
2024-10-01,2024,Budget,Midwest,Marketplace Ads,Support,Opex,Support,-97467.80152032622,2024-10
2024-10-01,2024,Actual,Southwest,Core,Revenue,Revenue,Sales,2669361.5796076474,2024-10
2024-10-01,2024,Actual,Southwest,Core,COGS,COGS,Sales,-1190629.678317502,2024-10
2024-10-01,2024,Actual,Southwest,Core,Sales & Marketing,Opex,Marketing,-442227.3086277369,2024-10
2024-10-01,2024,Actual,Southwest,Core,R&D,Opex,R&D,-357514.31875007786,2024-10
2024-10-01,2024,Actual,Southwest,Core,G&A,Opex,G&A,-291596.03893695056,2024-10
2024-10-01,2024,Actual,Southwest,Core,Support,Opex,Support,-144112.46093274176,2024-10
2024-10-01,2024,Budget,Southwest,Core,Revenue,Revenue,Sales,2721164.16,2024-10
2024-10-01,2024,Budget,Southwest,Core,COGS,COGS,Sales,-1194727.9562395886,2024-10
2024-10-01,2024,Budget,Southwest,Core,Sales & Marketing,Opex,Marketing,-583671.1810922993,2024-10
2024-10-01,2024,Budget,Southwest,Core,R&D,Opex,R&D,-316633.4313428195,2024-10
2024-10-01,2024,Budget,Southwest,Core,G&A,Opex,G&A,-220351.27777838917,2024-10
2024-10-01,2024,Budget,Southwest,Core,Support,Opex,Support,-180007.93497467,2024-10
2024-10-01,2024,Actual,Southwest,Plus,Revenue,Revenue,Sales,3064246.658498318,2024-10
2024-10-01,2024,Actual,Southwest,Plus,COGS,COGS,Sales,-1255395.6457013488,2024-10
2024-10-01,2024,Actual,Southwest,Plus,Sales & Marketing,Opex,Marketing,-575353.1670971746,2024-10
2024-10-01,2024,Actual,Southwest,Plus,R&D,Opex,R&D,-417515.95825681416,2024-10
2024-10-01,2024,Actual,Southwest,Plus,G&A,Opex,G&A,-291570.4651139612,2024-10
2024-10-01,2024,Actual,Southwest,Plus,Support,Opex,Support,-221330.27713312212,2024-10
2024-10-01,2024,Budget,Southwest,Plus,Revenue,Revenue,Sales,3129338.784,2024-10
2024-10-01,2024,Budget,Southwest,Plus,COGS,COGS,Sales,-1313095.4569870373,2024-10
2024-10-01,2024,Budget,Southwest,Plus,Sales & Marketing,Opex,Marketing,-556909.7790987057,2024-10
2024-10-01,2024,Budget,Southwest,Plus,R&D,Opex,R&D,-385213.2806940802,2024-10
2024-10-01,2024,Budget,Southwest,Plus,G&A,Opex,G&A,-341537.63001268514,2024-10
2024-10-01,2024,Budget,Southwest,Plus,Support,Opex,Support,-241971.21146200664,2024-10
2024-10-01,2024,Actual,Southwest,Enterprise,Revenue,Revenue,Sales,3821452.0881499606,2024-10
2024-10-01,2024,Actual,Southwest,Enterprise,COGS,COGS,Sales,-1627368.2176430705,2024-10
2024-10-01,2024,Actual,Southwest,Enterprise,Sales & Marketing,Opex,Marketing,-647628.8154217564,2024-10
2024-10-01,2024,Actual,Southwest,Enterprise,R&D,Opex,R&D,-443709.9240117457,2024-10
2024-10-01,2024,Actual,Southwest,Enterprise,G&A,Opex,G&A,-395685.9994735072,2024-10
2024-10-01,2024,Actual,Southwest,Enterprise,Support,Opex,Support,-295659.4918585276,2024-10
2024-10-01,2024,Budget,Southwest,Enterprise,Revenue,Revenue,Sales,3673571.616,2024-10
2024-10-01,2024,Budget,Southwest,Enterprise,COGS,COGS,Sales,-1590609.2710195882,2024-10
2024-10-01,2024,Budget,Southwest,Enterprise,Sales & Marketing,Opex,Marketing,-638187.8138756499,2024-10
2024-10-01,2024,Budget,Southwest,Enterprise,R&D,Opex,R&D,-387046.79913996585,2024-10
2024-10-01,2024,Budget,Southwest,Enterprise,G&A,Opex,G&A,-361102.475395145,2024-10
2024-10-01,2024,Budget,Southwest,Enterprise,Support,Opex,Support,-194180.63632914313,2024-10
2024-10-01,2024,Actual,Southwest,Marketplace Ads,Revenue,Revenue,Sales,1696459.6777420244,2024-10
2024-10-01,2024,Actual,Southwest,Marketplace Ads,COGS,COGS,Sales,-672675.3925745119,2024-10
2024-10-01,2024,Actual,Southwest,Marketplace Ads,Sales & Marketing,Opex,Marketing,-282697.89928849856,2024-10
2024-10-01,2024,Actual,Southwest,Marketplace Ads,R&D,Opex,R&D,-192381.81696780614,2024-10
2024-10-01,2024,Actual,Southwest,Marketplace Ads,G&A,Opex,G&A,-166061.27047848873,2024-10
2024-10-01,2024,Actual,Southwest,Marketplace Ads,Support,Opex,Support,-94969.2322404918,2024-10
2024-10-01,2024,Budget,Southwest,Marketplace Ads,Revenue,Revenue,Sales,1632698.4959999998,2024-10
2024-10-01,2024,Budget,Southwest,Marketplace Ads,COGS,COGS,Sales,-681265.0938599233,2024-10
2024-10-01,2024,Budget,Southwest,Marketplace Ads,Sales & Marketing,Opex,Marketing,-319865.4849414372,2024-10
2024-10-01,2024,Budget,Southwest,Marketplace Ads,R&D,Opex,R&D,-224105.95597107397,2024-10
2024-10-01,2024,Budget,Southwest,Marketplace Ads,G&A,Opex,G&A,-176987.84545381775,2024-10
2024-10-01,2024,Budget,Southwest,Marketplace Ads,Support,Opex,Support,-119359.04099576449,2024-10
2024-10-01,2024,Actual,West,Core,Revenue,Revenue,Sales,2846281.56637757,2024-10
2024-10-01,2024,Actual,West,Core,COGS,COGS,Sales,-1173007.0516220343,2024-10
2024-10-01,2024,Actual,West,Core,Sales & Marketing,Opex,Marketing,-517383.21292684536,2024-10
2024-10-01,2024,Actual,West,Core,R&D,Opex,R&D,-315042.3634300344,2024-10
2024-10-01,2024,Actual,West,Core,G&A,Opex,G&A,-272819.0807403708,2024-10
2024-10-01,2024,Actual,West,Core,Support,Opex,Support,-217692.10242898035,2024-10
2024-10-01,2024,Budget,West,Core,Revenue,Revenue,Sales,2993280.576,2024-10
2024-10-01,2024,Budget,West,Core,COGS,COGS,Sales,-1184748.269837707,2024-10
2024-10-01,2024,Budget,West,Core,Sales & Marketing,Opex,Marketing,-585774.7202459133,2024-10
2024-10-01,2024,Budget,West,Core,R&D,Opex,R&D,-398443.6557330936,2024-10
2024-10-01,2024,Budget,West,Core,G&A,Opex,G&A,-257351.84237181765,2024-10
2024-10-01,2024,Budget,West,Core,Support,Opex,Support,-175851.0234141558,2024-10
2024-10-01,2024,Actual,West,Plus,Revenue,Revenue,Sales,3121438.9619468106,2024-10
2024-10-01,2024,Actual,West,Plus,COGS,COGS,Sales,-1374932.6918703208,2024-10
2024-10-01,2024,Actual,West,Plus,Sales & Marketing,Opex,Marketing,-678487.56717889,2024-10
2024-10-01,2024,Actual,West,Plus,R&D,Opex,R&D,-362608.87621707184,2024-10
2024-10-01,2024,Actual,West,Plus,G&A,Opex,G&A,-257326.0815949361,2024-10
2024-10-01,2024,Actual,West,Plus,Support,Opex,Support,-223517.76163790724,2024-10
2024-10-01,2024,Budget,West,Plus,Revenue,Revenue,Sales,3442272.6624,2024-10
2024-10-01,2024,Budget,West,Plus,COGS,COGS,Sales,-1444350.0214360612,2024-10
2024-10-01,2024,Budget,West,Plus,Sales & Marketing,Opex,Marketing,-735717.9023303409,2024-10
2024-10-01,2024,Budget,West,Plus,R&D,Opex,R&D,-354516.9888967333,2024-10
2024-10-01,2024,Budget,West,Plus,G&A,Opex,G&A,-337250.2188445223,2024-10
2024-10-01,2024,Budget,West,Plus,Support,Opex,Support,-187598.42938672146,2024-10
2024-10-01,2024,Actual,West,Enterprise,Revenue,Revenue,Sales,4116224.8323245454,2024-10
2024-10-01,2024,Actual,West,Enterprise,COGS,COGS,Sales,-1846673.0470180982,2024-10
2024-10-01,2024,Actual,West,Enterprise,Sales & Marketing,Opex,Marketing,-673687.9891141144,2024-10
2024-10-01,2024,Actual,West,Enterprise,R&D,Opex,R&D,-469360.47343167197,2024-10
2024-10-01,2024,Actual,West,Enterprise,G&A,Opex,G&A,-360021.717919121,2024-10
2024-10-01,2024,Actual,West,Enterprise,Support,Opex,Support,-256592.41002349896,2024-10
2024-10-01,2024,Budget,West,Enterprise,Revenue,Revenue,Sales,4040928.7776,2024-10
2024-10-01,2024,Budget,West,Enterprise,COGS,COGS,Sales,-1579753.0100271755,2024-10
2024-10-01,2024,Budget,West,Enterprise,Sales & Marketing,Opex,Marketing,-683161.3645644347,2024-10
2024-10-01,2024,Budget,West,Enterprise,R&D,Opex,R&D,-495216.2851366949,2024-10
2024-10-01,2024,Budget,West,Enterprise,G&A,Opex,G&A,-392864.7281479231,2024-10
2024-10-01,2024,Budget,West,Enterprise,Support,Opex,Support,-287967.5338112954,2024-10
2024-10-01,2024,Actual,West,Marketplace Ads,Revenue,Revenue,Sales,1700477.6682733623,2024-10
2024-10-01,2024,Actual,West,Marketplace Ads,COGS,COGS,Sales,-665177.5130822716,2024-10
2024-10-01,2024,Actual,West,Marketplace Ads,Sales & Marketing,Opex,Marketing,-332982.37827718316,2024-10
2024-10-01,2024,Actual,West,Marketplace Ads,R&D,Opex,R&D,-178101.80496026512,2024-10
2024-10-01,2024,Actual,West,Marketplace Ads,G&A,Opex,G&A,-157691.22775628138,2024-10
2024-10-01,2024,Actual,West,Marketplace Ads,Support,Opex,Support,-87484.09198839382,2024-10
2024-10-01,2024,Budget,West,Marketplace Ads,Revenue,Revenue,Sales,1795968.3456,2024-10
2024-10-01,2024,Budget,West,Marketplace Ads,COGS,COGS,Sales,-710347.740115678,2024-10
2024-10-01,2024,Budget,West,Marketplace Ads,Sales & Marketing,Opex,Marketing,-295481.1383430285,2024-10
2024-10-01,2024,Budget,West,Marketplace Ads,R&D,Opex,R&D,-179701.54628688577,2024-10
2024-10-01,2024,Budget,West,Marketplace Ads,G&A,Opex,G&A,-193300.0180657715,2024-10
2024-10-01,2024,Budget,West,Marketplace Ads,Support,Opex,Support,-122829.69308413075,2024-10
2024-11-01,2024,Actual,Northeast,Core,Revenue,Revenue,Sales,2919711.8152608974,2024-11
2024-11-01,2024,Actual,Northeast,Core,COGS,COGS,Sales,-1300391.384246923,2024-11
2024-11-01,2024,Actual,Northeast,Core,Sales & Marketing,Opex,Marketing,-640025.5739343442,2024-11
2024-11-01,2024,Actual,Northeast,Core,R&D,Opex,R&D,-408377.2596824465,2024-11
2024-11-01,2024,Actual,Northeast,Core,G&A,Opex,G&A,-296865.387411335,2024-11
2024-11-01,2024,Actual,Northeast,Core,Support,Opex,Support,-213164.98865134866,2024-11
2024-11-01,2024,Budget,Northeast,Core,Revenue,Revenue,Sales,2947425.7724723923,2024-11
2024-11-01,2024,Budget,Northeast,Core,COGS,COGS,Sales,-1174495.3756950342,2024-11
2024-11-01,2024,Budget,Northeast,Core,Sales & Marketing,Opex,Marketing,-635746.4251438536,2024-11
2024-11-01,2024,Budget,Northeast,Core,R&D,Opex,R&D,-301678.20526817546,2024-11
2024-11-01,2024,Budget,Northeast,Core,G&A,Opex,G&A,-311637.515472203,2024-11
2024-11-01,2024,Budget,Northeast,Core,Support,Opex,Support,-208113.49051103098,2024-11
2024-11-01,2024,Actual,Northeast,Plus,Revenue,Revenue,Sales,3510274.4258868145,2024-11
2024-11-01,2024,Actual,Northeast,Plus,COGS,COGS,Sales,-1411141.7208426727,2024-11
2024-11-01,2024,Actual,Northeast,Plus,Sales & Marketing,Opex,Marketing,-641285.2064278924,2024-11
2024-11-01,2024,Actual,Northeast,Plus,R&D,Opex,R&D,-465156.2024774482,2024-11
2024-11-01,2024,Actual,Northeast,Plus,G&A,Opex,G&A,-319968.2403999715,2024-11
2024-11-01,2024,Actual,Northeast,Plus,Support,Opex,Support,-253932.91423522262,2024-11
2024-11-01,2024,Budget,Northeast,Plus,Revenue,Revenue,Sales,3389539.638343251,2024-11
2024-11-01,2024,Budget,Northeast,Plus,COGS,COGS,Sales,-1415926.498496765,2024-11
2024-11-01,2024,Budget,Northeast,Plus,Sales & Marketing,Opex,Marketing,-613299.6524040598,2024-11
2024-11-01,2024,Budget,Northeast,Plus,R&D,Opex,R&D,-348273.06716073415,2024-11
2024-11-01,2024,Budget,Northeast,Plus,G&A,Opex,G&A,-363053.745355216,2024-11
2024-11-01,2024,Budget,Northeast,Plus,Support,Opex,Support,-229324.41376468138,2024-11
2024-11-01,2024,Actual,Northeast,Enterprise,Revenue,Revenue,Sales,3972548.8095589527,2024-11
2024-11-01,2024,Actual,Northeast,Enterprise,COGS,COGS,Sales,-1555162.9192242904,2024-11
2024-11-01,2024,Actual,Northeast,Enterprise,Sales & Marketing,Opex,Marketing,-814839.2293811685,2024-11
2024-11-01,2024,Actual,Northeast,Enterprise,R&D,Opex,R&D,-494946.28629842034,2024-11
2024-11-01,2024,Actual,Northeast,Enterprise,G&A,Opex,G&A,-423428.5715265642,2024-11
2024-11-01,2024,Actual,Northeast,Enterprise,Support,Opex,Support,-257344.79369316835,2024-11
2024-11-01,2024,Budget,Northeast,Enterprise,Revenue,Revenue,Sales,3979024.7928377297,2024-11
2024-11-01,2024,Budget,Northeast,Enterprise,COGS,COGS,Sales,-1696985.791936544,2024-11
2024-11-01,2024,Budget,Northeast,Enterprise,Sales & Marketing,Opex,Marketing,-827346.0038136729,2024-11
2024-11-01,2024,Budget,Northeast,Enterprise,R&D,Opex,R&D,-461820.3922981304,2024-11
2024-11-01,2024,Budget,Northeast,Enterprise,G&A,Opex,G&A,-373487.8620212696,2024-11
2024-11-01,2024,Budget,Northeast,Enterprise,Support,Opex,Support,-234874.03013072629,2024-11
2024-11-01,2024,Actual,Northeast,Marketplace Ads,Revenue,Revenue,Sales,1751778.6849639532,2024-11
2024-11-01,2024,Actual,Northeast,Marketplace Ads,COGS,COGS,Sales,-718887.1724347357,2024-11
2024-11-01,2024,Actual,Northeast,Marketplace Ads,Sales & Marketing,Opex,Marketing,-316346.3640326912,2024-11
2024-11-01,2024,Actual,Northeast,Marketplace Ads,R&D,Opex,R&D,-220778.0544659882,2024-11
2024-11-01,2024,Actual,Northeast,Marketplace Ads,G&A,Opex,G&A,-141794.306469335,2024-11
2024-11-01,2024,Actual,Northeast,Marketplace Ads,Support,Opex,Support,-107327.31212801182,2024-11
2024-11-01,2024,Budget,Northeast,Marketplace Ads,Revenue,Revenue,Sales,1768455.4634834353,2024-11
2024-11-01,2024,Budget,Northeast,Marketplace Ads,COGS,COGS,Sales,-745177.2702875786,2024-11
2024-11-01,2024,Budget,Northeast,Marketplace Ads,Sales & Marketing,Opex,Marketing,-311879.0442783972,2024-11
2024-11-01,2024,Budget,Northeast,Marketplace Ads,R&D,Opex,R&D,-199688.68388130114,2024-11
2024-11-01,2024,Budget,Northeast,Marketplace Ads,G&A,Opex,G&A,-158853.75537944544,2024-11
2024-11-01,2024,Budget,Northeast,Marketplace Ads,Support,Opex,Support,-123262.2587461627,2024-11
2024-11-01,2024,Actual,Southeast,Core,Revenue,Revenue,Sales,2746968.765285776,2024-11
2024-11-01,2024,Actual,Southeast,Core,COGS,COGS,Sales,-1208319.5532463642,2024-11
2024-11-01,2024,Actual,Southeast,Core,Sales & Marketing,Opex,Marketing,-594357.9297376529,2024-11
2024-11-01,2024,Actual,Southeast,Core,R&D,Opex,R&D,-372139.1262277999,2024-11
2024-11-01,2024,Actual,Southeast,Core,G&A,Opex,G&A,-281342.30344851594,2024-11
2024-11-01,2024,Actual,Southeast,Core,Support,Opex,Support,-173311.1729716677,2024-11
2024-11-01,2024,Budget,Southeast,Core,Revenue,Revenue,Sales,2666718.55604645,2024-11
2024-11-01,2024,Budget,Southeast,Core,COGS,COGS,Sales,-1120441.071679338,2024-11
2024-11-01,2024,Budget,Southeast,Core,Sales & Marketing,Opex,Marketing,-574073.654286403,2024-11
2024-11-01,2024,Budget,Southeast,Core,R&D,Opex,R&D,-342930.56213995576,2024-11
2024-11-01,2024,Budget,Southeast,Core,G&A,Opex,G&A,-280776.29875370336,2024-11
2024-11-01,2024,Budget,Southeast,Core,Support,Opex,Support,-185425.4419125416,2024-11
2024-11-01,2024,Actual,Southeast,Plus,Revenue,Revenue,Sales,3189710.4347107424,2024-11
2024-11-01,2024,Actual,Southeast,Plus,COGS,COGS,Sales,-1231093.5992419568,2024-11
2024-11-01,2024,Actual,Southeast,Plus,Sales & Marketing,Opex,Marketing,-684464.2896380305,2024-11
2024-11-01,2024,Actual,Southeast,Plus,R&D,Opex,R&D,-351592.06339045084,2024-11
2024-11-01,2024,Actual,Southeast,Plus,G&A,Opex,G&A,-266247.44622708217,2024-11
2024-11-01,2024,Actual,Southeast,Plus,Support,Opex,Support,-217865.16918556346,2024-11
2024-11-01,2024,Budget,Southeast,Plus,Revenue,Revenue,Sales,3066726.3394534173,2024-11
2024-11-01,2024,Budget,Southeast,Plus,COGS,COGS,Sales,-1307675.4817331003,2024-11
2024-11-01,2024,Budget,Southeast,Plus,Sales & Marketing,Opex,Marketing,-642270.6419377623,2024-11
2024-11-01,2024,Budget,Southeast,Plus,R&D,Opex,R&D,-331656.4399111305,2024-11
2024-11-01,2024,Budget,Southeast,Plus,G&A,Opex,G&A,-256251.31600329097,2024-11
2024-11-01,2024,Budget,Southeast,Plus,Support,Opex,Support,-160996.20321057862,2024-11
2024-11-01,2024,Actual,Southeast,Enterprise,Revenue,Revenue,Sales,3615694.4739412805,2024-11
2024-11-01,2024,Actual,Southeast,Enterprise,COGS,COGS,Sales,-1583022.3655972346,2024-11
2024-11-01,2024,Actual,Southeast,Enterprise,Sales & Marketing,Opex,Marketing,-614063.2237459949,2024-11
2024-11-01,2024,Actual,Southeast,Enterprise,R&D,Opex,R&D,-366802.9289845028,2024-11
2024-11-01,2024,Actual,Southeast,Enterprise,G&A,Opex,G&A,-291799.91401424765,2024-11
2024-11-01,2024,Actual,Southeast,Enterprise,Support,Opex,Support,-209508.48110602205,2024-11
2024-11-01,2024,Budget,Southeast,Enterprise,Revenue,Revenue,Sales,3600070.050662708,2024-11
2024-11-01,2024,Budget,Southeast,Enterprise,COGS,COGS,Sales,-1417975.0227462635,2024-11
2024-11-01,2024,Budget,Southeast,Enterprise,Sales & Marketing,Opex,Marketing,-707637.4051234886,2024-11
2024-11-01,2024,Budget,Southeast,Enterprise,R&D,Opex,R&D,-391219.7938382782,2024-11
2024-11-01,2024,Budget,Southeast,Enterprise,G&A,Opex,G&A,-342373.8175362067,2024-11
2024-11-01,2024,Budget,Southeast,Enterprise,Support,Opex,Support,-245142.63664366835,2024-11
2024-11-01,2024,Actual,Southeast,Marketplace Ads,Revenue,Revenue,Sales,1644258.0065280015,2024-11
2024-11-01,2024,Actual,Southeast,Marketplace Ads,COGS,COGS,Sales,-731890.066400633,2024-11
2024-11-01,2024,Actual,Southeast,Marketplace Ads,Sales & Marketing,Opex,Marketing,-265122.63575929287,2024-11
2024-11-01,2024,Actual,Southeast,Marketplace Ads,R&D,Opex,R&D,-177275.5486615573,2024-11
2024-11-01,2024,Actual,Southeast,Marketplace Ads,G&A,Opex,G&A,-145418.29541144718,2024-11
2024-11-01,2024,Actual,Southeast,Marketplace Ads,Support,Opex,Support,-103335.60686115336,2024-11
2024-11-01,2024,Budget,Southeast,Marketplace Ads,Revenue,Revenue,Sales,1600031.1336278701,2024-11
2024-11-01,2024,Budget,Southeast,Marketplace Ads,COGS,COGS,Sales,-669619.4815813624,2024-11
2024-11-01,2024,Budget,Southeast,Marketplace Ads,Sales & Marketing,Opex,Marketing,-320042.993547789,2024-11
2024-11-01,2024,Budget,Southeast,Marketplace Ads,R&D,Opex,R&D,-165032.17551149882,2024-11
2024-11-01,2024,Budget,Southeast,Marketplace Ads,G&A,Opex,G&A,-172767.43776233005,2024-11
2024-11-01,2024,Budget,Southeast,Marketplace Ads,Support,Opex,Support,-82259.79285548102,2024-11
2024-11-01,2024,Actual,Midwest,Core,Revenue,Revenue,Sales,2658361.836235953,2024-11
2024-11-01,2024,Actual,Midwest,Core,COGS,COGS,Sales,-1109950.9940698836,2024-11
2024-11-01,2024,Actual,Midwest,Core,Sales & Marketing,Opex,Marketing,-534984.7206651979,2024-11
2024-11-01,2024,Actual,Midwest,Core,R&D,Opex,R&D,-316851.0394390613,2024-11
2024-11-01,2024,Actual,Midwest,Core,G&A,Opex,G&A,-271007.92011428624,2024-11
2024-11-01,2024,Actual,Midwest,Core,Support,Opex,Support,-142670.68834246654,2024-11
2024-11-01,2024,Budget,Midwest,Core,Revenue,Revenue,Sales,2526364.9478334794,2024-11
2024-11-01,2024,Budget,Midwest,Core,COGS,COGS,Sales,-966146.4082518761,2024-11
2024-11-01,2024,Budget,Midwest,Core,Sales & Marketing,Opex,Marketing,-518895.73468316725,2024-11
2024-11-01,2024,Budget,Midwest,Core,R&D,Opex,R&D,-280354.2627519413,2024-11
2024-11-01,2024,Budget,Midwest,Core,G&A,Opex,G&A,-219245.50292141672,2024-11
2024-11-01,2024,Budget,Midwest,Core,Support,Opex,Support,-194215.86676065193,2024-11
2024-11-01,2024,Actual,Midwest,Plus,Revenue,Revenue,Sales,2850753.704491885,2024-11
2024-11-01,2024,Actual,Midwest,Plus,COGS,COGS,Sales,-1169544.130527648,2024-11
2024-11-01,2024,Actual,Midwest,Plus,Sales & Marketing,Opex,Marketing,-616509.1103036641,2024-11
2024-11-01,2024,Actual,Midwest,Plus,R&D,Opex,R&D,-315528.4563920581,2024-11
2024-11-01,2024,Actual,Midwest,Plus,G&A,Opex,G&A,-304810.7657901278,2024-11
2024-11-01,2024,Actual,Midwest,Plus,Support,Opex,Support,-160093.0674717607,2024-11
2024-11-01,2024,Budget,Midwest,Plus,Revenue,Revenue,Sales,2905319.690008501,2024-11
2024-11-01,2024,Budget,Midwest,Plus,COGS,COGS,Sales,-1276745.4614217724,2024-11
2024-11-01,2024,Budget,Midwest,Plus,Sales & Marketing,Opex,Marketing,-592150.2349269887,2024-11
2024-11-01,2024,Budget,Midwest,Plus,R&D,Opex,R&D,-393933.80863057653,2024-11
2024-11-01,2024,Budget,Midwest,Plus,G&A,Opex,G&A,-301990.1764127429,2024-11
2024-11-01,2024,Budget,Midwest,Plus,Support,Opex,Support,-208274.6335635873,2024-11
2024-11-01,2024,Actual,Midwest,Enterprise,Revenue,Revenue,Sales,3370615.030554453,2024-11
2024-11-01,2024,Actual,Midwest,Enterprise,COGS,COGS,Sales,-1515383.3471103115,2024-11
2024-11-01,2024,Actual,Midwest,Enterprise,Sales & Marketing,Opex,Marketing,-611715.9952928213,2024-11
2024-11-01,2024,Actual,Midwest,Enterprise,R&D,Opex,R&D,-453925.44338776363,2024-11
2024-11-01,2024,Actual,Midwest,Enterprise,G&A,Opex,G&A,-315802.6651083906,2024-11
2024-11-01,2024,Actual,Midwest,Enterprise,Support,Opex,Support,-202415.42734541543,2024-11
2024-11-01,2024,Budget,Midwest,Enterprise,Revenue,Revenue,Sales,3410592.6795751965,2024-11
2024-11-01,2024,Budget,Midwest,Enterprise,COGS,COGS,Sales,-1405129.5286453918,2024-11
2024-11-01,2024,Budget,Midwest,Enterprise,Sales & Marketing,Opex,Marketing,-697138.804460877,2024-11
2024-11-01,2024,Budget,Midwest,Enterprise,R&D,Opex,R&D,-359310.8296081173,2024-11
2024-11-01,2024,Budget,Midwest,Enterprise,G&A,Opex,G&A,-358685.61524775805,2024-11
2024-11-01,2024,Budget,Midwest,Enterprise,Support,Opex,Support,-268244.99859972973,2024-11
2024-11-01,2024,Actual,Midwest,Marketplace Ads,Revenue,Revenue,Sales,1454493.5190221027,2024-11
2024-11-01,2024,Actual,Midwest,Marketplace Ads,COGS,COGS,Sales,-645578.5283893964,2024-11
2024-11-01,2024,Actual,Midwest,Marketplace Ads,Sales & Marketing,Opex,Marketing,-251849.9988913549,2024-11
2024-11-01,2024,Actual,Midwest,Marketplace Ads,R&D,Opex,R&D,-183166.4223456945,2024-11
2024-11-01,2024,Actual,Midwest,Marketplace Ads,G&A,Opex,G&A,-136420.94022855075,2024-11
2024-11-01,2024,Actual,Midwest,Marketplace Ads,Support,Opex,Support,-81050.87978206614,2024-11
2024-11-01,2024,Budget,Midwest,Marketplace Ads,Revenue,Revenue,Sales,1515818.9687000876,2024-11
2024-11-01,2024,Budget,Midwest,Marketplace Ads,COGS,COGS,Sales,-669246.2735203286,2024-11
2024-11-01,2024,Budget,Midwest,Marketplace Ads,Sales & Marketing,Opex,Marketing,-290553.8310172951,2024-11
2024-11-01,2024,Budget,Midwest,Marketplace Ads,R&D,Opex,R&D,-190071.06076005186,2024-11
2024-11-01,2024,Budget,Midwest,Marketplace Ads,G&A,Opex,G&A,-148068.96120376475,2024-11
2024-11-01,2024,Budget,Midwest,Marketplace Ads,Support,Opex,Support,-89276.425207738,2024-11
2024-11-01,2024,Actual,Southwest,Core,Revenue,Revenue,Sales,3072275.9910840155,2024-11
2024-11-01,2024,Actual,Southwest,Core,COGS,COGS,Sales,-1192371.026390108,2024-11
2024-11-01,2024,Actual,Southwest,Core,Sales & Marketing,Opex,Marketing,-545164.7282393038,2024-11
2024-11-01,2024,Actual,Southwest,Core,R&D,Opex,R&D,-345947.70830300095,2024-11
2024-11-01,2024,Actual,Southwest,Core,G&A,Opex,G&A,-279756.40910453256,2024-11
2024-11-01,2024,Actual,Southwest,Core,Support,Opex,Support,-173047.4037790644,2024-11
2024-11-01,2024,Budget,Southwest,Core,Revenue,Revenue,Sales,2807072.1642594216,2024-11
2024-11-01,2024,Budget,Southwest,Core,COGS,COGS,Sales,-1073563.3209115646,2024-11
2024-11-01,2024,Budget,Southwest,Core,Sales & Marketing,Opex,Marketing,-554496.5709841547,2024-11
2024-11-01,2024,Budget,Southwest,Core,R&D,Opex,R&D,-292439.1673428666,2024-11
2024-11-01,2024,Budget,Southwest,Core,G&A,Opex,G&A,-249423.68989769343,2024-11
2024-11-01,2024,Budget,Southwest,Core,Support,Opex,Support,-177584.23220564664,2024-11
2024-11-01,2024,Actual,Southwest,Plus,Revenue,Revenue,Sales,3021835.768514993,2024-11
2024-11-01,2024,Actual,Southwest,Plus,COGS,COGS,Sales,-1245531.7089924952,2024-11
2024-11-01,2024,Actual,Southwest,Plus,Sales & Marketing,Opex,Marketing,-647679.4227246166,2024-11
2024-11-01,2024,Actual,Southwest,Plus,R&D,Opex,R&D,-306781.8107020573,2024-11
2024-11-01,2024,Actual,Southwest,Plus,G&A,Opex,G&A,-307453.2305992482,2024-11
2024-11-01,2024,Actual,Southwest,Plus,Support,Opex,Support,-218801.78678542803,2024-11
2024-11-01,2024,Budget,Southwest,Plus,Revenue,Revenue,Sales,3228132.9888983346,2024-11
2024-11-01,2024,Budget,Southwest,Plus,COGS,COGS,Sales,-1256396.308949298,2024-11
2024-11-01,2024,Budget,Southwest,Plus,Sales & Marketing,Opex,Marketing,-637177.8247170157,2024-11
2024-11-01,2024,Budget,Southwest,Plus,R&D,Opex,R&D,-391893.79315526417,2024-11
2024-11-01,2024,Budget,Southwest,Plus,G&A,Opex,G&A,-342294.80674574315,2024-11
2024-11-01,2024,Budget,Southwest,Plus,Support,Opex,Support,-217666.2219548405,2024-11
2024-11-01,2024,Actual,Southwest,Enterprise,Revenue,Revenue,Sales,3943478.542498355,2024-11
2024-11-01,2024,Actual,Southwest,Enterprise,COGS,COGS,Sales,-1638849.4260943444,2024-11
2024-11-01,2024,Actual,Southwest,Enterprise,Sales & Marketing,Opex,Marketing,-726161.8700011773,2024-11
2024-11-01,2024,Actual,Southwest,Enterprise,R&D,Opex,R&D,-531337.3554117763,2024-11
2024-11-01,2024,Actual,Southwest,Enterprise,G&A,Opex,G&A,-333777.2958164923,2024-11
2024-11-01,2024,Actual,Southwest,Enterprise,Support,Opex,Support,-233957.0413363072,2024-11
2024-11-01,2024,Budget,Southwest,Enterprise,Revenue,Revenue,Sales,3789547.421750219,2024-11
2024-11-01,2024,Budget,Southwest,Enterprise,COGS,COGS,Sales,-1549334.730494623,2024-11
2024-11-01,2024,Budget,Southwest,Enterprise,Sales & Marketing,Opex,Marketing,-812497.0645592624,2024-11
2024-11-01,2024,Budget,Southwest,Enterprise,R&D,Opex,R&D,-475210.68366584205,2024-11
2024-11-01,2024,Budget,Southwest,Enterprise,G&A,Opex,G&A,-322369.5664742085,2024-11
2024-11-01,2024,Budget,Southwest,Enterprise,Support,Opex,Support,-254793.73991551943,2024-11
2024-11-01,2024,Actual,Southwest,Marketplace Ads,Revenue,Revenue,Sales,1670700.211636228,2024-11
2024-11-01,2024,Actual,Southwest,Marketplace Ads,COGS,COGS,Sales,-657089.2768395131,2024-11
2024-11-01,2024,Actual,Southwest,Marketplace Ads,Sales & Marketing,Opex,Marketing,-335585.22511751135,2024-11
2024-11-01,2024,Actual,Southwest,Marketplace Ads,R&D,Opex,R&D,-201238.18505996995,2024-11
2024-11-01,2024,Actual,Southwest,Marketplace Ads,G&A,Opex,G&A,-179411.25911234264,2024-11
2024-11-01,2024,Actual,Southwest,Marketplace Ads,Support,Opex,Support,-96704.0417176073,2024-11
2024-11-01,2024,Budget,Southwest,Marketplace Ads,Revenue,Revenue,Sales,1684243.2985556526,2024-11
2024-11-01,2024,Budget,Southwest,Marketplace Ads,COGS,COGS,Sales,-702769.4828247982,2024-11
2024-11-01,2024,Budget,Southwest,Marketplace Ads,Sales & Marketing,Opex,Marketing,-332925.7539268653,2024-11
2024-11-01,2024,Budget,Southwest,Marketplace Ads,R&D,Opex,R&D,-235083.07727071844,2024-11
2024-11-01,2024,Budget,Southwest,Marketplace Ads,G&A,Opex,G&A,-181712.7298208886,2024-11
2024-11-01,2024,Budget,Southwest,Marketplace Ads,Support,Opex,Support,-134026.30755610322,2024-11
2024-11-01,2024,Actual,West,Core,Revenue,Revenue,Sales,3008721.585133715,2024-11
2024-11-01,2024,Actual,West,Core,COGS,COGS,Sales,-1256743.6341986428,2024-11
2024-11-01,2024,Actual,West,Core,Sales & Marketing,Opex,Marketing,-488403.18028427276,2024-11
2024-11-01,2024,Actual,West,Core,R&D,Opex,R&D,-373559.9749900487,2024-11
2024-11-01,2024,Actual,West,Core,G&A,Opex,G&A,-318505.1373972249,2024-11
2024-11-01,2024,Actual,West,Core,Support,Opex,Support,-214281.09540879313,2024-11
2024-11-01,2024,Budget,West,Core,Revenue,Revenue,Sales,3087779.380685363,2024-11
2024-11-01,2024,Budget,West,Core,COGS,COGS,Sales,-1248989.0462880114,2024-11
2024-11-01,2024,Budget,West,Core,Sales & Marketing,Opex,Marketing,-550283.6969439278,2024-11
2024-11-01,2024,Budget,West,Core,R&D,Opex,R&D,-418840.4454851953,2024-11
2024-11-01,2024,Budget,West,Core,G&A,Opex,G&A,-313538.215023886,2024-11
2024-11-01,2024,Budget,West,Core,Support,Opex,Support,-197531.47892099727,2024-11
2024-11-01,2024,Actual,West,Plus,Revenue,Revenue,Sales,3356409.253544951,2024-11
2024-11-01,2024,Actual,West,Plus,COGS,COGS,Sales,-1338418.2992288356,2024-11
2024-11-01,2024,Actual,West,Plus,Sales & Marketing,Opex,Marketing,-695088.3782554017,2024-11
2024-11-01,2024,Actual,West,Plus,R&D,Opex,R&D,-380500.4810572031,2024-11
2024-11-01,2024,Actual,West,Plus,G&A,Opex,G&A,-340913.78863298724,2024-11
2024-11-01,2024,Actual,West,Plus,Support,Opex,Support,-215836.03707997344,2024-11
2024-11-01,2024,Budget,West,Plus,Revenue,Revenue,Sales,3550946.287788168,2024-11
2024-11-01,2024,Budget,West,Plus,COGS,COGS,Sales,-1484618.7157241383,2024-11
2024-11-01,2024,Budget,West,Plus,Sales & Marketing,Opex,Marketing,-643170.1679672322,2024-11
2024-11-01,2024,Budget,West,Plus,R&D,Opex,R&D,-381259.6769814904,2024-11
2024-11-01,2024,Budget,West,Plus,G&A,Opex,G&A,-357964.0316375031,2024-11
2024-11-01,2024,Budget,West,Plus,Support,Opex,Support,-223103.4000833971,2024-11
2024-11-01,2024,Actual,West,Enterprise,Revenue,Revenue,Sales,4170934.40179873,2024-11
2024-11-01,2024,Actual,West,Enterprise,COGS,COGS,Sales,-1830838.9924765946,2024-11
2024-11-01,2024,Actual,West,Enterprise,Sales & Marketing,Opex,Marketing,-695322.6011814871,2024-11
2024-11-01,2024,Actual,West,Enterprise,R&D,Opex,R&D,-447582.55858274194,2024-11
2024-11-01,2024,Actual,West,Enterprise,G&A,Opex,G&A,-369314.1020893218,2024-11
2024-11-01,2024,Actual,West,Enterprise,Support,Opex,Support,-212386.54951054807,2024-11
2024-11-01,2024,Budget,West,Enterprise,Revenue,Revenue,Sales,4168502.1639252407,2024-11
2024-11-01,2024,Budget,West,Enterprise,COGS,COGS,Sales,-1774448.5781786258,2024-11
2024-11-01,2024,Budget,West,Enterprise,Sales & Marketing,Opex,Marketing,-788099.9117448283,2024-11
2024-11-01,2024,Budget,West,Enterprise,R&D,Opex,R&D,-432333.7699728477,2024-11
2024-11-01,2024,Budget,West,Enterprise,G&A,Opex,G&A,-364879.7075290185,2024-11
2024-11-01,2024,Budget,West,Enterprise,Support,Opex,Support,-307743.95329388796,2024-11
2024-11-01,2024,Actual,West,Marketplace Ads,Revenue,Revenue,Sales,1823125.7798444915,2024-11
2024-11-01,2024,Actual,West,Marketplace Ads,COGS,COGS,Sales,-710360.3519522423,2024-11
2024-11-01,2024,Actual,West,Marketplace Ads,Sales & Marketing,Opex,Marketing,-327440.69968858897,2024-11
2024-11-01,2024,Actual,West,Marketplace Ads,R&D,Opex,R&D,-198505.09613103134,2024-11
2024-11-01,2024,Actual,West,Marketplace Ads,G&A,Opex,G&A,-189508.8569286561,2024-11
2024-11-01,2024,Actual,West,Marketplace Ads,Support,Opex,Support,-142209.88349745955,2024-11
2024-11-01,2024,Budget,West,Marketplace Ads,Revenue,Revenue,Sales,1852667.628411218,2024-11
2024-11-01,2024,Budget,West,Marketplace Ads,COGS,COGS,Sales,-764797.0698124946,2024-11
2024-11-01,2024,Budget,West,Marketplace Ads,Sales & Marketing,Opex,Marketing,-391516.23327969713,2024-11
2024-11-01,2024,Budget,West,Marketplace Ads,R&D,Opex,R&D,-204094.17001716624,2024-11
2024-11-01,2024,Budget,West,Marketplace Ads,G&A,Opex,G&A,-174287.2834612886,2024-11
2024-11-01,2024,Budget,West,Marketplace Ads,Support,Opex,Support,-120722.31624053087,2024-11
2024-12-01,2024,Actual,Northeast,Core,Revenue,Revenue,Sales,2940185.6440800014,2024-12
2024-12-01,2024,Actual,Northeast,Core,COGS,COGS,Sales,-1119385.2685233448,2024-12
2024-12-01,2024,Actual,Northeast,Core,Sales & Marketing,Opex,Marketing,-569964.6898826399,2024-12
2024-12-01,2024,Actual,Northeast,Core,R&D,Opex,R&D,-395231.17818368215,2024-12
2024-12-01,2024,Actual,Northeast,Core,G&A,Opex,G&A,-244446.10340633127,2024-12
2024-12-01,2024,Actual,Northeast,Core,Support,Opex,Support,-206784.9493050612,2024-12
2024-12-01,2024,Budget,Northeast,Core,Revenue,Revenue,Sales,3131766.792,2024-12
2024-12-01,2024,Budget,Northeast,Core,COGS,COGS,Sales,-1372386.4882015663,2024-12
2024-12-01,2024,Budget,Northeast,Core,Sales & Marketing,Opex,Marketing,-686240.400789916,2024-12
2024-12-01,2024,Budget,Northeast,Core,R&D,Opex,R&D,-431743.59742286365,2024-12
2024-12-01,2024,Budget,Northeast,Core,G&A,Opex,G&A,-252372.00049606015,2024-12
2024-12-01,2024,Budget,Northeast,Core,Support,Opex,Support,-231073.02957320696,2024-12
2024-12-01,2024,Actual,Northeast,Plus,Revenue,Revenue,Sales,3465775.0109437625,2024-12
2024-12-01,2024,Actual,Northeast,Plus,COGS,COGS,Sales,-1519869.0727311748,2024-12
2024-12-01,2024,Actual,Northeast,Plus,Sales & Marketing,Opex,Marketing,-731273.4181346773,2024-12
2024-12-01,2024,Actual,Northeast,Plus,R&D,Opex,R&D,-348351.1232730796,2024-12
2024-12-01,2024,Actual,Northeast,Plus,G&A,Opex,G&A,-282967.3692060289,2024-12
2024-12-01,2024,Actual,Northeast,Plus,Support,Opex,Support,-204054.83385432215,2024-12
2024-12-01,2024,Budget,Northeast,Plus,Revenue,Revenue,Sales,3601531.8108,2024-12
2024-12-01,2024,Budget,Northeast,Plus,COGS,COGS,Sales,-1564414.2682489296,2024-12
2024-12-01,2024,Budget,Northeast,Plus,Sales & Marketing,Opex,Marketing,-674352.3631886623,2024-12
2024-12-01,2024,Budget,Northeast,Plus,R&D,Opex,R&D,-460105.0336991977,2024-12
2024-12-01,2024,Budget,Northeast,Plus,G&A,Opex,G&A,-368463.94636231486,2024-12
2024-12-01,2024,Budget,Northeast,Plus,Support,Opex,Support,-238066.54489884395,2024-12
2024-12-01,2024,Actual,Northeast,Enterprise,Revenue,Revenue,Sales,4248633.676916056,2024-12
2024-12-01,2024,Actual,Northeast,Enterprise,COGS,COGS,Sales,-1899509.1895317016,2024-12
2024-12-01,2024,Actual,Northeast,Enterprise,Sales & Marketing,Opex,Marketing,-929653.5887460093,2024-12
2024-12-01,2024,Actual,Northeast,Enterprise,R&D,Opex,R&D,-575572.6488139428,2024-12
2024-12-01,2024,Actual,Northeast,Enterprise,G&A,Opex,G&A,-383952.90494994057,2024-12
2024-12-01,2024,Actual,Northeast,Enterprise,Support,Opex,Support,-238498.1223617121,2024-12
2024-12-01,2024,Budget,Northeast,Enterprise,Revenue,Revenue,Sales,4227885.1692,2024-12
2024-12-01,2024,Budget,Northeast,Enterprise,COGS,COGS,Sales,-1698739.8271727029,2024-12
2024-12-01,2024,Budget,Northeast,Enterprise,Sales & Marketing,Opex,Marketing,-741110.3463063799,2024-12
2024-12-01,2024,Budget,Northeast,Enterprise,R&D,Opex,R&D,-554826.3852906462,2024-12
2024-12-01,2024,Budget,Northeast,Enterprise,G&A,Opex,G&A,-440001.74512577325,2024-12
2024-12-01,2024,Budget,Northeast,Enterprise,Support,Opex,Support,-235923.2495843934,2024-12
2024-12-01,2024,Actual,Northeast,Marketplace Ads,Revenue,Revenue,Sales,1856112.104032309,2024-12
2024-12-01,2024,Actual,Northeast,Marketplace Ads,COGS,COGS,Sales,-793243.6192311489,2024-12
2024-12-01,2024,Actual,Northeast,Marketplace Ads,Sales & Marketing,Opex,Marketing,-386465.75905325724,2024-12
2024-12-01,2024,Actual,Northeast,Marketplace Ads,R&D,Opex,R&D,-248544.486385883,2024-12
2024-12-01,2024,Actual,Northeast,Marketplace Ads,G&A,Opex,G&A,-176561.16999863664,2024-12
2024-12-01,2024,Actual,Northeast,Marketplace Ads,Support,Opex,Support,-131042.6857402232,2024-12
2024-12-01,2024,Budget,Northeast,Marketplace Ads,Revenue,Revenue,Sales,1879060.0752,2024-12
2024-12-01,2024,Budget,Northeast,Marketplace Ads,COGS,COGS,Sales,-734643.481879985,2024-12
2024-12-01,2024,Budget,Northeast,Marketplace Ads,Sales & Marketing,Opex,Marketing,-302691.7799964729,2024-12
2024-12-01,2024,Budget,Northeast,Marketplace Ads,R&D,Opex,R&D,-197735.06032882957,2024-12
2024-12-01,2024,Budget,Northeast,Marketplace Ads,G&A,Opex,G&A,-181800.77723155558,2024-12
2024-12-01,2024,Budget,Northeast,Marketplace Ads,Support,Opex,Support,-114346.71561669912,2024-12
2024-12-01,2024,Actual,Southeast,Core,Revenue,Revenue,Sales,2655421.147331348,2024-12
2024-12-01,2024,Actual,Southeast,Core,COGS,COGS,Sales,-1133694.2850669255,2024-12
2024-12-01,2024,Actual,Southeast,Core,Sales & Marketing,Opex,Marketing,-564901.2655693237,2024-12
2024-12-01,2024,Actual,Southeast,Core,R&D,Opex,R&D,-358205.30571719527,2024-12
2024-12-01,2024,Actual,Southeast,Core,G&A,Opex,G&A,-275724.46475743846,2024-12
2024-12-01,2024,Actual,Southeast,Core,Support,Opex,Support,-134966.66755824035,2024-12
2024-12-01,2024,Budget,Southeast,Core,Revenue,Revenue,Sales,2833503.288,2024-12
2024-12-01,2024,Budget,Southeast,Core,COGS,COGS,Sales,-1253576.6984851009,2024-12
2024-12-01,2024,Budget,Southeast,Core,Sales & Marketing,Opex,Marketing,-560383.0473792977,2024-12
2024-12-01,2024,Budget,Southeast,Core,R&D,Opex,R&D,-297635.47798759013,2024-12
2024-12-01,2024,Budget,Southeast,Core,G&A,Opex,G&A,-266206.5093072865,2024-12
2024-12-01,2024,Budget,Southeast,Core,Support,Opex,Support,-197158.75349110857,2024-12
2024-12-01,2024,Actual,Southeast,Plus,Revenue,Revenue,Sales,3571777.1185468696,2024-12
2024-12-01,2024,Actual,Southeast,Plus,COGS,COGS,Sales,-1398960.3706636515,2024-12
2024-12-01,2024,Actual,Southeast,Plus,Sales & Marketing,Opex,Marketing,-580233.2268065772,2024-12
2024-12-01,2024,Actual,Southeast,Plus,R&D,Opex,R&D,-445514.2801333936,2024-12
2024-12-01,2024,Actual,Southeast,Plus,G&A,Opex,G&A,-342893.0622093549,2024-12
2024-12-01,2024,Actual,Southeast,Plus,Support,Opex,Support,-215869.38120042122,2024-12
2024-12-01,2024,Budget,Southeast,Plus,Revenue,Revenue,Sales,3258528.7812,2024-12
2024-12-01,2024,Budget,Southeast,Plus,COGS,COGS,Sales,-1268682.2162808797,2024-12
2024-12-01,2024,Budget,Southeast,Plus,Sales & Marketing,Opex,Marketing,-675946.3913996094,2024-12
2024-12-01,2024,Budget,Southeast,Plus,R&D,Opex,R&D,-376170.49834373407,2024-12
2024-12-01,2024,Budget,Southeast,Plus,G&A,Opex,G&A,-302830.15090116876,2024-12
2024-12-01,2024,Budget,Southeast,Plus,Support,Opex,Support,-214210.63730448714,2024-12
2024-12-01,2024,Actual,Southeast,Enterprise,Revenue,Revenue,Sales,3774440.760618867,2024-12
2024-12-01,2024,Actual,Southeast,Enterprise,COGS,COGS,Sales,-1622574.6035597424,2024-12
2024-12-01,2024,Actual,Southeast,Enterprise,Sales & Marketing,Opex,Marketing,-611603.8563172658,2024-12
2024-12-01,2024,Actual,Southeast,Enterprise,R&D,Opex,R&D,-512234.6106472206,2024-12
2024-12-01,2024,Actual,Southeast,Enterprise,G&A,Opex,G&A,-324444.9795249809,2024-12
2024-12-01,2024,Actual,Southeast,Enterprise,Support,Opex,Support,-238041.53413458733,2024-12
2024-12-01,2024,Budget,Southeast,Enterprise,Revenue,Revenue,Sales,3825229.4388,2024-12
2024-12-01,2024,Budget,Southeast,Enterprise,COGS,COGS,Sales,-1471728.5940824528,2024-12
2024-12-01,2024,Budget,Southeast,Enterprise,Sales & Marketing,Opex,Marketing,-767800.9576535964,2024-12
2024-12-01,2024,Budget,Southeast,Enterprise,R&D,Opex,R&D,-469839.8982891059,2024-12
2024-12-01,2024,Budget,Southeast,Enterprise,G&A,Opex,G&A,-418401.78084887273,2024-12
2024-12-01,2024,Budget,Southeast,Enterprise,Support,Opex,Support,-216652.8757661005,2024-12
2024-12-01,2024,Actual,Southeast,Marketplace Ads,Revenue,Revenue,Sales,1713104.5803743717,2024-12
2024-12-01,2024,Actual,Southeast,Marketplace Ads,COGS,COGS,Sales,-672666.8318826788,2024-12
2024-12-01,2024,Actual,Southeast,Marketplace Ads,Sales & Marketing,Opex,Marketing,-281214.400561748,2024-12
2024-12-01,2024,Actual,Southeast,Marketplace Ads,R&D,Opex,R&D,-201199.77942625832,2024-12
2024-12-01,2024,Actual,Southeast,Marketplace Ads,G&A,Opex,G&A,-150348.8998444052,2024-12
2024-12-01,2024,Actual,Southeast,Marketplace Ads,Support,Opex,Support,-105851.38168713884,2024-12
2024-12-01,2024,Budget,Southeast,Marketplace Ads,Revenue,Revenue,Sales,1700101.9727999999,2024-12
2024-12-01,2024,Budget,Southeast,Marketplace Ads,COGS,COGS,Sales,-673183.7032577554,2024-12
2024-12-01,2024,Budget,Southeast,Marketplace Ads,Sales & Marketing,Opex,Marketing,-332387.75325158174,2024-12
2024-12-01,2024,Budget,Southeast,Marketplace Ads,R&D,Opex,R&D,-207374.33147572345,2024-12
2024-12-01,2024,Budget,Southeast,Marketplace Ads,G&A,Opex,G&A,-179921.50691276466,2024-12
2024-12-01,2024,Budget,Southeast,Marketplace Ads,Support,Opex,Support,-119451.9269261099,2024-12
2024-12-01,2024,Actual,Midwest,Core,Revenue,Revenue,Sales,2694760.789267961,2024-12
2024-12-01,2024,Actual,Midwest,Core,COGS,COGS,Sales,-1117049.6463827079,2024-12
2024-12-01,2024,Actual,Midwest,Core,Sales & Marketing,Opex,Marketing,-518621.6340184164,2024-12
2024-12-01,2024,Actual,Midwest,Core,R&D,Opex,R&D,-337147.4022704725,2024-12
2024-12-01,2024,Actual,Midwest,Core,G&A,Opex,G&A,-235365.87031105967,2024-12
2024-12-01,2024,Actual,Midwest,Core,Support,Opex,Support,-143024.9760247557,2024-12
2024-12-01,2024,Budget,Midwest,Core,Revenue,Revenue,Sales,2684371.536,2024-12
2024-12-01,2024,Budget,Midwest,Core,COGS,COGS,Sales,-1200461.2331529437,2024-12
2024-12-01,2024,Budget,Midwest,Core,Sales & Marketing,Opex,Marketing,-511857.4423860685,2024-12
2024-12-01,2024,Budget,Midwest,Core,R&D,Opex,R&D,-332587.2917143054,2024-12
2024-12-01,2024,Budget,Midwest,Core,G&A,Opex,G&A,-270539.8417574934,2024-12
2024-12-01,2024,Budget,Midwest,Core,Support,Opex,Support,-213599.66242648897,2024-12
2024-12-01,2024,Actual,Midwest,Plus,Revenue,Revenue,Sales,3126134.8496298776,2024-12
2024-12-01,2024,Actual,Midwest,Plus,COGS,COGS,Sales,-1253014.9702265523,2024-12
2024-12-01,2024,Actual,Midwest,Plus,Sales & Marketing,Opex,Marketing,-638301.5074643728,2024-12
2024-12-01,2024,Actual,Midwest,Plus,R&D,Opex,R&D,-342370.8309109439,2024-12
2024-12-01,2024,Actual,Midwest,Plus,G&A,Opex,G&A,-252287.06869006078,2024-12
2024-12-01,2024,Actual,Midwest,Plus,Support,Opex,Support,-200491.3959093485,2024-12
2024-12-01,2024,Budget,Midwest,Plus,Revenue,Revenue,Sales,3087027.2664,2024-12
2024-12-01,2024,Budget,Midwest,Plus,COGS,COGS,Sales,-1356946.2743891487,2024-12
2024-12-01,2024,Budget,Midwest,Plus,Sales & Marketing,Opex,Marketing,-568143.9161947361,2024-12
2024-12-01,2024,Budget,Midwest,Plus,R&D,Opex,R&D,-407270.2423184988,2024-12
2024-12-01,2024,Budget,Midwest,Plus,G&A,Opex,G&A,-291003.71736971184,2024-12
2024-12-01,2024,Budget,Midwest,Plus,Support,Opex,Support,-233524.26090021423,2024-12
2024-12-01,2024,Actual,Midwest,Enterprise,Revenue,Revenue,Sales,3765832.0452732155,2024-12
2024-12-01,2024,Actual,Midwest,Enterprise,COGS,COGS,Sales,-1662739.7586261325,2024-12
2024-12-01,2024,Actual,Midwest,Enterprise,Sales & Marketing,Opex,Marketing,-620044.0823969804,2024-12
2024-12-01,2024,Actual,Midwest,Enterprise,R&D,Opex,R&D,-470062.71372242854,2024-12
2024-12-01,2024,Actual,Midwest,Enterprise,G&A,Opex,G&A,-350269.48694122344,2024-12
2024-12-01,2024,Actual,Midwest,Enterprise,Support,Opex,Support,-280256.8957096526,2024-12
2024-12-01,2024,Budget,Midwest,Enterprise,Revenue,Revenue,Sales,3623901.5736,2024-12
2024-12-01,2024,Budget,Midwest,Enterprise,COGS,COGS,Sales,-1414790.8818977838,2024-12
2024-12-01,2024,Budget,Midwest,Enterprise,Sales & Marketing,Opex,Marketing,-780702.051082934,2024-12
2024-12-01,2024,Budget,Midwest,Enterprise,R&D,Opex,R&D,-485169.4310139013,2024-12
2024-12-01,2024,Budget,Midwest,Enterprise,G&A,Opex,G&A,-304970.9087804284,2024-12
2024-12-01,2024,Budget,Midwest,Enterprise,Support,Opex,Support,-195463.96576826193,2024-12
2024-12-01,2024,Actual,Midwest,Marketplace Ads,Revenue,Revenue,Sales,1662725.4218550937,2024-12
2024-12-01,2024,Actual,Midwest,Marketplace Ads,COGS,COGS,Sales,-745088.9006119651,2024-12
2024-12-01,2024,Actual,Midwest,Marketplace Ads,Sales & Marketing,Opex,Marketing,-296009.3127917694,2024-12
2024-12-01,2024,Actual,Midwest,Marketplace Ads,R&D,Opex,R&D,-179480.1483205467,2024-12
2024-12-01,2024,Actual,Midwest,Marketplace Ads,G&A,Opex,G&A,-177026.27386472322,2024-12
2024-12-01,2024,Actual,Midwest,Marketplace Ads,Support,Opex,Support,-125354.92155931752,2024-12
2024-12-01,2024,Budget,Midwest,Marketplace Ads,Revenue,Revenue,Sales,1610622.9215999998,2024-12
2024-12-01,2024,Budget,Midwest,Marketplace Ads,COGS,COGS,Sales,-622570.2769212372,2024-12
2024-12-01,2024,Budget,Midwest,Marketplace Ads,Sales & Marketing,Opex,Marketing,-329482.30726852315,2024-12
2024-12-01,2024,Budget,Midwest,Marketplace Ads,R&D,Opex,R&D,-221386.5864732988,2024-12
2024-12-01,2024,Budget,Midwest,Marketplace Ads,G&A,Opex,G&A,-139811.7184869554,2024-12
2024-12-01,2024,Budget,Midwest,Marketplace Ads,Support,Opex,Support,-81182.3872593094,2024-12
2024-12-01,2024,Actual,Southwest,Core,Revenue,Revenue,Sales,2924240.19118982,2024-12
2024-12-01,2024,Actual,Southwest,Core,COGS,COGS,Sales,-1125829.8749086512,2024-12
2024-12-01,2024,Actual,Southwest,Core,Sales & Marketing,Opex,Marketing,-598812.9232667579,2024-12
2024-12-01,2024,Actual,Southwest,Core,R&D,Opex,R&D,-340852.6026210836,2024-12
2024-12-01,2024,Actual,Southwest,Core,G&A,Opex,G&A,-278972.34414861636,2024-12
2024-12-01,2024,Actual,Southwest,Core,Support,Opex,Support,-219298.27503164596,2024-12
2024-12-01,2024,Budget,Southwest,Core,Revenue,Revenue,Sales,2982635.0399999996,2024-12
2024-12-01,2024,Budget,Southwest,Core,COGS,COGS,Sales,-1189687.0003621078,2024-12
2024-12-01,2024,Budget,Southwest,Core,Sales & Marketing,Opex,Marketing,-652303.37690248,2024-12
2024-12-01,2024,Budget,Southwest,Core,R&D,Opex,R&D,-374617.87323732016,2024-12
2024-12-01,2024,Budget,Southwest,Core,G&A,Opex,G&A,-272757.2977217458,2024-12
2024-12-01,2024,Budget,Southwest,Core,Support,Opex,Support,-150486.4189575424,2024-12
2024-12-01,2024,Actual,Southwest,Plus,Revenue,Revenue,Sales,3209515.057760571,2024-12
2024-12-01,2024,Actual,Southwest,Plus,COGS,COGS,Sales,-1230127.977876101,2024-12
2024-12-01,2024,Actual,Southwest,Plus,Sales & Marketing,Opex,Marketing,-572127.3053018235,2024-12
2024-12-01,2024,Actual,Southwest,Plus,R&D,Opex,R&D,-413971.22910649376,2024-12
2024-12-01,2024,Actual,Southwest,Plus,G&A,Opex,G&A,-290643.42113681295,2024-12
2024-12-01,2024,Actual,Southwest,Plus,Support,Opex,Support,-190750.30818947498,2024-12
2024-12-01,2024,Budget,Southwest,Plus,Revenue,Revenue,Sales,3430030.296,2024-12
2024-12-01,2024,Budget,Southwest,Plus,COGS,COGS,Sales,-1502785.6458312708,2024-12
2024-12-01,2024,Budget,Southwest,Plus,Sales & Marketing,Opex,Marketing,-696482.6140110162,2024-12
2024-12-01,2024,Budget,Southwest,Plus,R&D,Opex,R&D,-433010.28349444753,2024-12
2024-12-01,2024,Budget,Southwest,Plus,G&A,Opex,G&A,-329765.05779316276,2024-12
2024-12-01,2024,Budget,Southwest,Plus,Support,Opex,Support,-235976.8816900476,2024-12
2024-12-01,2024,Actual,Southwest,Enterprise,Revenue,Revenue,Sales,4212548.044425248,2024-12
2024-12-01,2024,Actual,Southwest,Enterprise,COGS,COGS,Sales,-1714935.1758276157,2024-12
2024-12-01,2024,Actual,Southwest,Enterprise,Sales & Marketing,Opex,Marketing,-872930.6962347499,2024-12
2024-12-01,2024,Actual,Southwest,Enterprise,R&D,Opex,R&D,-503833.39659216075,2024-12
2024-12-01,2024,Actual,Southwest,Enterprise,G&A,Opex,G&A,-394520.7321938323,2024-12
2024-12-01,2024,Actual,Southwest,Enterprise,Support,Opex,Support,-219548.23761867592,2024-12
2024-12-01,2024,Budget,Southwest,Enterprise,Revenue,Revenue,Sales,4026557.304,2024-12
2024-12-01,2024,Budget,Southwest,Enterprise,COGS,COGS,Sales,-1540148.4630974676,2024-12
2024-12-01,2024,Budget,Southwest,Enterprise,Sales & Marketing,Opex,Marketing,-708035.835502929,2024-12
2024-12-01,2024,Budget,Southwest,Enterprise,R&D,Opex,R&D,-545588.9334142616,2024-12
2024-12-01,2024,Budget,Southwest,Enterprise,G&A,Opex,G&A,-379372.2710793365,2024-12
2024-12-01,2024,Budget,Southwest,Enterprise,Support,Opex,Support,-289949.2300494973,2024-12
2024-12-01,2024,Actual,Southwest,Marketplace Ads,Revenue,Revenue,Sales,1759529.965431951,2024-12
2024-12-01,2024,Actual,Southwest,Marketplace Ads,COGS,COGS,Sales,-780421.3732068064,2024-12
2024-12-01,2024,Actual,Southwest,Marketplace Ads,Sales & Marketing,Opex,Marketing,-302026.6537280093,2024-12
2024-12-01,2024,Actual,Southwest,Marketplace Ads,R&D,Opex,R&D,-196521.00743406257,2024-12
2024-12-01,2024,Actual,Southwest,Marketplace Ads,G&A,Opex,G&A,-142370.40543489778,2024-12
2024-12-01,2024,Actual,Southwest,Marketplace Ads,Support,Opex,Support,-94444.44093416329,2024-12
2024-12-01,2024,Budget,Southwest,Marketplace Ads,Revenue,Revenue,Sales,1789581.024,2024-12
2024-12-01,2024,Budget,Southwest,Marketplace Ads,COGS,COGS,Sales,-801142.1326154041,2024-12
2024-12-01,2024,Budget,Southwest,Marketplace Ads,Sales & Marketing,Opex,Marketing,-369433.54147011257,2024-12
2024-12-01,2024,Budget,Southwest,Marketplace Ads,R&D,Opex,R&D,-249426.9817014518,2024-12
2024-12-01,2024,Budget,Southwest,Marketplace Ads,G&A,Opex,G&A,-160119.4871364216,2024-12
2024-12-01,2024,Budget,Southwest,Marketplace Ads,Support,Opex,Support,-106453.37104406265,2024-12
2024-12-01,2024,Actual,West,Core,Revenue,Revenue,Sales,3088756.784212427,2024-12
2024-12-01,2024,Actual,West,Core,COGS,COGS,Sales,-1352766.9888941683,2024-12
2024-12-01,2024,Actual,West,Core,Sales & Marketing,Opex,Marketing,-575533.8557713011,2024-12
2024-12-01,2024,Actual,West,Core,R&D,Opex,R&D,-360666.6298825924,2024-12
2024-12-01,2024,Actual,West,Core,G&A,Opex,G&A,-324867.0490517467,2024-12
2024-12-01,2024,Actual,West,Core,Support,Opex,Support,-200551.49721979472,2024-12
2024-12-01,2024,Budget,West,Core,Revenue,Revenue,Sales,3280898.5439999998,2024-12
2024-12-01,2024,Budget,West,Core,COGS,COGS,Sales,-1371829.3265619418,2024-12
2024-12-01,2024,Budget,West,Core,Sales & Marketing,Opex,Marketing,-584414.4541183726,2024-12
2024-12-01,2024,Budget,West,Core,R&D,Opex,R&D,-410938.7111108582,2024-12
2024-12-01,2024,Budget,West,Core,G&A,Opex,G&A,-300582.4194011355,2024-12
2024-12-01,2024,Budget,West,Core,Support,Opex,Support,-166850.5055179833,2024-12
2024-12-01,2024,Actual,West,Plus,Revenue,Revenue,Sales,3530217.3815271184,2024-12
2024-12-01,2024,Actual,West,Plus,COGS,COGS,Sales,-1585816.5042983934,2024-12
2024-12-01,2024,Actual,West,Plus,Sales & Marketing,Opex,Marketing,-772725.9306769242,2024-12
2024-12-01,2024,Actual,West,Plus,R&D,Opex,R&D,-427703.0409393144,2024-12
2024-12-01,2024,Actual,West,Plus,G&A,Opex,G&A,-290431.158696388,2024-12
2024-12-01,2024,Actual,West,Plus,Support,Opex,Support,-255346.22043542028,2024-12
2024-12-01,2024,Budget,West,Plus,Revenue,Revenue,Sales,3773033.3255999996,2024-12
2024-12-01,2024,Budget,West,Plus,COGS,COGS,Sales,-1500468.6914470359,2024-12
2024-12-01,2024,Budget,West,Plus,Sales & Marketing,Opex,Marketing,-777705.4755741385,2024-12
2024-12-01,2024,Budget,West,Plus,R&D,Opex,R&D,-429729.7071001167,2024-12
2024-12-01,2024,Budget,West,Plus,G&A,Opex,G&A,-411217.64797597006,2024-12
2024-12-01,2024,Budget,West,Plus,Support,Opex,Support,-189172.81048944278,2024-12
2024-12-01,2024,Actual,West,Enterprise,Revenue,Revenue,Sales,4361744.235550209,2024-12
2024-12-01,2024,Actual,West,Enterprise,COGS,COGS,Sales,-1910550.1473952262,2024-12
2024-12-01,2024,Actual,West,Enterprise,Sales & Marketing,Opex,Marketing,-698839.4817211994,2024-12
2024-12-01,2024,Actual,West,Enterprise,R&D,Opex,R&D,-459025.36385219253,2024-12
2024-12-01,2024,Actual,West,Enterprise,G&A,Opex,G&A,-353539.1879523012,2024-12
2024-12-01,2024,Actual,West,Enterprise,Support,Opex,Support,-241993.2375094176,2024-12
2024-12-01,2024,Budget,West,Enterprise,Revenue,Revenue,Sales,4429213.0344,2024-12
2024-12-01,2024,Budget,West,Enterprise,COGS,COGS,Sales,-1922939.227267112,2024-12
2024-12-01,2024,Budget,West,Enterprise,Sales & Marketing,Opex,Marketing,-816258.8526220949,2024-12
2024-12-01,2024,Budget,West,Enterprise,R&D,Opex,R&D,-522886.5023797158,2024-12
2024-12-01,2024,Budget,West,Enterprise,G&A,Opex,G&A,-418585.58446001104,2024-12
2024-12-01,2024,Budget,West,Enterprise,Support,Opex,Support,-258138.45163529477,2024-12
2024-12-01,2024,Actual,West,Marketplace Ads,Revenue,Revenue,Sales,1941652.0160356627,2024-12
2024-12-01,2024,Actual,West,Marketplace Ads,COGS,COGS,Sales,-765046.3795112877,2024-12
2024-12-01,2024,Actual,West,Marketplace Ads,Sales & Marketing,Opex,Marketing,-330244.22569233726,2024-12
2024-12-01,2024,Actual,West,Marketplace Ads,R&D,Opex,R&D,-217237.85628345745,2024-12
2024-12-01,2024,Actual,West,Marketplace Ads,G&A,Opex,G&A,-165702.25693377625,2024-12
2024-12-01,2024,Actual,West,Marketplace Ads,Support,Opex,Support,-119496.05348394698,2024-12
2024-12-01,2024,Budget,West,Marketplace Ads,Revenue,Revenue,Sales,1968539.1264,2024-12
2024-12-01,2024,Budget,West,Marketplace Ads,COGS,COGS,Sales,-749042.5921258357,2024-12
2024-12-01,2024,Budget,West,Marketplace Ads,Sales & Marketing,Opex,Marketing,-414641.23781600554,2024-12
2024-12-01,2024,Budget,West,Marketplace Ads,R&D,Opex,R&D,-275580.15452868195,2024-12
2024-12-01,2024,Budget,West,Marketplace Ads,G&A,Opex,G&A,-212901.29657247846,2024-12
2024-12-01,2024,Budget,West,Marketplace Ads,Support,Opex,Support,-153332.5998807258,2024-12
2025-01-01,2025,Actual,Northeast,Core,Revenue,Revenue,Sales,3292798.2535360693,2025-01
2025-01-01,2025,Actual,Northeast,Core,COGS,COGS,Sales,-1395485.9349600337,2025-01
2025-01-01,2025,Actual,Northeast,Core,Sales & Marketing,Opex,Marketing,-688067.7375584024,2025-01
2025-01-01,2025,Actual,Northeast,Core,R&D,Opex,R&D,-352034.86616733106,2025-01
2025-01-01,2025,Actual,Northeast,Core,G&A,Opex,G&A,-325034.39884405525,2025-01
2025-01-01,2025,Actual,Northeast,Core,Support,Opex,Support,-252559.10290167743,2025-01
2025-01-01,2025,Budget,Northeast,Core,Revenue,Revenue,Sales,3374078.4,2025-01
2025-01-01,2025,Budget,Northeast,Core,COGS,COGS,Sales,-1381579.3160802156,2025-01
2025-01-01,2025,Budget,Northeast,Core,Sales & Marketing,Opex,Marketing,-706581.6920522805,2025-01
2025-01-01,2025,Budget,Northeast,Core,R&D,Opex,R&D,-411220.30447869614,2025-01
2025-01-01,2025,Budget,Northeast,Core,G&A,Opex,G&A,-335857.7200749807,2025-01
2025-01-01,2025,Budget,Northeast,Core,Support,Opex,Support,-223935.39748139703,2025-01
2025-01-01,2025,Actual,Northeast,Plus,Revenue,Revenue,Sales,3698397.695359343,2025-01
2025-01-01,2025,Actual,Northeast,Plus,COGS,COGS,Sales,-1617071.7220248396,2025-01
2025-01-01,2025,Actual,Northeast,Plus,Sales & Marketing,Opex,Marketing,-782171.1102177346,2025-01
2025-01-01,2025,Actual,Northeast,Plus,R&D,Opex,R&D,-504358.022677292,2025-01
2025-01-01,2025,Actual,Northeast,Plus,G&A,Opex,G&A,-303807.6984626304,2025-01
2025-01-01,2025,Actual,Northeast,Plus,Support,Opex,Support,-249714.71666978436,2025-01
2025-01-01,2025,Budget,Northeast,Plus,Revenue,Revenue,Sales,3880190.16,2025-01
2025-01-01,2025,Budget,Northeast,Plus,COGS,COGS,Sales,-1698663.8211751601,2025-01
2025-01-01,2025,Budget,Northeast,Plus,Sales & Marketing,Opex,Marketing,-804910.7092086385,2025-01
2025-01-01,2025,Budget,Northeast,Plus,R&D,Opex,R&D,-455242.3796887657,2025-01
2025-01-01,2025,Budget,Northeast,Plus,G&A,Opex,G&A,-405335.82029388443,2025-01
2025-01-01,2025,Budget,Northeast,Plus,Support,Opex,Support,-300670.8291457358,2025-01
2025-01-01,2025,Actual,Northeast,Enterprise,Revenue,Revenue,Sales,4685759.475237243,2025-01
2025-01-01,2025,Actual,Northeast,Enterprise,COGS,COGS,Sales,-1811185.5268330805,2025-01
2025-01-01,2025,Actual,Northeast,Enterprise,Sales & Marketing,Opex,Marketing,-851998.0311467873,2025-01
2025-01-01,2025,Actual,Northeast,Enterprise,R&D,Opex,R&D,-493280.6000818898,2025-01
2025-01-01,2025,Actual,Northeast,Enterprise,G&A,Opex,G&A,-390263.63207009825,2025-01
2025-01-01,2025,Actual,Northeast,Enterprise,Support,Opex,Support,-276440.5384656311,2025-01
2025-01-01,2025,Budget,Northeast,Enterprise,Revenue,Revenue,Sales,4555005.84,2025-01
2025-01-01,2025,Budget,Northeast,Enterprise,COGS,COGS,Sales,-1782967.9730373332,2025-01
2025-01-01,2025,Budget,Northeast,Enterprise,Sales & Marketing,Opex,Marketing,-928896.5905225312,2025-01
2025-01-01,2025,Budget,Northeast,Enterprise,R&D,Opex,R&D,-553213.9334198069,2025-01
2025-01-01,2025,Budget,Northeast,Enterprise,G&A,Opex,G&A,-381399.8308539017,2025-01
2025-01-01,2025,Budget,Northeast,Enterprise,Support,Opex,Support,-283890.3393008591,2025-01
2025-01-01,2025,Actual,Northeast,Marketplace Ads,Revenue,Revenue,Sales,2256441.0015715607,2025-01
2025-01-01,2025,Actual,Northeast,Marketplace Ads,COGS,COGS,Sales,-857964.6691485738,2025-01
2025-01-01,2025,Actual,Northeast,Marketplace Ads,Sales & Marketing,Opex,Marketing,-361278.69664792955,2025-01
2025-01-01,2025,Actual,Northeast,Marketplace Ads,R&D,Opex,R&D,-286217.29500482377,2025-01
2025-01-01,2025,Actual,Northeast,Marketplace Ads,G&A,Opex,G&A,-201865.68412017,2025-01
2025-01-01,2025,Actual,Northeast,Marketplace Ads,Support,Opex,Support,-171417.8224494007,2025-01
2025-01-01,2025,Budget,Northeast,Marketplace Ads,Revenue,Revenue,Sales,2024447.04,2025-01
2025-01-01,2025,Budget,Northeast,Marketplace Ads,COGS,COGS,Sales,-809644.4302686648,2025-01
2025-01-01,2025,Budget,Northeast,Marketplace Ads,Sales & Marketing,Opex,Marketing,-444420.8450417195,2025-01
2025-01-01,2025,Budget,Northeast,Marketplace Ads,R&D,Opex,R&D,-223641.32180967115,2025-01
2025-01-01,2025,Budget,Northeast,Marketplace Ads,G&A,Opex,G&A,-217731.29059179462,2025-01
2025-01-01,2025,Budget,Northeast,Marketplace Ads,Support,Opex,Support,-120645.44045048469,2025-01
2025-01-01,2025,Actual,Southeast,Core,Revenue,Revenue,Sales,2816468.1493867594,2025-01
2025-01-01,2025,Actual,Southeast,Core,COGS,COGS,Sales,-1267400.6256389362,2025-01
2025-01-01,2025,Actual,Southeast,Core,Sales & Marketing,Opex,Marketing,-457561.15666646016,2025-01
2025-01-01,2025,Actual,Southeast,Core,R&D,Opex,R&D,-340634.38012045395,2025-01
2025-01-01,2025,Actual,Southeast,Core,G&A,Opex,G&A,-288816.6596841553,2025-01
2025-01-01,2025,Actual,Southeast,Core,Support,Opex,Support,-212188.67781796525,2025-01
2025-01-01,2025,Budget,Southeast,Core,Revenue,Revenue,Sales,3052737.6,2025-01
2025-01-01,2025,Budget,Southeast,Core,COGS,COGS,Sales,-1262092.7372466724,2025-01
2025-01-01,2025,Budget,Southeast,Core,Sales & Marketing,Opex,Marketing,-582025.6350718567,2025-01
2025-01-01,2025,Budget,Southeast,Core,R&D,Opex,R&D,-418643.4813859687,2025-01
2025-01-01,2025,Budget,Southeast,Core,G&A,Opex,G&A,-303880.8533511342,2025-01
2025-01-01,2025,Budget,Southeast,Core,Support,Opex,Support,-196378.96620363992,2025-01
2025-01-01,2025,Actual,Southeast,Plus,Revenue,Revenue,Sales,3294696.8128718557,2025-01
2025-01-01,2025,Actual,Southeast,Plus,COGS,COGS,Sales,-1356450.8188141398,2025-01
2025-01-01,2025,Actual,Southeast,Plus,Sales & Marketing,Opex,Marketing,-714808.8745833575,2025-01
2025-01-01,2025,Actual,Southeast,Plus,R&D,Opex,R&D,-340366.893089178,2025-01
2025-01-01,2025,Actual,Southeast,Plus,G&A,Opex,G&A,-337625.11618457834,2025-01
2025-01-01,2025,Actual,Southeast,Plus,Support,Opex,Support,-237325.7747609685,2025-01
2025-01-01,2025,Budget,Southeast,Plus,Revenue,Revenue,Sales,3510648.24,2025-01
2025-01-01,2025,Budget,Southeast,Plus,COGS,COGS,Sales,-1541155.0078889094,2025-01
2025-01-01,2025,Budget,Southeast,Plus,Sales & Marketing,Opex,Marketing,-635889.542194555,2025-01
2025-01-01,2025,Budget,Southeast,Plus,R&D,Opex,R&D,-361414.8949302982,2025-01
2025-01-01,2025,Budget,Southeast,Plus,G&A,Opex,G&A,-322739.42927497433,2025-01
2025-01-01,2025,Budget,Southeast,Plus,Support,Opex,Support,-233732.23259515918,2025-01
2025-01-01,2025,Actual,Southeast,Enterprise,Revenue,Revenue,Sales,4256669.64810217,2025-01
2025-01-01,2025,Actual,Southeast,Enterprise,COGS,COGS,Sales,-1746794.6064243563,2025-01
2025-01-01,2025,Actual,Southeast,Enterprise,Sales & Marketing,Opex,Marketing,-824395.8434023397,2025-01
2025-01-01,2025,Actual,Southeast,Enterprise,R&D,Opex,R&D,-564727.823108877,2025-01
2025-01-01,2025,Actual,Southeast,Enterprise,G&A,Opex,G&A,-393586.99347561627,2025-01
2025-01-01,2025,Actual,Southeast,Enterprise,Support,Opex,Support,-227177.65648353437,2025-01
2025-01-01,2025,Budget,Southeast,Enterprise,Revenue,Revenue,Sales,4121195.7600000002,2025-01
2025-01-01,2025,Budget,Southeast,Enterprise,COGS,COGS,Sales,-1737116.6425328334,2025-01
2025-01-01,2025,Budget,Southeast,Enterprise,Sales & Marketing,Opex,Marketing,-724321.7943970104,2025-01
2025-01-01,2025,Budget,Southeast,Enterprise,R&D,Opex,R&D,-520995.7736602419,2025-01
2025-01-01,2025,Budget,Southeast,Enterprise,G&A,Opex,G&A,-379499.3292098959,2025-01
2025-01-01,2025,Budget,Southeast,Enterprise,Support,Opex,Support,-282265.31798449095,2025-01
2025-01-01,2025,Actual,Southeast,Marketplace Ads,Revenue,Revenue,Sales,1782671.216831679,2025-01
2025-01-01,2025,Actual,Southeast,Marketplace Ads,COGS,COGS,Sales,-694806.8010671629,2025-01
2025-01-01,2025,Actual,Southeast,Marketplace Ads,Sales & Marketing,Opex,Marketing,-324564.82643984543,2025-01
2025-01-01,2025,Actual,Southeast,Marketplace Ads,R&D,Opex,R&D,-213349.32954987802,2025-01
2025-01-01,2025,Actual,Southeast,Marketplace Ads,G&A,Opex,G&A,-152911.41533953126,2025-01
2025-01-01,2025,Actual,Southeast,Marketplace Ads,Support,Opex,Support,-131913.7029214195,2025-01
2025-01-01,2025,Budget,Southeast,Marketplace Ads,Revenue,Revenue,Sales,1831642.56,2025-01
2025-01-01,2025,Budget,Southeast,Marketplace Ads,COGS,COGS,Sales,-781024.777597512,2025-01
2025-01-01,2025,Budget,Southeast,Marketplace Ads,Sales & Marketing,Opex,Marketing,-316573.62684771477,2025-01
2025-01-01,2025,Budget,Southeast,Marketplace Ads,R&D,Opex,R&D,-210898.2514719504,2025-01
2025-01-01,2025,Budget,Southeast,Marketplace Ads,G&A,Opex,G&A,-146752.028715033,2025-01
2025-01-01,2025,Budget,Southeast,Marketplace Ads,Support,Opex,Support,-93160.2878438281,2025-01
2025-01-01,2025,Actual,Midwest,Core,Revenue,Revenue,Sales,2726373.3922010423,2025-01
2025-01-01,2025,Actual,Midwest,Core,COGS,COGS,Sales,-1039596.6691440555,2025-01
2025-01-01,2025,Actual,Midwest,Core,Sales & Marketing,Opex,Marketing,-526198.2587236197,2025-01
2025-01-01,2025,Actual,Midwest,Core,R&D,Opex,R&D,-303168.7126564461,2025-01
2025-01-01,2025,Actual,Midwest,Core,G&A,Opex,G&A,-232059.58903653573,2025-01
2025-01-01,2025,Actual,Midwest,Core,Support,Opex,Support,-210426.6343729463,2025-01
2025-01-01,2025,Budget,Midwest,Core,Revenue,Revenue,Sales,2892067.2,2025-01
2025-01-01,2025,Budget,Midwest,Core,COGS,COGS,Sales,-1249234.9165204784,2025-01
2025-01-01,2025,Budget,Midwest,Core,Sales & Marketing,Opex,Marketing,-612479.4691479146,2025-01
2025-01-01,2025,Budget,Midwest,Core,R&D,Opex,R&D,-306392.71914291766,2025-01
2025-01-01,2025,Budget,Midwest,Core,G&A,Opex,G&A,-246503.9933017887,2025-01
2025-01-01,2025,Budget,Midwest,Core,Support,Opex,Support,-167672.89029875302,2025-01
2025-01-01,2025,Actual,Midwest,Plus,Revenue,Revenue,Sales,3370687.805037738,2025-01
2025-01-01,2025,Actual,Midwest,Plus,COGS,COGS,Sales,-1434292.0334897414,2025-01
2025-01-01,2025,Actual,Midwest,Plus,Sales & Marketing,Opex,Marketing,-729636.8304100559,2025-01
2025-01-01,2025,Actual,Midwest,Plus,R&D,Opex,R&D,-399713.316979114,2025-01
2025-01-01,2025,Actual,Midwest,Plus,G&A,Opex,G&A,-339394.1916234777,2025-01
2025-01-01,2025,Actual,Midwest,Plus,Support,Opex,Support,-187897.325634987,2025-01
2025-01-01,2025,Budget,Midwest,Plus,Revenue,Revenue,Sales,3325877.2800000003,2025-01
2025-01-01,2025,Budget,Midwest,Plus,COGS,COGS,Sales,-1293828.7570903546,2025-01
2025-01-01,2025,Budget,Midwest,Plus,Sales & Marketing,Opex,Marketing,-688338.1722667947,2025-01
2025-01-01,2025,Budget,Midwest,Plus,R&D,Opex,R&D,-342270.70723373594,2025-01
2025-01-01,2025,Budget,Midwest,Plus,G&A,Opex,G&A,-267951.5774576076,2025-01
2025-01-01,2025,Budget,Midwest,Plus,Support,Opex,Support,-200338.73881036066,2025-01
2025-01-01,2025,Actual,Midwest,Enterprise,Revenue,Revenue,Sales,3995628.877198462,2025-01
2025-01-01,2025,Actual,Midwest,Enterprise,COGS,COGS,Sales,-1740697.9437833258,2025-01
2025-01-01,2025,Actual,Midwest,Enterprise,Sales & Marketing,Opex,Marketing,-807319.2419737604,2025-01
2025-01-01,2025,Actual,Midwest,Enterprise,R&D,Opex,R&D,-454176.0874677166,2025-01
2025-01-01,2025,Actual,Midwest,Enterprise,G&A,Opex,G&A,-437889.83105585654,2025-01
2025-01-01,2025,Actual,Midwest,Enterprise,Support,Opex,Support,-267876.6628086393,2025-01
2025-01-01,2025,Budget,Midwest,Enterprise,Revenue,Revenue,Sales,3904290.72,2025-01
2025-01-01,2025,Budget,Midwest,Enterprise,COGS,COGS,Sales,-1667134.0641674432,2025-01
2025-01-01,2025,Budget,Midwest,Enterprise,Sales & Marketing,Opex,Marketing,-733096.9673850805,2025-01
2025-01-01,2025,Budget,Midwest,Enterprise,R&D,Opex,R&D,-447528.50313606695,2025-01
2025-01-01,2025,Budget,Midwest,Enterprise,G&A,Opex,G&A,-355102.471592251,2025-01
2025-01-01,2025,Budget,Midwest,Enterprise,Support,Opex,Support,-230575.72524169926,2025-01
2025-01-01,2025,Actual,Midwest,Marketplace Ads,Revenue,Revenue,Sales,1754642.573088576,2025-01
2025-01-01,2025,Actual,Midwest,Marketplace Ads,COGS,COGS,Sales,-750669.1712469513,2025-01
2025-01-01,2025,Actual,Midwest,Marketplace Ads,Sales & Marketing,Opex,Marketing,-326839.4542758685,2025-01
2025-01-01,2025,Actual,Midwest,Marketplace Ads,R&D,Opex,R&D,-218531.81535933822,2025-01
2025-01-01,2025,Actual,Midwest,Marketplace Ads,G&A,Opex,G&A,-183477.42072111988,2025-01
2025-01-01,2025,Actual,Midwest,Marketplace Ads,Support,Opex,Support,-138079.992832167,2025-01
2025-01-01,2025,Budget,Midwest,Marketplace Ads,Revenue,Revenue,Sales,1735240.32,2025-01
2025-01-01,2025,Budget,Midwest,Marketplace Ads,COGS,COGS,Sales,-666582.4061517791,2025-01
2025-01-01,2025,Budget,Midwest,Marketplace Ads,Sales & Marketing,Opex,Marketing,-310770.20664653624,2025-01
2025-01-01,2025,Budget,Midwest,Marketplace Ads,R&D,Opex,R&D,-205371.33872669825,2025-01
2025-01-01,2025,Budget,Midwest,Marketplace Ads,G&A,Opex,G&A,-173057.59851924397,2025-01
2025-01-01,2025,Budget,Midwest,Marketplace Ads,Support,Opex,Support,-101525.63161647039,2025-01
2025-01-01,2025,Actual,Southwest,Core,Revenue,Revenue,Sales,3211650.7413381585,2025-01
2025-01-01,2025,Actual,Southwest,Core,COGS,COGS,Sales,-1252913.9567754813,2025-01
2025-01-01,2025,Actual,Southwest,Core,Sales & Marketing,Opex,Marketing,-584792.3884684306,2025-01
2025-01-01,2025,Actual,Southwest,Core,R&D,Opex,R&D,-417628.8946903901,2025-01
2025-01-01,2025,Actual,Southwest,Core,G&A,Opex,G&A,-314649.07848601637,2025-01
2025-01-01,2025,Actual,Southwest,Core,Support,Opex,Support,-219072.89416720413,2025-01
2025-01-01,2025,Budget,Southwest,Core,Revenue,Revenue,Sales,3213408.0,2025-01
2025-01-01,2025,Budget,Southwest,Core,COGS,COGS,Sales,-1439066.6228653968,2025-01
2025-01-01,2025,Budget,Southwest,Core,Sales & Marketing,Opex,Marketing,-702373.2697587464,2025-01
2025-01-01,2025,Budget,Southwest,Core,R&D,Opex,R&D,-407301.68396906403,2025-01
2025-01-01,2025,Budget,Southwest,Core,G&A,Opex,G&A,-275299.45789263386,2025-01
2025-01-01,2025,Budget,Southwest,Core,Support,Opex,Support,-234730.25032283607,2025-01
2025-01-01,2025,Actual,Southwest,Plus,Revenue,Revenue,Sales,3724410.6222987752,2025-01
2025-01-01,2025,Actual,Southwest,Plus,COGS,COGS,Sales,-1500300.5122537403,2025-01
2025-01-01,2025,Actual,Southwest,Plus,Sales & Marketing,Opex,Marketing,-770174.4553904193,2025-01
2025-01-01,2025,Actual,Southwest,Plus,R&D,Opex,R&D,-463188.5463730237,2025-01
2025-01-01,2025,Actual,Southwest,Plus,G&A,Opex,G&A,-356293.21868661896,2025-01
2025-01-01,2025,Actual,Southwest,Plus,Support,Opex,Support,-251614.34375212243,2025-01
2025-01-01,2025,Budget,Southwest,Plus,Revenue,Revenue,Sales,3695419.2,2025-01
2025-01-01,2025,Budget,Southwest,Plus,COGS,COGS,Sales,-1430031.0219598843,2025-01
2025-01-01,2025,Budget,Southwest,Plus,Sales & Marketing,Opex,Marketing,-616101.5615195844,2025-01
2025-01-01,2025,Budget,Southwest,Plus,R&D,Opex,R&D,-429156.4081439213,2025-01
2025-01-01,2025,Budget,Southwest,Plus,G&A,Opex,G&A,-366598.77778990223,2025-01
2025-01-01,2025,Budget,Southwest,Plus,Support,Opex,Support,-201139.57939139928,2025-01
2025-01-01,2025,Actual,Southwest,Enterprise,Revenue,Revenue,Sales,3815215.1861672234,2025-01
2025-01-01,2025,Actual,Southwest,Enterprise,COGS,COGS,Sales,-1523109.2322741626,2025-01
2025-01-01,2025,Actual,Southwest,Enterprise,Sales & Marketing,Opex,Marketing,-644166.3063722522,2025-01
2025-01-01,2025,Actual,Southwest,Enterprise,R&D,Opex,R&D,-436802.48803450254,2025-01
2025-01-01,2025,Actual,Southwest,Enterprise,G&A,Opex,G&A,-353326.59008734114,2025-01
2025-01-01,2025,Actual,Southwest,Enterprise,Support,Opex,Support,-260885.97997941409,2025-01
2025-01-01,2025,Budget,Southwest,Enterprise,Revenue,Revenue,Sales,4338100.8,2025-01
2025-01-01,2025,Budget,Southwest,Enterprise,COGS,COGS,Sales,-1716214.976787497,2025-01
2025-01-01,2025,Budget,Southwest,Enterprise,Sales & Marketing,Opex,Marketing,-747888.9239502514,2025-01
2025-01-01,2025,Budget,Southwest,Enterprise,R&D,Opex,R&D,-584755.7095472661,2025-01
2025-01-01,2025,Budget,Southwest,Enterprise,G&A,Opex,G&A,-380625.65893697756,2025-01
2025-01-01,2025,Budget,Southwest,Enterprise,Support,Opex,Support,-245018.04556103025,2025-01
2025-01-01,2025,Actual,Southwest,Marketplace Ads,Revenue,Revenue,Sales,1935285.213777983,2025-01
2025-01-01,2025,Actual,Southwest,Marketplace Ads,COGS,COGS,Sales,-789559.4205400357,2025-01
2025-01-01,2025,Actual,Southwest,Marketplace Ads,Sales & Marketing,Opex,Marketing,-334826.1605858716,2025-01
2025-01-01,2025,Actual,Southwest,Marketplace Ads,R&D,Opex,R&D,-234850.70365451573,2025-01
2025-01-01,2025,Actual,Southwest,Marketplace Ads,G&A,Opex,G&A,-182597.31086281416,2025-01
2025-01-01,2025,Actual,Southwest,Marketplace Ads,Support,Opex,Support,-151057.09594529474,2025-01
2025-01-01,2025,Budget,Southwest,Marketplace Ads,Revenue,Revenue,Sales,1928044.8,2025-01
2025-01-01,2025,Budget,Southwest,Marketplace Ads,COGS,COGS,Sales,-771358.6998749863,2025-01
2025-01-01,2025,Budget,Southwest,Marketplace Ads,Sales & Marketing,Opex,Marketing,-319364.639056769,2025-01
2025-01-01,2025,Budget,Southwest,Marketplace Ads,R&D,Opex,R&D,-240320.3662528171,2025-01
2025-01-01,2025,Budget,Southwest,Marketplace Ads,G&A,Opex,G&A,-155936.5762926313,2025-01
2025-01-01,2025,Budget,Southwest,Marketplace Ads,Support,Opex,Support,-140202.11533512757,2025-01
2025-01-01,2025,Actual,West,Core,Revenue,Revenue,Sales,3357852.878997628,2025-01
2025-01-01,2025,Actual,West,Core,COGS,COGS,Sales,-1392291.7584225275,2025-01
2025-01-01,2025,Actual,West,Core,Sales & Marketing,Opex,Marketing,-648523.0661521205,2025-01
2025-01-01,2025,Actual,West,Core,R&D,Opex,R&D,-379097.09630082175,2025-01
2025-01-01,2025,Actual,West,Core,G&A,Opex,G&A,-305949.08238936984,2025-01
2025-01-01,2025,Actual,West,Core,Support,Opex,Support,-188559.6454321058,2025-01
2025-01-01,2025,Budget,West,Core,Revenue,Revenue,Sales,3534748.8000000003,2025-01
2025-01-01,2025,Budget,West,Core,COGS,COGS,Sales,-1561488.22834615,2025-01
2025-01-01,2025,Budget,West,Core,Sales & Marketing,Opex,Marketing,-586967.6844969868,2025-01
2025-01-01,2025,Budget,West,Core,R&D,Opex,R&D,-484348.6548197336,2025-01
2025-01-01,2025,Budget,West,Core,G&A,Opex,G&A,-293483.8787790356,2025-01
2025-01-01,2025,Budget,West,Core,Support,Opex,Support,-215225.4727426025,2025-01
2025-01-01,2025,Actual,West,Plus,Revenue,Revenue,Sales,4001907.1131227124,2025-01
2025-01-01,2025,Actual,West,Plus,COGS,COGS,Sales,-1739594.8133658122,2025-01
2025-01-01,2025,Actual,West,Plus,Sales & Marketing,Opex,Marketing,-750311.7116286992,2025-01
2025-01-01,2025,Actual,West,Plus,R&D,Opex,R&D,-549110.1220349517,2025-01
2025-01-01,2025,Actual,West,Plus,G&A,Opex,G&A,-412996.0754509155,2025-01
2025-01-01,2025,Actual,West,Plus,Support,Opex,Support,-293542.8276719634,2025-01
2025-01-01,2025,Budget,West,Plus,Revenue,Revenue,Sales,4064961.12,2025-01
2025-01-01,2025,Budget,West,Plus,COGS,COGS,Sales,-1688986.9538958934,2025-01
2025-01-01,2025,Budget,West,Plus,Sales & Marketing,Opex,Marketing,-733590.1642422734,2025-01
2025-01-01,2025,Budget,West,Plus,R&D,Opex,R&D,-563908.6963821141,2025-01
2025-01-01,2025,Budget,West,Plus,G&A,Opex,G&A,-348750.8069036428,2025-01
2025-01-01,2025,Budget,West,Plus,Support,Opex,Support,-301432.5201220267,2025-01
2025-01-01,2025,Actual,West,Enterprise,Revenue,Revenue,Sales,4419784.848021401,2025-01
2025-01-01,2025,Actual,West,Enterprise,COGS,COGS,Sales,-1934841.5583088205,2025-01
2025-01-01,2025,Actual,West,Enterprise,Sales & Marketing,Opex,Marketing,-795522.8365247304,2025-01
2025-01-01,2025,Actual,West,Enterprise,R&D,Opex,R&D,-507752.62443781365,2025-01
2025-01-01,2025,Actual,West,Enterprise,G&A,Opex,G&A,-413500.6553716937,2025-01
2025-01-01,2025,Actual,West,Enterprise,Support,Opex,Support,-313859.6776752384,2025-01
2025-01-01,2025,Budget,West,Enterprise,Revenue,Revenue,Sales,4771910.88,2025-01
2025-01-01,2025,Budget,West,Enterprise,COGS,COGS,Sales,-1912916.2013708495,2025-01
2025-01-01,2025,Budget,West,Enterprise,Sales & Marketing,Opex,Marketing,-908003.6997084224,2025-01
2025-01-01,2025,Budget,West,Enterprise,R&D,Opex,R&D,-534867.2351779543,2025-01
2025-01-01,2025,Budget,West,Enterprise,G&A,Opex,G&A,-489244.8578285386,2025-01
2025-01-01,2025,Budget,West,Enterprise,Support,Opex,Support,-239452.29557535952,2025-01
2025-01-01,2025,Actual,West,Marketplace Ads,Revenue,Revenue,Sales,2035647.9764213134,2025-01
2025-01-01,2025,Actual,West,Marketplace Ads,COGS,COGS,Sales,-833621.1533488106,2025-01
2025-01-01,2025,Actual,West,Marketplace Ads,Sales & Marketing,Opex,Marketing,-367610.9407726011,2025-01
2025-01-01,2025,Actual,West,Marketplace Ads,R&D,Opex,R&D,-284528.99070635065,2025-01
2025-01-01,2025,Actual,West,Marketplace Ads,G&A,Opex,G&A,-196351.98431651513,2025-01
2025-01-01,2025,Actual,West,Marketplace Ads,Support,Opex,Support,-119303.76358076843,2025-01
2025-01-01,2025,Budget,West,Marketplace Ads,Revenue,Revenue,Sales,2120849.2800000003,2025-01
2025-01-01,2025,Budget,West,Marketplace Ads,COGS,COGS,Sales,-853292.1386422897,2025-01
2025-01-01,2025,Budget,West,Marketplace Ads,Sales & Marketing,Opex,Marketing,-460252.73487046635,2025-01
2025-01-01,2025,Budget,West,Marketplace Ads,R&D,Opex,R&D,-232114.78493000916,2025-01
2025-01-01,2025,Budget,West,Marketplace Ads,G&A,Opex,G&A,-182706.88176473006,2025-01
2025-01-01,2025,Budget,West,Marketplace Ads,Support,Opex,Support,-138780.60562195253,2025-01
2025-02-01,2025,Actual,Northeast,Core,Revenue,Revenue,Sales,3573393.3999532387,2025-02
2025-02-01,2025,Actual,Northeast,Core,COGS,COGS,Sales,-1492460.223034699,2025-02
2025-02-01,2025,Actual,Northeast,Core,Sales & Marketing,Opex,Marketing,-649573.1346766467,2025-02
2025-02-01,2025,Actual,Northeast,Core,R&D,Opex,R&D,-398497.0046646767,2025-02
2025-02-01,2025,Actual,Northeast,Core,G&A,Opex,G&A,-333924.4998703503,2025-02
2025-02-01,2025,Actual,Northeast,Core,Support,Opex,Support,-269361.65527215035,2025-02
2025-02-01,2025,Budget,Northeast,Core,Revenue,Revenue,Sales,3621479.4,2025-02
2025-02-01,2025,Budget,Northeast,Core,COGS,COGS,Sales,-1538102.3024656943,2025-02
2025-02-01,2025,Budget,Northeast,Core,Sales & Marketing,Opex,Marketing,-734637.6725825694,2025-02
2025-02-01,2025,Budget,Northeast,Core,R&D,Opex,R&D,-372060.4310860856,2025-02
2025-02-01,2025,Budget,Northeast,Core,G&A,Opex,G&A,-330909.82326542924,2025-02
2025-02-01,2025,Budget,Northeast,Core,Support,Opex,Support,-217566.88881239542,2025-02
2025-02-01,2025,Actual,Northeast,Plus,Revenue,Revenue,Sales,3985711.5803707214,2025-02
2025-02-01,2025,Actual,Northeast,Plus,COGS,COGS,Sales,-1656191.1735038473,2025-02
2025-02-01,2025,Actual,Northeast,Plus,Sales & Marketing,Opex,Marketing,-789726.7727844468,2025-02
2025-02-01,2025,Actual,Northeast,Plus,R&D,Opex,R&D,-427576.5478546253,2025-02
2025-02-01,2025,Actual,Northeast,Plus,G&A,Opex,G&A,-319580.94571092405,2025-02
2025-02-01,2025,Actual,Northeast,Plus,Support,Opex,Support,-260487.77950632913,2025-02
2025-02-01,2025,Budget,Northeast,Plus,Revenue,Revenue,Sales,4164701.31,2025-02
2025-02-01,2025,Budget,Northeast,Plus,COGS,COGS,Sales,-1758067.5119232757,2025-02
2025-02-01,2025,Budget,Northeast,Plus,Sales & Marketing,Opex,Marketing,-857397.042108581,2025-02
2025-02-01,2025,Budget,Northeast,Plus,R&D,Opex,R&D,-495187.3380060975,2025-02
2025-02-01,2025,Budget,Northeast,Plus,G&A,Opex,G&A,-371089.86925500096,2025-02
2025-02-01,2025,Budget,Northeast,Plus,Support,Opex,Support,-308728.9810760535,2025-02
2025-02-01,2025,Actual,Northeast,Enterprise,Revenue,Revenue,Sales,5119712.82070468,2025-02
2025-02-01,2025,Actual,Northeast,Enterprise,COGS,COGS,Sales,-2264953.5159531496,2025-02
2025-02-01,2025,Actual,Northeast,Enterprise,Sales & Marketing,Opex,Marketing,-880308.6024123578,2025-02
2025-02-01,2025,Actual,Northeast,Enterprise,R&D,Opex,R&D,-685004.1888317155,2025-02
2025-02-01,2025,Actual,Northeast,Enterprise,G&A,Opex,G&A,-506118.30979033146,2025-02
2025-02-01,2025,Actual,Northeast,Enterprise,Support,Opex,Support,-311104.1133669281,2025-02
2025-02-01,2025,Budget,Northeast,Enterprise,Revenue,Revenue,Sales,4888997.19,2025-02
2025-02-01,2025,Budget,Northeast,Enterprise,COGS,COGS,Sales,-1964836.7756937079,2025-02
2025-02-01,2025,Budget,Northeast,Enterprise,Sales & Marketing,Opex,Marketing,-976196.372278042,2025-02
2025-02-01,2025,Budget,Northeast,Enterprise,R&D,Opex,R&D,-621537.5513821644,2025-02
2025-02-01,2025,Budget,Northeast,Enterprise,G&A,Opex,G&A,-473423.11205962923,2025-02
2025-02-01,2025,Budget,Northeast,Enterprise,Support,Opex,Support,-286322.0637964087,2025-02
2025-02-01,2025,Actual,Northeast,Marketplace Ads,Revenue,Revenue,Sales,2257797.8513602563,2025-02
2025-02-01,2025,Actual,Northeast,Marketplace Ads,COGS,COGS,Sales,-986152.5971964704,2025-02
2025-02-01,2025,Actual,Northeast,Marketplace Ads,Sales & Marketing,Opex,Marketing,-444371.1170970636,2025-02
2025-02-01,2025,Actual,Northeast,Marketplace Ads,R&D,Opex,R&D,-282593.6566145537,2025-02
2025-02-01,2025,Actual,Northeast,Marketplace Ads,G&A,Opex,G&A,-237435.46685103176,2025-02
2025-02-01,2025,Actual,Northeast,Marketplace Ads,Support,Opex,Support,-176564.7313816195,2025-02
2025-02-01,2025,Budget,Northeast,Marketplace Ads,Revenue,Revenue,Sales,2172887.64,2025-02
2025-02-01,2025,Budget,Northeast,Marketplace Ads,COGS,COGS,Sales,-863950.4929285402,2025-02
2025-02-01,2025,Budget,Northeast,Marketplace Ads,Sales & Marketing,Opex,Marketing,-434788.6030391269,2025-02
2025-02-01,2025,Budget,Northeast,Marketplace Ads,R&D,Opex,R&D,-279584.16915804363,2025-02
2025-02-01,2025,Budget,Northeast,Marketplace Ads,G&A,Opex,G&A,-193178.34456630037,2025-02
2025-02-01,2025,Budget,Northeast,Marketplace Ads,Support,Opex,Support,-153302.3485597421,2025-02
2025-02-01,2025,Actual,Southeast,Core,Revenue,Revenue,Sales,3327198.525943095,2025-02
2025-02-01,2025,Actual,Southeast,Core,COGS,COGS,Sales,-1487588.5403942803,2025-02
2025-02-01,2025,Actual,Southeast,Core,Sales & Marketing,Opex,Marketing,-638661.2903678267,2025-02
2025-02-01,2025,Actual,Southeast,Core,R&D,Opex,R&D,-456516.3869409973,2025-02
2025-02-01,2025,Actual,Southeast,Core,G&A,Opex,G&A,-314696.02345358103,2025-02
2025-02-01,2025,Actual,Southeast,Core,Support,Opex,Support,-260419.70150459724,2025-02
2025-02-01,2025,Budget,Southeast,Core,Revenue,Revenue,Sales,3276576.6,2025-02
2025-02-01,2025,Budget,Southeast,Core,COGS,COGS,Sales,-1369389.0688993945,2025-02
2025-02-01,2025,Budget,Southeast,Core,Sales & Marketing,Opex,Marketing,-655403.6349215201,2025-02
2025-02-01,2025,Budget,Southeast,Core,R&D,Opex,R&D,-439737.45566579973,2025-02
2025-02-01,2025,Budget,Southeast,Core,G&A,Opex,G&A,-285772.21899747575,2025-02
2025-02-01,2025,Budget,Southeast,Core,Support,Opex,Support,-217360.01521921527,2025-02
2025-02-01,2025,Actual,Southeast,Plus,Revenue,Revenue,Sales,3448458.5862738364,2025-02
2025-02-01,2025,Actual,Southeast,Plus,COGS,COGS,Sales,-1429658.7222903937,2025-02
2025-02-01,2025,Actual,Southeast,Plus,Sales & Marketing,Opex,Marketing,-605468.2222713062,2025-02
2025-02-01,2025,Actual,Southeast,Plus,R&D,Opex,R&D,-394796.25834504754,2025-02
2025-02-01,2025,Actual,Southeast,Plus,G&A,Opex,G&A,-368428.9748305656,2025-02
2025-02-01,2025,Actual,Southeast,Plus,Support,Opex,Support,-218276.04500851186,2025-02
2025-02-01,2025,Budget,Southeast,Plus,Revenue,Revenue,Sales,3768063.09,2025-02
2025-02-01,2025,Budget,Southeast,Plus,COGS,COGS,Sales,-1673686.378199587,2025-02
2025-02-01,2025,Budget,Southeast,Plus,Sales & Marketing,Opex,Marketing,-812987.7893459197,2025-02
2025-02-01,2025,Budget,Southeast,Plus,R&D,Opex,R&D,-404803.0101513943,2025-02
2025-02-01,2025,Budget,Southeast,Plus,G&A,Opex,G&A,-382815.77599006006,2025-02
2025-02-01,2025,Budget,Southeast,Plus,Support,Opex,Support,-282936.7840344549,2025-02
2025-02-01,2025,Actual,Southeast,Enterprise,Revenue,Revenue,Sales,4542645.3986489335,2025-02
2025-02-01,2025,Actual,Southeast,Enterprise,COGS,COGS,Sales,-1944341.0370186537,2025-02
2025-02-01,2025,Actual,Southeast,Enterprise,Sales & Marketing,Opex,Marketing,-952882.4934547293,2025-02
2025-02-01,2025,Actual,Southeast,Enterprise,R&D,Opex,R&D,-490886.07737008366,2025-02
2025-02-01,2025,Actual,Southeast,Enterprise,G&A,Opex,G&A,-364187.46290360484,2025-02
2025-02-01,2025,Actual,Southeast,Enterprise,Support,Opex,Support,-341843.3333289052,2025-02
2025-02-01,2025,Budget,Southeast,Enterprise,Revenue,Revenue,Sales,4423378.41,2025-02
2025-02-01,2025,Budget,Southeast,Enterprise,COGS,COGS,Sales,-1948255.9595191865,2025-02
2025-02-01,2025,Budget,Southeast,Enterprise,Sales & Marketing,Opex,Marketing,-961799.1180682776,2025-02
2025-02-01,2025,Budget,Southeast,Enterprise,R&D,Opex,R&D,-489833.0981703272,2025-02
2025-02-01,2025,Budget,Southeast,Enterprise,G&A,Opex,G&A,-404245.14872538554,2025-02
2025-02-01,2025,Budget,Southeast,Enterprise,Support,Opex,Support,-316571.5976278108,2025-02
2025-02-01,2025,Actual,Southeast,Marketplace Ads,Revenue,Revenue,Sales,2040112.6385836941,2025-02
2025-02-01,2025,Actual,Southeast,Marketplace Ads,COGS,COGS,Sales,-844617.450089155,2025-02
2025-02-01,2025,Actual,Southeast,Marketplace Ads,Sales & Marketing,Opex,Marketing,-349126.5023671147,2025-02
2025-02-01,2025,Actual,Southeast,Marketplace Ads,R&D,Opex,R&D,-247955.12665643296,2025-02
2025-02-01,2025,Actual,Southeast,Marketplace Ads,G&A,Opex,G&A,-206970.84976032373,2025-02
2025-02-01,2025,Actual,Southeast,Marketplace Ads,Support,Opex,Support,-150754.15508587018,2025-02
2025-02-01,2025,Budget,Southeast,Marketplace Ads,Revenue,Revenue,Sales,1965945.96,2025-02
2025-02-01,2025,Budget,Southeast,Marketplace Ads,COGS,COGS,Sales,-803535.080435844,2025-02
2025-02-01,2025,Budget,Southeast,Marketplace Ads,Sales & Marketing,Opex,Marketing,-390579.5852462756,2025-02
2025-02-01,2025,Budget,Southeast,Marketplace Ads,R&D,Opex,R&D,-222259.6791961403,2025-02
2025-02-01,2025,Budget,Southeast,Marketplace Ads,G&A,Opex,G&A,-187500.3076773685,2025-02
2025-02-01,2025,Budget,Southeast,Marketplace Ads,Support,Opex,Support,-98685.13329098625,2025-02
2025-02-01,2025,Actual,Midwest,Core,Revenue,Revenue,Sales,2856953.1235134737,2025-02
2025-02-01,2025,Actual,Midwest,Core,COGS,COGS,Sales,-1230487.4020872985,2025-02
2025-02-01,2025,Actual,Midwest,Core,Sales & Marketing,Opex,Marketing,-464306.1413871402,2025-02
2025-02-01,2025,Actual,Midwest,Core,R&D,Opex,R&D,-322432.85003035015,2025-02
2025-02-01,2025,Actual,Midwest,Core,G&A,Opex,G&A,-279918.21465711633,2025-02
2025-02-01,2025,Actual,Midwest,Core,Support,Opex,Support,-171874.60596042045,2025-02
2025-02-01,2025,Budget,Midwest,Core,Revenue,Revenue,Sales,3104125.2,2025-02
2025-02-01,2025,Budget,Midwest,Core,COGS,COGS,Sales,-1260426.7388593503,2025-02
2025-02-01,2025,Budget,Midwest,Core,Sales & Marketing,Opex,Marketing,-580781.919676715,2025-02
2025-02-01,2025,Budget,Midwest,Core,R&D,Opex,R&D,-426199.74931316375,2025-02
2025-02-01,2025,Budget,Midwest,Core,G&A,Opex,G&A,-267872.50293338654,2025-02
2025-02-01,2025,Budget,Midwest,Core,Support,Opex,Support,-187349.75739188382,2025-02
2025-02-01,2025,Actual,Midwest,Plus,Revenue,Revenue,Sales,3658506.076472098,2025-02
2025-02-01,2025,Actual,Midwest,Plus,COGS,COGS,Sales,-1416310.6589349112,2025-02
2025-02-01,2025,Actual,Midwest,Plus,Sales & Marketing,Opex,Marketing,-756326.3676331392,2025-02
2025-02-01,2025,Actual,Midwest,Plus,R&D,Opex,R&D,-511975.2074596585,2025-02
2025-02-01,2025,Actual,Midwest,Plus,G&A,Opex,G&A,-354895.02628216543,2025-02
2025-02-01,2025,Actual,Midwest,Plus,Support,Opex,Support,-225410.31578744357,2025-02
2025-02-01,2025,Budget,Midwest,Plus,Revenue,Revenue,Sales,3569743.98,2025-02
2025-02-01,2025,Budget,Midwest,Plus,COGS,COGS,Sales,-1506985.9897225583,2025-02
2025-02-01,2025,Budget,Midwest,Plus,Sales & Marketing,Opex,Marketing,-693975.4407537805,2025-02
2025-02-01,2025,Budget,Midwest,Plus,R&D,Opex,R&D,-378198.8684885027,2025-02
2025-02-01,2025,Budget,Midwest,Plus,G&A,Opex,G&A,-290568.15791501635,2025-02
2025-02-01,2025,Budget,Midwest,Plus,Support,Opex,Support,-212597.29362824737,2025-02
2025-02-01,2025,Actual,Midwest,Enterprise,Revenue,Revenue,Sales,4017671.7418726888,2025-02
2025-02-01,2025,Actual,Midwest,Enterprise,COGS,COGS,Sales,-1694919.5947740285,2025-02
2025-02-01,2025,Actual,Midwest,Enterprise,Sales & Marketing,Opex,Marketing,-655614.0755309125,2025-02
2025-02-01,2025,Actual,Midwest,Enterprise,R&D,Opex,R&D,-557147.4414917089,2025-02
2025-02-01,2025,Actual,Midwest,Enterprise,G&A,Opex,G&A,-333835.9048675242,2025-02
2025-02-01,2025,Actual,Midwest,Enterprise,Support,Opex,Support,-205477.59202205195,2025-02
2025-02-01,2025,Budget,Midwest,Enterprise,Revenue,Revenue,Sales,4190569.02,2025-02
2025-02-01,2025,Budget,Midwest,Enterprise,COGS,COGS,Sales,-1825501.9862918514,2025-02
2025-02-01,2025,Budget,Midwest,Enterprise,Sales & Marketing,Opex,Marketing,-877908.5598892977,2025-02
2025-02-01,2025,Budget,Midwest,Enterprise,R&D,Opex,R&D,-457064.0546217695,2025-02
2025-02-01,2025,Budget,Midwest,Enterprise,G&A,Opex,G&A,-349937.11459867604,2025-02
2025-02-01,2025,Budget,Midwest,Enterprise,Support,Opex,Support,-308331.07716458477,2025-02
2025-02-01,2025,Actual,Midwest,Marketplace Ads,Revenue,Revenue,Sales,1754465.6693478518,2025-02
2025-02-01,2025,Actual,Midwest,Marketplace Ads,COGS,COGS,Sales,-726948.1706680701,2025-02
2025-02-01,2025,Actual,Midwest,Marketplace Ads,Sales & Marketing,Opex,Marketing,-366499.2305511846,2025-02
2025-02-01,2025,Actual,Midwest,Marketplace Ads,R&D,Opex,R&D,-177346.88698756677,2025-02
2025-02-01,2025,Actual,Midwest,Marketplace Ads,G&A,Opex,G&A,-177937.71983483285,2025-02
2025-02-01,2025,Actual,Midwest,Marketplace Ads,Support,Opex,Support,-124404.6455679688,2025-02
2025-02-01,2025,Budget,Midwest,Marketplace Ads,Revenue,Revenue,Sales,1862475.12,2025-02
2025-02-01,2025,Budget,Midwest,Marketplace Ads,COGS,COGS,Sales,-726408.2169573827,2025-02
2025-02-01,2025,Budget,Midwest,Marketplace Ads,Sales & Marketing,Opex,Marketing,-301768.60040892125,2025-02
2025-02-01,2025,Budget,Midwest,Marketplace Ads,R&D,Opex,R&D,-201399.13451956183,2025-02
2025-02-01,2025,Budget,Midwest,Marketplace Ads,G&A,Opex,G&A,-170583.45295072382,2025-02
2025-02-01,2025,Budget,Midwest,Marketplace Ads,Support,Opex,Support,-119998.8582643757,2025-02
2025-02-01,2025,Actual,Southwest,Core,Revenue,Revenue,Sales,3633623.3241069866,2025-02
2025-02-01,2025,Actual,Southwest,Core,COGS,COGS,Sales,-1397309.4405696087,2025-02
2025-02-01,2025,Actual,Southwest,Core,Sales & Marketing,Opex,Marketing,-789195.0756555127,2025-02
2025-02-01,2025,Actual,Southwest,Core,R&D,Opex,R&D,-420499.0783558821,2025-02
2025-02-01,2025,Actual,Southwest,Core,G&A,Opex,G&A,-380464.49895440834,2025-02
2025-02-01,2025,Actual,Southwest,Core,Support,Opex,Support,-269697.996417345,2025-02
2025-02-01,2025,Budget,Southwest,Core,Revenue,Revenue,Sales,3449028.0,2025-02
2025-02-01,2025,Budget,Southwest,Core,COGS,COGS,Sales,-1462155.2844581206,2025-02
2025-02-01,2025,Budget,Southwest,Core,Sales & Marketing,Opex,Marketing,-710884.269215987,2025-02
2025-02-01,2025,Budget,Southwest,Core,R&D,Opex,R&D,-469477.42819167866,2025-02
2025-02-01,2025,Budget,Southwest,Core,G&A,Opex,G&A,-276454.54180647625,2025-02
2025-02-01,2025,Budget,Southwest,Core,Support,Opex,Support,-192928.75041005193,2025-02
2025-02-01,2025,Actual,Southwest,Plus,Revenue,Revenue,Sales,3466862.659786658,2025-02
2025-02-01,2025,Actual,Southwest,Plus,COGS,COGS,Sales,-1494990.4218720407,2025-02
2025-02-01,2025,Actual,Southwest,Plus,Sales & Marketing,Opex,Marketing,-598488.1544456846,2025-02
2025-02-01,2025,Actual,Southwest,Plus,R&D,Opex,R&D,-477567.7491074629,2025-02
2025-02-01,2025,Actual,Southwest,Plus,G&A,Opex,G&A,-323725.4888497632,2025-02
2025-02-01,2025,Actual,Southwest,Plus,Support,Opex,Support,-174463.8154785167,2025-02
2025-02-01,2025,Budget,Southwest,Plus,Revenue,Revenue,Sales,3966382.2,2025-02
2025-02-01,2025,Budget,Southwest,Plus,COGS,COGS,Sales,-1661762.4219255524,2025-02
2025-02-01,2025,Budget,Southwest,Plus,Sales & Marketing,Opex,Marketing,-847917.8106680152,2025-02
2025-02-01,2025,Budget,Southwest,Plus,R&D,Opex,R&D,-427222.54616916593,2025-02
2025-02-01,2025,Budget,Southwest,Plus,G&A,Opex,G&A,-430491.9072918888,2025-02
2025-02-01,2025,Budget,Southwest,Plus,Support,Opex,Support,-286674.1377150975,2025-02
2025-02-01,2025,Actual,Southwest,Enterprise,Revenue,Revenue,Sales,4441226.830609263,2025-02
2025-02-01,2025,Actual,Southwest,Enterprise,COGS,COGS,Sales,-1712536.312743646,2025-02
2025-02-01,2025,Actual,Southwest,Enterprise,Sales & Marketing,Opex,Marketing,-845589.584251775,2025-02
2025-02-01,2025,Actual,Southwest,Enterprise,R&D,Opex,R&D,-519771.8193434195,2025-02
2025-02-01,2025,Actual,Southwest,Enterprise,G&A,Opex,G&A,-470355.7607305307,2025-02
2025-02-01,2025,Actual,Southwest,Enterprise,Support,Opex,Support,-263719.8967504372,2025-02
2025-02-01,2025,Budget,Southwest,Enterprise,Revenue,Revenue,Sales,4656187.8,2025-02
2025-02-01,2025,Budget,Southwest,Enterprise,COGS,COGS,Sales,-2060568.817131135,2025-02
2025-02-01,2025,Budget,Southwest,Enterprise,Sales & Marketing,Opex,Marketing,-814716.0898642555,2025-02
2025-02-01,2025,Budget,Southwest,Enterprise,R&D,Opex,R&D,-626222.9248922077,2025-02
2025-02-01,2025,Budget,Southwest,Enterprise,G&A,Opex,G&A,-398822.4903441646,2025-02
2025-02-01,2025,Budget,Southwest,Enterprise,Support,Opex,Support,-300523.058413245,2025-02
2025-02-01,2025,Actual,Southwest,Marketplace Ads,Revenue,Revenue,Sales,2097866.287066876,2025-02
2025-02-01,2025,Actual,Southwest,Marketplace Ads,COGS,COGS,Sales,-830977.7616846508,2025-02
2025-02-01,2025,Actual,Southwest,Marketplace Ads,Sales & Marketing,Opex,Marketing,-420089.01247296453,2025-02
2025-02-01,2025,Actual,Southwest,Marketplace Ads,R&D,Opex,R&D,-229071.55366430763,2025-02
2025-02-01,2025,Actual,Southwest,Marketplace Ads,G&A,Opex,G&A,-186177.55568480384,2025-02
2025-02-01,2025,Actual,Southwest,Marketplace Ads,Support,Opex,Support,-119230.25668737192,2025-02
2025-02-01,2025,Budget,Southwest,Marketplace Ads,Revenue,Revenue,Sales,2069416.8,2025-02
2025-02-01,2025,Budget,Southwest,Marketplace Ads,COGS,COGS,Sales,-911115.9566110045,2025-02
2025-02-01,2025,Budget,Southwest,Marketplace Ads,Sales & Marketing,Opex,Marketing,-355537.5655512026,2025-02
2025-02-01,2025,Budget,Southwest,Marketplace Ads,R&D,Opex,R&D,-258342.7266407443,2025-02
2025-02-01,2025,Budget,Southwest,Marketplace Ads,G&A,Opex,G&A,-220681.69844899364,2025-02
2025-02-01,2025,Budget,Southwest,Marketplace Ads,Support,Opex,Support,-104188.68401172849,2025-02
2025-02-01,2025,Actual,West,Core,Revenue,Revenue,Sales,3460345.465648069,2025-02
2025-02-01,2025,Actual,West,Core,COGS,COGS,Sales,-1423725.5559563525,2025-02
2025-02-01,2025,Actual,West,Core,Sales & Marketing,Opex,Marketing,-614306.0476826362,2025-02
2025-02-01,2025,Actual,West,Core,R&D,Opex,R&D,-437563.88389922836,2025-02
2025-02-01,2025,Actual,West,Core,G&A,Opex,G&A,-329423.6309080969,2025-02
2025-02-01,2025,Actual,West,Core,Support,Opex,Support,-275585.92557838664,2025-02
2025-02-01,2025,Budget,West,Core,Revenue,Revenue,Sales,3793930.8000000003,2025-02
2025-02-01,2025,Budget,West,Core,COGS,COGS,Sales,-1658230.3077029067,2025-02
2025-02-01,2025,Budget,West,Core,Sales & Marketing,Opex,Marketing,-643965.6256615184,2025-02
2025-02-01,2025,Budget,West,Core,R&D,Opex,R&D,-400833.0634772853,2025-02
2025-02-01,2025,Budget,West,Core,G&A,Opex,G&A,-397993.7247506103,2025-02
2025-02-01,2025,Budget,West,Core,Support,Opex,Support,-203461.93803801714,2025-02
2025-02-01,2025,Actual,West,Plus,Revenue,Revenue,Sales,4354980.339230935,2025-02
2025-02-01,2025,Actual,West,Plus,COGS,COGS,Sales,-1782472.013961904,2025-02
2025-02-01,2025,Actual,West,Plus,Sales & Marketing,Opex,Marketing,-907031.1342909319,2025-02
2025-02-01,2025,Actual,West,Plus,R&D,Opex,R&D,-492502.7672636632,2025-02
2025-02-01,2025,Actual,West,Plus,G&A,Opex,G&A,-350438.42376953753,2025-02
2025-02-01,2025,Actual,West,Plus,Support,Opex,Support,-338819.42000976123,2025-02
2025-02-01,2025,Budget,West,Plus,Revenue,Revenue,Sales,4363020.42,2025-02
2025-02-01,2025,Budget,West,Plus,COGS,COGS,Sales,-1674965.2230521785,2025-02
2025-02-01,2025,Budget,West,Plus,Sales & Marketing,Opex,Marketing,-925198.8064602712,2025-02
2025-02-01,2025,Budget,West,Plus,R&D,Opex,R&D,-563254.7552637825,2025-02
2025-02-01,2025,Budget,West,Plus,G&A,Opex,G&A,-476312.822071712,2025-02
2025-02-01,2025,Budget,West,Plus,Support,Opex,Support,-307193.90927075647,2025-02
2025-02-01,2025,Actual,West,Enterprise,Revenue,Revenue,Sales,5474178.469737069,2025-02
2025-02-01,2025,Actual,West,Enterprise,COGS,COGS,Sales,-2422925.8846526844,2025-02
2025-02-01,2025,Actual,West,Enterprise,Sales & Marketing,Opex,Marketing,-1078649.4007642395,2025-02
2025-02-01,2025,Actual,West,Enterprise,R&D,Opex,R&D,-713905.6514067744,2025-02
2025-02-01,2025,Actual,West,Enterprise,G&A,Opex,G&A,-514143.7847758388,2025-02
2025-02-01,2025,Actual,West,Enterprise,Support,Opex,Support,-328721.5375144319,2025-02
2025-02-01,2025,Budget,West,Enterprise,Revenue,Revenue,Sales,5121806.58,2025-02
2025-02-01,2025,Budget,West,Enterprise,COGS,COGS,Sales,-2296833.1612228495,2025-02
2025-02-01,2025,Budget,West,Enterprise,Sales & Marketing,Opex,Marketing,-996758.1603861433,2025-02
2025-02-01,2025,Budget,West,Enterprise,R&D,Opex,R&D,-687281.2469727333,2025-02
2025-02-01,2025,Budget,West,Enterprise,G&A,Opex,G&A,-545299.3519129695,2025-02
2025-02-01,2025,Budget,West,Enterprise,Support,Opex,Support,-321989.40115223394,2025-02
2025-02-01,2025,Actual,West,Marketplace Ads,Revenue,Revenue,Sales,2232305.671002157,2025-02
2025-02-01,2025,Actual,West,Marketplace Ads,COGS,COGS,Sales,-936946.7681346183,2025-02
2025-02-01,2025,Actual,West,Marketplace Ads,Sales & Marketing,Opex,Marketing,-357552.66021646594,2025-02
2025-02-01,2025,Actual,West,Marketplace Ads,R&D,Opex,R&D,-246222.23818088777,2025-02
2025-02-01,2025,Actual,West,Marketplace Ads,G&A,Opex,G&A,-217798.12095645446,2025-02
2025-02-01,2025,Actual,West,Marketplace Ads,Support,Opex,Support,-145050.72243999457,2025-02
2025-02-01,2025,Budget,West,Marketplace Ads,Revenue,Revenue,Sales,2276358.48,2025-02
2025-02-01,2025,Budget,West,Marketplace Ads,COGS,COGS,Sales,-953573.3764905178,2025-02
2025-02-01,2025,Budget,West,Marketplace Ads,Sales & Marketing,Opex,Marketing,-367097.42805888935,2025-02
2025-02-01,2025,Budget,West,Marketplace Ads,R&D,Opex,R&D,-277925.20046499436,2025-02
2025-02-01,2025,Budget,West,Marketplace Ads,G&A,Opex,G&A,-224445.7004748025,2025-02
2025-02-01,2025,Budget,West,Marketplace Ads,Support,Opex,Support,-171700.55430088672,2025-02
2025-03-01,2025,Actual,Northeast,Core,Revenue,Revenue,Sales,3853618.9836917813,2025-03
2025-03-01,2025,Actual,Northeast,Core,COGS,COGS,Sales,-1654802.4762783523,2025-03
2025-03-01,2025,Actual,Northeast,Core,Sales & Marketing,Opex,Marketing,-730732.4384455445,2025-03
2025-03-01,2025,Actual,Northeast,Core,R&D,Opex,R&D,-506772.42932274984,2025-03
2025-03-01,2025,Actual,Northeast,Core,G&A,Opex,G&A,-313930.79771071323,2025-03
2025-03-01,2025,Actual,Northeast,Core,Support,Opex,Support,-268304.3166205129,2025-03
2025-03-01,2025,Budget,Northeast,Core,Revenue,Revenue,Sales,3818361.198574877,2025-03
2025-03-01,2025,Budget,Northeast,Core,COGS,COGS,Sales,-1585899.542103372,2025-03
2025-03-01,2025,Budget,Northeast,Core,Sales & Marketing,Opex,Marketing,-678149.386071125,2025-03
2025-03-01,2025,Budget,Northeast,Core,R&D,Opex,R&D,-397873.3753582246,2025-03
2025-03-01,2025,Budget,Northeast,Core,G&A,Opex,G&A,-308028.30327202013,2025-03
2025-03-01,2025,Budget,Northeast,Core,Support,Opex,Support,-305168.9621953515,2025-03
2025-03-01,2025,Actual,Northeast,Plus,Revenue,Revenue,Sales,4690274.656171648,2025-03
2025-03-01,2025,Actual,Northeast,Plus,COGS,COGS,Sales,-1892004.2795973914,2025-03
2025-03-01,2025,Actual,Northeast,Plus,Sales & Marketing,Opex,Marketing,-903079.9950652405,2025-03
2025-03-01,2025,Actual,Northeast,Plus,R&D,Opex,R&D,-490038.5398936443,2025-03
2025-03-01,2025,Actual,Northeast,Plus,G&A,Opex,G&A,-478371.3532933361,2025-03
2025-03-01,2025,Actual,Northeast,Plus,Support,Opex,Support,-256523.5972194934,2025-03
2025-03-01,2025,Budget,Northeast,Plus,Revenue,Revenue,Sales,4391115.378361108,2025-03
2025-03-01,2025,Budget,Northeast,Plus,COGS,COGS,Sales,-1893504.5785251348,2025-03
2025-03-01,2025,Budget,Northeast,Plus,Sales & Marketing,Opex,Marketing,-845733.1513217338,2025-03
2025-03-01,2025,Budget,Northeast,Plus,R&D,Opex,R&D,-599139.4688597322,2025-03
2025-03-01,2025,Budget,Northeast,Plus,G&A,Opex,G&A,-463054.233568371,2025-03
2025-03-01,2025,Budget,Northeast,Plus,Support,Opex,Support,-306659.823875602,2025-03
2025-03-01,2025,Actual,Northeast,Enterprise,Revenue,Revenue,Sales,5390800.397613134,2025-03
2025-03-01,2025,Actual,Northeast,Enterprise,COGS,COGS,Sales,-2288088.423509808,2025-03
2025-03-01,2025,Actual,Northeast,Enterprise,Sales & Marketing,Opex,Marketing,-1156276.8996183868,2025-03
2025-03-01,2025,Actual,Northeast,Enterprise,R&D,Opex,R&D,-698143.2659674474,2025-03
2025-03-01,2025,Actual,Northeast,Enterprise,G&A,Opex,G&A,-469935.48625639954,2025-03
2025-03-01,2025,Actual,Northeast,Enterprise,Support,Opex,Support,-326734.44713164156,2025-03
2025-03-01,2025,Budget,Northeast,Enterprise,Revenue,Revenue,Sales,5154787.618076084,2025-03
2025-03-01,2025,Budget,Northeast,Enterprise,COGS,COGS,Sales,-2216664.8745411094,2025-03
2025-03-01,2025,Budget,Northeast,Enterprise,Sales & Marketing,Opex,Marketing,-825657.4640551421,2025-03
2025-03-01,2025,Budget,Northeast,Enterprise,R&D,Opex,R&D,-555486.4669060834,2025-03
2025-03-01,2025,Budget,Northeast,Enterprise,G&A,Opex,G&A,-480236.77658837993,2025-03
2025-03-01,2025,Budget,Northeast,Enterprise,Support,Opex,Support,-407708.9703672811,2025-03
2025-03-01,2025,Actual,Northeast,Marketplace Ads,Revenue,Revenue,Sales,2277201.137050131,2025-03
2025-03-01,2025,Actual,Northeast,Marketplace Ads,COGS,COGS,Sales,-882157.5312112413,2025-03
2025-03-01,2025,Actual,Northeast,Marketplace Ads,Sales & Marketing,Opex,Marketing,-497955.9714096496,2025-03
2025-03-01,2025,Actual,Northeast,Marketplace Ads,R&D,Opex,R&D,-273264.3230748025,2025-03
2025-03-01,2025,Actual,Northeast,Marketplace Ads,G&A,Opex,G&A,-187842.7090156592,2025-03
2025-03-01,2025,Actual,Northeast,Marketplace Ads,Support,Opex,Support,-125121.60880791725,2025-03
2025-03-01,2025,Budget,Northeast,Marketplace Ads,Revenue,Revenue,Sales,2291016.7191449264,2025-03
2025-03-01,2025,Budget,Northeast,Marketplace Ads,COGS,COGS,Sales,-998556.3700042942,2025-03
2025-03-01,2025,Budget,Northeast,Marketplace Ads,Sales & Marketing,Opex,Marketing,-483572.64482629567,2025-03
2025-03-01,2025,Budget,Northeast,Marketplace Ads,R&D,Opex,R&D,-241722.95706681613,2025-03
2025-03-01,2025,Budget,Northeast,Marketplace Ads,G&A,Opex,G&A,-243746.19537333155,2025-03
2025-03-01,2025,Budget,Northeast,Marketplace Ads,Support,Opex,Support,-156938.4791733433,2025-03
2025-03-01,2025,Actual,Southeast,Core,Revenue,Revenue,Sales,3298791.470369779,2025-03
2025-03-01,2025,Actual,Southeast,Core,COGS,COGS,Sales,-1380889.4515166313,2025-03
2025-03-01,2025,Actual,Southeast,Core,Sales & Marketing,Opex,Marketing,-622904.1064456387,2025-03
2025-03-01,2025,Actual,Southeast,Core,R&D,Opex,R&D,-452579.9511817184,2025-03
2025-03-01,2025,Actual,Southeast,Core,G&A,Opex,G&A,-340105.9304539545,2025-03
2025-03-01,2025,Actual,Southeast,Core,Support,Opex,Support,-241324.01633715967,2025-03
2025-03-01,2025,Budget,Southeast,Core,Revenue,Revenue,Sales,3454707.7510915557,2025-03
2025-03-01,2025,Budget,Southeast,Core,COGS,COGS,Sales,-1542571.4058280217,2025-03
2025-03-01,2025,Budget,Southeast,Core,Sales & Marketing,Opex,Marketing,-578993.5586989274,2025-03
2025-03-01,2025,Budget,Southeast,Core,R&D,Opex,R&D,-424415.70186325157,2025-03
2025-03-01,2025,Budget,Southeast,Core,G&A,Opex,G&A,-331283.6929369871,2025-03
2025-03-01,2025,Budget,Southeast,Core,Support,Opex,Support,-269368.03485623986,2025-03
2025-03-01,2025,Actual,Southeast,Plus,Revenue,Revenue,Sales,3868199.2821400184,2025-03
2025-03-01,2025,Actual,Southeast,Plus,COGS,COGS,Sales,-1729202.652286547,2025-03
2025-03-01,2025,Actual,Southeast,Plus,Sales & Marketing,Opex,Marketing,-712179.8568664434,2025-03
2025-03-01,2025,Actual,Southeast,Plus,R&D,Opex,R&D,-507251.40657781455,2025-03
2025-03-01,2025,Actual,Southeast,Plus,G&A,Opex,G&A,-387515.80686078075,2025-03
2025-03-01,2025,Actual,Southeast,Plus,Support,Opex,Support,-226993.47873225642,2025-03
2025-03-01,2025,Budget,Southeast,Plus,Revenue,Revenue,Sales,3972913.9137552883,2025-03
2025-03-01,2025,Budget,Southeast,Plus,COGS,COGS,Sales,-1660028.1685803493,2025-03
2025-03-01,2025,Budget,Southeast,Plus,Sales & Marketing,Opex,Marketing,-864870.1484750375,2025-03
2025-03-01,2025,Budget,Southeast,Plus,R&D,Opex,R&D,-534501.791488811,2025-03
2025-03-01,2025,Budget,Southeast,Plus,G&A,Opex,G&A,-334945.55639395356,2025-03
2025-03-01,2025,Budget,Southeast,Plus,Support,Opex,Support,-221007.33914350998,2025-03
2025-03-01,2025,Actual,Southeast,Enterprise,Revenue,Revenue,Sales,4611682.872610168,2025-03
2025-03-01,2025,Actual,Southeast,Enterprise,COGS,COGS,Sales,-1942399.8035919517,2025-03
2025-03-01,2025,Actual,Southeast,Enterprise,Sales & Marketing,Opex,Marketing,-968988.4682290364,2025-03
2025-03-01,2025,Actual,Southeast,Enterprise,R&D,Opex,R&D,-542244.294069159,2025-03
2025-03-01,2025,Actual,Southeast,Enterprise,G&A,Opex,G&A,-403982.2776283707,2025-03
2025-03-01,2025,Actual,Southeast,Enterprise,Support,Opex,Support,-319715.0203544973,2025-03
2025-03-01,2025,Budget,Southeast,Enterprise,Revenue,Revenue,Sales,4663855.4639735995,2025-03
2025-03-01,2025,Budget,Southeast,Enterprise,COGS,COGS,Sales,-2013999.2804262615,2025-03
2025-03-01,2025,Budget,Southeast,Enterprise,Sales & Marketing,Opex,Marketing,-795568.4384842914,2025-03
2025-03-01,2025,Budget,Southeast,Enterprise,R&D,Opex,R&D,-596418.6664732356,2025-03
2025-03-01,2025,Budget,Southeast,Enterprise,G&A,Opex,G&A,-431215.9175253139,2025-03
2025-03-01,2025,Budget,Southeast,Enterprise,Support,Opex,Support,-319701.8331286417,2025-03
2025-03-01,2025,Actual,Southeast,Marketplace Ads,Revenue,Revenue,Sales,2077594.8391051781,2025-03
2025-03-01,2025,Actual,Southeast,Marketplace Ads,COGS,COGS,Sales,-807271.3183113232,2025-03
2025-03-01,2025,Actual,Southeast,Marketplace Ads,Sales & Marketing,Opex,Marketing,-440130.9242776524,2025-03
2025-03-01,2025,Actual,Southeast,Marketplace Ads,R&D,Opex,R&D,-224306.11444733452,2025-03
2025-03-01,2025,Actual,Southeast,Marketplace Ads,G&A,Opex,G&A,-219673.96695356639,2025-03
2025-03-01,2025,Actual,Southeast,Marketplace Ads,Support,Opex,Support,-109726.78309239753,2025-03
2025-03-01,2025,Budget,Southeast,Marketplace Ads,Revenue,Revenue,Sales,2072824.6506549334,2025-03
2025-03-01,2025,Budget,Southeast,Marketplace Ads,COGS,COGS,Sales,-826616.3492158223,2025-03
2025-03-01,2025,Budget,Southeast,Marketplace Ads,Sales & Marketing,Opex,Marketing,-433871.0456005131,2025-03
2025-03-01,2025,Budget,Southeast,Marketplace Ads,R&D,Opex,R&D,-281723.52519636485,2025-03
2025-03-01,2025,Budget,Southeast,Marketplace Ads,G&A,Opex,G&A,-218622.45950246713,2025-03
2025-03-01,2025,Budget,Southeast,Marketplace Ads,Support,Opex,Support,-162406.13350889456,2025-03
2025-03-01,2025,Actual,Midwest,Core,Revenue,Revenue,Sales,3091365.1189653594,2025-03
2025-03-01,2025,Actual,Midwest,Core,COGS,COGS,Sales,-1265836.859576953,2025-03
2025-03-01,2025,Actual,Midwest,Core,Sales & Marketing,Opex,Marketing,-598257.3300037731,2025-03
2025-03-01,2025,Actual,Midwest,Core,R&D,Opex,R&D,-431700.50290870806,2025-03
2025-03-01,2025,Actual,Midwest,Core,G&A,Opex,G&A,-249104.2489670514,2025-03
2025-03-01,2025,Actual,Midwest,Core,Support,Opex,Support,-165386.64461182215,2025-03
2025-03-01,2025,Budget,Midwest,Core,Revenue,Revenue,Sales,3272881.0273498944,2025-03
2025-03-01,2025,Budget,Midwest,Core,COGS,COGS,Sales,-1441987.3869527106,2025-03
2025-03-01,2025,Budget,Midwest,Core,Sales & Marketing,Opex,Marketing,-598046.3119528021,2025-03
2025-03-01,2025,Budget,Midwest,Core,R&D,Opex,R&D,-340589.32381472684,2025-03
2025-03-01,2025,Budget,Midwest,Core,G&A,Opex,G&A,-309477.46147480165,2025-03
2025-03-01,2025,Budget,Midwest,Core,Support,Opex,Support,-195142.3235666024,2025-03
2025-03-01,2025,Actual,Midwest,Plus,Revenue,Revenue,Sales,3418667.625345131,2025-03
2025-03-01,2025,Actual,Midwest,Plus,COGS,COGS,Sales,-1439757.0717373611,2025-03
2025-03-01,2025,Actual,Midwest,Plus,Sales & Marketing,Opex,Marketing,-666768.8459992993,2025-03
2025-03-01,2025,Actual,Midwest,Plus,R&D,Opex,R&D,-386665.36450752756,2025-03
2025-03-01,2025,Actual,Midwest,Plus,G&A,Opex,G&A,-372438.60643920006,2025-03
2025-03-01,2025,Actual,Midwest,Plus,Support,Opex,Support,-253399.31800428726,2025-03
2025-03-01,2025,Budget,Midwest,Plus,Revenue,Revenue,Sales,3763813.181452379,2025-03
2025-03-01,2025,Budget,Midwest,Plus,COGS,COGS,Sales,-1513398.1589903468,2025-03
2025-03-01,2025,Budget,Midwest,Plus,Sales & Marketing,Opex,Marketing,-751328.3293254111,2025-03
2025-03-01,2025,Budget,Midwest,Plus,R&D,Opex,R&D,-450670.3703427896,2025-03
2025-03-01,2025,Budget,Midwest,Plus,G&A,Opex,G&A,-367448.46895699494,2025-03
2025-03-01,2025,Budget,Midwest,Plus,Support,Opex,Support,-213204.43122256538,2025-03
2025-03-01,2025,Actual,Midwest,Enterprise,Revenue,Revenue,Sales,4295934.022399957,2025-03
2025-03-01,2025,Actual,Midwest,Enterprise,COGS,COGS,Sales,-1724505.014803544,2025-03
2025-03-01,2025,Actual,Midwest,Enterprise,Sales & Marketing,Opex,Marketing,-853714.32100064,2025-03
2025-03-01,2025,Actual,Midwest,Enterprise,R&D,Opex,R&D,-553737.8059369825,2025-03
2025-03-01,2025,Actual,Midwest,Enterprise,G&A,Opex,G&A,-399346.84315009974,2025-03
2025-03-01,2025,Actual,Midwest,Enterprise,Support,Opex,Support,-234311.33436699506,2025-03
2025-03-01,2025,Budget,Midwest,Enterprise,Revenue,Revenue,Sales,4418389.386922358,2025-03
2025-03-01,2025,Budget,Midwest,Enterprise,COGS,COGS,Sales,-1773977.3832130053,2025-03
2025-03-01,2025,Budget,Midwest,Enterprise,Sales & Marketing,Opex,Marketing,-720395.4830221066,2025-03
2025-03-01,2025,Budget,Midwest,Enterprise,R&D,Opex,R&D,-442597.06822647067,2025-03
2025-03-01,2025,Budget,Midwest,Enterprise,G&A,Opex,G&A,-356558.5283950288,2025-03
2025-03-01,2025,Budget,Midwest,Enterprise,Support,Opex,Support,-336589.50306601863,2025-03
2025-03-01,2025,Actual,Midwest,Marketplace Ads,Revenue,Revenue,Sales,1859978.2513363783,2025-03
2025-03-01,2025,Actual,Midwest,Marketplace Ads,COGS,COGS,Sales,-778366.6185526889,2025-03
2025-03-01,2025,Actual,Midwest,Marketplace Ads,Sales & Marketing,Opex,Marketing,-302162.8547696295,2025-03
2025-03-01,2025,Actual,Midwest,Marketplace Ads,R&D,Opex,R&D,-202257.46869357137,2025-03
2025-03-01,2025,Actual,Midwest,Marketplace Ads,G&A,Opex,G&A,-196363.45696045327,2025-03
2025-03-01,2025,Actual,Midwest,Marketplace Ads,Support,Opex,Support,-123700.4874148726,2025-03
2025-03-01,2025,Budget,Midwest,Marketplace Ads,Revenue,Revenue,Sales,1963728.6164099367,2025-03
2025-03-01,2025,Budget,Midwest,Marketplace Ads,COGS,COGS,Sales,-771979.0857104106,2025-03
2025-03-01,2025,Budget,Midwest,Marketplace Ads,Sales & Marketing,Opex,Marketing,-320561.5005496361,2025-03
2025-03-01,2025,Budget,Midwest,Marketplace Ads,R&D,Opex,R&D,-235267.99913754317,2025-03
2025-03-01,2025,Budget,Midwest,Marketplace Ads,G&A,Opex,G&A,-206479.49420597128,2025-03
2025-03-01,2025,Budget,Midwest,Marketplace Ads,Support,Opex,Support,-113214.68215855936,2025-03
2025-03-01,2025,Actual,Southwest,Core,Revenue,Revenue,Sales,3465451.306269629,2025-03
2025-03-01,2025,Actual,Southwest,Core,COGS,COGS,Sales,-1480639.159721129,2025-03
2025-03-01,2025,Actual,Southwest,Core,Sales & Marketing,Opex,Marketing,-616509.2598389506,2025-03
2025-03-01,2025,Actual,Southwest,Core,R&D,Opex,R&D,-472698.878280763,2025-03
2025-03-01,2025,Actual,Southwest,Core,G&A,Opex,G&A,-291913.92373789684,2025-03
2025-03-01,2025,Actual,Southwest,Core,Support,Opex,Support,-251475.16157495248,2025-03
2025-03-01,2025,Budget,Southwest,Core,Revenue,Revenue,Sales,3636534.4748332165,2025-03
2025-03-01,2025,Budget,Southwest,Core,COGS,COGS,Sales,-1473827.2136618097,2025-03
2025-03-01,2025,Budget,Southwest,Core,Sales & Marketing,Opex,Marketing,-765157.1063671026,2025-03
2025-03-01,2025,Budget,Southwest,Core,R&D,Opex,R&D,-496681.6304139024,2025-03
2025-03-01,2025,Budget,Southwest,Core,G&A,Opex,G&A,-308782.3929065275,2025-03
2025-03-01,2025,Budget,Southwest,Core,Support,Opex,Support,-285811.1274161379,2025-03
2025-03-01,2025,Actual,Southwest,Plus,Revenue,Revenue,Sales,4168541.2388322195,2025-03
2025-03-01,2025,Actual,Southwest,Plus,COGS,COGS,Sales,-1739988.0017193225,2025-03
2025-03-01,2025,Actual,Southwest,Plus,Sales & Marketing,Opex,Marketing,-895335.891384568,2025-03
2025-03-01,2025,Actual,Southwest,Plus,R&D,Opex,R&D,-517361.7933217042,2025-03
2025-03-01,2025,Actual,Southwest,Plus,G&A,Opex,G&A,-408999.53392883803,2025-03
2025-03-01,2025,Actual,Southwest,Plus,Support,Opex,Support,-331060.099475039,2025-03
2025-03-01,2025,Budget,Southwest,Plus,Revenue,Revenue,Sales,4182014.6460581985,2025-03
2025-03-01,2025,Budget,Southwest,Plus,COGS,COGS,Sales,-1821702.2669738042,2025-03
2025-03-01,2025,Budget,Southwest,Plus,Sales & Marketing,Opex,Marketing,-777249.4288076841,2025-03
2025-03-01,2025,Budget,Southwest,Plus,R&D,Opex,R&D,-553237.0484786084,2025-03
2025-03-01,2025,Budget,Southwest,Plus,G&A,Opex,G&A,-458507.7945318145,2025-03
2025-03-01,2025,Budget,Southwest,Plus,Support,Opex,Support,-224430.3855513736,2025-03
2025-03-01,2025,Actual,Southwest,Enterprise,Revenue,Revenue,Sales,4727610.976268122,2025-03
2025-03-01,2025,Actual,Southwest,Enterprise,COGS,COGS,Sales,-1882162.7567981917,2025-03
2025-03-01,2025,Actual,Southwest,Enterprise,Sales & Marketing,Opex,Marketing,-1029926.0605188375,2025-03
2025-03-01,2025,Actual,Southwest,Enterprise,R&D,Opex,R&D,-657020.0838806,2025-03
2025-03-01,2025,Actual,Southwest,Enterprise,G&A,Opex,G&A,-416078.4634270665,2025-03
2025-03-01,2025,Actual,Southwest,Enterprise,Support,Opex,Support,-307398.46975739906,2025-03
2025-03-01,2025,Budget,Southwest,Enterprise,Revenue,Revenue,Sales,4909321.541024841,2025-03
2025-03-01,2025,Budget,Southwest,Enterprise,COGS,COGS,Sales,-2068442.339125516,2025-03
2025-03-01,2025,Budget,Southwest,Enterprise,Sales & Marketing,Opex,Marketing,-903035.620711583,2025-03
2025-03-01,2025,Budget,Southwest,Enterprise,R&D,Opex,R&D,-558209.7942065542,2025-03
2025-03-01,2025,Budget,Southwest,Enterprise,G&A,Opex,G&A,-433206.9713245857,2025-03
2025-03-01,2025,Budget,Southwest,Enterprise,Support,Opex,Support,-251640.07392382057,2025-03
2025-03-01,2025,Actual,Southwest,Marketplace Ads,Revenue,Revenue,Sales,2296888.637434631,2025-03
2025-03-01,2025,Actual,Southwest,Marketplace Ads,COGS,COGS,Sales,-877869.4094995508,2025-03
2025-03-01,2025,Actual,Southwest,Marketplace Ads,Sales & Marketing,Opex,Marketing,-386545.9650300247,2025-03
2025-03-01,2025,Actual,Southwest,Marketplace Ads,R&D,Opex,R&D,-312276.4851606121,2025-03
2025-03-01,2025,Actual,Southwest,Marketplace Ads,G&A,Opex,G&A,-249677.13370253184,2025-03
2025-03-01,2025,Actual,Southwest,Marketplace Ads,Support,Opex,Support,-145641.65819995804,2025-03
2025-03-01,2025,Budget,Southwest,Marketplace Ads,Revenue,Revenue,Sales,2181920.68489993,2025-03
2025-03-01,2025,Budget,Southwest,Marketplace Ads,COGS,COGS,Sales,-837586.895856194,2025-03
2025-03-01,2025,Budget,Southwest,Marketplace Ads,Sales & Marketing,Opex,Marketing,-451324.1290105711,2025-03
2025-03-01,2025,Budget,Southwest,Marketplace Ads,R&D,Opex,R&D,-278461.7581448324,2025-03
2025-03-01,2025,Budget,Southwest,Marketplace Ads,G&A,Opex,G&A,-180662.1531953301,2025-03
2025-03-01,2025,Budget,Southwest,Marketplace Ads,Support,Opex,Support,-118282.9919996037,2025-03
2025-03-01,2025,Actual,West,Core,Revenue,Revenue,Sales,3657744.3630121653,2025-03
2025-03-01,2025,Actual,West,Core,COGS,COGS,Sales,-1523259.0082955996,2025-03
2025-03-01,2025,Actual,West,Core,Sales & Marketing,Opex,Marketing,-667301.9962625505,2025-03
2025-03-01,2025,Actual,West,Core,R&D,Opex,R&D,-385181.1257577722,2025-03
2025-03-01,2025,Actual,West,Core,G&A,Opex,G&A,-339439.22028650134,2025-03
2025-03-01,2025,Actual,West,Core,Support,Opex,Support,-193934.47069410837,2025-03
2025-03-01,2025,Budget,West,Core,Revenue,Revenue,Sales,4000187.922316538,2025-03
2025-03-01,2025,Budget,West,Core,COGS,COGS,Sales,-1720522.9925580947,2025-03
2025-03-01,2025,Budget,West,Core,Sales & Marketing,Opex,Marketing,-790373.2577843337,2025-03
2025-03-01,2025,Budget,West,Core,R&D,Opex,R&D,-454925.8184238794,2025-03
2025-03-01,2025,Budget,West,Core,G&A,Opex,G&A,-342406.29719971283,2025-03
2025-03-01,2025,Budget,West,Core,Support,Opex,Support,-296824.0486703291,2025-03
2025-03-01,2025,Actual,West,Plus,Revenue,Revenue,Sales,4289900.652345903,2025-03
2025-03-01,2025,Actual,West,Plus,COGS,COGS,Sales,-1756957.1694459857,2025-03
2025-03-01,2025,Actual,West,Plus,Sales & Marketing,Opex,Marketing,-922265.7529459673,2025-03
2025-03-01,2025,Actual,West,Plus,R&D,Opex,R&D,-473619.2130965731,2025-03
2025-03-01,2025,Actual,West,Plus,G&A,Opex,G&A,-464884.4056384647,2025-03
2025-03-01,2025,Actual,West,Plus,Support,Opex,Support,-323229.88755724294,2025-03
2025-03-01,2025,Budget,West,Plus,Revenue,Revenue,Sales,4600216.110664018,2025-03
2025-03-01,2025,Budget,West,Plus,COGS,COGS,Sales,-1831645.7279859849,2025-03
2025-03-01,2025,Budget,West,Plus,Sales & Marketing,Opex,Marketing,-795565.3970551161,2025-03
2025-03-01,2025,Budget,West,Plus,R&D,Opex,R&D,-600456.1225590693,2025-03
2025-03-01,2025,Budget,West,Plus,G&A,Opex,G&A,-449016.06784254295,2025-03
2025-03-01,2025,Budget,West,Plus,Support,Opex,Support,-286308.36226904957,2025-03
2025-03-01,2025,Actual,West,Enterprise,Revenue,Revenue,Sales,5645486.298300546,2025-03
2025-03-01,2025,Actual,West,Enterprise,COGS,COGS,Sales,-2176113.462808795,2025-03
2025-03-01,2025,Actual,West,Enterprise,Sales & Marketing,Opex,Marketing,-1079286.5808607673,2025-03
2025-03-01,2025,Actual,West,Enterprise,R&D,Opex,R&D,-785914.3286875474,2025-03
2025-03-01,2025,Actual,West,Enterprise,G&A,Opex,G&A,-619941.6893514465,2025-03
2025-03-01,2025,Actual,West,Enterprise,Support,Opex,Support,-404502.8590485635,2025-03
2025-03-01,2025,Budget,West,Enterprise,Revenue,Revenue,Sales,5400253.695127326,2025-03
2025-03-01,2025,Budget,West,Enterprise,COGS,COGS,Sales,-2361281.704183158,2025-03
2025-03-01,2025,Budget,West,Enterprise,Sales & Marketing,Opex,Marketing,-864341.4143021731,2025-03
2025-03-01,2025,Budget,West,Enterprise,R&D,Opex,R&D,-724336.4439048759,2025-03
2025-03-01,2025,Budget,West,Enterprise,G&A,Opex,G&A,-585397.8439471674,2025-03
2025-03-01,2025,Budget,West,Enterprise,Support,Opex,Support,-424505.1129100723,2025-03
2025-03-01,2025,Actual,West,Marketplace Ads,Revenue,Revenue,Sales,2243320.490371256,2025-03
2025-03-01,2025,Actual,West,Marketplace Ads,COGS,COGS,Sales,-867871.4911162474,2025-03
2025-03-01,2025,Actual,West,Marketplace Ads,Sales & Marketing,Opex,Marketing,-479182.75828767946,2025-03
2025-03-01,2025,Actual,West,Marketplace Ads,R&D,Opex,R&D,-260087.78962511008,2025-03
2025-03-01,2025,Actual,West,Marketplace Ads,G&A,Opex,G&A,-226803.70929370073,2025-03
2025-03-01,2025,Actual,West,Marketplace Ads,Support,Opex,Support,-178808.54374652688,2025-03
2025-03-01,2025,Budget,West,Marketplace Ads,Revenue,Revenue,Sales,2400112.753389923,2025-03
2025-03-01,2025,Budget,West,Marketplace Ads,COGS,COGS,Sales,-923781.4011602757,2025-03
2025-03-01,2025,Budget,West,Marketplace Ads,Sales & Marketing,Opex,Marketing,-451592.708094794,2025-03
2025-03-01,2025,Budget,West,Marketplace Ads,R&D,Opex,R&D,-245927.46004759625,2025-03
2025-03-01,2025,Budget,West,Marketplace Ads,G&A,Opex,G&A,-259100.21319437952,2025-03
2025-03-01,2025,Budget,West,Marketplace Ads,Support,Opex,Support,-163869.79653896083,2025-03
2025-04-01,2025,Actual,Northeast,Core,Revenue,Revenue,Sales,3610621.6390220546,2025-04
2025-04-01,2025,Actual,Northeast,Core,COGS,COGS,Sales,-1420082.417998441,2025-04
2025-04-01,2025,Actual,Northeast,Core,Sales & Marketing,Opex,Marketing,-595399.6501688584,2025-04
2025-04-01,2025,Actual,Northeast,Core,R&D,Opex,R&D,-370604.9010295156,2025-04
2025-04-01,2025,Actual,Northeast,Core,G&A,Opex,G&A,-312060.58116247697,2025-04
2025-04-01,2025,Actual,Northeast,Core,Support,Opex,Support,-181869.77076730726,2025-04
2025-04-01,2025,Budget,Northeast,Core,Revenue,Revenue,Sales,3921470.784000001,2025-04
2025-04-01,2025,Budget,Northeast,Core,COGS,COGS,Sales,-1555795.1609314887,2025-04
2025-04-01,2025,Budget,Northeast,Core,Sales & Marketing,Opex,Marketing,-765412.6122498228,2025-04
2025-04-01,2025,Budget,Northeast,Core,R&D,Opex,R&D,-399106.9998630722,2025-04
2025-04-01,2025,Budget,Northeast,Core,G&A,Opex,G&A,-332728.9741992215,2025-04
2025-04-01,2025,Budget,Northeast,Core,Support,Opex,Support,-237932.2544700499,2025-04
2025-04-01,2025,Actual,Northeast,Plus,Revenue,Revenue,Sales,4401175.246059003,2025-04
2025-04-01,2025,Actual,Northeast,Plus,COGS,COGS,Sales,-1742177.6390653788,2025-04
2025-04-01,2025,Actual,Northeast,Plus,Sales & Marketing,Opex,Marketing,-929790.9991039576,2025-04
2025-04-01,2025,Actual,Northeast,Plus,R&D,Opex,R&D,-453168.05959184386,2025-04
2025-04-01,2025,Actual,Northeast,Plus,G&A,Opex,G&A,-414470.2700710149,2025-04
2025-04-01,2025,Actual,Northeast,Plus,Support,Opex,Support,-239521.8468566841,2025-04
2025-04-01,2025,Budget,Northeast,Plus,Revenue,Revenue,Sales,4509691.401600001,2025-04
2025-04-01,2025,Budget,Northeast,Plus,COGS,COGS,Sales,-1790720.2614869021,2025-04
2025-04-01,2025,Budget,Northeast,Plus,Sales & Marketing,Opex,Marketing,-961276.2010097437,2025-04
2025-04-01,2025,Budget,Northeast,Plus,R&D,Opex,R&D,-629306.8684701638,2025-04
2025-04-01,2025,Budget,Northeast,Plus,G&A,Opex,G&A,-489146.40089007333,2025-04
2025-04-01,2025,Budget,Northeast,Plus,Support,Opex,Support,-261023.872445141,2025-04
2025-04-01,2025,Actual,Northeast,Enterprise,Revenue,Revenue,Sales,5037106.829902428,2025-04
2025-04-01,2025,Actual,Northeast,Enterprise,COGS,COGS,Sales,-2177807.550197106,2025-04
2025-04-01,2025,Actual,Northeast,Enterprise,Sales & Marketing,Opex,Marketing,-926813.7352782242,2025-04
2025-04-01,2025,Actual,Northeast,Enterprise,R&D,Opex,R&D,-635398.3149409087,2025-04
2025-04-01,2025,Actual,Northeast,Enterprise,G&A,Opex,G&A,-499533.11393275164,2025-04
2025-04-01,2025,Actual,Northeast,Enterprise,Support,Opex,Support,-344103.7867728686,2025-04
2025-04-01,2025,Budget,Northeast,Enterprise,Revenue,Revenue,Sales,5293985.558400001,2025-04
2025-04-01,2025,Budget,Northeast,Enterprise,COGS,COGS,Sales,-2156271.869006043,2025-04
2025-04-01,2025,Budget,Northeast,Enterprise,Sales & Marketing,Opex,Marketing,-944734.0542180631,2025-04
2025-04-01,2025,Budget,Northeast,Enterprise,R&D,Opex,R&D,-653950.1779796719,2025-04
2025-04-01,2025,Budget,Northeast,Enterprise,G&A,Opex,G&A,-431968.9805256141,2025-04
2025-04-01,2025,Budget,Northeast,Enterprise,Support,Opex,Support,-378453.4664647541,2025-04
2025-04-01,2025,Actual,Northeast,Marketplace Ads,Revenue,Revenue,Sales,2327455.457082469,2025-04
2025-04-01,2025,Actual,Northeast,Marketplace Ads,COGS,COGS,Sales,-1001295.6161061582,2025-04
2025-04-01,2025,Actual,Northeast,Marketplace Ads,Sales & Marketing,Opex,Marketing,-462629.4710509372,2025-04
2025-04-01,2025,Actual,Northeast,Marketplace Ads,R&D,Opex,R&D,-257284.12282070558,2025-04
2025-04-01,2025,Actual,Northeast,Marketplace Ads,G&A,Opex,G&A,-228475.60046395945,2025-04
2025-04-01,2025,Actual,Northeast,Marketplace Ads,Support,Opex,Support,-169176.01475866084,2025-04
2025-04-01,2025,Budget,Northeast,Marketplace Ads,Revenue,Revenue,Sales,2352882.4704000005,2025-04
2025-04-01,2025,Budget,Northeast,Marketplace Ads,COGS,COGS,Sales,-941433.0999339835,2025-04
2025-04-01,2025,Budget,Northeast,Marketplace Ads,Sales & Marketing,Opex,Marketing,-384470.86236536177,2025-04
2025-04-01,2025,Budget,Northeast,Marketplace Ads,R&D,Opex,R&D,-326267.1143577834,2025-04
2025-04-01,2025,Budget,Northeast,Marketplace Ads,G&A,Opex,G&A,-229773.88323615468,2025-04
2025-04-01,2025,Budget,Northeast,Marketplace Ads,Support,Opex,Support,-129488.04059223107,2025-04
2025-04-01,2025,Actual,Southeast,Core,Revenue,Revenue,Sales,3347808.820192547,2025-04
2025-04-01,2025,Actual,Southeast,Core,COGS,COGS,Sales,-1370967.817475033,2025-04
2025-04-01,2025,Actual,Southeast,Core,Sales & Marketing,Opex,Marketing,-717728.3257262746,2025-04
2025-04-01,2025,Actual,Southeast,Core,R&D,Opex,R&D,-340899.01938954997,2025-04
2025-04-01,2025,Actual,Southeast,Core,G&A,Opex,G&A,-363293.60887382977,2025-04
2025-04-01,2025,Actual,Southeast,Core,Support,Opex,Support,-218612.5057698469,2025-04
2025-04-01,2025,Budget,Southeast,Core,Revenue,Revenue,Sales,3547997.3759999997,2025-04
2025-04-01,2025,Budget,Southeast,Core,COGS,COGS,Sales,-1418369.7537967898,2025-04
2025-04-01,2025,Budget,Southeast,Core,Sales & Marketing,Opex,Marketing,-597769.0125864476,2025-04
2025-04-01,2025,Budget,Southeast,Core,R&D,Opex,R&D,-429337.7866182462,2025-04
2025-04-01,2025,Budget,Southeast,Core,G&A,Opex,G&A,-334512.90120155236,2025-04
2025-04-01,2025,Budget,Southeast,Core,Support,Opex,Support,-219573.79879585537,2025-04
2025-04-01,2025,Actual,Southeast,Plus,Revenue,Revenue,Sales,4160551.3939776784,2025-04
2025-04-01,2025,Actual,Southeast,Plus,COGS,COGS,Sales,-1695452.1816866398,2025-04
2025-04-01,2025,Actual,Southeast,Plus,Sales & Marketing,Opex,Marketing,-836494.9007788916,2025-04
2025-04-01,2025,Actual,Southeast,Plus,R&D,Opex,R&D,-492695.0683356848,2025-04
2025-04-01,2025,Actual,Southeast,Plus,G&A,Opex,G&A,-384467.1307879098,2025-04
2025-04-01,2025,Actual,Southeast,Plus,Support,Opex,Support,-262729.6784520279,2025-04
2025-04-01,2025,Budget,Southeast,Plus,Revenue,Revenue,Sales,4080196.9824000006,2025-04
2025-04-01,2025,Budget,Southeast,Plus,COGS,COGS,Sales,-1789273.420882929,2025-04
2025-04-01,2025,Budget,Southeast,Plus,Sales & Marketing,Opex,Marketing,-697959.675452304,2025-04
2025-04-01,2025,Budget,Southeast,Plus,R&D,Opex,R&D,-566686.0748344241,2025-04
2025-04-01,2025,Budget,Southeast,Plus,G&A,Opex,G&A,-337322.4212423102,2025-04
2025-04-01,2025,Budget,Southeast,Plus,Support,Opex,Support,-311210.72458902205,2025-04
2025-04-01,2025,Actual,Southeast,Enterprise,Revenue,Revenue,Sales,4605195.333855668,2025-04
2025-04-01,2025,Actual,Southeast,Enterprise,COGS,COGS,Sales,-1904638.3787701733,2025-04
2025-04-01,2025,Actual,Southeast,Enterprise,Sales & Marketing,Opex,Marketing,-927702.7818790538,2025-04
2025-04-01,2025,Actual,Southeast,Enterprise,R&D,Opex,R&D,-548172.1646876421,2025-04
2025-04-01,2025,Actual,Southeast,Enterprise,G&A,Opex,G&A,-442575.8284231522,2025-04
2025-04-01,2025,Actual,Southeast,Enterprise,Support,Opex,Support,-300842.7469652301,2025-04
2025-04-01,2025,Budget,Southeast,Enterprise,Revenue,Revenue,Sales,4789796.457600001,2025-04
2025-04-01,2025,Budget,Southeast,Enterprise,COGS,COGS,Sales,-1828979.3586274793,2025-04
2025-04-01,2025,Budget,Southeast,Enterprise,Sales & Marketing,Opex,Marketing,-854132.3449845529,2025-04
2025-04-01,2025,Budget,Southeast,Enterprise,R&D,Opex,R&D,-554479.001092609,2025-04
2025-04-01,2025,Budget,Southeast,Enterprise,G&A,Opex,G&A,-474598.3401367176,2025-04
2025-04-01,2025,Budget,Southeast,Enterprise,Support,Opex,Support,-299641.2872528932,2025-04
2025-04-01,2025,Actual,Southeast,Marketplace Ads,Revenue,Revenue,Sales,2085481.4257443296,2025-04
2025-04-01,2025,Actual,Southeast,Marketplace Ads,COGS,COGS,Sales,-882201.5818536321,2025-04
2025-04-01,2025,Actual,Southeast,Marketplace Ads,Sales & Marketing,Opex,Marketing,-385222.9347635024,2025-04
2025-04-01,2025,Actual,Southeast,Marketplace Ads,R&D,Opex,R&D,-249625.10038146153,2025-04
2025-04-01,2025,Actual,Southeast,Marketplace Ads,G&A,Opex,G&A,-193871.22245984751,2025-04
2025-04-01,2025,Actual,Southeast,Marketplace Ads,Support,Opex,Support,-105521.70808086716,2025-04
2025-04-01,2025,Budget,Southeast,Marketplace Ads,Revenue,Revenue,Sales,2128798.4256,2025-04
2025-04-01,2025,Budget,Southeast,Marketplace Ads,COGS,COGS,Sales,-852466.2215723523,2025-04
2025-04-01,2025,Budget,Southeast,Marketplace Ads,Sales & Marketing,Opex,Marketing,-401126.5217187032,2025-04
2025-04-01,2025,Budget,Southeast,Marketplace Ads,R&D,Opex,R&D,-294472.17001688975,2025-04
2025-04-01,2025,Budget,Southeast,Marketplace Ads,G&A,Opex,G&A,-217435.00804184325,2025-04
2025-04-01,2025,Budget,Southeast,Marketplace Ads,Support,Opex,Support,-126651.39372184657,2025-04
2025-04-01,2025,Actual,Midwest,Core,Revenue,Revenue,Sales,3391353.3492540377,2025-04
2025-04-01,2025,Actual,Midwest,Core,COGS,COGS,Sales,-1510136.2269413522,2025-04
2025-04-01,2025,Actual,Midwest,Core,Sales & Marketing,Opex,Marketing,-731167.8057943009,2025-04
2025-04-01,2025,Actual,Midwest,Core,R&D,Opex,R&D,-452898.9251090554,2025-04
2025-04-01,2025,Actual,Midwest,Core,G&A,Opex,G&A,-271784.11950428056,2025-04
2025-04-01,2025,Actual,Midwest,Core,Support,Opex,Support,-238253.232927912,2025-04
2025-04-01,2025,Budget,Midwest,Core,Revenue,Revenue,Sales,3361260.6720000003,2025-04
2025-04-01,2025,Budget,Midwest,Core,COGS,COGS,Sales,-1433519.8356432386,2025-04
2025-04-01,2025,Budget,Midwest,Core,Sales & Marketing,Opex,Marketing,-565292.011137881,2025-04
2025-04-01,2025,Budget,Midwest,Core,R&D,Opex,R&D,-411219.52450378856,2025-04
2025-04-01,2025,Budget,Midwest,Core,G&A,Opex,G&A,-344846.244326581,2025-04
2025-04-01,2025,Budget,Midwest,Core,Support,Opex,Support,-183800.01689244507,2025-04
2025-04-01,2025,Actual,Midwest,Plus,Revenue,Revenue,Sales,3958976.834584067,2025-04
2025-04-01,2025,Actual,Midwest,Plus,COGS,COGS,Sales,-1732849.872849038,2025-04
2025-04-01,2025,Actual,Midwest,Plus,Sales & Marketing,Opex,Marketing,-710445.1246352607,2025-04
2025-04-01,2025,Actual,Midwest,Plus,R&D,Opex,R&D,-534248.340626359,2025-04
2025-04-01,2025,Actual,Midwest,Plus,G&A,Opex,G&A,-322441.4199378405,2025-04
2025-04-01,2025,Actual,Midwest,Plus,Support,Opex,Support,-303010.5051436275,2025-04
2025-04-01,2025,Budget,Midwest,Plus,Revenue,Revenue,Sales,3865449.772800001,2025-04
2025-04-01,2025,Budget,Midwest,Plus,COGS,COGS,Sales,-1700724.2365772487,2025-04
2025-04-01,2025,Budget,Midwest,Plus,Sales & Marketing,Opex,Marketing,-755766.6328321337,2025-04
2025-04-01,2025,Budget,Midwest,Plus,R&D,Opex,R&D,-389649.3281840835,2025-04
2025-04-01,2025,Budget,Midwest,Plus,G&A,Opex,G&A,-318043.9409719938,2025-04
2025-04-01,2025,Budget,Midwest,Plus,Support,Opex,Support,-237067.20821285012,2025-04
2025-04-01,2025,Actual,Midwest,Enterprise,Revenue,Revenue,Sales,4282917.930545827,2025-04
2025-04-01,2025,Actual,Midwest,Enterprise,COGS,COGS,Sales,-1743707.9981075716,2025-04
2025-04-01,2025,Actual,Midwest,Enterprise,Sales & Marketing,Opex,Marketing,-849818.5772374639,2025-04
2025-04-01,2025,Actual,Midwest,Enterprise,R&D,Opex,R&D,-523884.18333862344,2025-04
2025-04-01,2025,Actual,Midwest,Enterprise,G&A,Opex,G&A,-412467.2432451835,2025-04
2025-04-01,2025,Actual,Midwest,Enterprise,Support,Opex,Support,-291468.15979102603,2025-04
2025-04-01,2025,Budget,Midwest,Enterprise,Revenue,Revenue,Sales,4537701.9072,2025-04
2025-04-01,2025,Budget,Midwest,Enterprise,COGS,COGS,Sales,-1929975.246010747,2025-04
2025-04-01,2025,Budget,Midwest,Enterprise,Sales & Marketing,Opex,Marketing,-785504.3904414129,2025-04
2025-04-01,2025,Budget,Midwest,Enterprise,R&D,Opex,R&D,-596719.318049221,2025-04
2025-04-01,2025,Budget,Midwest,Enterprise,G&A,Opex,G&A,-396392.3567707092,2025-04
2025-04-01,2025,Budget,Midwest,Enterprise,Support,Opex,Support,-282319.78811343823,2025-04
2025-04-01,2025,Actual,Midwest,Marketplace Ads,Revenue,Revenue,Sales,2190129.7148878146,2025-04
2025-04-01,2025,Actual,Midwest,Marketplace Ads,COGS,COGS,Sales,-934777.7365708104,2025-04
2025-04-01,2025,Actual,Midwest,Marketplace Ads,Sales & Marketing,Opex,Marketing,-466472.0554743776,2025-04
2025-04-01,2025,Actual,Midwest,Marketplace Ads,R&D,Opex,R&D,-303551.35812908143,2025-04
2025-04-01,2025,Actual,Midwest,Marketplace Ads,G&A,Opex,G&A,-240262.83021800529,2025-04
2025-04-01,2025,Actual,Midwest,Marketplace Ads,Support,Opex,Support,-162597.47238154078,2025-04
2025-04-01,2025,Budget,Midwest,Marketplace Ads,Revenue,Revenue,Sales,2016756.4032000005,2025-04
2025-04-01,2025,Budget,Midwest,Marketplace Ads,COGS,COGS,Sales,-868280.0023486505,2025-04
2025-04-01,2025,Budget,Midwest,Marketplace Ads,Sales & Marketing,Opex,Marketing,-429818.63067334116,2025-04
2025-04-01,2025,Budget,Midwest,Marketplace Ads,R&D,Opex,R&D,-258688.72444730758,2025-04
2025-04-01,2025,Budget,Midwest,Marketplace Ads,G&A,Opex,G&A,-182659.2633126899,2025-04
2025-04-01,2025,Budget,Midwest,Marketplace Ads,Support,Opex,Support,-108165.84772777968,2025-04
2025-04-01,2025,Actual,Southwest,Core,Revenue,Revenue,Sales,3840314.305704369,2025-04
2025-04-01,2025,Actual,Southwest,Core,COGS,COGS,Sales,-1656716.322594156,2025-04
2025-04-01,2025,Actual,Southwest,Core,Sales & Marketing,Opex,Marketing,-663410.2804468294,2025-04
2025-04-01,2025,Actual,Southwest,Core,R&D,Opex,R&D,-536780.4515478514,2025-04
2025-04-01,2025,Actual,Southwest,Core,G&A,Opex,G&A,-399900.6256353976,2025-04
2025-04-01,2025,Actual,Southwest,Core,Support,Opex,Support,-249161.05043547347,2025-04
2025-04-01,2025,Budget,Southwest,Core,Revenue,Revenue,Sales,3734734.0800000005,2025-04
2025-04-01,2025,Budget,Southwest,Core,COGS,COGS,Sales,-1450155.8704472375,2025-04
2025-04-01,2025,Budget,Southwest,Core,Sales & Marketing,Opex,Marketing,-623679.4937409299,2025-04
2025-04-01,2025,Budget,Southwest,Core,R&D,Opex,R&D,-503363.0497191638,2025-04
2025-04-01,2025,Budget,Southwest,Core,G&A,Opex,G&A,-318716.9607827168,2025-04
2025-04-01,2025,Budget,Southwest,Core,Support,Opex,Support,-296017.91958926496,2025-04
2025-04-01,2025,Actual,Southwest,Plus,Revenue,Revenue,Sales,4296377.339533543,2025-04
2025-04-01,2025,Actual,Southwest,Plus,COGS,COGS,Sales,-1731366.0985097853,2025-04
2025-04-01,2025,Actual,Southwest,Plus,Sales & Marketing,Opex,Marketing,-739997.0195993197,2025-04
2025-04-01,2025,Actual,Southwest,Plus,R&D,Opex,R&D,-471044.25406237185,2025-04
2025-04-01,2025,Actual,Southwest,Plus,G&A,Opex,G&A,-415207.9816877183,2025-04
2025-04-01,2025,Actual,Southwest,Plus,Support,Opex,Support,-277990.6076470428,2025-04
2025-04-01,2025,Budget,Southwest,Plus,Revenue,Revenue,Sales,4294944.192000001,2025-04
2025-04-01,2025,Budget,Southwest,Plus,COGS,COGS,Sales,-1813447.2479129233,2025-04
2025-04-01,2025,Budget,Southwest,Plus,Sales & Marketing,Opex,Marketing,-931381.509786933,2025-04
2025-04-01,2025,Budget,Southwest,Plus,R&D,Opex,R&D,-475338.954408253,2025-04
2025-04-01,2025,Budget,Southwest,Plus,G&A,Opex,G&A,-454064.5941648315,2025-04
2025-04-01,2025,Budget,Southwest,Plus,Support,Opex,Support,-223398.74876473885,2025-04
2025-04-01,2025,Actual,Southwest,Enterprise,Revenue,Revenue,Sales,5261330.768102117,2025-04
2025-04-01,2025,Actual,Southwest,Enterprise,COGS,COGS,Sales,-2215847.2321788683,2025-04
2025-04-01,2025,Actual,Southwest,Enterprise,Sales & Marketing,Opex,Marketing,-1121892.5604883067,2025-04
2025-04-01,2025,Actual,Southwest,Enterprise,R&D,Opex,R&D,-712468.4403836328,2025-04
2025-04-01,2025,Actual,Southwest,Enterprise,G&A,Opex,G&A,-489119.76737164153,2025-04
2025-04-01,2025,Actual,Southwest,Enterprise,Support,Opex,Support,-399585.3810288229,2025-04
2025-04-01,2025,Budget,Southwest,Enterprise,Revenue,Revenue,Sales,5041891.008,2025-04
2025-04-01,2025,Budget,Southwest,Enterprise,COGS,COGS,Sales,-2246021.446864599,2025-04
2025-04-01,2025,Budget,Southwest,Enterprise,Sales & Marketing,Opex,Marketing,-1021002.4064664082,2025-04
2025-04-01,2025,Budget,Southwest,Enterprise,R&D,Opex,R&D,-557197.5178460618,2025-04
2025-04-01,2025,Budget,Southwest,Enterprise,G&A,Opex,G&A,-471384.8973318416,2025-04
2025-04-01,2025,Budget,Southwest,Enterprise,Support,Opex,Support,-347756.25249892974,2025-04
2025-04-01,2025,Actual,Southwest,Marketplace Ads,Revenue,Revenue,Sales,1982756.322555798,2025-04
2025-04-01,2025,Actual,Southwest,Marketplace Ads,COGS,COGS,Sales,-886454.7511830581,2025-04
2025-04-01,2025,Actual,Southwest,Marketplace Ads,Sales & Marketing,Opex,Marketing,-363629.53344637074,2025-04
2025-04-01,2025,Actual,Southwest,Marketplace Ads,R&D,Opex,R&D,-262623.4518823568,2025-04
2025-04-01,2025,Actual,Southwest,Marketplace Ads,G&A,Opex,G&A,-213215.44193511084,2025-04
2025-04-01,2025,Actual,Southwest,Marketplace Ads,Support,Opex,Support,-121328.45701070072,2025-04
2025-04-01,2025,Budget,Southwest,Marketplace Ads,Revenue,Revenue,Sales,2240840.4480000003,2025-04
2025-04-01,2025,Budget,Southwest,Marketplace Ads,COGS,COGS,Sales,-990030.020415907,2025-04
2025-04-01,2025,Budget,Southwest,Marketplace Ads,Sales & Marketing,Opex,Marketing,-412274.919793649,2025-04
2025-04-01,2025,Budget,Southwest,Marketplace Ads,R&D,Opex,R&D,-300476.5557848802,2025-04
2025-04-01,2025,Budget,Southwest,Marketplace Ads,G&A,Opex,G&A,-183532.2115694995,2025-04
2025-04-01,2025,Budget,Southwest,Marketplace Ads,Support,Opex,Support,-139159.2197528474,2025-04
2025-04-01,2025,Actual,West,Core,Revenue,Revenue,Sales,3923619.3737299,2025-04
2025-04-01,2025,Actual,West,Core,COGS,COGS,Sales,-1617417.3237652439,2025-04
2025-04-01,2025,Actual,West,Core,Sales & Marketing,Opex,Marketing,-862362.3367680048,2025-04
2025-04-01,2025,Actual,West,Core,R&D,Opex,R&D,-548422.2163020122,2025-04
2025-04-01,2025,Actual,West,Core,G&A,Opex,G&A,-384786.0865412593,2025-04
2025-04-01,2025,Actual,West,Core,Support,Opex,Support,-313604.8084182477,2025-04
2025-04-01,2025,Budget,West,Core,Revenue,Revenue,Sales,4108207.488000001,2025-04
2025-04-01,2025,Budget,West,Core,COGS,COGS,Sales,-1677058.6374610323,2025-04
2025-04-01,2025,Budget,West,Core,Sales & Marketing,Opex,Marketing,-725160.3715451704,2025-04
2025-04-01,2025,Budget,West,Core,R&D,Opex,R&D,-534471.7690223281,2025-04
2025-04-01,2025,Budget,West,Core,G&A,Opex,G&A,-354157.1817785385,2025-04
2025-04-01,2025,Budget,West,Core,Support,Opex,Support,-274923.90423942887,2025-04
2025-04-01,2025,Actual,West,Plus,Revenue,Revenue,Sales,4858084.078464203,2025-04
2025-04-01,2025,Actual,West,Plus,COGS,COGS,Sales,-1940113.690637088,2025-04
2025-04-01,2025,Actual,West,Plus,Sales & Marketing,Opex,Marketing,-825463.5410512765,2025-04
2025-04-01,2025,Actual,West,Plus,R&D,Opex,R&D,-489729.7012618194,2025-04
2025-04-01,2025,Actual,West,Plus,G&A,Opex,G&A,-450508.7580774111,2025-04
2025-04-01,2025,Actual,West,Plus,Support,Opex,Support,-388084.552930736,2025-04
2025-04-01,2025,Budget,West,Plus,Revenue,Revenue,Sales,4724438.6112,2025-04
2025-04-01,2025,Budget,West,Plus,COGS,COGS,Sales,-1911496.4043686225,2025-04
2025-04-01,2025,Budget,West,Plus,Sales & Marketing,Opex,Marketing,-841392.139694659,2025-04
2025-04-01,2025,Budget,West,Plus,R&D,Opex,R&D,-655451.1489614377,2025-04
2025-04-01,2025,Budget,West,Plus,G&A,Opex,G&A,-437424.3548493005,2025-04
2025-04-01,2025,Budget,West,Plus,Support,Opex,Support,-331628.77725779574,2025-04
2025-04-01,2025,Actual,West,Enterprise,Revenue,Revenue,Sales,5182581.701906885,2025-04
2025-04-01,2025,Actual,West,Enterprise,COGS,COGS,Sales,-2060786.6238427707,2025-04
2025-04-01,2025,Actual,West,Enterprise,Sales & Marketing,Opex,Marketing,-954706.4576767376,2025-04
2025-04-01,2025,Actual,West,Enterprise,R&D,Opex,R&D,-539609.4960142067,2025-04
2025-04-01,2025,Actual,West,Enterprise,G&A,Opex,G&A,-422800.2602619547,2025-04
2025-04-01,2025,Actual,West,Enterprise,Support,Opex,Support,-336170.9535205418,2025-04
2025-04-01,2025,Budget,West,Enterprise,Revenue,Revenue,Sales,5546080.1088000005,2025-04
2025-04-01,2025,Budget,West,Enterprise,COGS,COGS,Sales,-2232935.5117887356,2025-04
2025-04-01,2025,Budget,West,Enterprise,Sales & Marketing,Opex,Marketing,-1077341.333610851,2025-04
2025-04-01,2025,Budget,West,Enterprise,R&D,Opex,R&D,-630078.3827676626,2025-04
2025-04-01,2025,Budget,West,Enterprise,G&A,Opex,G&A,-586038.6882449219,2025-04
2025-04-01,2025,Budget,West,Enterprise,Support,Opex,Support,-340028.9197602714,2025-04
2025-04-01,2025,Actual,West,Marketplace Ads,Revenue,Revenue,Sales,2615419.4601086355,2025-04
2025-04-01,2025,Actual,West,Marketplace Ads,COGS,COGS,Sales,-1162221.8147766013,2025-04
2025-04-01,2025,Actual,West,Marketplace Ads,Sales & Marketing,Opex,Marketing,-483180.9108981613,2025-04
2025-04-01,2025,Actual,West,Marketplace Ads,R&D,Opex,R&D,-345066.5884107313,2025-04
2025-04-01,2025,Actual,West,Marketplace Ads,G&A,Opex,G&A,-210203.59281746412,2025-04
2025-04-01,2025,Actual,West,Marketplace Ads,Support,Opex,Support,-154797.07364785857,2025-04
2025-04-01,2025,Budget,West,Marketplace Ads,Revenue,Revenue,Sales,2464924.4928,2025-04
2025-04-01,2025,Budget,West,Marketplace Ads,COGS,COGS,Sales,-1066031.9807384077,2025-04
2025-04-01,2025,Budget,West,Marketplace Ads,Sales & Marketing,Opex,Marketing,-451890.48486998316,2025-04
2025-04-01,2025,Budget,West,Marketplace Ads,R&D,Opex,R&D,-288890.06784897164,2025-04
2025-04-01,2025,Budget,West,Marketplace Ads,G&A,Opex,G&A,-266225.96276010806,2025-04
2025-04-01,2025,Budget,West,Marketplace Ads,Support,Opex,Support,-156281.49123591473,2025-04
2025-05-01,2025,Actual,Northeast,Core,Revenue,Revenue,Sales,3994593.7054670234,2025-05
2025-05-01,2025,Actual,Northeast,Core,COGS,COGS,Sales,-1557512.0443927748,2025-05
2025-05-01,2025,Actual,Northeast,Core,Sales & Marketing,Opex,Marketing,-809280.1088173745,2025-05
2025-05-01,2025,Actual,Northeast,Core,R&D,Opex,R&D,-530000.638777879,2025-05
2025-05-01,2025,Actual,Northeast,Core,G&A,Opex,G&A,-403455.57922779146,2025-05
2025-05-01,2025,Actual,Northeast,Core,Support,Opex,Support,-224885.3581291001,2025-05
2025-05-01,2025,Budget,Northeast,Core,Revenue,Revenue,Sales,3911999.4840985117,2025-05
2025-05-01,2025,Budget,Northeast,Core,COGS,COGS,Sales,-1708228.28085978,2025-05
2025-05-01,2025,Budget,Northeast,Core,Sales & Marketing,Opex,Marketing,-736106.3117704839,2025-05
2025-05-01,2025,Budget,Northeast,Core,R&D,Opex,R&D,-468659.4951897803,2025-05
2025-05-01,2025,Budget,Northeast,Core,G&A,Opex,G&A,-370822.092688379,2025-05
2025-05-01,2025,Budget,Northeast,Core,Support,Opex,Support,-252180.40182337383,2025-05
2025-05-01,2025,Actual,Northeast,Plus,Revenue,Revenue,Sales,3878525.5930896727,2025-05
2025-05-01,2025,Actual,Northeast,Plus,COGS,COGS,Sales,-1695526.086956533,2025-05
2025-05-01,2025,Actual,Northeast,Plus,Sales & Marketing,Opex,Marketing,-833540.0551242401,2025-05
2025-05-01,2025,Actual,Northeast,Plus,R&D,Opex,R&D,-426261.3625991685,2025-05
2025-05-01,2025,Actual,Northeast,Plus,G&A,Opex,G&A,-406738.2096217228,2025-05
2025-05-01,2025,Actual,Northeast,Plus,Support,Opex,Support,-216087.03735743658,2025-05
2025-05-01,2025,Budget,Northeast,Plus,Revenue,Revenue,Sales,4498799.406713288,2025-05
2025-05-01,2025,Budget,Northeast,Plus,COGS,COGS,Sales,-1821799.4359941536,2025-05
2025-05-01,2025,Budget,Northeast,Plus,Sales & Marketing,Opex,Marketing,-849643.6801102973,2025-05
2025-05-01,2025,Budget,Northeast,Plus,R&D,Opex,R&D,-545547.5003954209,2025-05
2025-05-01,2025,Budget,Northeast,Plus,G&A,Opex,G&A,-386436.0425815665,2025-05
2025-05-01,2025,Budget,Northeast,Plus,Support,Opex,Support,-235515.7722448506,2025-05
2025-05-01,2025,Actual,Northeast,Enterprise,Revenue,Revenue,Sales,4991820.25095831,2025-05
2025-05-01,2025,Actual,Northeast,Enterprise,COGS,COGS,Sales,-2072742.5437477604,2025-05
2025-05-01,2025,Actual,Northeast,Enterprise,Sales & Marketing,Opex,Marketing,-1046268.513368137,2025-05
2025-05-01,2025,Actual,Northeast,Enterprise,R&D,Opex,R&D,-627154.9602316655,2025-05
2025-05-01,2025,Actual,Northeast,Enterprise,G&A,Opex,G&A,-484538.83178866975,2025-05
2025-05-01,2025,Actual,Northeast,Enterprise,Support,Opex,Support,-299580.8879468263,2025-05
2025-05-01,2025,Budget,Northeast,Enterprise,Revenue,Revenue,Sales,5281199.303532991,2025-05
2025-05-01,2025,Budget,Northeast,Enterprise,COGS,COGS,Sales,-2352913.7688857466,2025-05
2025-05-01,2025,Budget,Northeast,Enterprise,Sales & Marketing,Opex,Marketing,-944911.2125032856,2025-05
2025-05-01,2025,Budget,Northeast,Enterprise,R&D,Opex,R&D,-722415.5608301507,2025-05
2025-05-01,2025,Budget,Northeast,Enterprise,G&A,Opex,G&A,-521118.17134465807,2025-05
2025-05-01,2025,Budget,Northeast,Enterprise,Support,Opex,Support,-266526.37239239534,2025-05
2025-05-01,2025,Actual,Northeast,Marketplace Ads,Revenue,Revenue,Sales,2224857.0962358527,2025-05
2025-05-01,2025,Actual,Northeast,Marketplace Ads,COGS,COGS,Sales,-909783.1264852871,2025-05
2025-05-01,2025,Actual,Northeast,Marketplace Ads,Sales & Marketing,Opex,Marketing,-384595.42010024004,2025-05
2025-05-01,2025,Actual,Northeast,Marketplace Ads,R&D,Opex,R&D,-224079.76471299597,2025-05
2025-05-01,2025,Actual,Northeast,Marketplace Ads,G&A,Opex,G&A,-184444.74480025013,2025-05
2025-05-01,2025,Actual,Northeast,Marketplace Ads,Support,Opex,Support,-166216.6880423287,2025-05
2025-05-01,2025,Budget,Northeast,Marketplace Ads,Revenue,Revenue,Sales,2347199.690459107,2025-05
2025-05-01,2025,Budget,Northeast,Marketplace Ads,COGS,COGS,Sales,-955226.4848302499,2025-05
2025-05-01,2025,Budget,Northeast,Marketplace Ads,Sales & Marketing,Opex,Marketing,-380637.5198104709,2025-05
2025-05-01,2025,Budget,Northeast,Marketplace Ads,R&D,Opex,R&D,-237804.8867354839,2025-05
2025-05-01,2025,Budget,Northeast,Marketplace Ads,G&A,Opex,G&A,-202381.71244694377,2025-05
2025-05-01,2025,Budget,Northeast,Marketplace Ads,Support,Opex,Support,-148654.4360132125,2025-05
2025-05-01,2025,Actual,Southeast,Core,Revenue,Revenue,Sales,3482590.598996814,2025-05
2025-05-01,2025,Actual,Southeast,Core,COGS,COGS,Sales,-1455582.307369875,2025-05
2025-05-01,2025,Actual,Southeast,Core,Sales & Marketing,Opex,Marketing,-677865.5691266366,2025-05
2025-05-01,2025,Actual,Southeast,Core,R&D,Opex,R&D,-411238.09294717375,2025-05
2025-05-01,2025,Actual,Southeast,Core,G&A,Opex,G&A,-364154.6602530896,2025-05
2025-05-01,2025,Actual,Southeast,Core,Support,Opex,Support,-205947.91614534406,2025-05
2025-05-01,2025,Budget,Southeast,Core,Revenue,Revenue,Sales,3539428.1046605585,2025-05
2025-05-01,2025,Budget,Southeast,Core,COGS,COGS,Sales,-1443612.3012908106,2025-05
2025-05-01,2025,Budget,Southeast,Core,Sales & Marketing,Opex,Marketing,-623279.479207974,2025-05
2025-05-01,2025,Budget,Southeast,Core,R&D,Opex,R&D,-479989.1662706,2025-05
2025-05-01,2025,Budget,Southeast,Core,G&A,Opex,G&A,-345304.94473539904,2025-05
2025-05-01,2025,Budget,Southeast,Core,Support,Opex,Support,-234828.4316931311,2025-05
2025-05-01,2025,Actual,Southeast,Plus,Revenue,Revenue,Sales,3965089.255587874,2025-05
2025-05-01,2025,Actual,Southeast,Plus,COGS,COGS,Sales,-1688605.359785754,2025-05
2025-05-01,2025,Actual,Southeast,Plus,Sales & Marketing,Opex,Marketing,-787061.383617205,2025-05
2025-05-01,2025,Actual,Southeast,Plus,R&D,Opex,R&D,-545518.6986076027,2025-05
2025-05-01,2025,Actual,Southeast,Plus,G&A,Opex,G&A,-389332.8330492489,2025-05
2025-05-01,2025,Actual,Southeast,Plus,Support,Opex,Support,-313064.84977830335,2025-05
2025-05-01,2025,Budget,Southeast,Plus,Revenue,Revenue,Sales,4070342.3203596417,2025-05
2025-05-01,2025,Budget,Southeast,Plus,COGS,COGS,Sales,-1739046.6116178606,2025-05
2025-05-01,2025,Budget,Southeast,Plus,Sales & Marketing,Opex,Marketing,-684479.0450732236,2025-05
2025-05-01,2025,Budget,Southeast,Plus,R&D,Opex,R&D,-439348.2340301873,2025-05
2025-05-01,2025,Budget,Southeast,Plus,G&A,Opex,G&A,-393139.55411544675,2025-05
2025-05-01,2025,Budget,Southeast,Plus,Support,Opex,Support,-314052.35113040096,2025-05
2025-05-01,2025,Actual,Southeast,Enterprise,Revenue,Revenue,Sales,4663701.079318972,2025-05
2025-05-01,2025,Actual,Southeast,Enterprise,COGS,COGS,Sales,-2053281.6611147863,2025-05
2025-05-01,2025,Actual,Southeast,Enterprise,Sales & Marketing,Opex,Marketing,-932310.8054513731,2025-05
2025-05-01,2025,Actual,Southeast,Enterprise,R&D,Opex,R&D,-560725.4765865317,2025-05
2025-05-01,2025,Actual,Southeast,Enterprise,G&A,Opex,G&A,-487442.2341049679,2025-05
2025-05-01,2025,Actual,Southeast,Enterprise,Support,Opex,Support,-266038.4335621728,2025-05
2025-05-01,2025,Budget,Southeast,Enterprise,Revenue,Revenue,Sales,4778227.941291753,2025-05
2025-05-01,2025,Budget,Southeast,Enterprise,COGS,COGS,Sales,-1980187.194868875,2025-05
2025-05-01,2025,Budget,Southeast,Enterprise,Sales & Marketing,Opex,Marketing,-830374.0808020149,2025-05
2025-05-01,2025,Budget,Southeast,Enterprise,R&D,Opex,R&D,-522824.04285212234,2025-05
2025-05-01,2025,Budget,Southeast,Enterprise,G&A,Opex,G&A,-476785.5260601626,2025-05
2025-05-01,2025,Budget,Southeast,Enterprise,Support,Opex,Support,-293476.8760716847,2025-05
2025-05-01,2025,Actual,Southeast,Marketplace Ads,Revenue,Revenue,Sales,2111053.9257459533,2025-05
2025-05-01,2025,Actual,Southeast,Marketplace Ads,COGS,COGS,Sales,-832832.4401522414,2025-05
2025-05-01,2025,Actual,Southeast,Marketplace Ads,Sales & Marketing,Opex,Marketing,-397081.06845007214,2025-05
2025-05-01,2025,Actual,Southeast,Marketplace Ads,R&D,Opex,R&D,-294565.0233502739,2025-05
2025-05-01,2025,Actual,Southeast,Marketplace Ads,G&A,Opex,G&A,-201151.97307733618,2025-05
2025-05-01,2025,Actual,Southeast,Marketplace Ads,Support,Opex,Support,-156152.2899902984,2025-05
2025-05-01,2025,Budget,Southeast,Marketplace Ads,Revenue,Revenue,Sales,2123656.862796335,2025-05
2025-05-01,2025,Budget,Southeast,Marketplace Ads,COGS,COGS,Sales,-821264.8209484548,2025-05
2025-05-01,2025,Budget,Southeast,Marketplace Ads,Sales & Marketing,Opex,Marketing,-378424.1713554139,2025-05
2025-05-01,2025,Budget,Southeast,Marketplace Ads,R&D,Opex,R&D,-221286.19501384153,2025-05
2025-05-01,2025,Budget,Southeast,Marketplace Ads,G&A,Opex,G&A,-185427.6304657742,2025-05
2025-05-01,2025,Budget,Southeast,Marketplace Ads,Support,Opex,Support,-163737.71922516852,2025-05
2025-05-01,2025,Actual,Midwest,Core,Revenue,Revenue,Sales,3349317.6369916075,2025-05
2025-05-01,2025,Actual,Midwest,Core,COGS,COGS,Sales,-1482691.6976591859,2025-05
2025-05-01,2025,Actual,Midwest,Core,Sales & Marketing,Opex,Marketing,-683940.9324517405,2025-05
2025-05-01,2025,Actual,Midwest,Core,R&D,Opex,R&D,-415421.3171144646,2025-05
2025-05-01,2025,Actual,Midwest,Core,G&A,Opex,G&A,-349390.41105534637,2025-05
2025-05-01,2025,Actual,Midwest,Core,Support,Opex,Support,-182498.30766066242,2025-05
2025-05-01,2025,Budget,Midwest,Core,Revenue,Revenue,Sales,3353142.4149415814,2025-05
2025-05-01,2025,Budget,Midwest,Core,COGS,COGS,Sales,-1436857.9697840011,2025-05
2025-05-01,2025,Budget,Midwest,Core,Sales & Marketing,Opex,Marketing,-561071.3143691752,2025-05
2025-05-01,2025,Budget,Midwest,Core,R&D,Opex,R&D,-465209.1704303601,2025-05
2025-05-01,2025,Budget,Midwest,Core,G&A,Opex,G&A,-304653.7890277439,2025-05
2025-05-01,2025,Budget,Midwest,Core,Support,Opex,Support,-189942.22186017942,2025-05
2025-05-01,2025,Actual,Midwest,Plus,Revenue,Revenue,Sales,3774221.464771441,2025-05
2025-05-01,2025,Actual,Midwest,Plus,COGS,COGS,Sales,-1615471.5079412293,2025-05
2025-05-01,2025,Actual,Midwest,Plus,Sales & Marketing,Opex,Marketing,-718886.2571616597,2025-05
2025-05-01,2025,Actual,Midwest,Plus,R&D,Opex,R&D,-470187.8081356047,2025-05
2025-05-01,2025,Actual,Midwest,Plus,G&A,Opex,G&A,-325950.52321483387,2025-05
2025-05-01,2025,Actual,Midwest,Plus,Support,Opex,Support,-219361.70512282947,2025-05
2025-05-01,2025,Budget,Midwest,Plus,Revenue,Revenue,Sales,3856113.777182819,2025-05
2025-05-01,2025,Budget,Midwest,Plus,COGS,COGS,Sales,-1620560.887663788,2025-05
2025-05-01,2025,Budget,Midwest,Plus,Sales & Marketing,Opex,Marketing,-755710.2827911224,2025-05
2025-05-01,2025,Budget,Midwest,Plus,R&D,Opex,R&D,-502344.9091158024,2025-05
2025-05-01,2025,Budget,Midwest,Plus,G&A,Opex,G&A,-404609.30415352137,2025-05
2025-05-01,2025,Budget,Midwest,Plus,Support,Opex,Support,-282627.91741993104,2025-05
2025-05-01,2025,Actual,Midwest,Enterprise,Revenue,Revenue,Sales,4423438.129030536,2025-05
2025-05-01,2025,Actual,Midwest,Enterprise,COGS,COGS,Sales,-1971056.280758362,2025-05
2025-05-01,2025,Actual,Midwest,Enterprise,Sales & Marketing,Opex,Marketing,-718413.2122123687,2025-05
2025-05-01,2025,Actual,Midwest,Enterprise,R&D,Opex,R&D,-563771.1347245945,2025-05
2025-05-01,2025,Actual,Midwest,Enterprise,G&A,Opex,G&A,-358827.78315699036,2025-05
2025-05-01,2025,Actual,Midwest,Enterprise,Support,Opex,Support,-343359.0976661008,2025-05
2025-05-01,2025,Budget,Midwest,Enterprise,Revenue,Revenue,Sales,4526742.260171134,2025-05
2025-05-01,2025,Budget,Midwest,Enterprise,COGS,COGS,Sales,-2027322.2958579871,2025-05
2025-05-01,2025,Budget,Midwest,Enterprise,Sales & Marketing,Opex,Marketing,-769192.6475835969,2025-05
2025-05-01,2025,Budget,Midwest,Enterprise,R&D,Opex,R&D,-541973.8830285852,2025-05
2025-05-01,2025,Budget,Midwest,Enterprise,G&A,Opex,G&A,-428046.757689634,2025-05
2025-05-01,2025,Budget,Midwest,Enterprise,Support,Opex,Support,-267773.47369185317,2025-05
2025-05-01,2025,Actual,Midwest,Marketplace Ads,Revenue,Revenue,Sales,1835589.8412685366,2025-05
2025-05-01,2025,Actual,Midwest,Marketplace Ads,COGS,COGS,Sales,-816154.8180643766,2025-05
2025-05-01,2025,Actual,Midwest,Marketplace Ads,Sales & Marketing,Opex,Marketing,-320876.65199354856,2025-05
2025-05-01,2025,Actual,Midwest,Marketplace Ads,R&D,Opex,R&D,-227774.16898503393,2025-05
2025-05-01,2025,Actual,Midwest,Marketplace Ads,G&A,Opex,G&A,-154830.2679813655,2025-05
2025-05-01,2025,Actual,Midwest,Marketplace Ads,Support,Opex,Support,-100535.99490696783,2025-05
2025-05-01,2025,Budget,Midwest,Marketplace Ads,Revenue,Revenue,Sales,2011885.4489649488,2025-05
2025-05-01,2025,Budget,Midwest,Marketplace Ads,COGS,COGS,Sales,-880997.2970739511,2025-05
2025-05-01,2025,Budget,Midwest,Marketplace Ads,Sales & Marketing,Opex,Marketing,-400196.48503080604,2025-05
2025-05-01,2025,Budget,Midwest,Marketplace Ads,R&D,Opex,R&D,-246101.83540099976,2025-05
2025-05-01,2025,Budget,Midwest,Marketplace Ads,G&A,Opex,G&A,-166788.7548039576,2025-05
2025-05-01,2025,Budget,Midwest,Marketplace Ads,Support,Opex,Support,-138121.88244113213,2025-05
2025-05-01,2025,Actual,Southwest,Core,Revenue,Revenue,Sales,3603612.652732269,2025-05
2025-05-01,2025,Actual,Southwest,Core,COGS,COGS,Sales,-1371549.102433799,2025-05
2025-05-01,2025,Actual,Southwest,Core,Sales & Marketing,Opex,Marketing,-596889.258113287,2025-05
2025-05-01,2025,Actual,Southwest,Core,R&D,Opex,R&D,-382427.28947696864,2025-05
2025-05-01,2025,Actual,Southwest,Core,G&A,Opex,G&A,-366494.6617750963,2025-05
2025-05-01,2025,Actual,Southwest,Core,Support,Opex,Support,-264126.075609701,2025-05
2025-05-01,2025,Budget,Southwest,Core,Revenue,Revenue,Sales,3725713.794379535,2025-05
2025-05-01,2025,Budget,Southwest,Core,COGS,COGS,Sales,-1471277.0667769422,2025-05
2025-05-01,2025,Budget,Southwest,Core,Sales & Marketing,Opex,Marketing,-794869.4765467468,2025-05
2025-05-01,2025,Budget,Southwest,Core,R&D,Opex,R&D,-512892.8721148693,2025-05
2025-05-01,2025,Budget,Southwest,Core,G&A,Opex,G&A,-308256.8056346777,2025-05
2025-05-01,2025,Budget,Southwest,Core,Support,Opex,Support,-243300.4952800012,2025-05
2025-05-01,2025,Actual,Southwest,Plus,Revenue,Revenue,Sales,4206904.833961058,2025-05
2025-05-01,2025,Actual,Southwest,Plus,COGS,COGS,Sales,-1763163.0581560645,2025-05
2025-05-01,2025,Actual,Southwest,Plus,Sales & Marketing,Opex,Marketing,-778868.618649616,2025-05
2025-05-01,2025,Actual,Southwest,Plus,R&D,Opex,R&D,-453145.41068237263,2025-05
2025-05-01,2025,Actual,Southwest,Plus,G&A,Opex,G&A,-350649.78836787434,2025-05
2025-05-01,2025,Actual,Southwest,Plus,Support,Opex,Support,-264401.4467020307,2025-05
2025-05-01,2025,Budget,Southwest,Plus,Revenue,Revenue,Sales,4284570.863536465,2025-05
2025-05-01,2025,Budget,Southwest,Plus,COGS,COGS,Sales,-1648933.5462335506,2025-05
2025-05-01,2025,Budget,Southwest,Plus,Sales & Marketing,Opex,Marketing,-795009.9716629662,2025-05
2025-05-01,2025,Budget,Southwest,Plus,R&D,Opex,R&D,-595012.655872124,2025-05
2025-05-01,2025,Budget,Southwest,Plus,G&A,Opex,G&A,-464315.9264803935,2025-05
2025-05-01,2025,Budget,Southwest,Plus,Support,Opex,Support,-309243.72180901095,2025-05
2025-05-01,2025,Actual,Southwest,Enterprise,Revenue,Revenue,Sales,4824424.887353288,2025-05
2025-05-01,2025,Actual,Southwest,Enterprise,COGS,COGS,Sales,-1909507.6834976873,2025-05
2025-05-01,2025,Actual,Southwest,Enterprise,Sales & Marketing,Opex,Marketing,-941880.7835857953,2025-05
2025-05-01,2025,Actual,Southwest,Enterprise,R&D,Opex,R&D,-599253.8413638063,2025-05
2025-05-01,2025,Actual,Southwest,Enterprise,G&A,Opex,G&A,-436883.5866650191,2025-05
2025-05-01,2025,Actual,Southwest,Enterprise,Support,Opex,Support,-336521.86001396953,2025-05
2025-05-01,2025,Budget,Southwest,Enterprise,Revenue,Revenue,Sales,5029713.622412372,2025-05
2025-05-01,2025,Budget,Southwest,Enterprise,COGS,COGS,Sales,-2231075.378692949,2025-05
2025-05-01,2025,Budget,Southwest,Enterprise,Sales & Marketing,Opex,Marketing,-1063111.6636418172,2025-05
2025-05-01,2025,Budget,Southwest,Enterprise,R&D,Opex,R&D,-533592.002334489,2025-05
2025-05-01,2025,Budget,Southwest,Enterprise,G&A,Opex,G&A,-542224.2328849718,2025-05
2025-05-01,2025,Budget,Southwest,Enterprise,Support,Opex,Support,-342003.0656508275,2025-05
2025-05-01,2025,Actual,Southwest,Marketplace Ads,Revenue,Revenue,Sales,2413314.156385722,2025-05
2025-05-01,2025,Actual,Southwest,Marketplace Ads,COGS,COGS,Sales,-1077717.1615739446,2025-05
2025-05-01,2025,Actual,Southwest,Marketplace Ads,Sales & Marketing,Opex,Marketing,-510989.6512611722,2025-05
2025-05-01,2025,Actual,Southwest,Marketplace Ads,R&D,Opex,R&D,-270433.5416951145,2025-05
2025-05-01,2025,Actual,Southwest,Marketplace Ads,G&A,Opex,G&A,-202273.4926511305,2025-05
2025-05-01,2025,Actual,Southwest,Marketplace Ads,Support,Opex,Support,-178841.51271146315,2025-05
2025-05-01,2025,Budget,Southwest,Marketplace Ads,Revenue,Revenue,Sales,2235428.2766277213,2025-05
2025-05-01,2025,Budget,Southwest,Marketplace Ads,COGS,COGS,Sales,-982413.446593948,2025-05
2025-05-01,2025,Budget,Southwest,Marketplace Ads,Sales & Marketing,Opex,Marketing,-384634.93336995103,2025-05
2025-05-01,2025,Budget,Southwest,Marketplace Ads,R&D,Opex,R&D,-247514.81945571318,2025-05
2025-05-01,2025,Budget,Southwest,Marketplace Ads,G&A,Opex,G&A,-242326.44291282154,2025-05
2025-05-01,2025,Budget,Southwest,Marketplace Ads,Support,Opex,Support,-176476.37718285414,2025-05
2025-05-01,2025,Actual,West,Core,Revenue,Revenue,Sales,3990277.7237005695,2025-05
2025-05-01,2025,Actual,West,Core,COGS,COGS,Sales,-1686633.7610291746,2025-05
2025-05-01,2025,Actual,West,Core,Sales & Marketing,Opex,Marketing,-719649.5274022596,2025-05
2025-05-01,2025,Actual,West,Core,R&D,Opex,R&D,-422038.5098889846,2025-05
2025-05-01,2025,Actual,West,Core,G&A,Opex,G&A,-334996.7155272975,2025-05
2025-05-01,2025,Actual,West,Core,Support,Opex,Support,-233939.77639986508,2025-05
2025-05-01,2025,Budget,West,Core,Revenue,Revenue,Sales,4098285.1738174884,2025-05
2025-05-01,2025,Budget,West,Core,COGS,COGS,Sales,-1777976.256424648,2025-05
2025-05-01,2025,Budget,West,Core,Sales & Marketing,Opex,Marketing,-703307.7070907343,2025-05
2025-05-01,2025,Budget,West,Core,R&D,Opex,R&D,-482311.61602453166,2025-05
2025-05-01,2025,Budget,West,Core,G&A,Opex,G&A,-416972.9351511133,2025-05
2025-05-01,2025,Budget,West,Core,Support,Opex,Support,-260735.51496432858,2025-05
2025-05-01,2025,Actual,West,Plus,Revenue,Revenue,Sales,4366468.096021296,2025-05
2025-05-01,2025,Actual,West,Plus,COGS,COGS,Sales,-1954380.8364468284,2025-05
2025-05-01,2025,Actual,West,Plus,Sales & Marketing,Opex,Marketing,-775156.2732932115,2025-05
2025-05-01,2025,Actual,West,Plus,R&D,Opex,R&D,-508406.4121655006,2025-05
2025-05-01,2025,Actual,West,Plus,G&A,Opex,G&A,-426429.5069194257,2025-05
2025-05-01,2025,Actual,West,Plus,Support,Opex,Support,-245987.21635506392,2025-05
2025-05-01,2025,Budget,West,Plus,Revenue,Revenue,Sales,4713027.9498901125,2025-05
2025-05-01,2025,Budget,West,Plus,COGS,COGS,Sales,-1902863.2334118187,2025-05
2025-05-01,2025,Budget,West,Plus,Sales & Marketing,Opex,Marketing,-852920.9095672723,2025-05
2025-05-01,2025,Budget,West,Plus,R&D,Opex,R&D,-590628.5705242762,2025-05
2025-05-01,2025,Budget,West,Plus,G&A,Opex,G&A,-514713.50729941996,2025-05
2025-05-01,2025,Budget,West,Plus,Support,Opex,Support,-274797.68261754524,2025-05
2025-05-01,2025,Actual,West,Enterprise,Revenue,Revenue,Sales,5025570.624019513,2025-05
2025-05-01,2025,Actual,West,Enterprise,COGS,COGS,Sales,-2117752.717585903,2025-05
2025-05-01,2025,Actual,West,Enterprise,Sales & Marketing,Opex,Marketing,-806930.9925642323,2025-05
2025-05-01,2025,Actual,West,Enterprise,R&D,Opex,R&D,-633979.9819543138,2025-05
2025-05-01,2025,Actual,West,Enterprise,G&A,Opex,G&A,-522108.4222554499,2025-05
2025-05-01,2025,Actual,West,Enterprise,Support,Opex,Support,-337823.8124026526,2025-05
2025-05-01,2025,Budget,West,Enterprise,Revenue,Revenue,Sales,5532684.98465361,2025-05
2025-05-01,2025,Budget,West,Enterprise,COGS,COGS,Sales,-2470299.5056483946,2025-05
2025-05-01,2025,Budget,West,Enterprise,Sales & Marketing,Opex,Marketing,-1044914.6867914383,2025-05
2025-05-01,2025,Budget,West,Enterprise,R&D,Opex,R&D,-747412.0173220084,2025-05
2025-05-01,2025,Budget,West,Enterprise,G&A,Opex,G&A,-467480.36434725573,2025-05
2025-05-01,2025,Budget,West,Enterprise,Support,Opex,Support,-282551.0546767962,2025-05
2025-05-01,2025,Actual,West,Marketplace Ads,Revenue,Revenue,Sales,2308310.1854387717,2025-05
2025-05-01,2025,Actual,West,Marketplace Ads,COGS,COGS,Sales,-907058.9203629716,2025-05
2025-05-01,2025,Actual,West,Marketplace Ads,Sales & Marketing,Opex,Marketing,-498033.5313202285,2025-05
2025-05-01,2025,Actual,West,Marketplace Ads,R&D,Opex,R&D,-309904.42410367116,2025-05
2025-05-01,2025,Actual,West,Marketplace Ads,G&A,Opex,G&A,-213922.0421242273,2025-05
2025-05-01,2025,Actual,West,Marketplace Ads,Support,Opex,Support,-184380.79292741232,2025-05
2025-05-01,2025,Budget,West,Marketplace Ads,Revenue,Revenue,Sales,2458971.104290493,2025-05
2025-05-01,2025,Budget,West,Marketplace Ads,COGS,COGS,Sales,-1048331.7208848794,2025-05
2025-05-01,2025,Budget,West,Marketplace Ads,Sales & Marketing,Opex,Marketing,-444758.98235922464,2025-05
2025-05-01,2025,Budget,West,Marketplace Ads,R&D,Opex,R&D,-290999.61728160124,2025-05
2025-05-01,2025,Budget,West,Marketplace Ads,G&A,Opex,G&A,-224616.1968338796,2025-05
2025-05-01,2025,Budget,West,Marketplace Ads,Support,Opex,Support,-180653.56139362298,2025-05
2025-06-01,2025,Actual,Northeast,Core,Revenue,Revenue,Sales,3717794.907289702,2025-06
2025-06-01,2025,Actual,Northeast,Core,COGS,COGS,Sales,-1632993.601296547,2025-06
2025-06-01,2025,Actual,Northeast,Core,Sales & Marketing,Opex,Marketing,-800665.8948202839,2025-06
2025-06-01,2025,Actual,Northeast,Core,R&D,Opex,R&D,-448431.53047279565,2025-06
2025-06-01,2025,Actual,Northeast,Core,G&A,Opex,G&A,-361088.67781603173,2025-06
2025-06-01,2025,Actual,Northeast,Core,Support,Opex,Support,-287942.20574020926,2025-06
2025-06-01,2025,Budget,Northeast,Core,Revenue,Revenue,Sales,3801304.584,2025-06
2025-06-01,2025,Budget,Northeast,Core,COGS,COGS,Sales,-1651332.1185678407,2025-06
2025-06-01,2025,Budget,Northeast,Core,Sales & Marketing,Opex,Marketing,-767761.1528259241,2025-06
2025-06-01,2025,Budget,Northeast,Core,R&D,Opex,R&D,-413232.7458617259,2025-06
2025-06-01,2025,Budget,Northeast,Core,G&A,Opex,G&A,-389773.2725723256,2025-06
2025-06-01,2025,Budget,Northeast,Core,Support,Opex,Support,-237671.90460806515,2025-06
2025-06-01,2025,Actual,Northeast,Plus,Revenue,Revenue,Sales,4507115.337602655,2025-06
2025-06-01,2025,Actual,Northeast,Plus,COGS,COGS,Sales,-1861622.8451145913,2025-06
2025-06-01,2025,Actual,Northeast,Plus,Sales & Marketing,Opex,Marketing,-878335.8553605026,2025-06
2025-06-01,2025,Actual,Northeast,Plus,R&D,Opex,R&D,-464876.3290660152,2025-06
2025-06-01,2025,Actual,Northeast,Plus,G&A,Opex,G&A,-408549.2925640957,2025-06
2025-06-01,2025,Actual,Northeast,Plus,Support,Opex,Support,-338031.88986599847,2025-06
2025-06-01,2025,Budget,Northeast,Plus,Revenue,Revenue,Sales,4371500.2716,2025-06
2025-06-01,2025,Budget,Northeast,Plus,COGS,COGS,Sales,-1925806.6517965405,2025-06
2025-06-01,2025,Budget,Northeast,Plus,Sales & Marketing,Opex,Marketing,-860637.8585799908,2025-06
2025-06-01,2025,Budget,Northeast,Plus,R&D,Opex,R&D,-445835.70213241404,2025-06
2025-06-01,2025,Budget,Northeast,Plus,G&A,Opex,G&A,-466748.07427127,2025-06
2025-06-01,2025,Budget,Northeast,Plus,Support,Opex,Support,-267478.66440865584,2025-06
2025-06-01,2025,Actual,Northeast,Enterprise,Revenue,Revenue,Sales,5097198.453879662,2025-06
2025-06-01,2025,Actual,Northeast,Enterprise,COGS,COGS,Sales,-2121392.094615583,2025-06
2025-06-01,2025,Actual,Northeast,Enterprise,Sales & Marketing,Opex,Marketing,-884030.1343437791,2025-06
2025-06-01,2025,Actual,Northeast,Enterprise,R&D,Opex,R&D,-711211.3181071074,2025-06
2025-06-01,2025,Actual,Northeast,Enterprise,G&A,Opex,G&A,-552051.1891165795,2025-06
2025-06-01,2025,Actual,Northeast,Enterprise,Support,Opex,Support,-323802.30736875365,2025-06
2025-06-01,2025,Budget,Northeast,Enterprise,Revenue,Revenue,Sales,5131761.188399999,2025-06
2025-06-01,2025,Budget,Northeast,Enterprise,COGS,COGS,Sales,-2106585.769637844,2025-06
2025-06-01,2025,Budget,Northeast,Enterprise,Sales & Marketing,Opex,Marketing,-922448.9290795818,2025-06
2025-06-01,2025,Budget,Northeast,Enterprise,R&D,Opex,R&D,-593797.4778743442,2025-06
2025-06-01,2025,Budget,Northeast,Enterprise,G&A,Opex,G&A,-434499.04275808507,2025-06
2025-06-01,2025,Budget,Northeast,Enterprise,Support,Opex,Support,-403966.39997324656,2025-06
2025-06-01,2025,Actual,Northeast,Marketplace Ads,Revenue,Revenue,Sales,2204850.250212573,2025-06
2025-06-01,2025,Actual,Northeast,Marketplace Ads,COGS,COGS,Sales,-861154.7863145601,2025-06
2025-06-01,2025,Actual,Northeast,Marketplace Ads,Sales & Marketing,Opex,Marketing,-484518.71245155885,2025-06
2025-06-01,2025,Actual,Northeast,Marketplace Ads,R&D,Opex,R&D,-278905.039210432,2025-06
2025-06-01,2025,Actual,Northeast,Marketplace Ads,G&A,Opex,G&A,-211170.63968105937,2025-06
2025-06-01,2025,Actual,Northeast,Marketplace Ads,Support,Opex,Support,-169580.23651492217,2025-06
2025-06-01,2025,Budget,Northeast,Marketplace Ads,Revenue,Revenue,Sales,2280782.7504,2025-06
2025-06-01,2025,Budget,Northeast,Marketplace Ads,COGS,COGS,Sales,-960149.2134345175,2025-06
2025-06-01,2025,Budget,Northeast,Marketplace Ads,Sales & Marketing,Opex,Marketing,-400430.94696891605,2025-06
2025-06-01,2025,Budget,Northeast,Marketplace Ads,R&D,Opex,R&D,-312014.0798456637,2025-06
2025-06-01,2025,Budget,Northeast,Marketplace Ads,G&A,Opex,G&A,-206786.5084694847,2025-06
2025-06-01,2025,Budget,Northeast,Marketplace Ads,Support,Opex,Support,-134830.683297269,2025-06
2025-06-01,2025,Actual,Southeast,Core,Revenue,Revenue,Sales,3178017.48864163,2025-06
2025-06-01,2025,Actual,Southeast,Core,COGS,COGS,Sales,-1278092.3089862692,2025-06
2025-06-01,2025,Actual,Southeast,Core,Sales & Marketing,Opex,Marketing,-560675.1295954363,2025-06
2025-06-01,2025,Actual,Southeast,Core,R&D,Opex,R&D,-420240.17474758066,2025-06
2025-06-01,2025,Actual,Southeast,Core,G&A,Opex,G&A,-312279.6394317677,2025-06
2025-06-01,2025,Actual,Southeast,Core,Support,Opex,Support,-217672.0638471043,2025-06
2025-06-01,2025,Budget,Southeast,Core,Revenue,Revenue,Sales,3439275.5759999994,2025-06
2025-06-01,2025,Budget,Southeast,Core,COGS,COGS,Sales,-1430943.1510516976,2025-06
2025-06-01,2025,Budget,Southeast,Core,Sales & Marketing,Opex,Marketing,-688536.6952363218,2025-06
2025-06-01,2025,Budget,Southeast,Core,R&D,Opex,R&D,-401730.2755777304,2025-06
2025-06-01,2025,Budget,Southeast,Core,G&A,Opex,G&A,-325519.50438377756,2025-06
2025-06-01,2025,Budget,Southeast,Core,Support,Opex,Support,-186934.96653852108,2025-06
2025-06-01,2025,Actual,Southeast,Plus,Revenue,Revenue,Sales,4194537.184023723,2025-06
2025-06-01,2025,Actual,Southeast,Plus,COGS,COGS,Sales,-1741415.2592677076,2025-06
2025-06-01,2025,Actual,Southeast,Plus,Sales & Marketing,Opex,Marketing,-809622.1109101893,2025-06
2025-06-01,2025,Actual,Southeast,Plus,R&D,Opex,R&D,-469649.64113781974,2025-06
2025-06-01,2025,Actual,Southeast,Plus,G&A,Opex,G&A,-395332.42269129184,2025-06
2025-06-01,2025,Actual,Southeast,Plus,Support,Opex,Support,-310533.722237646,2025-06
2025-06-01,2025,Budget,Southeast,Plus,Revenue,Revenue,Sales,3955166.9124,2025-06
2025-06-01,2025,Budget,Southeast,Plus,COGS,COGS,Sales,-1649566.9809273363,2025-06
2025-06-01,2025,Budget,Southeast,Plus,Sales & Marketing,Opex,Marketing,-650611.7565932245,2025-06
2025-06-01,2025,Budget,Southeast,Plus,R&D,Opex,R&D,-469285.10188499215,2025-06
2025-06-01,2025,Budget,Southeast,Plus,G&A,Opex,G&A,-334379.0670282077,2025-06
2025-06-01,2025,Budget,Southeast,Plus,Support,Opex,Support,-224100.3185446763,2025-06
2025-06-01,2025,Actual,Southeast,Enterprise,Revenue,Revenue,Sales,4848589.952630618,2025-06
2025-06-01,2025,Actual,Southeast,Enterprise,COGS,COGS,Sales,-1965307.2810037779,2025-06
2025-06-01,2025,Actual,Southeast,Enterprise,Sales & Marketing,Opex,Marketing,-1001788.5382577499,2025-06
2025-06-01,2025,Actual,Southeast,Enterprise,R&D,Opex,R&D,-502195.63516075176,2025-06
2025-06-01,2025,Actual,Southeast,Enterprise,G&A,Opex,G&A,-468817.3620830684,2025-06
2025-06-01,2025,Actual,Southeast,Enterprise,Support,Opex,Support,-341976.7620552294,2025-06
2025-06-01,2025,Budget,Southeast,Enterprise,Revenue,Revenue,Sales,4643022.027599999,2025-06
2025-06-01,2025,Budget,Southeast,Enterprise,COGS,COGS,Sales,-2088776.047672624,2025-06
2025-06-01,2025,Budget,Southeast,Enterprise,Sales & Marketing,Opex,Marketing,-757441.6424171951,2025-06
2025-06-01,2025,Budget,Southeast,Enterprise,R&D,Opex,R&D,-539935.7482655052,2025-06
2025-06-01,2025,Budget,Southeast,Enterprise,G&A,Opex,G&A,-384160.35157902737,2025-06
2025-06-01,2025,Budget,Southeast,Enterprise,Support,Opex,Support,-265838.5033847854,2025-06
2025-06-01,2025,Actual,Southeast,Marketplace Ads,Revenue,Revenue,Sales,2081729.0278702483,2025-06
2025-06-01,2025,Actual,Southeast,Marketplace Ads,COGS,COGS,Sales,-918260.9417501454,2025-06
2025-06-01,2025,Actual,Southeast,Marketplace Ads,Sales & Marketing,Opex,Marketing,-443305.164703849,2025-06
2025-06-01,2025,Actual,Southeast,Marketplace Ads,R&D,Opex,R&D,-215561.77245006498,2025-06
2025-06-01,2025,Actual,Southeast,Marketplace Ads,G&A,Opex,G&A,-170442.02039556083,2025-06
2025-06-01,2025,Actual,Southeast,Marketplace Ads,Support,Opex,Support,-126276.60198958401,2025-06
2025-06-01,2025,Budget,Southeast,Marketplace Ads,Revenue,Revenue,Sales,2063565.3456,2025-06
2025-06-01,2025,Budget,Southeast,Marketplace Ads,COGS,COGS,Sales,-902018.2626979931,2025-06
2025-06-01,2025,Budget,Southeast,Marketplace Ads,Sales & Marketing,Opex,Marketing,-430987.3921387748,2025-06
2025-06-01,2025,Budget,Southeast,Marketplace Ads,R&D,Opex,R&D,-274559.12395630835,2025-06
2025-06-01,2025,Budget,Southeast,Marketplace Ads,G&A,Opex,G&A,-180098.7831645799,2025-06
2025-06-01,2025,Budget,Southeast,Marketplace Ads,Support,Opex,Support,-154523.98283009615,2025-06
2025-06-01,2025,Actual,Midwest,Core,Revenue,Revenue,Sales,3565117.8493054826,2025-06
2025-06-01,2025,Actual,Midwest,Core,COGS,COGS,Sales,-1547686.1237889824,2025-06
2025-06-01,2025,Actual,Midwest,Core,Sales & Marketing,Opex,Marketing,-587679.9689408791,2025-06
2025-06-01,2025,Actual,Midwest,Core,R&D,Opex,R&D,-420966.27305482945,2025-06
2025-06-01,2025,Actual,Midwest,Core,G&A,Opex,G&A,-326391.6895346803,2025-06
2025-06-01,2025,Actual,Midwest,Core,Support,Opex,Support,-285176.8087022416,2025-06
2025-06-01,2025,Budget,Midwest,Core,Revenue,Revenue,Sales,3258261.0719999997,2025-06
2025-06-01,2025,Budget,Midwest,Core,COGS,COGS,Sales,-1391005.1713028012,2025-06
2025-06-01,2025,Budget,Midwest,Core,Sales & Marketing,Opex,Marketing,-648174.9373777511,2025-06
2025-06-01,2025,Budget,Midwest,Core,R&D,Opex,R&D,-330196.83628390566,2025-06
2025-06-01,2025,Budget,Midwest,Core,G&A,Opex,G&A,-335462.3681125335,2025-06
2025-06-01,2025,Budget,Midwest,Core,Support,Opex,Support,-252653.88151955782,2025-06
2025-06-01,2025,Actual,Midwest,Plus,Revenue,Revenue,Sales,3503973.9620929956,2025-06
2025-06-01,2025,Actual,Midwest,Plus,COGS,COGS,Sales,-1361968.7044799693,2025-06
2025-06-01,2025,Actual,Midwest,Plus,Sales & Marketing,Opex,Marketing,-611386.4844574296,2025-06
2025-06-01,2025,Actual,Midwest,Plus,R&D,Opex,R&D,-483007.55434092757,2025-06
2025-06-01,2025,Actual,Midwest,Plus,G&A,Opex,G&A,-349043.1663633596,2025-06
2025-06-01,2025,Actual,Midwest,Plus,Support,Opex,Support,-201467.93417804776,2025-06
2025-06-01,2025,Budget,Midwest,Plus,Revenue,Revenue,Sales,3747000.2328,2025-06
2025-06-01,2025,Budget,Midwest,Plus,COGS,COGS,Sales,-1526728.7149479429,2025-06
2025-06-01,2025,Budget,Midwest,Plus,Sales & Marketing,Opex,Marketing,-724819.2602174854,2025-06
2025-06-01,2025,Budget,Midwest,Plus,R&D,Opex,R&D,-505647.3260615975,2025-06
2025-06-01,2025,Budget,Midwest,Plus,G&A,Opex,G&A,-321404.46623970655,2025-06
2025-06-01,2025,Budget,Midwest,Plus,Support,Opex,Support,-297110.6882746469,2025-06
2025-06-01,2025,Actual,Midwest,Enterprise,Revenue,Revenue,Sales,4336283.900524448,2025-06
2025-06-01,2025,Actual,Midwest,Enterprise,COGS,COGS,Sales,-1806159.740765718,2025-06
2025-06-01,2025,Actual,Midwest,Enterprise,Sales & Marketing,Opex,Marketing,-952539.9664377703,2025-06
2025-06-01,2025,Actual,Midwest,Enterprise,R&D,Opex,R&D,-602465.9771143653,2025-06
2025-06-01,2025,Actual,Midwest,Enterprise,G&A,Opex,G&A,-403827.1934205493,2025-06
2025-06-01,2025,Actual,Midwest,Enterprise,Support,Opex,Support,-239055.0414793157,2025-06
2025-06-01,2025,Budget,Midwest,Enterprise,Revenue,Revenue,Sales,4398652.447199999,2025-06
2025-06-01,2025,Budget,Midwest,Enterprise,COGS,COGS,Sales,-1737362.8124527468,2025-06
2025-06-01,2025,Budget,Midwest,Enterprise,Sales & Marketing,Opex,Marketing,-822865.5058362659,2025-06
2025-06-01,2025,Budget,Midwest,Enterprise,R&D,Opex,R&D,-605597.1357020233,2025-06
2025-06-01,2025,Budget,Midwest,Enterprise,G&A,Opex,G&A,-417439.98601698555,2025-06
2025-06-01,2025,Budget,Midwest,Enterprise,Support,Opex,Support,-222148.4448876066,2025-06
2025-06-01,2025,Actual,Midwest,Marketplace Ads,Revenue,Revenue,Sales,1802274.188853684,2025-06
2025-06-01,2025,Actual,Midwest,Marketplace Ads,COGS,COGS,Sales,-804872.1082417009,2025-06
2025-06-01,2025,Actual,Midwest,Marketplace Ads,Sales & Marketing,Opex,Marketing,-375000.532173625,2025-06
2025-06-01,2025,Actual,Midwest,Marketplace Ads,R&D,Opex,R&D,-222029.29044072924,2025-06
2025-06-01,2025,Actual,Midwest,Marketplace Ads,G&A,Opex,G&A,-171862.1664055629,2025-06
2025-06-01,2025,Actual,Midwest,Marketplace Ads,Support,Opex,Support,-131697.53896067667,2025-06
2025-06-01,2025,Budget,Midwest,Marketplace Ads,Revenue,Revenue,Sales,1954956.6431999998,2025-06
2025-06-01,2025,Budget,Midwest,Marketplace Ads,COGS,COGS,Sales,-760347.8990113243,2025-06
2025-06-01,2025,Budget,Midwest,Marketplace Ads,Sales & Marketing,Opex,Marketing,-375295.9818541931,2025-06
2025-06-01,2025,Budget,Midwest,Marketplace Ads,R&D,Opex,R&D,-257911.4913343268,2025-06
2025-06-01,2025,Budget,Midwest,Marketplace Ads,G&A,Opex,G&A,-170620.43955708906,2025-06
2025-06-01,2025,Budget,Midwest,Marketplace Ads,Support,Opex,Support,-121903.48471290042,2025-06
2025-06-01,2025,Actual,Southwest,Core,Revenue,Revenue,Sales,3460500.408206209,2025-06
2025-06-01,2025,Actual,Southwest,Core,COGS,COGS,Sales,-1371701.8604287216,2025-06
2025-06-01,2025,Actual,Southwest,Core,Sales & Marketing,Opex,Marketing,-742067.9260421513,2025-06
2025-06-01,2025,Actual,Southwest,Core,R&D,Opex,R&D,-378578.61675202334,2025-06
2025-06-01,2025,Actual,Southwest,Core,G&A,Opex,G&A,-371311.5375437442,2025-06
2025-06-01,2025,Actual,Southwest,Core,Support,Opex,Support,-203050.44153674916,2025-06
2025-06-01,2025,Budget,Southwest,Core,Revenue,Revenue,Sales,3620290.0799999996,2025-06
2025-06-01,2025,Budget,Southwest,Core,COGS,COGS,Sales,-1528915.2282604498,2025-06
2025-06-01,2025,Budget,Southwest,Core,Sales & Marketing,Opex,Marketing,-628309.9444127412,2025-06
2025-06-01,2025,Budget,Southwest,Core,R&D,Opex,R&D,-494956.5201865284,2025-06
2025-06-01,2025,Budget,Southwest,Core,G&A,Opex,G&A,-317459.8209228454,2025-06
2025-06-01,2025,Budget,Southwest,Core,Support,Opex,Support,-266971.00443846965,2025-06
2025-06-01,2025,Actual,Southwest,Plus,Revenue,Revenue,Sales,4021314.7588028586,2025-06
2025-06-01,2025,Actual,Southwest,Plus,COGS,COGS,Sales,-1672058.2962502798,2025-06
2025-06-01,2025,Actual,Southwest,Plus,Sales & Marketing,Opex,Marketing,-789634.4830273838,2025-06
2025-06-01,2025,Actual,Southwest,Plus,R&D,Opex,R&D,-474794.4628596596,2025-06
2025-06-01,2025,Actual,Southwest,Plus,G&A,Opex,G&A,-435657.9838477996,2025-06
2025-06-01,2025,Actual,Southwest,Plus,Support,Opex,Support,-269322.35701272654,2025-06
2025-06-01,2025,Budget,Southwest,Plus,Revenue,Revenue,Sales,4163333.5919999997,2025-06
2025-06-01,2025,Budget,Southwest,Plus,COGS,COGS,Sales,-1773963.0212174433,2025-06
2025-06-01,2025,Budget,Southwest,Plus,Sales & Marketing,Opex,Marketing,-829784.2740933205,2025-06
2025-06-01,2025,Budget,Southwest,Plus,R&D,Opex,R&D,-491623.52915596653,2025-06
2025-06-01,2025,Budget,Southwest,Plus,G&A,Opex,G&A,-372318.9973424938,2025-06
2025-06-01,2025,Budget,Southwest,Plus,Support,Opex,Support,-323317.6310265592,2025-06
2025-06-01,2025,Actual,Southwest,Enterprise,Revenue,Revenue,Sales,4966130.921017621,2025-06
2025-06-01,2025,Actual,Southwest,Enterprise,COGS,COGS,Sales,-2095839.7295194617,2025-06
2025-06-01,2025,Actual,Southwest,Enterprise,Sales & Marketing,Opex,Marketing,-857319.4699166606,2025-06
2025-06-01,2025,Actual,Southwest,Enterprise,R&D,Opex,R&D,-606462.0618092418,2025-06
2025-06-01,2025,Actual,Southwest,Enterprise,G&A,Opex,G&A,-521177.2791965857,2025-06
2025-06-01,2025,Actual,Southwest,Enterprise,Support,Opex,Support,-328468.6959513278,2025-06
2025-06-01,2025,Budget,Southwest,Enterprise,Revenue,Revenue,Sales,4887391.607999999,2025-06
2025-06-01,2025,Budget,Southwest,Enterprise,COGS,COGS,Sales,-1923432.9229147448,2025-06
2025-06-01,2025,Budget,Southwest,Enterprise,Sales & Marketing,Opex,Marketing,-982159.0112459087,2025-06
2025-06-01,2025,Budget,Southwest,Enterprise,R&D,Opex,R&D,-573585.077107348,2025-06
2025-06-01,2025,Budget,Southwest,Enterprise,G&A,Opex,G&A,-506950.38568456715,2025-06
2025-06-01,2025,Budget,Southwest,Enterprise,Support,Opex,Support,-319371.8616084564,2025-06
2025-06-01,2025,Actual,Southwest,Marketplace Ads,Revenue,Revenue,Sales,2040696.2443271964,2025-06
2025-06-01,2025,Actual,Southwest,Marketplace Ads,COGS,COGS,Sales,-821759.8245603682,2025-06
2025-06-01,2025,Actual,Southwest,Marketplace Ads,Sales & Marketing,Opex,Marketing,-381434.66640799923,2025-06
2025-06-01,2025,Actual,Southwest,Marketplace Ads,R&D,Opex,R&D,-218045.36022244385,2025-06
2025-06-01,2025,Actual,Southwest,Marketplace Ads,G&A,Opex,G&A,-176423.6047869967,2025-06
2025-06-01,2025,Actual,Southwest,Marketplace Ads,Support,Opex,Support,-119062.15991459362,2025-06
2025-06-01,2025,Budget,Southwest,Marketplace Ads,Revenue,Revenue,Sales,2172174.048,2025-06
2025-06-01,2025,Budget,Southwest,Marketplace Ads,COGS,COGS,Sales,-942997.0796084347,2025-06
2025-06-01,2025,Budget,Southwest,Marketplace Ads,Sales & Marketing,Opex,Marketing,-360692.6546139751,2025-06
2025-06-01,2025,Budget,Southwest,Marketplace Ads,R&D,Opex,R&D,-224615.62857050216,2025-06
2025-06-01,2025,Budget,Southwest,Marketplace Ads,G&A,Opex,G&A,-224040.25281651557,2025-06
2025-06-01,2025,Budget,Southwest,Marketplace Ads,Support,Opex,Support,-153944.25313046708,2025-06
2025-06-01,2025,Actual,West,Core,Revenue,Revenue,Sales,3913902.738997036,2025-06
2025-06-01,2025,Actual,West,Core,COGS,COGS,Sales,-1641909.3496890846,2025-06
2025-06-01,2025,Actual,West,Core,Sales & Marketing,Opex,Marketing,-775992.4550795344,2025-06
2025-06-01,2025,Actual,West,Core,R&D,Opex,R&D,-535291.2883258061,2025-06
2025-06-01,2025,Actual,West,Core,G&A,Opex,G&A,-417116.42741240753,2025-06
2025-06-01,2025,Actual,West,Core,Support,Opex,Support,-291369.9866333318,2025-06
2025-06-01,2025,Budget,West,Core,Revenue,Revenue,Sales,3982319.0879999995,2025-06
2025-06-01,2025,Budget,West,Core,COGS,COGS,Sales,-1736135.3376802346,2025-06
2025-06-01,2025,Budget,West,Core,Sales & Marketing,Opex,Marketing,-843670.5141317241,2025-06
2025-06-01,2025,Budget,West,Core,R&D,Opex,R&D,-557258.3634416655,2025-06
2025-06-01,2025,Budget,West,Core,G&A,Opex,G&A,-436929.5181780732,2025-06
2025-06-01,2025,Budget,West,Core,Support,Opex,Support,-229047.31012439082,2025-06
2025-06-01,2025,Actual,West,Plus,Revenue,Revenue,Sales,4400454.551172305,2025-06
2025-06-01,2025,Actual,West,Plus,COGS,COGS,Sales,-1822594.265713766,2025-06
2025-06-01,2025,Actual,West,Plus,Sales & Marketing,Opex,Marketing,-789453.0308484044,2025-06
2025-06-01,2025,Actual,West,Plus,R&D,Opex,R&D,-562277.3392880084,2025-06
2025-06-01,2025,Actual,West,Plus,G&A,Opex,G&A,-456819.39229464106,2025-06
2025-06-01,2025,Actual,West,Plus,Support,Opex,Support,-257254.6105019237,2025-06
2025-06-01,2025,Budget,West,Plus,Revenue,Revenue,Sales,4579666.9512,2025-06
2025-06-01,2025,Budget,West,Plus,COGS,COGS,Sales,-1934472.4676425012,2025-06
2025-06-01,2025,Budget,West,Plus,Sales & Marketing,Opex,Marketing,-813167.9454267803,2025-06
2025-06-01,2025,Budget,West,Plus,R&D,Opex,R&D,-477184.8865501101,2025-06
2025-06-01,2025,Budget,West,Plus,G&A,Opex,G&A,-455650.49183815735,2025-06
2025-06-01,2025,Budget,West,Plus,Support,Opex,Support,-323368.39907910116,2025-06
2025-06-01,2025,Actual,West,Enterprise,Revenue,Revenue,Sales,5545658.129771337,2025-06
2025-06-01,2025,Actual,West,Enterprise,COGS,COGS,Sales,-2229456.005283155,2025-06
2025-06-01,2025,Actual,West,Enterprise,Sales & Marketing,Opex,Marketing,-980794.2796821126,2025-06
2025-06-01,2025,Actual,West,Enterprise,R&D,Opex,R&D,-738749.9121855738,2025-06
2025-06-01,2025,Actual,West,Enterprise,G&A,Opex,G&A,-495706.87171030923,2025-06
2025-06-01,2025,Actual,West,Enterprise,Support,Opex,Support,-436534.28441242076,2025-06
2025-06-01,2025,Budget,West,Enterprise,Revenue,Revenue,Sales,5376130.7688,2025-06
2025-06-01,2025,Budget,West,Enterprise,COGS,COGS,Sales,-2143683.0965049732,2025-06
2025-06-01,2025,Budget,West,Enterprise,Sales & Marketing,Opex,Marketing,-926065.1908784716,2025-06
2025-06-01,2025,Budget,West,Enterprise,R&D,Opex,R&D,-729803.8106842388,2025-06
2025-06-01,2025,Budget,West,Enterprise,G&A,Opex,G&A,-525591.585206839,2025-06
2025-06-01,2025,Budget,West,Enterprise,Support,Opex,Support,-427116.8732087107,2025-06
2025-06-01,2025,Actual,West,Marketplace Ads,Revenue,Revenue,Sales,2263169.0894339005,2025-06
2025-06-01,2025,Actual,West,Marketplace Ads,COGS,COGS,Sales,-892682.8201653752,2025-06
2025-06-01,2025,Actual,West,Marketplace Ads,Sales & Marketing,Opex,Marketing,-418409.939191676,2025-06
2025-06-01,2025,Actual,West,Marketplace Ads,R&D,Opex,R&D,-229871.30717409623,2025-06
2025-06-01,2025,Actual,West,Marketplace Ads,G&A,Opex,G&A,-181732.75659611108,2025-06
2025-06-01,2025,Actual,West,Marketplace Ads,Support,Opex,Support,-146599.6389521502,2025-06
2025-06-01,2025,Budget,West,Marketplace Ads,Revenue,Revenue,Sales,2389391.4527999996,2025-06
2025-06-01,2025,Budget,West,Marketplace Ads,COGS,COGS,Sales,-1020897.7299083731,2025-06
2025-06-01,2025,Budget,West,Marketplace Ads,Sales & Marketing,Opex,Marketing,-394865.89892095205,2025-06
2025-06-01,2025,Budget,West,Marketplace Ads,R&D,Opex,R&D,-254403.86544151537,2025-06
2025-06-01,2025,Budget,West,Marketplace Ads,G&A,Opex,G&A,-233537.87212678077,2025-06
2025-06-01,2025,Budget,West,Marketplace Ads,Support,Opex,Support,-179850.192853685,2025-06
2025-07-01,2025,Actual,Northeast,Core,Revenue,Revenue,Sales,3702281.1467595403,2025-07
2025-07-01,2025,Actual,Northeast,Core,COGS,COGS,Sales,-1482034.0522422413,2025-07
2025-07-01,2025,Actual,Northeast,Core,Sales & Marketing,Opex,Marketing,-744326.0689073507,2025-07
2025-07-01,2025,Actual,Northeast,Core,R&D,Opex,R&D,-451544.2465793101,2025-07
2025-07-01,2025,Actual,Northeast,Core,G&A,Opex,G&A,-369460.6570252823,2025-07
2025-07-01,2025,Actual,Northeast,Core,Support,Opex,Support,-206505.30129198584,2025-07
2025-07-01,2025,Budget,Northeast,Core,Revenue,Revenue,Sales,3628548.0,2025-07
2025-07-01,2025,Budget,Northeast,Core,COGS,COGS,Sales,-1600200.057041203,2025-07
2025-07-01,2025,Budget,Northeast,Core,Sales & Marketing,Opex,Marketing,-709414.3377947366,2025-07
2025-07-01,2025,Budget,Northeast,Core,R&D,Opex,R&D,-488855.7757501561,2025-07
2025-07-01,2025,Budget,Northeast,Core,G&A,Opex,G&A,-367500.46965154796,2025-07
2025-07-01,2025,Budget,Northeast,Core,Support,Opex,Support,-244924.74811006832,2025-07
2025-07-01,2025,Actual,Northeast,Plus,Revenue,Revenue,Sales,4039606.8195687067,2025-07
2025-07-01,2025,Actual,Northeast,Plus,COGS,COGS,Sales,-1773949.604689862,2025-07
2025-07-01,2025,Actual,Northeast,Plus,Sales & Marketing,Opex,Marketing,-794132.0103431448,2025-07
2025-07-01,2025,Actual,Northeast,Plus,R&D,Opex,R&D,-564417.1210554275,2025-07
2025-07-01,2025,Actual,Northeast,Plus,G&A,Opex,G&A,-372642.96310643863,2025-07
2025-07-01,2025,Actual,Northeast,Plus,Support,Opex,Support,-284921.9751151814,2025-07
2025-07-01,2025,Budget,Northeast,Plus,Revenue,Revenue,Sales,4172830.2,2025-07
2025-07-01,2025,Budget,Northeast,Plus,COGS,COGS,Sales,-1875428.7917895885,2025-07
2025-07-01,2025,Budget,Northeast,Plus,Sales & Marketing,Opex,Marketing,-901536.2412933384,2025-07
2025-07-01,2025,Budget,Northeast,Plus,R&D,Opex,R&D,-441992.91291978897,2025-07
2025-07-01,2025,Budget,Northeast,Plus,G&A,Opex,G&A,-348859.61139335716,2025-07
2025-07-01,2025,Budget,Northeast,Plus,Support,Opex,Support,-304472.6503634372,2025-07
2025-07-01,2025,Actual,Northeast,Enterprise,Revenue,Revenue,Sales,4452532.10996052,2025-07
2025-07-01,2025,Actual,Northeast,Enterprise,COGS,COGS,Sales,-1974896.6535182258,2025-07
2025-07-01,2025,Actual,Northeast,Enterprise,Sales & Marketing,Opex,Marketing,-746243.9951710533,2025-07
2025-07-01,2025,Actual,Northeast,Enterprise,R&D,Opex,R&D,-523959.3543717264,2025-07
2025-07-01,2025,Actual,Northeast,Enterprise,G&A,Opex,G&A,-482100.7904807408,2025-07
2025-07-01,2025,Actual,Northeast,Enterprise,Support,Opex,Support,-223595.2077836631,2025-07
2025-07-01,2025,Budget,Northeast,Enterprise,Revenue,Revenue,Sales,4898539.8,2025-07
2025-07-01,2025,Budget,Northeast,Enterprise,COGS,COGS,Sales,-2135095.054185153,2025-07
2025-07-01,2025,Budget,Northeast,Enterprise,Sales & Marketing,Opex,Marketing,-842055.8548390482,2025-07
2025-07-01,2025,Budget,Northeast,Enterprise,R&D,Opex,R&D,-518532.89954415977,2025-07
2025-07-01,2025,Budget,Northeast,Enterprise,G&A,Opex,G&A,-499784.95597870665,2025-07
2025-07-01,2025,Budget,Northeast,Enterprise,Support,Opex,Support,-318605.75162010605,2025-07
2025-07-01,2025,Actual,Northeast,Marketplace Ads,Revenue,Revenue,Sales,1979209.9035545462,2025-07
2025-07-01,2025,Actual,Northeast,Marketplace Ads,COGS,COGS,Sales,-776523.8542575196,2025-07
2025-07-01,2025,Actual,Northeast,Marketplace Ads,Sales & Marketing,Opex,Marketing,-422602.8822339495,2025-07
2025-07-01,2025,Actual,Northeast,Marketplace Ads,R&D,Opex,R&D,-267740.2119930837,2025-07
2025-07-01,2025,Actual,Northeast,Marketplace Ads,G&A,Opex,G&A,-203194.46163724808,2025-07
2025-07-01,2025,Actual,Northeast,Marketplace Ads,Support,Opex,Support,-110643.2226347582,2025-07
2025-07-01,2025,Budget,Northeast,Marketplace Ads,Revenue,Revenue,Sales,2177128.8,2025-07
2025-07-01,2025,Budget,Northeast,Marketplace Ads,COGS,COGS,Sales,-885019.5890126603,2025-07
2025-07-01,2025,Budget,Northeast,Marketplace Ads,Sales & Marketing,Opex,Marketing,-367964.47062621004,2025-07
2025-07-01,2025,Budget,Northeast,Marketplace Ads,R&D,Opex,R&D,-238812.5726866176,2025-07
2025-07-01,2025,Budget,Northeast,Marketplace Ads,G&A,Opex,G&A,-186220.03633428286,2025-07
2025-07-01,2025,Budget,Northeast,Marketplace Ads,Support,Opex,Support,-128195.12410754978,2025-07
2025-07-01,2025,Actual,Southeast,Core,Revenue,Revenue,Sales,3293964.6424766616,2025-07
2025-07-01,2025,Actual,Southeast,Core,COGS,COGS,Sales,-1271325.1376643653,2025-07
2025-07-01,2025,Actual,Southeast,Core,Sales & Marketing,Opex,Marketing,-707322.8474713878,2025-07
2025-07-01,2025,Actual,Southeast,Core,R&D,Opex,R&D,-407213.4312147287,2025-07
2025-07-01,2025,Actual,Southeast,Core,G&A,Opex,G&A,-275980.70452636154,2025-07
2025-07-01,2025,Actual,Southeast,Core,Support,Opex,Support,-214672.6568351678,2025-07
2025-07-01,2025,Budget,Southeast,Core,Revenue,Revenue,Sales,3282972.0,2025-07
2025-07-01,2025,Budget,Southeast,Core,COGS,COGS,Sales,-1467260.9956491217,2025-07
2025-07-01,2025,Budget,Southeast,Core,Sales & Marketing,Opex,Marketing,-707029.8290580639,2025-07
2025-07-01,2025,Budget,Southeast,Core,R&D,Opex,R&D,-441045.6685455093,2025-07
2025-07-01,2025,Budget,Southeast,Core,G&A,Opex,G&A,-285355.85615154787,2025-07
2025-07-01,2025,Budget,Southeast,Core,Support,Opex,Support,-258511.71822354992,2025-07
2025-07-01,2025,Actual,Southeast,Plus,Revenue,Revenue,Sales,3718788.037658094,2025-07
2025-07-01,2025,Actual,Southeast,Plus,COGS,COGS,Sales,-1421828.4507197482,2025-07
2025-07-01,2025,Actual,Southeast,Plus,Sales & Marketing,Opex,Marketing,-716933.2075740589,2025-07
2025-07-01,2025,Actual,Southeast,Plus,R&D,Opex,R&D,-405566.38017851446,2025-07
2025-07-01,2025,Actual,Southeast,Plus,G&A,Opex,G&A,-390065.29855185124,2025-07
2025-07-01,2025,Actual,Southeast,Plus,Support,Opex,Support,-267405.29679095396,2025-07
2025-07-01,2025,Budget,Southeast,Plus,Revenue,Revenue,Sales,3775417.8000000003,2025-07
2025-07-01,2025,Budget,Southeast,Plus,COGS,COGS,Sales,-1697593.891754767,2025-07
2025-07-01,2025,Budget,Southeast,Plus,Sales & Marketing,Opex,Marketing,-740371.7075127416,2025-07
2025-07-01,2025,Budget,Southeast,Plus,R&D,Opex,R&D,-458347.71914980543,2025-07
2025-07-01,2025,Budget,Southeast,Plus,G&A,Opex,G&A,-324256.8537317706,2025-07
2025-07-01,2025,Budget,Southeast,Plus,Support,Opex,Support,-191797.64815936677,2025-07
2025-07-01,2025,Actual,Southeast,Enterprise,Revenue,Revenue,Sales,4231213.478916598,2025-07
2025-07-01,2025,Actual,Southeast,Enterprise,COGS,COGS,Sales,-1727616.941800912,2025-07
2025-07-01,2025,Actual,Southeast,Enterprise,Sales & Marketing,Opex,Marketing,-700072.902292401,2025-07
2025-07-01,2025,Actual,Southeast,Enterprise,R&D,Opex,R&D,-436774.17815895035,2025-07
2025-07-01,2025,Actual,Southeast,Enterprise,G&A,Opex,G&A,-410987.11592068436,2025-07
2025-07-01,2025,Actual,Southeast,Enterprise,Support,Opex,Support,-258945.07735476067,2025-07
2025-07-01,2025,Budget,Southeast,Enterprise,Revenue,Revenue,Sales,4432012.2,2025-07
2025-07-01,2025,Budget,Southeast,Enterprise,COGS,COGS,Sales,-1905692.574005301,2025-07
2025-07-01,2025,Budget,Southeast,Enterprise,Sales & Marketing,Opex,Marketing,-763398.5849967006,2025-07
2025-07-01,2025,Budget,Southeast,Enterprise,R&D,Opex,R&D,-612945.8292233776,2025-07
2025-07-01,2025,Budget,Southeast,Enterprise,G&A,Opex,G&A,-465397.46710696624,2025-07
2025-07-01,2025,Budget,Southeast,Enterprise,Support,Opex,Support,-227670.23924311742,2025-07
2025-07-01,2025,Actual,Southeast,Marketplace Ads,Revenue,Revenue,Sales,1911952.6944642633,2025-07
2025-07-01,2025,Actual,Southeast,Marketplace Ads,COGS,COGS,Sales,-768554.1563738276,2025-07
2025-07-01,2025,Actual,Southeast,Marketplace Ads,Sales & Marketing,Opex,Marketing,-345460.8892995808,2025-07
2025-07-01,2025,Actual,Southeast,Marketplace Ads,R&D,Opex,R&D,-194557.39904977617,2025-07
2025-07-01,2025,Actual,Southeast,Marketplace Ads,G&A,Opex,G&A,-191509.83909563546,2025-07
2025-07-01,2025,Actual,Southeast,Marketplace Ads,Support,Opex,Support,-118916.78619021586,2025-07
2025-07-01,2025,Budget,Southeast,Marketplace Ads,Revenue,Revenue,Sales,1969783.2,2025-07
2025-07-01,2025,Budget,Southeast,Marketplace Ads,COGS,COGS,Sales,-803076.0303837627,2025-07
2025-07-01,2025,Budget,Southeast,Marketplace Ads,Sales & Marketing,Opex,Marketing,-429754.14256240934,2025-07
2025-07-01,2025,Budget,Southeast,Marketplace Ads,R&D,Opex,R&D,-231570.39928109752,2025-07
2025-07-01,2025,Budget,Southeast,Marketplace Ads,G&A,Opex,G&A,-185600.31859777044,2025-07
2025-07-01,2025,Budget,Southeast,Marketplace Ads,Support,Opex,Support,-124662.02107905087,2025-07
2025-07-01,2025,Actual,Midwest,Core,Revenue,Revenue,Sales,3105785.5527479937,2025-07
2025-07-01,2025,Actual,Midwest,Core,COGS,COGS,Sales,-1245092.4043235886,2025-07
2025-07-01,2025,Actual,Midwest,Core,Sales & Marketing,Opex,Marketing,-602570.532250252,2025-07
2025-07-01,2025,Actual,Midwest,Core,R&D,Opex,R&D,-393774.5442574348,2025-07
2025-07-01,2025,Actual,Midwest,Core,G&A,Opex,G&A,-277390.32480680756,2025-07
2025-07-01,2025,Actual,Midwest,Core,Support,Opex,Support,-167740.37990828877,2025-07
2025-07-01,2025,Budget,Midwest,Core,Revenue,Revenue,Sales,3110184.0,2025-07
2025-07-01,2025,Budget,Midwest,Core,COGS,COGS,Sales,-1346567.8779907506,2025-07
2025-07-01,2025,Budget,Midwest,Core,Sales & Marketing,Opex,Marketing,-676014.0167617701,2025-07
2025-07-01,2025,Budget,Midwest,Core,R&D,Opex,R&D,-392230.40030618553,2025-07
2025-07-01,2025,Budget,Midwest,Core,G&A,Opex,G&A,-321366.4793201076,2025-07
2025-07-01,2025,Budget,Midwest,Core,Support,Opex,Support,-225528.89701183085,2025-07
2025-07-01,2025,Actual,Midwest,Plus,Revenue,Revenue,Sales,3645950.5200517704,2025-07
2025-07-01,2025,Actual,Midwest,Plus,COGS,COGS,Sales,-1591270.536099996,2025-07
2025-07-01,2025,Actual,Midwest,Plus,Sales & Marketing,Opex,Marketing,-745251.5407227806,2025-07
2025-07-01,2025,Actual,Midwest,Plus,R&D,Opex,R&D,-435887.71369862475,2025-07
2025-07-01,2025,Actual,Midwest,Plus,G&A,Opex,G&A,-374296.5958205054,2025-07
2025-07-01,2025,Actual,Midwest,Plus,Support,Opex,Support,-184878.66689485344,2025-07
2025-07-01,2025,Budget,Midwest,Plus,Revenue,Revenue,Sales,3576711.6,2025-07
2025-07-01,2025,Budget,Midwest,Plus,COGS,COGS,Sales,-1419696.3384446346,2025-07
2025-07-01,2025,Budget,Midwest,Plus,Sales & Marketing,Opex,Marketing,-785709.4957487087,2025-07
2025-07-01,2025,Budget,Midwest,Plus,R&D,Opex,R&D,-381109.54376565164,2025-07
2025-07-01,2025,Budget,Midwest,Plus,G&A,Opex,G&A,-357239.3843210449,2025-07
2025-07-01,2025,Budget,Midwest,Plus,Support,Opex,Support,-282851.28179080674,2025-07
2025-07-01,2025,Actual,Midwest,Enterprise,Revenue,Revenue,Sales,4430469.955651258,2025-07
2025-07-01,2025,Actual,Midwest,Enterprise,COGS,COGS,Sales,-1865231.1807682305,2025-07
2025-07-01,2025,Actual,Midwest,Enterprise,Sales & Marketing,Opex,Marketing,-967839.7692375688,2025-07
2025-07-01,2025,Actual,Midwest,Enterprise,R&D,Opex,R&D,-520870.08137199,2025-07
2025-07-01,2025,Actual,Midwest,Enterprise,G&A,Opex,G&A,-485306.5433301716,2025-07
2025-07-01,2025,Actual,Midwest,Enterprise,Support,Opex,Support,-269878.9563646393,2025-07
2025-07-01,2025,Budget,Midwest,Enterprise,Revenue,Revenue,Sales,4198748.4,2025-07
2025-07-01,2025,Budget,Midwest,Enterprise,COGS,COGS,Sales,-1702311.5098411033,2025-07
2025-07-01,2025,Budget,Midwest,Enterprise,Sales & Marketing,Opex,Marketing,-898356.0591751346,2025-07
2025-07-01,2025,Budget,Midwest,Enterprise,R&D,Opex,R&D,-547321.2052764155,2025-07
2025-07-01,2025,Budget,Midwest,Enterprise,G&A,Opex,G&A,-425136.5516548007,2025-07
2025-07-01,2025,Budget,Midwest,Enterprise,Support,Opex,Support,-251095.84348192488,2025-07
2025-07-01,2025,Actual,Midwest,Marketplace Ads,Revenue,Revenue,Sales,1776593.1059613917,2025-07
2025-07-01,2025,Actual,Midwest,Marketplace Ads,COGS,COGS,Sales,-703853.6113033273,2025-07
2025-07-01,2025,Actual,Midwest,Marketplace Ads,Sales & Marketing,Opex,Marketing,-325473.7272274325,2025-07
2025-07-01,2025,Actual,Midwest,Marketplace Ads,R&D,Opex,R&D,-185899.03885443122,2025-07
2025-07-01,2025,Actual,Midwest,Marketplace Ads,G&A,Opex,G&A,-145490.68044299446,2025-07
2025-07-01,2025,Actual,Midwest,Marketplace Ads,Support,Opex,Support,-127129.16362237517,2025-07
2025-07-01,2025,Budget,Midwest,Marketplace Ads,Revenue,Revenue,Sales,1866110.4000000001,2025-07
2025-07-01,2025,Budget,Midwest,Marketplace Ads,COGS,COGS,Sales,-746960.1680215166,2025-07
2025-07-01,2025,Budget,Midwest,Marketplace Ads,Sales & Marketing,Opex,Marketing,-402678.62493631965,2025-07
2025-07-01,2025,Budget,Midwest,Marketplace Ads,R&D,Opex,R&D,-260586.18791592823,2025-07
2025-07-01,2025,Budget,Midwest,Marketplace Ads,G&A,Opex,G&A,-186808.1992428457,2025-07
2025-07-01,2025,Budget,Midwest,Marketplace Ads,Support,Opex,Support,-114509.97885265133,2025-07
2025-07-01,2025,Actual,Southwest,Core,Revenue,Revenue,Sales,3152732.901810845,2025-07
2025-07-01,2025,Actual,Southwest,Core,COGS,COGS,Sales,-1366593.8860622896,2025-07
2025-07-01,2025,Actual,Southwest,Core,Sales & Marketing,Opex,Marketing,-544444.2948879254,2025-07
2025-07-01,2025,Actual,Southwest,Core,R&D,Opex,R&D,-393627.42275906674,2025-07
2025-07-01,2025,Actual,Southwest,Core,G&A,Opex,G&A,-317817.7074510242,2025-07
2025-07-01,2025,Actual,Southwest,Core,Support,Opex,Support,-189566.004975242,2025-07
2025-07-01,2025,Budget,Southwest,Core,Revenue,Revenue,Sales,3455760.0,2025-07
2025-07-01,2025,Budget,Southwest,Core,COGS,COGS,Sales,-1327532.9379179378,2025-07
2025-07-01,2025,Budget,Southwest,Core,Sales & Marketing,Opex,Marketing,-574846.1205903147,2025-07
2025-07-01,2025,Budget,Southwest,Core,R&D,Opex,R&D,-370731.9559827264,2025-07
2025-07-01,2025,Budget,Southwest,Core,G&A,Opex,G&A,-362709.81710232084,2025-07
2025-07-01,2025,Budget,Southwest,Core,Support,Opex,Support,-218307.56137734302,2025-07
2025-07-01,2025,Actual,Southwest,Plus,Revenue,Revenue,Sales,4052584.451733192,2025-07
2025-07-01,2025,Actual,Southwest,Plus,COGS,COGS,Sales,-1692349.401763382,2025-07
2025-07-01,2025,Actual,Southwest,Plus,Sales & Marketing,Opex,Marketing,-713007.0369384516,2025-07
2025-07-01,2025,Actual,Southwest,Plus,R&D,Opex,R&D,-548194.0327362199,2025-07
2025-07-01,2025,Actual,Southwest,Plus,G&A,Opex,G&A,-350433.1090204178,2025-07
2025-07-01,2025,Actual,Southwest,Plus,Support,Opex,Support,-237650.54384150176,2025-07
2025-07-01,2025,Budget,Southwest,Plus,Revenue,Revenue,Sales,3974124.0,2025-07
2025-07-01,2025,Budget,Southwest,Plus,COGS,COGS,Sales,-1646418.7868623433,2025-07
2025-07-01,2025,Budget,Southwest,Plus,Sales & Marketing,Opex,Marketing,-721986.6633381816,2025-07
2025-07-01,2025,Budget,Southwest,Plus,R&D,Opex,R&D,-454770.0012793332,2025-07
2025-07-01,2025,Budget,Southwest,Plus,G&A,Opex,G&A,-349686.6980791033,2025-07
2025-07-01,2025,Budget,Southwest,Plus,Support,Opex,Support,-258633.89979080495,2025-07
2025-07-01,2025,Actual,Southwest,Enterprise,Revenue,Revenue,Sales,4637538.42453971,2025-07
2025-07-01,2025,Actual,Southwest,Enterprise,COGS,COGS,Sales,-2055258.3930433025,2025-07
2025-07-01,2025,Actual,Southwest,Enterprise,Sales & Marketing,Opex,Marketing,-1012047.6777269284,2025-07
2025-07-01,2025,Actual,Southwest,Enterprise,R&D,Opex,R&D,-590305.5378292049,2025-07
2025-07-01,2025,Actual,Southwest,Enterprise,G&A,Opex,G&A,-394799.68251805566,2025-07
2025-07-01,2025,Actual,Southwest,Enterprise,Support,Opex,Support,-310160.0428672463,2025-07
2025-07-01,2025,Budget,Southwest,Enterprise,Revenue,Revenue,Sales,4665276.0,2025-07
2025-07-01,2025,Budget,Southwest,Enterprise,COGS,COGS,Sales,-1857682.438580034,2025-07
2025-07-01,2025,Budget,Southwest,Enterprise,Sales & Marketing,Opex,Marketing,-940236.1803808429,2025-07
2025-07-01,2025,Budget,Southwest,Enterprise,R&D,Opex,R&D,-567263.5888236497,2025-07
2025-07-01,2025,Budget,Southwest,Enterprise,G&A,Opex,G&A,-489912.43704481487,2025-07
2025-07-01,2025,Budget,Southwest,Enterprise,Support,Opex,Support,-287337.1788811279,2025-07
2025-07-01,2025,Actual,Southwest,Marketplace Ads,Revenue,Revenue,Sales,1907308.7138224381,2025-07
2025-07-01,2025,Actual,Southwest,Marketplace Ads,COGS,COGS,Sales,-821637.8007045678,2025-07
2025-07-01,2025,Actual,Southwest,Marketplace Ads,Sales & Marketing,Opex,Marketing,-394122.69983700267,2025-07
2025-07-01,2025,Actual,Southwest,Marketplace Ads,R&D,Opex,R&D,-210277.29904954645,2025-07
2025-07-01,2025,Actual,Southwest,Marketplace Ads,G&A,Opex,G&A,-195336.98450580201,2025-07
2025-07-01,2025,Actual,Southwest,Marketplace Ads,Support,Opex,Support,-150837.2941848692,2025-07
2025-07-01,2025,Budget,Southwest,Marketplace Ads,Revenue,Revenue,Sales,2073456.0,2025-07
2025-07-01,2025,Budget,Southwest,Marketplace Ads,COGS,COGS,Sales,-794035.5962473551,2025-07
2025-07-01,2025,Budget,Southwest,Marketplace Ads,Sales & Marketing,Opex,Marketing,-377951.5104687377,2025-07
2025-07-01,2025,Budget,Southwest,Marketplace Ads,R&D,Opex,R&D,-240171.46177092943,2025-07
2025-07-01,2025,Budget,Southwest,Marketplace Ads,G&A,Opex,G&A,-222657.14691423968,2025-07
2025-07-01,2025,Budget,Southwest,Marketplace Ads,Support,Opex,Support,-148843.0126439609,2025-07
2025-07-01,2025,Actual,West,Core,Revenue,Revenue,Sales,3556136.9609756484,2025-07
2025-07-01,2025,Actual,West,Core,COGS,COGS,Sales,-1460446.4944272575,2025-07
2025-07-01,2025,Actual,West,Core,Sales & Marketing,Opex,Marketing,-731902.7800375582,2025-07
2025-07-01,2025,Actual,West,Core,R&D,Opex,R&D,-374265.2706923316,2025-07
2025-07-01,2025,Actual,West,Core,G&A,Opex,G&A,-346151.6441291909,2025-07
2025-07-01,2025,Actual,West,Core,Support,Opex,Support,-245722.00402554777,2025-07
2025-07-01,2025,Budget,West,Core,Revenue,Revenue,Sales,3801336.0,2025-07
2025-07-01,2025,Budget,West,Core,COGS,COGS,Sales,-1608665.8457770396,2025-07
2025-07-01,2025,Budget,West,Core,Sales & Marketing,Opex,Marketing,-771402.9514483872,2025-07
2025-07-01,2025,Budget,West,Core,R&D,Opex,R&D,-428119.73805570096,2025-07
2025-07-01,2025,Budget,West,Core,G&A,Opex,G&A,-313625.97177317535,2025-07
2025-07-01,2025,Budget,West,Core,Support,Opex,Support,-206330.23202215487,2025-07
2025-07-01,2025,Actual,West,Plus,Revenue,Revenue,Sales,4249003.935247158,2025-07
2025-07-01,2025,Actual,West,Plus,COGS,COGS,Sales,-1758993.473490815,2025-07
2025-07-01,2025,Actual,West,Plus,Sales & Marketing,Opex,Marketing,-816200.3870657793,2025-07
2025-07-01,2025,Actual,West,Plus,R&D,Opex,R&D,-485679.6575499562,2025-07
2025-07-01,2025,Actual,West,Plus,G&A,Opex,G&A,-392789.18415000837,2025-07
2025-07-01,2025,Actual,West,Plus,Support,Opex,Support,-333828.1769175779,2025-07
2025-07-01,2025,Budget,West,Plus,Revenue,Revenue,Sales,4371536.4,2025-07
2025-07-01,2025,Budget,West,Plus,COGS,COGS,Sales,-1757446.0794966936,2025-07
2025-07-01,2025,Budget,West,Plus,Sales & Marketing,Opex,Marketing,-900054.849804819,2025-07
2025-07-01,2025,Budget,West,Plus,R&D,Opex,R&D,-564129.7784949001,2025-07
2025-07-01,2025,Budget,West,Plus,G&A,Opex,G&A,-425641.828165334,2025-07
2025-07-01,2025,Budget,West,Plus,Support,Opex,Support,-334569.9806652001,2025-07
2025-07-01,2025,Actual,West,Enterprise,Revenue,Revenue,Sales,5164252.92776057,2025-07
2025-07-01,2025,Actual,West,Enterprise,COGS,COGS,Sales,-2052058.988717463,2025-07
2025-07-01,2025,Actual,West,Enterprise,Sales & Marketing,Opex,Marketing,-989018.234137978,2025-07
2025-07-01,2025,Actual,West,Enterprise,R&D,Opex,R&D,-695373.099547081,2025-07
2025-07-01,2025,Actual,West,Enterprise,G&A,Opex,G&A,-445145.2900445922,2025-07
2025-07-01,2025,Actual,West,Enterprise,Support,Opex,Support,-266168.13836547086,2025-07
2025-07-01,2025,Budget,West,Enterprise,Revenue,Revenue,Sales,5131803.6,2025-07
2025-07-01,2025,Budget,West,Enterprise,COGS,COGS,Sales,-2105209.4093195493,2025-07
2025-07-01,2025,Budget,West,Enterprise,Sales & Marketing,Opex,Marketing,-882548.4887222,2025-07
2025-07-01,2025,Budget,West,Enterprise,R&D,Opex,R&D,-680969.4110620479,2025-07
2025-07-01,2025,Budget,West,Enterprise,G&A,Opex,G&A,-425049.54598159995,2025-07
2025-07-01,2025,Budget,West,Enterprise,Support,Opex,Support,-320638.74675039924,2025-07
2025-07-01,2025,Actual,West,Marketplace Ads,Revenue,Revenue,Sales,2048567.5416927487,2025-07
2025-07-01,2025,Actual,West,Marketplace Ads,COGS,COGS,Sales,-915790.8963062116,2025-07
2025-07-01,2025,Actual,West,Marketplace Ads,Sales & Marketing,Opex,Marketing,-388105.61681933707,2025-07
2025-07-01,2025,Actual,West,Marketplace Ads,R&D,Opex,R&D,-263377.3293055329,2025-07
2025-07-01,2025,Actual,West,Marketplace Ads,G&A,Opex,G&A,-195298.923397899,2025-07
2025-07-01,2025,Actual,West,Marketplace Ads,Support,Opex,Support,-132144.31718163323,2025-07
2025-07-01,2025,Budget,West,Marketplace Ads,Revenue,Revenue,Sales,2280801.6,2025-07
2025-07-01,2025,Budget,West,Marketplace Ads,COGS,COGS,Sales,-895646.7759361896,2025-07
2025-07-01,2025,Budget,West,Marketplace Ads,Sales & Marketing,Opex,Marketing,-409595.98889009433,2025-07
2025-07-01,2025,Budget,West,Marketplace Ads,R&D,Opex,R&D,-299929.7234730233,2025-07
2025-07-01,2025,Budget,West,Marketplace Ads,G&A,Opex,G&A,-230090.6660580934,2025-07
2025-07-01,2025,Budget,West,Marketplace Ads,Support,Opex,Support,-141736.19047252205,2025-07
2025-08-01,2025,Actual,Northeast,Core,Revenue,Revenue,Sales,3287770.2187617477,2025-08
2025-08-01,2025,Actual,Northeast,Core,COGS,COGS,Sales,-1264714.7411654494,2025-08
2025-08-01,2025,Actual,Northeast,Core,Sales & Marketing,Opex,Marketing,-690297.047789267,2025-08
2025-08-01,2025,Actual,Northeast,Core,R&D,Opex,R&D,-372365.930853396,2025-08
2025-08-01,2025,Actual,Northeast,Core,G&A,Opex,G&A,-264321.84372098744,2025-08
2025-08-01,2025,Actual,Northeast,Core,Support,Opex,Support,-238427.96396598528,2025-08
2025-08-01,2025,Budget,Northeast,Core,Revenue,Revenue,Sales,3450702.0239999997,2025-08
2025-08-01,2025,Budget,Northeast,Core,COGS,COGS,Sales,-1322123.140874911,2025-08
2025-08-01,2025,Budget,Northeast,Core,Sales & Marketing,Opex,Marketing,-674191.7639652273,2025-08
2025-08-01,2025,Budget,Northeast,Core,R&D,Opex,R&D,-411340.1224792733,2025-08
2025-08-01,2025,Budget,Northeast,Core,G&A,Opex,G&A,-297325.8087270158,2025-08
2025-08-01,2025,Budget,Northeast,Core,Support,Opex,Support,-231666.52965199112,2025-08
2025-08-01,2025,Actual,Northeast,Plus,Revenue,Revenue,Sales,3940957.6751469537,2025-08
2025-08-01,2025,Actual,Northeast,Plus,COGS,COGS,Sales,-1602540.7201715684,2025-08
2025-08-01,2025,Actual,Northeast,Plus,Sales & Marketing,Opex,Marketing,-687179.9499655493,2025-08
2025-08-01,2025,Actual,Northeast,Plus,R&D,Opex,R&D,-442061.40914682363,2025-08
2025-08-01,2025,Actual,Northeast,Plus,G&A,Opex,G&A,-403477.61809027934,2025-08
2025-08-01,2025,Actual,Northeast,Plus,Support,Opex,Support,-286266.91122132726,2025-08
2025-08-01,2025,Budget,Northeast,Plus,Revenue,Revenue,Sales,3968307.3275999995,2025-08
2025-08-01,2025,Budget,Northeast,Plus,COGS,COGS,Sales,-1528844.6079651373,2025-08
2025-08-01,2025,Budget,Northeast,Plus,Sales & Marketing,Opex,Marketing,-835227.7231188519,2025-08
2025-08-01,2025,Budget,Northeast,Plus,R&D,Opex,R&D,-546610.1684425153,2025-08
2025-08-01,2025,Budget,Northeast,Plus,G&A,Opex,G&A,-380082.9759068232,2025-08
2025-08-01,2025,Budget,Northeast,Plus,Support,Opex,Support,-303761.32149539294,2025-08
2025-08-01,2025,Actual,Northeast,Enterprise,Revenue,Revenue,Sales,4821084.170984484,2025-08
2025-08-01,2025,Actual,Northeast,Enterprise,COGS,COGS,Sales,-1947963.7568334125,2025-08
2025-08-01,2025,Actual,Northeast,Enterprise,Sales & Marketing,Opex,Marketing,-801131.60817146,2025-08
2025-08-01,2025,Actual,Northeast,Enterprise,R&D,Opex,R&D,-539794.2704408326,2025-08
2025-08-01,2025,Actual,Northeast,Enterprise,G&A,Opex,G&A,-486893.83573576045,2025-08
2025-08-01,2025,Actual,Northeast,Enterprise,Support,Opex,Support,-302884.63511481107,2025-08
2025-08-01,2025,Budget,Northeast,Enterprise,Revenue,Revenue,Sales,4658447.732399999,2025-08
2025-08-01,2025,Budget,Northeast,Enterprise,COGS,COGS,Sales,-2010334.8870317147,2025-08
2025-08-01,2025,Budget,Northeast,Enterprise,Sales & Marketing,Opex,Marketing,-974594.098689227,2025-08
2025-08-01,2025,Budget,Northeast,Enterprise,R&D,Opex,R&D,-628943.2013605528,2025-08
2025-08-01,2025,Budget,Northeast,Enterprise,G&A,Opex,G&A,-486024.8584161883,2025-08
2025-08-01,2025,Budget,Northeast,Enterprise,Support,Opex,Support,-320217.88744978054,2025-08
2025-08-01,2025,Actual,Northeast,Marketplace Ads,Revenue,Revenue,Sales,2101600.244175807,2025-08
2025-08-01,2025,Actual,Northeast,Marketplace Ads,COGS,COGS,Sales,-924472.6831248665,2025-08
2025-08-01,2025,Actual,Northeast,Marketplace Ads,Sales & Marketing,Opex,Marketing,-395164.92874528735,2025-08
2025-08-01,2025,Actual,Northeast,Marketplace Ads,R&D,Opex,R&D,-292034.095828845,2025-08
2025-08-01,2025,Actual,Northeast,Marketplace Ads,G&A,Opex,G&A,-170403.21650778738,2025-08
2025-08-01,2025,Actual,Northeast,Marketplace Ads,Support,Opex,Support,-153291.29802045927,2025-08
2025-08-01,2025,Budget,Northeast,Marketplace Ads,Revenue,Revenue,Sales,2070421.2143999997,2025-08
2025-08-01,2025,Budget,Northeast,Marketplace Ads,COGS,COGS,Sales,-891804.2051490064,2025-08
2025-08-01,2025,Budget,Northeast,Marketplace Ads,Sales & Marketing,Opex,Marketing,-365332.51098985726,2025-08
2025-08-01,2025,Budget,Northeast,Marketplace Ads,R&D,Opex,R&D,-207652.18146247463,2025-08
2025-08-01,2025,Budget,Northeast,Marketplace Ads,G&A,Opex,G&A,-207720.71066458736,2025-08
2025-08-01,2025,Budget,Northeast,Marketplace Ads,Support,Opex,Support,-105715.37224833651,2025-08
2025-08-01,2025,Actual,Southeast,Core,Revenue,Revenue,Sales,3027281.528647221,2025-08
2025-08-01,2025,Actual,Southeast,Core,COGS,COGS,Sales,-1193249.3957861809,2025-08
2025-08-01,2025,Actual,Southeast,Core,Sales & Marketing,Opex,Marketing,-525326.7655110053,2025-08
2025-08-01,2025,Actual,Southeast,Core,R&D,Opex,R&D,-363828.73511436715,2025-08
2025-08-01,2025,Actual,Southeast,Core,G&A,Opex,G&A,-259573.7198070524,2025-08
2025-08-01,2025,Actual,Southeast,Core,Support,Opex,Support,-223351.2747452992,2025-08
2025-08-01,2025,Budget,Southeast,Core,Revenue,Revenue,Sales,3122063.736,2025-08
2025-08-01,2025,Budget,Southeast,Core,COGS,COGS,Sales,-1399543.067084321,2025-08
2025-08-01,2025,Budget,Southeast,Core,Sales & Marketing,Opex,Marketing,-557375.2309013697,2025-08
2025-08-01,2025,Budget,Southeast,Core,R&D,Opex,R&D,-380650.3709936856,2025-08
2025-08-01,2025,Budget,Southeast,Core,G&A,Opex,G&A,-298760.80647028494,2025-08
2025-08-01,2025,Budget,Southeast,Core,Support,Opex,Support,-196592.29462959422,2025-08
2025-08-01,2025,Actual,Southeast,Plus,Revenue,Revenue,Sales,3402183.8316079318,2025-08
2025-08-01,2025,Actual,Southeast,Plus,COGS,COGS,Sales,-1359325.509201468,2025-08
2025-08-01,2025,Actual,Southeast,Plus,Sales & Marketing,Opex,Marketing,-571754.0414478627,2025-08
2025-08-01,2025,Actual,Southeast,Plus,R&D,Opex,R&D,-408061.0370710949,2025-08
2025-08-01,2025,Actual,Southeast,Plus,G&A,Opex,G&A,-303086.49931001954,2025-08
2025-08-01,2025,Actual,Southeast,Plus,Support,Opex,Support,-207679.1148766479,2025-08
2025-08-01,2025,Budget,Southeast,Plus,Revenue,Revenue,Sales,3590373.2964,2025-08
2025-08-01,2025,Budget,Southeast,Plus,COGS,COGS,Sales,-1444632.3299419663,2025-08
2025-08-01,2025,Budget,Southeast,Plus,Sales & Marketing,Opex,Marketing,-678548.8372067094,2025-08
2025-08-01,2025,Budget,Southeast,Plus,R&D,Opex,R&D,-429435.45667424303,2025-08
2025-08-01,2025,Budget,Southeast,Plus,G&A,Opex,G&A,-288389.8272093014,2025-08
2025-08-01,2025,Budget,Southeast,Plus,Support,Opex,Support,-208033.52265142932,2025-08
2025-08-01,2025,Actual,Southeast,Enterprise,Revenue,Revenue,Sales,3717991.4099500985,2025-08
2025-08-01,2025,Actual,Southeast,Enterprise,COGS,COGS,Sales,-1476082.5309646854,2025-08
2025-08-01,2025,Actual,Southeast,Enterprise,Sales & Marketing,Opex,Marketing,-805162.1826397704,2025-08
2025-08-01,2025,Actual,Southeast,Enterprise,R&D,Opex,R&D,-437750.6392017621,2025-08
2025-08-01,2025,Actual,Southeast,Enterprise,G&A,Opex,G&A,-356821.8307667968,2025-08
2025-08-01,2025,Actual,Southeast,Enterprise,Support,Opex,Support,-281610.1002181212,2025-08
2025-08-01,2025,Budget,Southeast,Enterprise,Revenue,Revenue,Sales,4214786.0435999995,2025-08
2025-08-01,2025,Budget,Southeast,Enterprise,COGS,COGS,Sales,-1627038.1926789947,2025-08
2025-08-01,2025,Budget,Southeast,Enterprise,Sales & Marketing,Opex,Marketing,-920180.8407583485,2025-08
2025-08-01,2025,Budget,Southeast,Enterprise,R&D,Opex,R&D,-520466.636335182,2025-08
2025-08-01,2025,Budget,Southeast,Enterprise,G&A,Opex,G&A,-344815.9938707748,2025-08
2025-08-01,2025,Budget,Southeast,Enterprise,Support,Opex,Support,-242687.486797886,2025-08
2025-08-01,2025,Actual,Southeast,Marketplace Ads,Revenue,Revenue,Sales,1908081.9423710632,2025-08
2025-08-01,2025,Actual,Southeast,Marketplace Ads,COGS,COGS,Sales,-777347.6086536268,2025-08
2025-08-01,2025,Actual,Southeast,Marketplace Ads,Sales & Marketing,Opex,Marketing,-362465.4022175788,2025-08
2025-08-01,2025,Actual,Southeast,Marketplace Ads,R&D,Opex,R&D,-208346.61020743282,2025-08
2025-08-01,2025,Actual,Southeast,Marketplace Ads,G&A,Opex,G&A,-193975.09225399274,2025-08
2025-08-01,2025,Actual,Southeast,Marketplace Ads,Support,Opex,Support,-144464.42293779177,2025-08
2025-08-01,2025,Budget,Southeast,Marketplace Ads,Revenue,Revenue,Sales,1873238.2415999998,2025-08
2025-08-01,2025,Budget,Southeast,Marketplace Ads,COGS,COGS,Sales,-835037.0881585579,2025-08
2025-08-01,2025,Budget,Southeast,Marketplace Ads,Sales & Marketing,Opex,Marketing,-371992.1397836545,2025-08
2025-08-01,2025,Budget,Southeast,Marketplace Ads,R&D,Opex,R&D,-254403.81275750892,2025-08
2025-08-01,2025,Budget,Southeast,Marketplace Ads,G&A,Opex,G&A,-167586.8207087102,2025-08
2025-08-01,2025,Budget,Southeast,Marketplace Ads,Support,Opex,Support,-106962.73630977469,2025-08
2025-08-01,2025,Actual,Midwest,Core,Revenue,Revenue,Sales,2971050.1184726437,2025-08
2025-08-01,2025,Actual,Midwest,Core,COGS,COGS,Sales,-1236013.6022553612,2025-08
2025-08-01,2025,Actual,Midwest,Core,Sales & Marketing,Opex,Marketing,-491320.3670588963,2025-08
2025-08-01,2025,Actual,Midwest,Core,R&D,Opex,R&D,-316354.45127895835,2025-08
2025-08-01,2025,Actual,Midwest,Core,G&A,Opex,G&A,-242573.61735604896,2025-08
2025-08-01,2025,Actual,Midwest,Core,Support,Opex,Support,-183307.755948781,2025-08
2025-08-01,2025,Budget,Midwest,Core,Revenue,Revenue,Sales,2957744.5919999997,2025-08
2025-08-01,2025,Budget,Midwest,Core,COGS,COGS,Sales,-1167361.485411334,2025-08
2025-08-01,2025,Budget,Midwest,Core,Sales & Marketing,Opex,Marketing,-597483.3498743293,2025-08
2025-08-01,2025,Budget,Midwest,Core,R&D,Opex,R&D,-375157.2730486224,2025-08
2025-08-01,2025,Budget,Midwest,Core,G&A,Opex,G&A,-252484.1764270212,2025-08
2025-08-01,2025,Budget,Midwest,Core,Support,Opex,Support,-187878.7501367587,2025-08
2025-08-01,2025,Actual,Midwest,Plus,Revenue,Revenue,Sales,3323612.883428175,2025-08
2025-08-01,2025,Actual,Midwest,Plus,COGS,COGS,Sales,-1275668.4539961491,2025-08
2025-08-01,2025,Actual,Midwest,Plus,Sales & Marketing,Opex,Marketing,-549788.8253312603,2025-08
2025-08-01,2025,Actual,Midwest,Plus,R&D,Opex,R&D,-334106.81136829266,2025-08
2025-08-01,2025,Actual,Midwest,Plus,G&A,Opex,G&A,-333918.96092620917,2025-08
2025-08-01,2025,Actual,Midwest,Plus,Support,Opex,Support,-248332.3326192382,2025-08
2025-08-01,2025,Budget,Midwest,Plus,Revenue,Revenue,Sales,3401406.2808,2025-08
2025-08-01,2025,Budget,Midwest,Plus,COGS,COGS,Sales,-1407441.9191125517,2025-08
2025-08-01,2025,Budget,Midwest,Plus,Sales & Marketing,Opex,Marketing,-673524.4800942099,2025-08
2025-08-01,2025,Budget,Midwest,Plus,R&D,Opex,R&D,-358207.56061125785,2025-08
2025-08-01,2025,Budget,Midwest,Plus,G&A,Opex,G&A,-317685.524415969,2025-08
2025-08-01,2025,Budget,Midwest,Plus,Support,Opex,Support,-269143.1762939043,2025-08
2025-08-01,2025,Actual,Midwest,Enterprise,Revenue,Revenue,Sales,4078099.004865933,2025-08
2025-08-01,2025,Actual,Midwest,Enterprise,COGS,COGS,Sales,-1793994.3472818001,2025-08
2025-08-01,2025,Actual,Midwest,Enterprise,Sales & Marketing,Opex,Marketing,-845265.3039895475,2025-08
2025-08-01,2025,Actual,Midwest,Enterprise,R&D,Opex,R&D,-562724.9235420802,2025-08
2025-08-01,2025,Actual,Midwest,Enterprise,G&A,Opex,G&A,-416499.2348213385,2025-08
2025-08-01,2025,Actual,Midwest,Enterprise,Support,Opex,Support,-211051.86232684768,2025-08
2025-08-01,2025,Budget,Midwest,Enterprise,Revenue,Revenue,Sales,3992955.1991999997,2025-08
2025-08-01,2025,Budget,Midwest,Enterprise,COGS,COGS,Sales,-1707411.5548874722,2025-08
2025-08-01,2025,Budget,Midwest,Enterprise,Sales & Marketing,Opex,Marketing,-861763.3338474163,2025-08
2025-08-01,2025,Budget,Midwest,Enterprise,R&D,Opex,R&D,-409212.886420444,2025-08
2025-08-01,2025,Budget,Midwest,Enterprise,G&A,Opex,G&A,-436407.93159264623,2025-08
2025-08-01,2025,Budget,Midwest,Enterprise,Support,Opex,Support,-220882.3408141462,2025-08
2025-08-01,2025,Actual,Midwest,Marketplace Ads,Revenue,Revenue,Sales,1615896.3070178167,2025-08
2025-08-01,2025,Actual,Midwest,Marketplace Ads,COGS,COGS,Sales,-632611.7129781663,2025-08
2025-08-01,2025,Actual,Midwest,Marketplace Ads,Sales & Marketing,Opex,Marketing,-295920.42815824784,2025-08
2025-08-01,2025,Actual,Midwest,Marketplace Ads,R&D,Opex,R&D,-223078.36073727903,2025-08
2025-08-01,2025,Actual,Midwest,Marketplace Ads,G&A,Opex,G&A,-158944.57049820668,2025-08
2025-08-01,2025,Actual,Midwest,Marketplace Ads,Support,Opex,Support,-101518.72773342849,2025-08
2025-08-01,2025,Budget,Midwest,Marketplace Ads,Revenue,Revenue,Sales,1774646.7551999998,2025-08
2025-08-01,2025,Budget,Midwest,Marketplace Ads,COGS,COGS,Sales,-742390.3241314198,2025-08
2025-08-01,2025,Budget,Midwest,Marketplace Ads,Sales & Marketing,Opex,Marketing,-390220.17055367806,2025-08
2025-08-01,2025,Budget,Midwest,Marketplace Ads,R&D,Opex,R&D,-224874.81068607207,2025-08
2025-08-01,2025,Budget,Midwest,Marketplace Ads,G&A,Opex,G&A,-178426.34278167316,2025-08
2025-08-01,2025,Budget,Midwest,Marketplace Ads,Support,Opex,Support,-134060.8820552041,2025-08
2025-08-01,2025,Actual,Southwest,Core,Revenue,Revenue,Sales,3336698.7047393373,2025-08
2025-08-01,2025,Actual,Southwest,Core,COGS,COGS,Sales,-1368337.4810570632,2025-08
2025-08-01,2025,Actual,Southwest,Core,Sales & Marketing,Opex,Marketing,-557547.2614397501,2025-08
2025-08-01,2025,Actual,Southwest,Core,R&D,Opex,R&D,-335950.0353989844,2025-08
2025-08-01,2025,Actual,Southwest,Core,G&A,Opex,G&A,-287500.8720876816,2025-08
2025-08-01,2025,Actual,Southwest,Core,Support,Opex,Support,-206428.42575850844,2025-08
2025-08-01,2025,Budget,Southwest,Core,Revenue,Revenue,Sales,3286382.879999999,2025-08
2025-08-01,2025,Budget,Southwest,Core,COGS,COGS,Sales,-1331238.523445472,2025-08
2025-08-01,2025,Budget,Southwest,Core,Sales & Marketing,Opex,Marketing,-596919.3859027968,2025-08
2025-08-01,2025,Budget,Southwest,Core,R&D,Opex,R&D,-350054.5852581618,2025-08
2025-08-01,2025,Budget,Southwest,Core,G&A,Opex,G&A,-269311.6988639206,2025-08
2025-08-01,2025,Budget,Southwest,Core,Support,Opex,Support,-248528.02758177597,2025-08
2025-08-01,2025,Actual,Southwest,Plus,Revenue,Revenue,Sales,3825101.486859613,2025-08
2025-08-01,2025,Actual,Southwest,Plus,COGS,COGS,Sales,-1480824.7120234468,2025-08
2025-08-01,2025,Actual,Southwest,Plus,Sales & Marketing,Opex,Marketing,-786535.9115222291,2025-08
2025-08-01,2025,Actual,Southwest,Plus,R&D,Opex,R&D,-432002.17793191393,2025-08
2025-08-01,2025,Actual,Southwest,Plus,G&A,Opex,G&A,-379624.8157327999,2025-08
2025-08-01,2025,Actual,Southwest,Plus,Support,Opex,Support,-231640.31887990324,2025-08
2025-08-01,2025,Budget,Southwest,Plus,Revenue,Revenue,Sales,3779340.312,2025-08
2025-08-01,2025,Budget,Southwest,Plus,COGS,COGS,Sales,-1597338.0110294716,2025-08
2025-08-01,2025,Budget,Southwest,Plus,Sales & Marketing,Opex,Marketing,-727846.7047211563,2025-08
2025-08-01,2025,Budget,Southwest,Plus,R&D,Opex,R&D,-465189.925347219,2025-08
2025-08-01,2025,Budget,Southwest,Plus,G&A,Opex,G&A,-356572.56070188957,2025-08
2025-08-01,2025,Budget,Southwest,Plus,Support,Opex,Support,-284720.46789359604,2025-08
2025-08-01,2025,Actual,Southwest,Enterprise,Revenue,Revenue,Sales,4773474.824660341,2025-08
2025-08-01,2025,Actual,Southwest,Enterprise,COGS,COGS,Sales,-1854961.5937415322,2025-08
2025-08-01,2025,Actual,Southwest,Enterprise,Sales & Marketing,Opex,Marketing,-888586.176228967,2025-08
2025-08-01,2025,Actual,Southwest,Enterprise,R&D,Opex,R&D,-499288.3063544221,2025-08
2025-08-01,2025,Actual,Southwest,Enterprise,G&A,Opex,G&A,-410283.9379583219,2025-08
2025-08-01,2025,Actual,Southwest,Enterprise,Support,Opex,Support,-239610.54208736017,2025-08
2025-08-01,2025,Budget,Southwest,Enterprise,Revenue,Revenue,Sales,4436616.887999999,2025-08
2025-08-01,2025,Budget,Southwest,Enterprise,COGS,COGS,Sales,-1747083.0887485908,2025-08
2025-08-01,2025,Budget,Southwest,Enterprise,Sales & Marketing,Opex,Marketing,-736042.8499463648,2025-08
2025-08-01,2025,Budget,Southwest,Enterprise,R&D,Opex,R&D,-500104.966593738,2025-08
2025-08-01,2025,Budget,Southwest,Enterprise,G&A,Opex,G&A,-361923.6033132793,2025-08
2025-08-01,2025,Budget,Southwest,Enterprise,Support,Opex,Support,-301541.6862954168,2025-08
2025-08-01,2025,Actual,Southwest,Marketplace Ads,Revenue,Revenue,Sales,1802305.0937161664,2025-08
2025-08-01,2025,Actual,Southwest,Marketplace Ads,COGS,COGS,Sales,-694590.5607966814,2025-08
2025-08-01,2025,Actual,Southwest,Marketplace Ads,Sales & Marketing,Opex,Marketing,-389851.7833154569,2025-08
2025-08-01,2025,Actual,Southwest,Marketplace Ads,R&D,Opex,R&D,-194435.9304288354,2025-08
2025-08-01,2025,Actual,Southwest,Marketplace Ads,G&A,Opex,G&A,-151747.93382159868,2025-08
2025-08-01,2025,Actual,Southwest,Marketplace Ads,Support,Opex,Support,-138443.77854558988,2025-08
2025-08-01,2025,Budget,Southwest,Marketplace Ads,Revenue,Revenue,Sales,1971829.7279999997,2025-08
2025-08-01,2025,Budget,Southwest,Marketplace Ads,COGS,COGS,Sales,-767517.2040673643,2025-08
2025-08-01,2025,Budget,Southwest,Marketplace Ads,Sales & Marketing,Opex,Marketing,-328281.5030243876,2025-08
2025-08-01,2025,Budget,Southwest,Marketplace Ads,R&D,Opex,R&D,-244135.23760704065,2025-08
2025-08-01,2025,Budget,Southwest,Marketplace Ads,G&A,Opex,G&A,-188044.99070766955,2025-08
2025-08-01,2025,Budget,Southwest,Marketplace Ads,Support,Opex,Support,-117993.53358230955,2025-08
2025-08-01,2025,Actual,West,Core,Revenue,Revenue,Sales,3720078.7589526027,2025-08
2025-08-01,2025,Actual,West,Core,COGS,COGS,Sales,-1576738.6871385344,2025-08
2025-08-01,2025,Actual,West,Core,Sales & Marketing,Opex,Marketing,-709054.3421727581,2025-08
2025-08-01,2025,Actual,West,Core,R&D,Opex,R&D,-440614.2448394619,2025-08
2025-08-01,2025,Actual,West,Core,G&A,Opex,G&A,-298692.0576553892,2025-08
2025-08-01,2025,Actual,West,Core,Support,Opex,Support,-193110.73052533806,2025-08
2025-08-01,2025,Budget,West,Core,Revenue,Revenue,Sales,3615021.1679999996,2025-08
2025-08-01,2025,Budget,West,Core,COGS,COGS,Sales,-1524536.5775373955,2025-08
2025-08-01,2025,Budget,West,Core,Sales & Marketing,Opex,Marketing,-708498.1056059808,2025-08
2025-08-01,2025,Budget,West,Core,R&D,Opex,R&D,-402848.5837528771,2025-08
2025-08-01,2025,Budget,West,Core,G&A,Opex,G&A,-391608.4934177694,2025-08
2025-08-01,2025,Budget,West,Core,Support,Opex,Support,-257325.81395991877,2025-08
2025-08-01,2025,Actual,West,Plus,Revenue,Revenue,Sales,4095130.731932376,2025-08
2025-08-01,2025,Actual,West,Plus,COGS,COGS,Sales,-1776949.0698447756,2025-08
2025-08-01,2025,Actual,West,Plus,Sales & Marketing,Opex,Marketing,-705531.7324330198,2025-08
2025-08-01,2025,Actual,West,Plus,R&D,Opex,R&D,-545344.5777480915,2025-08
2025-08-01,2025,Actual,West,Plus,G&A,Opex,G&A,-342055.78711471055,2025-08
2025-08-01,2025,Actual,West,Plus,Support,Opex,Support,-272594.15998867655,2025-08
2025-08-01,2025,Budget,West,Plus,Revenue,Revenue,Sales,4157274.3431999995,2025-08
2025-08-01,2025,Budget,West,Plus,COGS,COGS,Sales,-1867595.417907592,2025-08
2025-08-01,2025,Budget,West,Plus,Sales & Marketing,Opex,Marketing,-815408.5028544283,2025-08
2025-08-01,2025,Budget,West,Plus,R&D,Opex,R&D,-526333.8671292128,2025-08
2025-08-01,2025,Budget,West,Plus,G&A,Opex,G&A,-418601.2233922868,2025-08
2025-08-01,2025,Budget,West,Plus,Support,Opex,Support,-330640.0867555052,2025-08
2025-08-01,2025,Actual,West,Enterprise,Revenue,Revenue,Sales,4847931.141841682,2025-08
2025-08-01,2025,Actual,West,Enterprise,COGS,COGS,Sales,-2051829.1890072501,2025-08
2025-08-01,2025,Actual,West,Enterprise,Sales & Marketing,Opex,Marketing,-826479.199678441,2025-08
2025-08-01,2025,Actual,West,Enterprise,R&D,Opex,R&D,-607969.6959138733,2025-08
2025-08-01,2025,Actual,West,Enterprise,G&A,Opex,G&A,-425336.36384868337,2025-08
2025-08-01,2025,Actual,West,Enterprise,Support,Opex,Support,-338406.87425858027,2025-08
2025-08-01,2025,Budget,West,Enterprise,Revenue,Revenue,Sales,4880278.5768,2025-08
2025-08-01,2025,Budget,West,Enterprise,COGS,COGS,Sales,-2065708.4881366119,2025-08
2025-08-01,2025,Budget,West,Enterprise,Sales & Marketing,Opex,Marketing,-999628.4686458203,2025-08
2025-08-01,2025,Budget,West,Enterprise,R&D,Opex,R&D,-624908.1971709963,2025-08
2025-08-01,2025,Budget,West,Enterprise,G&A,Opex,G&A,-525848.1219243925,2025-08
2025-08-01,2025,Budget,West,Enterprise,Support,Opex,Support,-374017.9660612317,2025-08
2025-08-01,2025,Actual,West,Marketplace Ads,Revenue,Revenue,Sales,2092010.081673004,2025-08
2025-08-01,2025,Actual,West,Marketplace Ads,COGS,COGS,Sales,-933238.5924023276,2025-08
2025-08-01,2025,Actual,West,Marketplace Ads,Sales & Marketing,Opex,Marketing,-404531.2313639002,2025-08
2025-08-01,2025,Actual,West,Marketplace Ads,R&D,Opex,R&D,-242520.03196833158,2025-08
2025-08-01,2025,Actual,West,Marketplace Ads,G&A,Opex,G&A,-229951.52489391706,2025-08
2025-08-01,2025,Actual,West,Marketplace Ads,Support,Opex,Support,-162555.4423250019,2025-08
2025-08-01,2025,Budget,West,Marketplace Ads,Revenue,Revenue,Sales,2169012.7007999998,2025-08
2025-08-01,2025,Budget,West,Marketplace Ads,COGS,COGS,Sales,-893359.6691167192,2025-08
2025-08-01,2025,Budget,West,Marketplace Ads,Sales & Marketing,Opex,Marketing,-370582.9477457873,2025-08
2025-08-01,2025,Budget,West,Marketplace Ads,R&D,Opex,R&D,-274360.3018212715,2025-08
2025-08-01,2025,Budget,West,Marketplace Ads,G&A,Opex,G&A,-193389.46391275225,2025-08
2025-08-01,2025,Budget,West,Marketplace Ads,Support,Opex,Support,-116573.24748226258,2025-08
2025-09-01,2025,Actual,Northeast,Core,Revenue,Revenue,Sales,3300764.5772932866,2025-09
2025-09-01,2025,Actual,Northeast,Core,COGS,COGS,Sales,-1345799.345493919,2025-09
2025-09-01,2025,Actual,Northeast,Core,Sales & Marketing,Opex,Marketing,-611950.2879121545,2025-09
2025-09-01,2025,Actual,Northeast,Core,R&D,Opex,R&D,-458638.861216494,2025-09
2025-09-01,2025,Actual,Northeast,Core,G&A,Opex,G&A,-319235.38194632245,2025-09
2025-09-01,2025,Actual,Northeast,Core,Support,Opex,Support,-220249.23001965752,2025-09
2025-09-01,2025,Budget,Northeast,Core,Revenue,Revenue,Sales,3327466.3448542194,2025-09
2025-09-01,2025,Budget,Northeast,Core,COGS,COGS,Sales,-1365997.6991915384,2025-09
2025-09-01,2025,Budget,Northeast,Core,Sales & Marketing,Opex,Marketing,-683845.9027651774,2025-09
2025-09-01,2025,Budget,Northeast,Core,R&D,Opex,R&D,-441840.529234281,2025-09
2025-09-01,2025,Budget,Northeast,Core,G&A,Opex,G&A,-333494.04818045587,2025-09
2025-09-01,2025,Budget,Northeast,Core,Support,Opex,Support,-201250.98632702645,2025-09
2025-09-01,2025,Actual,Northeast,Plus,Revenue,Revenue,Sales,3761737.258221203,2025-09
2025-09-01,2025,Actual,Northeast,Plus,COGS,COGS,Sales,-1667066.8680524682,2025-09
2025-09-01,2025,Actual,Northeast,Plus,Sales & Marketing,Opex,Marketing,-793293.1682235925,2025-09
2025-09-01,2025,Actual,Northeast,Plus,R&D,Opex,R&D,-478892.85978753754,2025-09
2025-09-01,2025,Actual,Northeast,Plus,G&A,Opex,G&A,-354540.1416402936,2025-09
2025-09-01,2025,Actual,Northeast,Plus,Support,Opex,Support,-269682.235557593,2025-09
2025-09-01,2025,Budget,Northeast,Plus,Revenue,Revenue,Sales,3826586.296582353,2025-09
2025-09-01,2025,Budget,Northeast,Plus,COGS,COGS,Sales,-1575745.529209288,2025-09
2025-09-01,2025,Budget,Northeast,Plus,Sales & Marketing,Opex,Marketing,-810513.0473902108,2025-09
2025-09-01,2025,Budget,Northeast,Plus,R&D,Opex,R&D,-416367.45047222247,2025-09
2025-09-01,2025,Budget,Northeast,Plus,G&A,Opex,G&A,-403081.64409761457,2025-09
2025-09-01,2025,Budget,Northeast,Plus,Support,Opex,Support,-237552.48231007936,2025-09
2025-09-01,2025,Actual,Northeast,Enterprise,Revenue,Revenue,Sales,4545449.1126646595,2025-09
2025-09-01,2025,Actual,Northeast,Enterprise,COGS,COGS,Sales,-1992155.6985203794,2025-09
2025-09-01,2025,Actual,Northeast,Enterprise,Sales & Marketing,Opex,Marketing,-810529.5779655327,2025-09
2025-09-01,2025,Actual,Northeast,Enterprise,R&D,Opex,R&D,-489012.5309922545,2025-09
2025-09-01,2025,Actual,Northeast,Enterprise,G&A,Opex,G&A,-364325.7287130755,2025-09
2025-09-01,2025,Actual,Northeast,Enterprise,Support,Opex,Support,-321805.29960278445,2025-09
2025-09-01,2025,Budget,Northeast,Enterprise,Revenue,Revenue,Sales,4492079.565553197,2025-09
2025-09-01,2025,Budget,Northeast,Enterprise,COGS,COGS,Sales,-1746335.9389463665,2025-09
2025-09-01,2025,Budget,Northeast,Enterprise,Sales & Marketing,Opex,Marketing,-811872.1027753861,2025-09
2025-09-01,2025,Budget,Northeast,Enterprise,R&D,Opex,R&D,-592410.023230222,2025-09
2025-09-01,2025,Budget,Northeast,Enterprise,G&A,Opex,G&A,-464265.13203470927,2025-09
2025-09-01,2025,Budget,Northeast,Enterprise,Support,Opex,Support,-308206.20508449123,2025-09
2025-09-01,2025,Actual,Northeast,Marketplace Ads,Revenue,Revenue,Sales,1909166.1391167725,2025-09
2025-09-01,2025,Actual,Northeast,Marketplace Ads,COGS,COGS,Sales,-851006.1161669166,2025-09
2025-09-01,2025,Actual,Northeast,Marketplace Ads,Sales & Marketing,Opex,Marketing,-328681.6298463192,2025-09
2025-09-01,2025,Actual,Northeast,Marketplace Ads,R&D,Opex,R&D,-248742.09416925212,2025-09
2025-09-01,2025,Actual,Northeast,Marketplace Ads,G&A,Opex,G&A,-194765.50133764325,2025-09
2025-09-01,2025,Actual,Northeast,Marketplace Ads,Support,Opex,Support,-97191.85155228878,2025-09
2025-09-01,2025,Budget,Northeast,Marketplace Ads,Revenue,Revenue,Sales,1996479.8069125318,2025-09
2025-09-01,2025,Budget,Northeast,Marketplace Ads,COGS,COGS,Sales,-828410.3227764524,2025-09
2025-09-01,2025,Budget,Northeast,Marketplace Ads,Sales & Marketing,Opex,Marketing,-405551.20819491317,2025-09
2025-09-01,2025,Budget,Northeast,Marketplace Ads,R&D,Opex,R&D,-206988.90473747172,2025-09
2025-09-01,2025,Budget,Northeast,Marketplace Ads,G&A,Opex,G&A,-184005.63306204553,2025-09
2025-09-01,2025,Budget,Northeast,Marketplace Ads,Support,Opex,Support,-157921.51844637992,2025-09
2025-09-01,2025,Actual,Southeast,Core,Revenue,Revenue,Sales,3078141.8609135314,2025-09
2025-09-01,2025,Actual,Southeast,Core,COGS,COGS,Sales,-1334189.2349362902,2025-09
2025-09-01,2025,Actual,Southeast,Core,Sales & Marketing,Opex,Marketing,-558778.0525169314,2025-09
2025-09-01,2025,Actual,Southeast,Core,R&D,Opex,R&D,-327386.28664830705,2025-09
2025-09-01,2025,Actual,Southeast,Core,G&A,Opex,G&A,-264780.39195682755,2025-09
2025-09-01,2025,Actual,Southeast,Core,Support,Opex,Support,-216398.73068737888,2025-09
2025-09-01,2025,Budget,Southeast,Core,Revenue,Revenue,Sales,3010564.788201437,2025-09
2025-09-01,2025,Budget,Southeast,Core,COGS,COGS,Sales,-1344339.3349017005,2025-09
2025-09-01,2025,Budget,Southeast,Core,Sales & Marketing,Opex,Marketing,-511104.42519346013,2025-09
2025-09-01,2025,Budget,Southeast,Core,R&D,Opex,R&D,-382116.8026963888,2025-09
2025-09-01,2025,Budget,Southeast,Core,G&A,Opex,G&A,-244560.7362222163,2025-09
2025-09-01,2025,Budget,Southeast,Core,Support,Opex,Support,-226002.43369451803,2025-09
2025-09-01,2025,Actual,Southeast,Plus,Revenue,Revenue,Sales,3714549.256063485,2025-09
2025-09-01,2025,Actual,Southeast,Plus,COGS,COGS,Sales,-1497284.5461067855,2025-09
2025-09-01,2025,Actual,Southeast,Plus,Sales & Marketing,Opex,Marketing,-635291.2893219158,2025-09
2025-09-01,2025,Actual,Southeast,Plus,R&D,Opex,R&D,-477759.8602002416,2025-09
2025-09-01,2025,Actual,Southeast,Plus,G&A,Opex,G&A,-302291.5619476079,2025-09
2025-09-01,2025,Actual,Southeast,Plus,Support,Opex,Support,-202631.2126674455,2025-09
2025-09-01,2025,Budget,Southeast,Plus,Revenue,Revenue,Sales,3462149.5064316522,2025-09
2025-09-01,2025,Budget,Southeast,Plus,COGS,COGS,Sales,-1537197.8460513107,2025-09
2025-09-01,2025,Budget,Southeast,Plus,Sales & Marketing,Opex,Marketing,-616165.3090777139,2025-09
2025-09-01,2025,Budget,Southeast,Plus,R&D,Opex,R&D,-440233.0410925137,2025-09
2025-09-01,2025,Budget,Southeast,Plus,G&A,Opex,G&A,-337953.8400657788,2025-09
2025-09-01,2025,Budget,Southeast,Plus,Support,Opex,Support,-262280.6126586746,2025-09
2025-09-01,2025,Actual,Southeast,Enterprise,Revenue,Revenue,Sales,4031513.9520972488,2025-09
2025-09-01,2025,Actual,Southeast,Enterprise,COGS,COGS,Sales,-1764153.454192969,2025-09
2025-09-01,2025,Actual,Southeast,Enterprise,Sales & Marketing,Opex,Marketing,-875934.509836897,2025-09
2025-09-01,2025,Actual,Southeast,Enterprise,R&D,Opex,R&D,-480898.5762529986,2025-09
2025-09-01,2025,Actual,Southeast,Enterprise,G&A,Opex,G&A,-324320.9854550165,2025-09
2025-09-01,2025,Actual,Southeast,Enterprise,Support,Opex,Support,-280720.69021438906,2025-09
2025-09-01,2025,Budget,Southeast,Enterprise,Revenue,Revenue,Sales,4064262.4640719406,2025-09
2025-09-01,2025,Budget,Southeast,Enterprise,COGS,COGS,Sales,-1637771.6106842146,2025-09
2025-09-01,2025,Budget,Southeast,Enterprise,Sales & Marketing,Opex,Marketing,-892783.5081207145,2025-09
2025-09-01,2025,Budget,Southeast,Enterprise,R&D,Opex,R&D,-413936.9683500917,2025-09
2025-09-01,2025,Budget,Southeast,Enterprise,G&A,Opex,G&A,-365908.09244073107,2025-09
2025-09-01,2025,Budget,Southeast,Enterprise,Support,Opex,Support,-273346.02052671433,2025-09
2025-09-01,2025,Actual,Southeast,Marketplace Ads,Revenue,Revenue,Sales,1800524.1571585694,2025-09
2025-09-01,2025,Actual,Southeast,Marketplace Ads,COGS,COGS,Sales,-704026.836685521,2025-09
2025-09-01,2025,Actual,Southeast,Marketplace Ads,Sales & Marketing,Opex,Marketing,-351949.2010759733,2025-09
2025-09-01,2025,Actual,Southeast,Marketplace Ads,R&D,Opex,R&D,-212065.63183913042,2025-09
2025-09-01,2025,Actual,Southeast,Marketplace Ads,G&A,Opex,G&A,-173884.01535697095,2025-09
2025-09-01,2025,Actual,Southeast,Marketplace Ads,Support,Opex,Support,-109483.2007313362,2025-09
2025-09-01,2025,Budget,Southeast,Marketplace Ads,Revenue,Revenue,Sales,1806338.8729208622,2025-09
2025-09-01,2025,Budget,Southeast,Marketplace Ads,COGS,COGS,Sales,-739673.201189472,2025-09
2025-09-01,2025,Budget,Southeast,Marketplace Ads,Sales & Marketing,Opex,Marketing,-299262.921154409,2025-09
2025-09-01,2025,Budget,Southeast,Marketplace Ads,R&D,Opex,R&D,-213717.8170457764,2025-09
2025-09-01,2025,Budget,Southeast,Marketplace Ads,G&A,Opex,G&A,-193632.06223909828,2025-09
2025-09-01,2025,Budget,Southeast,Marketplace Ads,Support,Opex,Support,-131273.16056528027,2025-09
2025-09-01,2025,Actual,Midwest,Core,Revenue,Revenue,Sales,2704344.728935616,2025-09
2025-09-01,2025,Actual,Midwest,Core,COGS,COGS,Sales,-1162644.8780928564,2025-09
2025-09-01,2025,Actual,Midwest,Core,Sales & Marketing,Opex,Marketing,-579644.5719094288,2025-09
2025-09-01,2025,Actual,Midwest,Core,R&D,Opex,R&D,-293634.3026061051,2025-09
2025-09-01,2025,Actual,Midwest,Core,G&A,Opex,G&A,-280475.9946574874,2025-09
2025-09-01,2025,Actual,Midwest,Core,Support,Opex,Support,-182423.35649485368,2025-09
2025-09-01,2025,Budget,Midwest,Core,Revenue,Revenue,Sales,2852114.0098750456,2025-09
2025-09-01,2025,Budget,Midwest,Core,COGS,COGS,Sales,-1258059.962537007,2025-09
2025-09-01,2025,Budget,Midwest,Core,Sales & Marketing,Opex,Marketing,-616221.351509247,2025-09
2025-09-01,2025,Budget,Midwest,Core,R&D,Opex,R&D,-392217.3883730357,2025-09
2025-09-01,2025,Budget,Midwest,Core,G&A,Opex,G&A,-276458.03591668984,2025-09
2025-09-01,2025,Budget,Midwest,Core,Support,Opex,Support,-198450.29763749632,2025-09
2025-09-01,2025,Actual,Midwest,Plus,Revenue,Revenue,Sales,3644707.9329051776,2025-09
2025-09-01,2025,Actual,Midwest,Plus,COGS,COGS,Sales,-1620549.4038595955,2025-09
2025-09-01,2025,Actual,Midwest,Plus,Sales & Marketing,Opex,Marketing,-699354.8278095402,2025-09
2025-09-01,2025,Actual,Midwest,Plus,R&D,Opex,R&D,-468398.7806957388,2025-09
2025-09-01,2025,Actual,Midwest,Plus,G&A,Opex,G&A,-378985.2190752867,2025-09
2025-09-01,2025,Actual,Midwest,Plus,Support,Opex,Support,-231519.5572508813,2025-09
2025-09-01,2025,Budget,Midwest,Plus,Revenue,Revenue,Sales,3279931.111356302,2025-09
2025-09-01,2025,Budget,Midwest,Plus,COGS,COGS,Sales,-1369135.5794688056,2025-09
2025-09-01,2025,Budget,Midwest,Plus,Sales & Marketing,Opex,Marketing,-607816.283146311,2025-09
2025-09-01,2025,Budget,Midwest,Plus,R&D,Opex,R&D,-413527.956508024,2025-09
2025-09-01,2025,Budget,Midwest,Plus,G&A,Opex,G&A,-306802.34200639016,2025-09
2025-09-01,2025,Budget,Midwest,Plus,Support,Opex,Support,-198000.50097852905,2025-09
2025-09-01,2025,Actual,Midwest,Enterprise,Revenue,Revenue,Sales,3825447.4174544164,2025-09
2025-09-01,2025,Actual,Midwest,Enterprise,COGS,COGS,Sales,-1610426.083930322,2025-09
2025-09-01,2025,Actual,Midwest,Enterprise,Sales & Marketing,Opex,Marketing,-644353.1875135556,2025-09
2025-09-01,2025,Actual,Midwest,Enterprise,R&D,Opex,R&D,-393316.1398040564,2025-09
2025-09-01,2025,Actual,Midwest,Enterprise,G&A,Opex,G&A,-348043.26816890424,2025-09
2025-09-01,2025,Actual,Midwest,Enterprise,Support,Opex,Support,-272246.5524596564,2025-09
2025-09-01,2025,Budget,Midwest,Enterprise,Revenue,Revenue,Sales,3850353.913331311,2025-09
2025-09-01,2025,Budget,Midwest,Enterprise,COGS,COGS,Sales,-1479617.9008067404,2025-09
2025-09-01,2025,Budget,Midwest,Enterprise,Sales & Marketing,Opex,Marketing,-796072.5585574062,2025-09
2025-09-01,2025,Budget,Midwest,Enterprise,R&D,Opex,R&D,-506082.97237604583,2025-09
2025-09-01,2025,Budget,Midwest,Enterprise,G&A,Opex,G&A,-395537.18480774073,2025-09
2025-09-01,2025,Budget,Midwest,Enterprise,Support,Opex,Support,-216226.8113406509,2025-09
2025-09-01,2025,Actual,Midwest,Marketplace Ads,Revenue,Revenue,Sales,1703188.8335826602,2025-09
2025-09-01,2025,Actual,Midwest,Marketplace Ads,COGS,COGS,Sales,-747495.3648186965,2025-09
2025-09-01,2025,Actual,Midwest,Marketplace Ads,Sales & Marketing,Opex,Marketing,-313654.6514957957,2025-09
2025-09-01,2025,Actual,Midwest,Marketplace Ads,R&D,Opex,R&D,-182920.1811977944,2025-09
2025-09-01,2025,Actual,Midwest,Marketplace Ads,G&A,Opex,G&A,-145921.64284244637,2025-09
2025-09-01,2025,Actual,Midwest,Marketplace Ads,Support,Opex,Support,-131241.2787213445,2025-09
2025-09-01,2025,Budget,Midwest,Marketplace Ads,Revenue,Revenue,Sales,1711268.4059250273,2025-09
2025-09-01,2025,Budget,Midwest,Marketplace Ads,COGS,COGS,Sales,-664748.6716606292,2025-09
2025-09-01,2025,Budget,Midwest,Marketplace Ads,Sales & Marketing,Opex,Marketing,-366647.5367200602,2025-09
2025-09-01,2025,Budget,Midwest,Marketplace Ads,R&D,Opex,R&D,-205135.26210196572,2025-09
2025-09-01,2025,Budget,Midwest,Marketplace Ads,G&A,Opex,G&A,-182692.75325435755,2025-09
2025-09-01,2025,Budget,Midwest,Marketplace Ads,Support,Opex,Support,-98614.35587639906,2025-09
2025-09-01,2025,Actual,Southwest,Core,Revenue,Revenue,Sales,3098917.2802683674,2025-09
2025-09-01,2025,Actual,Southwest,Core,COGS,COGS,Sales,-1263607.6891079105,2025-09
2025-09-01,2025,Actual,Southwest,Core,Sales & Marketing,Opex,Marketing,-527177.500592261,2025-09
2025-09-01,2025,Actual,Southwest,Core,R&D,Opex,R&D,-339621.97202879644,2025-09
2025-09-01,2025,Actual,Southwest,Core,G&A,Opex,G&A,-314783.42744843155,2025-09
2025-09-01,2025,Actual,Southwest,Core,Support,Opex,Support,-203959.587473127,2025-09
2025-09-01,2025,Budget,Southwest,Core,Revenue,Revenue,Sales,3169015.5665278286,2025-09
2025-09-01,2025,Budget,Southwest,Core,COGS,COGS,Sales,-1396326.353308811,2025-09
2025-09-01,2025,Budget,Southwest,Core,Sales & Marketing,Opex,Marketing,-526364.9399520584,2025-09
2025-09-01,2025,Budget,Southwest,Core,R&D,Opex,R&D,-400334.3844176649,2025-09
2025-09-01,2025,Budget,Southwest,Core,G&A,Opex,G&A,-312676.5762515407,2025-09
2025-09-01,2025,Budget,Southwest,Core,Support,Opex,Support,-235936.51732492234,2025-09
2025-09-01,2025,Actual,Southwest,Plus,Revenue,Revenue,Sales,3526670.534356721,2025-09
2025-09-01,2025,Actual,Southwest,Plus,COGS,COGS,Sales,-1512127.2191822282,2025-09
2025-09-01,2025,Actual,Southwest,Plus,Sales & Marketing,Opex,Marketing,-745368.3934388352,2025-09
2025-09-01,2025,Actual,Southwest,Plus,R&D,Opex,R&D,-359267.32519052137,2025-09
2025-09-01,2025,Actual,Southwest,Plus,G&A,Opex,G&A,-351325.15815040155,2025-09
2025-09-01,2025,Actual,Southwest,Plus,Support,Opex,Support,-243103.41323258384,2025-09
2025-09-01,2025,Budget,Southwest,Plus,Revenue,Revenue,Sales,3644367.901507003,2025-09
2025-09-01,2025,Budget,Southwest,Plus,COGS,COGS,Sales,-1527308.4019525493,2025-09
2025-09-01,2025,Budget,Southwest,Plus,Sales & Marketing,Opex,Marketing,-726426.8028445833,2025-09
2025-09-01,2025,Budget,Southwest,Plus,R&D,Opex,R&D,-416926.84126185934,2025-09
2025-09-01,2025,Budget,Southwest,Plus,G&A,Opex,G&A,-316282.69265370676,2025-09
2025-09-01,2025,Budget,Southwest,Plus,Support,Opex,Support,-205039.98289671933,2025-09
2025-09-01,2025,Actual,Southwest,Enterprise,Revenue,Revenue,Sales,4231825.540025649,2025-09
2025-09-01,2025,Actual,Southwest,Enterprise,COGS,COGS,Sales,-1777429.97857597,2025-09
2025-09-01,2025,Actual,Southwest,Enterprise,Sales & Marketing,Opex,Marketing,-734892.7337054848,2025-09
2025-09-01,2025,Actual,Southwest,Enterprise,R&D,Opex,R&D,-514923.8578938291,2025-09
2025-09-01,2025,Actual,Southwest,Enterprise,G&A,Opex,G&A,-373836.9530875749,2025-09
2025-09-01,2025,Actual,Southwest,Enterprise,Support,Opex,Support,-287268.4708513887,2025-09
2025-09-01,2025,Budget,Southwest,Enterprise,Revenue,Revenue,Sales,4278171.014812569,2025-09
2025-09-01,2025,Budget,Southwest,Enterprise,COGS,COGS,Sales,-1748201.4391059612,2025-09
2025-09-01,2025,Budget,Southwest,Enterprise,Sales & Marketing,Opex,Marketing,-755765.2690967557,2025-09
2025-09-01,2025,Budget,Southwest,Enterprise,R&D,Opex,R&D,-432421.8305683855,2025-09
2025-09-01,2025,Budget,Southwest,Enterprise,G&A,Opex,G&A,-352960.5971293369,2025-09
2025-09-01,2025,Budget,Southwest,Enterprise,Support,Opex,Support,-234056.32933863197,2025-09
2025-09-01,2025,Actual,Southwest,Marketplace Ads,Revenue,Revenue,Sales,1926510.1447177818,2025-09
2025-09-01,2025,Actual,Southwest,Marketplace Ads,COGS,COGS,Sales,-771041.1002554276,2025-09
2025-09-01,2025,Actual,Southwest,Marketplace Ads,Sales & Marketing,Opex,Marketing,-375778.3887011819,2025-09
2025-09-01,2025,Actual,Southwest,Marketplace Ads,R&D,Opex,R&D,-226871.83718063202,2025-09
2025-09-01,2025,Actual,Southwest,Marketplace Ads,G&A,Opex,G&A,-168996.52404126024,2025-09
2025-09-01,2025,Actual,Southwest,Marketplace Ads,Support,Opex,Support,-124888.7365054328,2025-09
2025-09-01,2025,Budget,Southwest,Marketplace Ads,Revenue,Revenue,Sales,1901409.3399166972,2025-09
2025-09-01,2025,Budget,Southwest,Marketplace Ads,COGS,COGS,Sales,-742838.5685888414,2025-09
2025-09-01,2025,Budget,Southwest,Marketplace Ads,Sales & Marketing,Opex,Marketing,-394646.05301985284,2025-09
2025-09-01,2025,Budget,Southwest,Marketplace Ads,R&D,Opex,R&D,-246274.57327780264,2025-09
2025-09-01,2025,Budget,Southwest,Marketplace Ads,G&A,Opex,G&A,-157950.43465435432,2025-09
2025-09-01,2025,Budget,Southwest,Marketplace Ads,Support,Opex,Support,-96683.3837190291,2025-09
2025-09-01,2025,Actual,West,Core,Revenue,Revenue,Sales,3640452.4929797724,2025-09
2025-09-01,2025,Actual,West,Core,COGS,COGS,Sales,-1538376.1572624177,2025-09
2025-09-01,2025,Actual,West,Core,Sales & Marketing,Opex,Marketing,-629968.8002451552,2025-09
2025-09-01,2025,Actual,West,Core,R&D,Opex,R&D,-499507.46250146505,2025-09
2025-09-01,2025,Actual,West,Core,G&A,Opex,G&A,-381478.6160237532,2025-09
2025-09-01,2025,Actual,West,Core,Support,Opex,Support,-252887.00692194316,2025-09
2025-09-01,2025,Budget,West,Core,Revenue,Revenue,Sales,3485917.123180611,2025-09
2025-09-01,2025,Budget,West,Core,COGS,COGS,Sales,-1467106.8308846916,2025-09
2025-09-01,2025,Budget,West,Core,Sales & Marketing,Opex,Marketing,-738146.2577965809,2025-09
2025-09-01,2025,Budget,West,Core,R&D,Opex,R&D,-473398.542380496,2025-09
2025-09-01,2025,Budget,West,Core,G&A,Opex,G&A,-309538.1618010069,2025-09
2025-09-01,2025,Budget,West,Core,Support,Opex,Support,-235483.56702265562,2025-09
2025-09-01,2025,Actual,West,Plus,Revenue,Revenue,Sales,4135348.37444797,2025-09
2025-09-01,2025,Actual,West,Plus,COGS,COGS,Sales,-1673632.7368077985,2025-09
2025-09-01,2025,Actual,West,Plus,Sales & Marketing,Opex,Marketing,-849438.3236005644,2025-09
2025-09-01,2025,Actual,West,Plus,R&D,Opex,R&D,-474086.1329522475,2025-09
2025-09-01,2025,Actual,West,Plus,G&A,Opex,G&A,-367453.5765103929,2025-09
2025-09-01,2025,Actual,West,Plus,Support,Opex,Support,-273976.0944342175,2025-09
2025-09-01,2025,Budget,West,Plus,Revenue,Revenue,Sales,4008804.691657703,2025-09
2025-09-01,2025,Budget,West,Plus,COGS,COGS,Sales,-1783735.6506819946,2025-09
2025-09-01,2025,Budget,West,Plus,Sales & Marketing,Opex,Marketing,-653531.3912321365,2025-09
2025-09-01,2025,Budget,West,Plus,R&D,Opex,R&D,-462451.1608076598,2025-09
2025-09-01,2025,Budget,West,Plus,G&A,Opex,G&A,-380706.72078013653,2025-09
2025-09-01,2025,Budget,West,Plus,Support,Opex,Support,-305768.69224837166,2025-09
2025-09-01,2025,Actual,West,Enterprise,Revenue,Revenue,Sales,4520744.618471917,2025-09
2025-09-01,2025,Actual,West,Enterprise,COGS,COGS,Sales,-1828001.9474505815,2025-09
2025-09-01,2025,Actual,West,Enterprise,Sales & Marketing,Opex,Marketing,-865779.068307377,2025-09
2025-09-01,2025,Actual,West,Enterprise,R&D,Opex,R&D,-529028.6796525875,2025-09
2025-09-01,2025,Actual,West,Enterprise,G&A,Opex,G&A,-433168.8872555888,2025-09
2025-09-01,2025,Actual,West,Enterprise,Support,Opex,Support,-244243.36055581883,2025-09
2025-09-01,2025,Budget,West,Enterprise,Revenue,Revenue,Sales,4705988.116293825,2025-09
2025-09-01,2025,Budget,West,Enterprise,COGS,COGS,Sales,-1979456.8811901591,2025-09
2025-09-01,2025,Budget,West,Enterprise,Sales & Marketing,Opex,Marketing,-785795.485530957,2025-09
2025-09-01,2025,Budget,West,Enterprise,R&D,Opex,R&D,-515475.6660391963,2025-09
2025-09-01,2025,Budget,West,Enterprise,G&A,Opex,G&A,-459870.09330746764,2025-09
2025-09-01,2025,Budget,West,Enterprise,Support,Opex,Support,-297450.910037952,2025-09
2025-09-01,2025,Actual,West,Marketplace Ads,Revenue,Revenue,Sales,2141539.8864625883,2025-09
2025-09-01,2025,Actual,West,Marketplace Ads,COGS,COGS,Sales,-854142.457901314,2025-09
2025-09-01,2025,Actual,West,Marketplace Ads,Sales & Marketing,Opex,Marketing,-434443.98700334836,2025-09
2025-09-01,2025,Actual,West,Marketplace Ads,R&D,Opex,R&D,-239408.89301620945,2025-09
2025-09-01,2025,Actual,West,Marketplace Ads,G&A,Opex,G&A,-209620.24643946602,2025-09
2025-09-01,2025,Actual,West,Marketplace Ads,Support,Opex,Support,-160889.10446961012,2025-09
2025-09-01,2025,Budget,West,Marketplace Ads,Revenue,Revenue,Sales,2091550.2739083667,2025-09
2025-09-01,2025,Budget,West,Marketplace Ads,COGS,COGS,Sales,-861200.6284153361,2025-09
2025-09-01,2025,Budget,West,Marketplace Ads,Sales & Marketing,Opex,Marketing,-364531.90862060303,2025-09
2025-09-01,2025,Budget,West,Marketplace Ads,R&D,Opex,R&D,-228791.6688505148,2025-09
2025-09-01,2025,Budget,West,Marketplace Ads,G&A,Opex,G&A,-227781.0327144609,2025-09
2025-09-01,2025,Budget,West,Marketplace Ads,Support,Opex,Support,-150157.7974631705,2025-09
2025-10-01,2025,Actual,Northeast,Core,Revenue,Revenue,Sales,3228332.891391563,2025-10
2025-10-01,2025,Actual,Northeast,Core,COGS,COGS,Sales,-1230556.544256682,2025-10
2025-10-01,2025,Actual,Northeast,Core,Sales & Marketing,Opex,Marketing,-677027.4727122243,2025-10
2025-10-01,2025,Actual,Northeast,Core,R&D,Opex,R&D,-384287.3091681414,2025-10
2025-10-01,2025,Actual,Northeast,Core,G&A,Opex,G&A,-310930.217924773,2025-10
2025-10-01,2025,Actual,Northeast,Core,Support,Opex,Support,-214130.59445641498,2025-10
2025-10-01,2025,Budget,Northeast,Core,Revenue,Revenue,Sales,3305088.8639999996,2025-10
2025-10-01,2025,Budget,Northeast,Core,COGS,COGS,Sales,-1419008.131124316,2025-10
2025-10-01,2025,Budget,Northeast,Core,Sales & Marketing,Opex,Marketing,-608693.7042832011,2025-10
2025-10-01,2025,Budget,Northeast,Core,R&D,Opex,R&D,-454085.7356253835,2025-10
2025-10-01,2025,Budget,Northeast,Core,G&A,Opex,G&A,-326638.42619594303,2025-10
2025-10-01,2025,Budget,Northeast,Core,Support,Opex,Support,-263240.9342305467,2025-10
2025-10-01,2025,Actual,Northeast,Plus,Revenue,Revenue,Sales,3559610.3398447856,2025-10
2025-10-01,2025,Actual,Northeast,Plus,COGS,COGS,Sales,-1417752.4082822178,2025-10
2025-10-01,2025,Actual,Northeast,Plus,Sales & Marketing,Opex,Marketing,-767817.7881534527,2025-10
2025-10-01,2025,Actual,Northeast,Plus,R&D,Opex,R&D,-378263.6937390836,2025-10
2025-10-01,2025,Actual,Northeast,Plus,G&A,Opex,G&A,-315647.1384140969,2025-10
2025-10-01,2025,Actual,Northeast,Plus,Support,Opex,Support,-237296.53030182733,2025-10
2025-10-01,2025,Budget,Northeast,Plus,Revenue,Revenue,Sales,3800852.1936,2025-10
2025-10-01,2025,Budget,Northeast,Plus,COGS,COGS,Sales,-1591884.958188701,2025-10
2025-10-01,2025,Budget,Northeast,Plus,Sales & Marketing,Opex,Marketing,-654024.5394202179,2025-10
2025-10-01,2025,Budget,Northeast,Plus,R&D,Opex,R&D,-475262.0942510981,2025-10
2025-10-01,2025,Budget,Northeast,Plus,G&A,Opex,G&A,-331770.34333237907,2025-10
2025-10-01,2025,Budget,Northeast,Plus,Support,Opex,Support,-226346.49831398853,2025-10
2025-10-01,2025,Actual,Northeast,Enterprise,Revenue,Revenue,Sales,4562368.374737412,2025-10
2025-10-01,2025,Actual,Northeast,Enterprise,COGS,COGS,Sales,-2049375.4113019202,2025-10
2025-10-01,2025,Actual,Northeast,Enterprise,Sales & Marketing,Opex,Marketing,-794048.8524303759,2025-10
2025-10-01,2025,Actual,Northeast,Enterprise,R&D,Opex,R&D,-619428.2189012296,2025-10
2025-10-01,2025,Actual,Northeast,Enterprise,G&A,Opex,G&A,-411888.65529949317,2025-10
2025-10-01,2025,Actual,Northeast,Enterprise,Support,Opex,Support,-301577.270766012,2025-10
2025-10-01,2025,Budget,Northeast,Enterprise,Revenue,Revenue,Sales,4461869.966399999,2025-10
2025-10-01,2025,Budget,Northeast,Enterprise,COGS,COGS,Sales,-1906924.1290592127,2025-10
2025-10-01,2025,Budget,Northeast,Enterprise,Sales & Marketing,Opex,Marketing,-780979.2050058071,2025-10
2025-10-01,2025,Budget,Northeast,Enterprise,R&D,Opex,R&D,-479499.90163195116,2025-10
2025-10-01,2025,Budget,Northeast,Enterprise,G&A,Opex,G&A,-363099.0839418737,2025-10
2025-10-01,2025,Budget,Northeast,Enterprise,Support,Opex,Support,-346083.2585744764,2025-10
2025-10-01,2025,Actual,Northeast,Marketplace Ads,Revenue,Revenue,Sales,1957503.2543789954,2025-10
2025-10-01,2025,Actual,Northeast,Marketplace Ads,COGS,COGS,Sales,-765965.7909459671,2025-10
2025-10-01,2025,Actual,Northeast,Marketplace Ads,Sales & Marketing,Opex,Marketing,-333502.93058793544,2025-10
2025-10-01,2025,Actual,Northeast,Marketplace Ads,R&D,Opex,R&D,-212343.53144426254,2025-10
2025-10-01,2025,Actual,Northeast,Marketplace Ads,G&A,Opex,G&A,-168130.4483565215,2025-10
2025-10-01,2025,Actual,Northeast,Marketplace Ads,Support,Opex,Support,-155129.59524431432,2025-10
2025-10-01,2025,Budget,Northeast,Marketplace Ads,Revenue,Revenue,Sales,1983053.3184,2025-10
2025-10-01,2025,Budget,Northeast,Marketplace Ads,COGS,COGS,Sales,-880199.4066892317,2025-10
2025-10-01,2025,Budget,Northeast,Marketplace Ads,Sales & Marketing,Opex,Marketing,-350030.16977995564,2025-10
2025-10-01,2025,Budget,Northeast,Marketplace Ads,R&D,Opex,R&D,-200478.56992521224,2025-10
2025-10-01,2025,Budget,Northeast,Marketplace Ads,G&A,Opex,G&A,-162334.98001486817,2025-10
2025-10-01,2025,Budget,Northeast,Marketplace Ads,Support,Opex,Support,-122189.28797044016,2025-10
2025-10-01,2025,Actual,Southeast,Core,Revenue,Revenue,Sales,2897442.940303644,2025-10
2025-10-01,2025,Actual,Southeast,Core,COGS,COGS,Sales,-1258444.1186868541,2025-10
2025-10-01,2025,Actual,Southeast,Core,Sales & Marketing,Opex,Marketing,-586139.8636028284,2025-10
2025-10-01,2025,Actual,Southeast,Core,R&D,Opex,R&D,-344005.6990484849,2025-10
2025-10-01,2025,Actual,Southeast,Core,G&A,Opex,G&A,-264154.7952002548,2025-10
2025-10-01,2025,Actual,Southeast,Core,Support,Opex,Support,-193403.19371333136,2025-10
2025-10-01,2025,Budget,Southeast,Core,Revenue,Revenue,Sales,2990318.496,2025-10
2025-10-01,2025,Budget,Southeast,Core,COGS,COGS,Sales,-1169406.997549234,2025-10
2025-10-01,2025,Budget,Southeast,Core,Sales & Marketing,Opex,Marketing,-652215.9788571798,2025-10
2025-10-01,2025,Budget,Southeast,Core,R&D,Opex,R&D,-360476.4433381497,2025-10
2025-10-01,2025,Budget,Southeast,Core,G&A,Opex,G&A,-328520.82427520945,2025-10
2025-10-01,2025,Budget,Southeast,Core,Support,Opex,Support,-156320.26093986223,2025-10
2025-10-01,2025,Actual,Southeast,Plus,Revenue,Revenue,Sales,3370610.961585793,2025-10
2025-10-01,2025,Actual,Southeast,Plus,COGS,COGS,Sales,-1343028.406645307,2025-10
2025-10-01,2025,Actual,Southeast,Plus,Sales & Marketing,Opex,Marketing,-606828.5653638536,2025-10
2025-10-01,2025,Actual,Southeast,Plus,R&D,Opex,R&D,-393866.08901764156,2025-10
2025-10-01,2025,Actual,Southeast,Plus,G&A,Opex,G&A,-323645.8844838807,2025-10
2025-10-01,2025,Actual,Southeast,Plus,Support,Opex,Support,-181276.88333869295,2025-10
2025-10-01,2025,Budget,Southeast,Plus,Revenue,Revenue,Sales,3438866.2704,2025-10
2025-10-01,2025,Budget,Southeast,Plus,COGS,COGS,Sales,-1375385.4125219185,2025-10
2025-10-01,2025,Budget,Southeast,Plus,Sales & Marketing,Opex,Marketing,-685753.7778935776,2025-10
2025-10-01,2025,Budget,Southeast,Plus,R&D,Opex,R&D,-379008.4880237429,2025-10
2025-10-01,2025,Budget,Southeast,Plus,G&A,Opex,G&A,-353151.68024943286,2025-10
2025-10-01,2025,Budget,Southeast,Plus,Support,Opex,Support,-198703.97600862363,2025-10
2025-10-01,2025,Actual,Southeast,Enterprise,Revenue,Revenue,Sales,4170188.677956072,2025-10
2025-10-01,2025,Actual,Southeast,Enterprise,COGS,COGS,Sales,-1687144.662877013,2025-10
2025-10-01,2025,Actual,Southeast,Enterprise,Sales & Marketing,Opex,Marketing,-782723.7379677097,2025-10
2025-10-01,2025,Actual,Southeast,Enterprise,R&D,Opex,R&D,-545032.6245628378,2025-10
2025-10-01,2025,Actual,Southeast,Enterprise,G&A,Opex,G&A,-431894.57798407174,2025-10
2025-10-01,2025,Actual,Southeast,Enterprise,Support,Opex,Support,-289046.1312788835,2025-10
2025-10-01,2025,Budget,Southeast,Enterprise,Revenue,Revenue,Sales,4036929.9695999995,2025-10
2025-10-01,2025,Budget,Southeast,Enterprise,COGS,COGS,Sales,-1710146.93864206,2025-10
2025-10-01,2025,Budget,Southeast,Enterprise,Sales & Marketing,Opex,Marketing,-720561.3636686335,2025-10
2025-10-01,2025,Budget,Southeast,Enterprise,R&D,Opex,R&D,-417856.958741365,2025-10
2025-10-01,2025,Budget,Southeast,Enterprise,G&A,Opex,G&A,-333576.9748315335,2025-10
2025-10-01,2025,Budget,Southeast,Enterprise,Support,Opex,Support,-285331.9732503374,2025-10
2025-10-01,2025,Actual,Southeast,Marketplace Ads,Revenue,Revenue,Sales,1779992.8873516622,2025-10
2025-10-01,2025,Actual,Southeast,Marketplace Ads,COGS,COGS,Sales,-767874.1979863994,2025-10
2025-10-01,2025,Actual,Southeast,Marketplace Ads,Sales & Marketing,Opex,Marketing,-371773.62031244964,2025-10
2025-10-01,2025,Actual,Southeast,Marketplace Ads,R&D,Opex,R&D,-217245.28326935216,2025-10
2025-10-01,2025,Actual,Southeast,Marketplace Ads,G&A,Opex,G&A,-161412.61250839703,2025-10
2025-10-01,2025,Actual,Southeast,Marketplace Ads,Support,Opex,Support,-108300.78060492165,2025-10
2025-10-01,2025,Budget,Southeast,Marketplace Ads,Revenue,Revenue,Sales,1794191.0976,2025-10
2025-10-01,2025,Budget,Southeast,Marketplace Ads,COGS,COGS,Sales,-781252.7622653621,2025-10
2025-10-01,2025,Budget,Southeast,Marketplace Ads,Sales & Marketing,Opex,Marketing,-338320.2747259881,2025-10
2025-10-01,2025,Budget,Southeast,Marketplace Ads,R&D,Opex,R&D,-211099.78070987505,2025-10
2025-10-01,2025,Budget,Southeast,Marketplace Ads,G&A,Opex,G&A,-179095.4665808471,2025-10
2025-10-01,2025,Budget,Southeast,Marketplace Ads,Support,Opex,Support,-118518.31354068522,2025-10
2025-10-01,2025,Actual,Midwest,Core,Revenue,Revenue,Sales,2839333.7059887163,2025-10
2025-10-01,2025,Actual,Midwest,Core,COGS,COGS,Sales,-1117595.272801705,2025-10
2025-10-01,2025,Actual,Midwest,Core,Sales & Marketing,Opex,Marketing,-495497.5266415943,2025-10
2025-10-01,2025,Actual,Midwest,Core,R&D,Opex,R&D,-376988.40885056567,2025-10
2025-10-01,2025,Actual,Midwest,Core,G&A,Opex,G&A,-265065.5713513075,2025-10
2025-10-01,2025,Actual,Midwest,Core,Support,Opex,Support,-205126.55219750892,2025-10
2025-10-01,2025,Budget,Midwest,Core,Revenue,Revenue,Sales,2832933.3119999995,2025-10
2025-10-01,2025,Budget,Midwest,Core,COGS,COGS,Sales,-1145513.820937365,2025-10
2025-10-01,2025,Budget,Midwest,Core,Sales & Marketing,Opex,Marketing,-609383.0084767106,2025-10
2025-10-01,2025,Budget,Midwest,Core,R&D,Opex,R&D,-321477.1459298079,2025-10
2025-10-01,2025,Budget,Midwest,Core,G&A,Opex,G&A,-254469.19730644883,2025-10
2025-10-01,2025,Budget,Midwest,Core,Support,Opex,Support,-207273.67431465295,2025-10
2025-10-01,2025,Actual,Midwest,Plus,Revenue,Revenue,Sales,2990763.597914676,2025-10
2025-10-01,2025,Actual,Midwest,Plus,COGS,COGS,Sales,-1290416.3014536283,2025-10
2025-10-01,2025,Actual,Midwest,Plus,Sales & Marketing,Opex,Marketing,-553341.075366994,2025-10
2025-10-01,2025,Actual,Midwest,Plus,R&D,Opex,R&D,-372225.2223771286,2025-10
2025-10-01,2025,Actual,Midwest,Plus,G&A,Opex,G&A,-254795.4892446527,2025-10
2025-10-01,2025,Actual,Midwest,Plus,Support,Opex,Support,-169981.26644404026,2025-10
2025-10-01,2025,Budget,Midwest,Plus,Revenue,Revenue,Sales,3257873.3088,2025-10
2025-10-01,2025,Budget,Midwest,Plus,COGS,COGS,Sales,-1456516.1131321532,2025-10
2025-10-01,2025,Budget,Midwest,Plus,Sales & Marketing,Opex,Marketing,-542466.671588857,2025-10
2025-10-01,2025,Budget,Midwest,Plus,R&D,Opex,R&D,-355204.226024706,2025-10
2025-10-01,2025,Budget,Midwest,Plus,G&A,Opex,G&A,-300737.79452592955,2025-10
2025-10-01,2025,Budget,Midwest,Plus,Support,Opex,Support,-240076.4471055711,2025-10
2025-10-01,2025,Actual,Midwest,Enterprise,Revenue,Revenue,Sales,3634540.922630381,2025-10
2025-10-01,2025,Actual,Midwest,Enterprise,COGS,COGS,Sales,-1599044.1790698564,2025-10
2025-10-01,2025,Actual,Midwest,Enterprise,Sales & Marketing,Opex,Marketing,-639576.2693909138,2025-10
2025-10-01,2025,Actual,Midwest,Enterprise,R&D,Opex,R&D,-444543.11301906017,2025-10
2025-10-01,2025,Actual,Midwest,Enterprise,G&A,Opex,G&A,-293148.8247547773,2025-10
2025-10-01,2025,Actual,Midwest,Enterprise,Support,Opex,Support,-192673.03603342272,2025-10
2025-10-01,2025,Budget,Midwest,Enterprise,Revenue,Revenue,Sales,3824459.9711999996,2025-10
2025-10-01,2025,Budget,Midwest,Enterprise,COGS,COGS,Sales,-1593100.484447351,2025-10
2025-10-01,2025,Budget,Midwest,Enterprise,Sales & Marketing,Opex,Marketing,-666796.6673126101,2025-10
2025-10-01,2025,Budget,Midwest,Enterprise,R&D,Opex,R&D,-516059.104541088,2025-10
2025-10-01,2025,Budget,Midwest,Enterprise,G&A,Opex,G&A,-396011.326904568,2025-10
2025-10-01,2025,Budget,Midwest,Enterprise,Support,Opex,Support,-268627.98330909864,2025-10
2025-10-01,2025,Actual,Midwest,Marketplace Ads,Revenue,Revenue,Sales,1596406.3482537684,2025-10
2025-10-01,2025,Actual,Midwest,Marketplace Ads,COGS,COGS,Sales,-631522.5333345725,2025-10
2025-10-01,2025,Actual,Midwest,Marketplace Ads,Sales & Marketing,Opex,Marketing,-348824.2466477008,2025-10
2025-10-01,2025,Actual,Midwest,Marketplace Ads,R&D,Opex,R&D,-179465.83760208913,2025-10
2025-10-01,2025,Actual,Midwest,Marketplace Ads,G&A,Opex,G&A,-169276.76641468576,2025-10
2025-10-01,2025,Actual,Midwest,Marketplace Ads,Support,Opex,Support,-107190.7628007152,2025-10
2025-10-01,2025,Budget,Midwest,Marketplace Ads,Revenue,Revenue,Sales,1699759.9871999999,2025-10
2025-10-01,2025,Budget,Midwest,Marketplace Ads,COGS,COGS,Sales,-745389.9329605134,2025-10
2025-10-01,2025,Budget,Midwest,Marketplace Ads,Sales & Marketing,Opex,Marketing,-369321.09699676646,2025-10
2025-10-01,2025,Budget,Midwest,Marketplace Ads,R&D,Opex,R&D,-216412.3363481744,2025-10
2025-10-01,2025,Budget,Midwest,Marketplace Ads,G&A,Opex,G&A,-158574.2696509663,2025-10
2025-10-01,2025,Budget,Midwest,Marketplace Ads,Support,Opex,Support,-102123.08432792827,2025-10
2025-10-01,2025,Actual,Southwest,Core,Revenue,Revenue,Sales,2982413.0037523042,2025-10
2025-10-01,2025,Actual,Southwest,Core,COGS,COGS,Sales,-1324946.4149420448,2025-10
2025-10-01,2025,Actual,Southwest,Core,Sales & Marketing,Opex,Marketing,-486585.2008689583,2025-10
2025-10-01,2025,Actual,Southwest,Core,R&D,Opex,R&D,-312773.7988819434,2025-10
2025-10-01,2025,Actual,Southwest,Core,G&A,Opex,G&A,-311959.72238986683,2025-10
2025-10-01,2025,Actual,Southwest,Core,Support,Opex,Support,-217962.05835537566,2025-10
2025-10-01,2025,Budget,Southwest,Core,Revenue,Revenue,Sales,3147703.6799999997,2025-10
2025-10-01,2025,Budget,Southwest,Core,COGS,COGS,Sales,-1343210.8370401985,2025-10
2025-10-01,2025,Budget,Southwest,Core,Sales & Marketing,Opex,Marketing,-623506.1423112178,2025-10
2025-10-01,2025,Budget,Southwest,Core,R&D,Opex,R&D,-426925.567703577,2025-10
2025-10-01,2025,Budget,Southwest,Core,G&A,Opex,G&A,-319637.28016926715,2025-10
2025-10-01,2025,Budget,Southwest,Core,Support,Opex,Support,-191824.27050503893,2025-10
2025-10-01,2025,Actual,Southwest,Plus,Revenue,Revenue,Sales,3331468.2039314774,2025-10
2025-10-01,2025,Actual,Southwest,Plus,COGS,COGS,Sales,-1461072.1766268972,2025-10
2025-10-01,2025,Actual,Southwest,Plus,Sales & Marketing,Opex,Marketing,-643476.6826065667,2025-10
2025-10-01,2025,Actual,Southwest,Plus,R&D,Opex,R&D,-416356.27702001645,2025-10
2025-10-01,2025,Actual,Southwest,Plus,G&A,Opex,G&A,-288686.256861473,2025-10
2025-10-01,2025,Actual,Southwest,Plus,Support,Opex,Support,-228390.14309708658,2025-10
2025-10-01,2025,Budget,Southwest,Plus,Revenue,Revenue,Sales,3619859.232,2025-10
2025-10-01,2025,Budget,Southwest,Plus,COGS,COGS,Sales,-1617160.242218759,2025-10
2025-10-01,2025,Budget,Southwest,Plus,Sales & Marketing,Opex,Marketing,-718822.8555086832,2025-10
2025-10-01,2025,Budget,Southwest,Plus,R&D,Opex,R&D,-404076.6720708753,2025-10
2025-10-01,2025,Budget,Southwest,Plus,G&A,Opex,G&A,-349299.05091832933,2025-10
2025-10-01,2025,Budget,Southwest,Plus,Support,Opex,Support,-233703.4871161464,2025-10
2025-10-01,2025,Actual,Southwest,Enterprise,Revenue,Revenue,Sales,4214672.108173016,2025-10
2025-10-01,2025,Actual,Southwest,Enterprise,COGS,COGS,Sales,-1834431.290878584,2025-10
2025-10-01,2025,Actual,Southwest,Enterprise,Sales & Marketing,Opex,Marketing,-806875.2821940896,2025-10
2025-10-01,2025,Actual,Southwest,Enterprise,R&D,Opex,R&D,-486289.4272190705,2025-10
2025-10-01,2025,Actual,Southwest,Enterprise,G&A,Opex,G&A,-344763.38121169433,2025-10
2025-10-01,2025,Actual,Southwest,Enterprise,Support,Opex,Support,-224600.14631882188,2025-10
2025-10-01,2025,Budget,Southwest,Enterprise,Revenue,Revenue,Sales,4249399.967999999,2025-10
2025-10-01,2025,Budget,Southwest,Enterprise,COGS,COGS,Sales,-1691795.824987704,2025-10
2025-10-01,2025,Budget,Southwest,Enterprise,Sales & Marketing,Opex,Marketing,-899271.9234362268,2025-10
2025-10-01,2025,Budget,Southwest,Enterprise,R&D,Opex,R&D,-566573.8224231047,2025-10
2025-10-01,2025,Budget,Southwest,Enterprise,G&A,Opex,G&A,-465453.32948847197,2025-10
2025-10-01,2025,Budget,Southwest,Enterprise,Support,Opex,Support,-232779.24861316173,2025-10
2025-10-01,2025,Actual,Southwest,Marketplace Ads,Revenue,Revenue,Sales,1868793.4381301424,2025-10
2025-10-01,2025,Actual,Southwest,Marketplace Ads,COGS,COGS,Sales,-771071.6141108047,2025-10
2025-10-01,2025,Actual,Southwest,Marketplace Ads,Sales & Marketing,Opex,Marketing,-400186.3613268926,2025-10
2025-10-01,2025,Actual,Southwest,Marketplace Ads,R&D,Opex,R&D,-189878.37642037089,2025-10
2025-10-01,2025,Actual,Southwest,Marketplace Ads,G&A,Opex,G&A,-179542.50503667386,2025-10
2025-10-01,2025,Actual,Southwest,Marketplace Ads,Support,Opex,Support,-107226.907160498,2025-10
2025-10-01,2025,Budget,Southwest,Marketplace Ads,Revenue,Revenue,Sales,1888622.2079999999,2025-10
2025-10-01,2025,Budget,Southwest,Marketplace Ads,COGS,COGS,Sales,-723410.9899681103,2025-10
2025-10-01,2025,Budget,Southwest,Marketplace Ads,Sales & Marketing,Opex,Marketing,-407964.07332352956,2025-10
2025-10-01,2025,Budget,Southwest,Marketplace Ads,R&D,Opex,R&D,-199313.9649641187,2025-10
2025-10-01,2025,Budget,Southwest,Marketplace Ads,G&A,Opex,G&A,-206082.5180339531,2025-10
2025-10-01,2025,Budget,Southwest,Marketplace Ads,Support,Opex,Support,-115293.02088050131,2025-10
2025-10-01,2025,Actual,West,Core,Revenue,Revenue,Sales,3527124.5927741425,2025-10
2025-10-01,2025,Actual,West,Core,COGS,COGS,Sales,-1406608.9664856328,2025-10
2025-10-01,2025,Actual,West,Core,Sales & Marketing,Opex,Marketing,-661854.8132285062,2025-10
2025-10-01,2025,Actual,West,Core,R&D,Opex,R&D,-413141.0845033692,2025-10
2025-10-01,2025,Actual,West,Core,G&A,Opex,G&A,-340998.82418778364,2025-10
2025-10-01,2025,Actual,West,Core,Support,Opex,Support,-206540.43041350206,2025-10
2025-10-01,2025,Budget,West,Core,Revenue,Revenue,Sales,3462474.048,2025-10
2025-10-01,2025,Budget,West,Core,COGS,COGS,Sales,-1401993.9169789357,2025-10
2025-10-01,2025,Budget,West,Core,Sales & Marketing,Opex,Marketing,-759297.9161108021,2025-10
2025-10-01,2025,Budget,West,Core,R&D,Opex,R&D,-460540.608046509,2025-10
2025-10-01,2025,Budget,West,Core,G&A,Opex,G&A,-365879.8773348692,2025-10
2025-10-01,2025,Budget,West,Core,Support,Opex,Support,-250831.5365816895,2025-10
2025-10-01,2025,Actual,West,Plus,Revenue,Revenue,Sales,3972919.224620502,2025-10
2025-10-01,2025,Actual,West,Plus,COGS,COGS,Sales,-1762001.6778759595,2025-10
2025-10-01,2025,Actual,West,Plus,Sales & Marketing,Opex,Marketing,-858852.7534469201,2025-10
2025-10-01,2025,Actual,West,Plus,R&D,Opex,R&D,-407873.047161123,2025-10
2025-10-01,2025,Actual,West,Plus,G&A,Opex,G&A,-329591.4895457099,2025-10
2025-10-01,2025,Actual,West,Plus,Support,Opex,Support,-214747.2172783893,2025-10
2025-10-01,2025,Budget,West,Plus,Revenue,Revenue,Sales,3981845.1552,2025-10
2025-10-01,2025,Budget,West,Plus,COGS,COGS,Sales,-1574289.7499936908,2025-10
2025-10-01,2025,Budget,West,Plus,Sales & Marketing,Opex,Marketing,-813613.1955325505,2025-10
2025-10-01,2025,Budget,West,Plus,R&D,Opex,R&D,-416699.8691946534,2025-10
2025-10-01,2025,Budget,West,Plus,G&A,Opex,G&A,-331499.716212834,2025-10
2025-10-01,2025,Budget,West,Plus,Support,Opex,Support,-228558.49071034524,2025-10
2025-10-01,2025,Actual,West,Enterprise,Revenue,Revenue,Sales,4967225.363131932,2025-10
2025-10-01,2025,Actual,West,Enterprise,COGS,COGS,Sales,-1951861.196136623,2025-10
2025-10-01,2025,Actual,West,Enterprise,Sales & Marketing,Opex,Marketing,-965863.8235041611,2025-10
2025-10-01,2025,Actual,West,Enterprise,R&D,Opex,R&D,-509013.2583108202,2025-10
2025-10-01,2025,Actual,West,Enterprise,G&A,Opex,G&A,-443368.1916871243,2025-10
2025-10-01,2025,Actual,West,Enterprise,Support,Opex,Support,-379378.10866722616,2025-10
2025-10-01,2025,Budget,West,Enterprise,Revenue,Revenue,Sales,4674339.964799999,2025-10
2025-10-01,2025,Budget,West,Enterprise,COGS,COGS,Sales,-1900208.3499893784,2025-10
2025-10-01,2025,Budget,West,Enterprise,Sales & Marketing,Opex,Marketing,-919654.8403242154,2025-10
2025-10-01,2025,Budget,West,Enterprise,R&D,Opex,R&D,-584508.6447007162,2025-10
2025-10-01,2025,Budget,West,Enterprise,G&A,Opex,G&A,-434212.0658840248,2025-10
2025-10-01,2025,Budget,West,Enterprise,Support,Opex,Support,-332757.23383265646,2025-10
2025-10-01,2025,Actual,West,Marketplace Ads,Revenue,Revenue,Sales,2045243.057013979,2025-10
2025-10-01,2025,Actual,West,Marketplace Ads,COGS,COGS,Sales,-832818.5553590532,2025-10
2025-10-01,2025,Actual,West,Marketplace Ads,Sales & Marketing,Opex,Marketing,-420889.05978643085,2025-10
2025-10-01,2025,Actual,West,Marketplace Ads,R&D,Opex,R&D,-221267.68657407333,2025-10
2025-10-01,2025,Actual,West,Marketplace Ads,G&A,Opex,G&A,-173547.3460503791,2025-10
2025-10-01,2025,Actual,West,Marketplace Ads,Support,Opex,Support,-150250.8955376249,2025-10
2025-10-01,2025,Budget,West,Marketplace Ads,Revenue,Revenue,Sales,2077484.4287999996,2025-10
2025-10-01,2025,Budget,West,Marketplace Ads,COGS,COGS,Sales,-790685.2099799048,2025-10
2025-10-01,2025,Budget,West,Marketplace Ads,Sales & Marketing,Opex,Marketing,-438855.48911921965,2025-10
2025-10-01,2025,Budget,West,Marketplace Ads,R&D,Opex,R&D,-286221.67339285155,2025-10
2025-10-01,2025,Budget,West,Marketplace Ads,G&A,Opex,G&A,-217786.736912198,2025-10
2025-10-01,2025,Budget,West,Marketplace Ads,Support,Opex,Support,-141479.43529151118,2025-10
2025-11-01,2025,Actual,Northeast,Core,Revenue,Revenue,Sales,3264046.566861051,2025-11
2025-11-01,2025,Actual,Northeast,Core,COGS,COGS,Sales,-1444289.902653417,2025-11
2025-11-01,2025,Actual,Northeast,Core,Sales & Marketing,Opex,Marketing,-552333.2068325934,2025-11
2025-11-01,2025,Actual,Northeast,Core,R&D,Opex,R&D,-445380.2905422075,2025-11
2025-11-01,2025,Actual,Northeast,Core,G&A,Opex,G&A,-312661.5592629464,2025-11
2025-11-01,2025,Actual,Northeast,Core,Support,Opex,Support,-224597.2176947901,2025-11
2025-11-01,2025,Budget,Northeast,Core,Revenue,Revenue,Sales,3403474.459330585,2025-11
2025-11-01,2025,Budget,Northeast,Core,COGS,COGS,Sales,-1436724.0218254006,2025-11
2025-11-01,2025,Budget,Northeast,Core,Sales & Marketing,Opex,Marketing,-640181.0642788558,2025-11
2025-11-01,2025,Budget,Northeast,Core,R&D,Opex,R&D,-382603.8141526497,2025-11
2025-11-01,2025,Budget,Northeast,Core,G&A,Opex,G&A,-323610.32472709584,2025-11
2025-11-01,2025,Budget,Northeast,Core,Support,Opex,Support,-195575.17161371213,2025-11
2025-11-01,2025,Actual,Northeast,Plus,Revenue,Revenue,Sales,3776406.505523233,2025-11
2025-11-01,2025,Actual,Northeast,Plus,COGS,COGS,Sales,-1462351.4493372263,2025-11
2025-11-01,2025,Actual,Northeast,Plus,Sales & Marketing,Opex,Marketing,-811370.2572193843,2025-11
2025-11-01,2025,Actual,Northeast,Plus,R&D,Opex,R&D,-437137.58671677666,2025-11
2025-11-01,2025,Actual,Northeast,Plus,G&A,Opex,G&A,-395201.317498915,2025-11
2025-11-01,2025,Actual,Northeast,Plus,Support,Opex,Support,-246503.10698744588,2025-11
2025-11-01,2025,Budget,Northeast,Plus,Revenue,Revenue,Sales,3913995.6282301727,2025-11
2025-11-01,2025,Budget,Northeast,Plus,COGS,COGS,Sales,-1616007.6809763936,2025-11
2025-11-01,2025,Budget,Northeast,Plus,Sales & Marketing,Opex,Marketing,-849053.0534815392,2025-11
2025-11-01,2025,Budget,Northeast,Plus,R&D,Opex,R&D,-469050.6832361062,2025-11
2025-11-01,2025,Budget,Northeast,Plus,G&A,Opex,G&A,-376586.8564975605,2025-11
2025-11-01,2025,Budget,Northeast,Plus,Support,Opex,Support,-271409.8986683112,2025-11
2025-11-01,2025,Actual,Northeast,Enterprise,Revenue,Revenue,Sales,4623652.695674842,2025-11
2025-11-01,2025,Actual,Northeast,Enterprise,COGS,COGS,Sales,-1771725.4422032896,2025-11
2025-11-01,2025,Actual,Northeast,Enterprise,Sales & Marketing,Opex,Marketing,-838798.7957810337,2025-11
2025-11-01,2025,Actual,Northeast,Enterprise,R&D,Opex,R&D,-543745.5587962433,2025-11
2025-11-01,2025,Actual,Northeast,Enterprise,G&A,Opex,G&A,-389200.2947010867,2025-11
2025-11-01,2025,Actual,Northeast,Enterprise,Support,Opex,Support,-337811.00344313524,2025-11
2025-11-01,2025,Budget,Northeast,Enterprise,Revenue,Revenue,Sales,4594690.520096291,2025-11
2025-11-01,2025,Budget,Northeast,Enterprise,COGS,COGS,Sales,-1896054.1386677541,2025-11
2025-11-01,2025,Budget,Northeast,Enterprise,Sales & Marketing,Opex,Marketing,-753638.1414371015,2025-11
2025-11-01,2025,Budget,Northeast,Enterprise,R&D,Opex,R&D,-459845.54725898145,2025-11
2025-11-01,2025,Budget,Northeast,Enterprise,G&A,Opex,G&A,-484983.99605488,2025-11
2025-11-01,2025,Budget,Northeast,Enterprise,Support,Opex,Support,-356951.41192197485,2025-11
2025-11-01,2025,Actual,Northeast,Marketplace Ads,Revenue,Revenue,Sales,2012670.230451893,2025-11
2025-11-01,2025,Actual,Northeast,Marketplace Ads,COGS,COGS,Sales,-810524.1142199872,2025-11
2025-11-01,2025,Actual,Northeast,Marketplace Ads,Sales & Marketing,Opex,Marketing,-422820.47135208733,2025-11
2025-11-01,2025,Actual,Northeast,Marketplace Ads,R&D,Opex,R&D,-237619.48526796748,2025-11
2025-11-01,2025,Actual,Northeast,Marketplace Ads,G&A,Opex,G&A,-194743.49556822635,2025-11
2025-11-01,2025,Actual,Northeast,Marketplace Ads,Support,Opex,Support,-104228.21523574533,2025-11
2025-11-01,2025,Budget,Northeast,Marketplace Ads,Revenue,Revenue,Sales,2042084.6755983513,2025-11
2025-11-01,2025,Budget,Northeast,Marketplace Ads,COGS,COGS,Sales,-809453.0028208566,2025-11
2025-11-01,2025,Budget,Northeast,Marketplace Ads,Sales & Marketing,Opex,Marketing,-448771.2709129189,2025-11
2025-11-01,2025,Budget,Northeast,Marketplace Ads,R&D,Opex,R&D,-229193.44411245116,2025-11
2025-11-01,2025,Budget,Northeast,Marketplace Ads,G&A,Opex,G&A,-182082.67730190707,2025-11
2025-11-01,2025,Budget,Northeast,Marketplace Ads,Support,Opex,Support,-131155.64490803884,2025-11
2025-11-01,2025,Actual,Southeast,Core,Revenue,Revenue,Sales,2864314.643261027,2025-11
2025-11-01,2025,Actual,Southeast,Core,COGS,COGS,Sales,-1136897.6630464983,2025-11
2025-11-01,2025,Actual,Southeast,Core,Sales & Marketing,Opex,Marketing,-555431.4805909097,2025-11
2025-11-01,2025,Actual,Southeast,Core,R&D,Opex,R&D,-311635.84957844805,2025-11
2025-11-01,2025,Actual,Southeast,Core,G&A,Opex,G&A,-310922.12014793186,2025-11
2025-11-01,2025,Actual,Southeast,Core,Support,Opex,Support,-177625.24327281382,2025-11
2025-11-01,2025,Budget,Southeast,Core,Revenue,Revenue,Sales,3079334.034632434,2025-11
2025-11-01,2025,Budget,Southeast,Core,COGS,COGS,Sales,-1333015.3115104611,2025-11
2025-11-01,2025,Budget,Southeast,Core,Sales & Marketing,Opex,Marketing,-525450.9383382469,2025-11
2025-11-01,2025,Budget,Southeast,Core,R&D,Opex,R&D,-373603.7812233429,2025-11
2025-11-01,2025,Budget,Southeast,Core,G&A,Opex,G&A,-319496.9056910687,2025-11
2025-11-01,2025,Budget,Southeast,Core,Support,Opex,Support,-245274.3134096976,2025-11
2025-11-01,2025,Actual,Southeast,Plus,Revenue,Revenue,Sales,3595461.4229790736,2025-11
2025-11-01,2025,Actual,Southeast,Plus,COGS,COGS,Sales,-1564233.0438550103,2025-11
2025-11-01,2025,Actual,Southeast,Plus,Sales & Marketing,Opex,Marketing,-691143.012037065,2025-11
2025-11-01,2025,Actual,Southeast,Plus,R&D,Opex,R&D,-482969.9261112406,2025-11
2025-11-01,2025,Actual,Southeast,Plus,G&A,Opex,G&A,-367884.1465057982,2025-11
2025-11-01,2025,Actual,Southeast,Plus,Support,Opex,Support,-262144.1767365522,2025-11
2025-11-01,2025,Budget,Southeast,Plus,Revenue,Revenue,Sales,3541234.139827299,2025-11
2025-11-01,2025,Budget,Southeast,Plus,COGS,COGS,Sales,-1494201.6626208278,2025-11
2025-11-01,2025,Budget,Southeast,Plus,Sales & Marketing,Opex,Marketing,-678598.8150388441,2025-11
2025-11-01,2025,Budget,Southeast,Plus,R&D,Opex,R&D,-413037.83395045093,2025-11
2025-11-01,2025,Budget,Southeast,Plus,G&A,Opex,G&A,-290762.8493943982,2025-11
2025-11-01,2025,Budget,Southeast,Plus,Support,Opex,Support,-228030.60508452175,2025-11
2025-11-01,2025,Actual,Southeast,Enterprise,Revenue,Revenue,Sales,4290695.187724181,2025-11
2025-11-01,2025,Actual,Southeast,Enterprise,COGS,COGS,Sales,-1647271.1380222307,2025-11
2025-11-01,2025,Actual,Southeast,Enterprise,Sales & Marketing,Opex,Marketing,-724034.7014879201,2025-11
2025-11-01,2025,Actual,Southeast,Enterprise,R&D,Opex,R&D,-523631.45918870065,2025-11
2025-11-01,2025,Actual,Southeast,Enterprise,G&A,Opex,G&A,-449358.6417169028,2025-11
2025-11-01,2025,Actual,Southeast,Enterprise,Support,Opex,Support,-217905.89713006688,2025-11
2025-11-01,2025,Budget,Southeast,Enterprise,Revenue,Revenue,Sales,4157100.9467537864,2025-11
2025-11-01,2025,Budget,Southeast,Enterprise,COGS,COGS,Sales,-1606845.2443656058,2025-11
2025-11-01,2025,Budget,Southeast,Enterprise,Sales & Marketing,Opex,Marketing,-804457.7793274295,2025-11
2025-11-01,2025,Budget,Southeast,Enterprise,R&D,Opex,R&D,-452473.4548236345,2025-11
2025-11-01,2025,Budget,Southeast,Enterprise,G&A,Opex,G&A,-431602.70954829914,2025-11
2025-11-01,2025,Budget,Southeast,Enterprise,Support,Opex,Support,-212712.27853607098,2025-11
2025-11-01,2025,Actual,Southeast,Marketplace Ads,Revenue,Revenue,Sales,1855011.5860868276,2025-11
2025-11-01,2025,Actual,Southeast,Marketplace Ads,COGS,COGS,Sales,-731897.3613694478,2025-11
2025-11-01,2025,Actual,Southeast,Marketplace Ads,Sales & Marketing,Opex,Marketing,-385123.9655462397,2025-11
2025-11-01,2025,Actual,Southeast,Marketplace Ads,R&D,Opex,R&D,-188454.39991044256,2025-11
2025-11-01,2025,Actual,Southeast,Marketplace Ads,G&A,Opex,G&A,-164395.968520446,2025-11
2025-11-01,2025,Actual,Southeast,Marketplace Ads,Support,Opex,Support,-142025.1209425005,2025-11
2025-11-01,2025,Budget,Southeast,Marketplace Ads,Revenue,Revenue,Sales,1847600.4207794606,2025-11
2025-11-01,2025,Budget,Southeast,Marketplace Ads,COGS,COGS,Sales,-733940.9450572337,2025-11
2025-11-01,2025,Budget,Southeast,Marketplace Ads,Sales & Marketing,Opex,Marketing,-364087.82934088766,2025-11
2025-11-01,2025,Budget,Southeast,Marketplace Ads,R&D,Opex,R&D,-190907.64775653128,2025-11
2025-11-01,2025,Budget,Southeast,Marketplace Ads,G&A,Opex,G&A,-154557.31866435704,2025-11
2025-11-01,2025,Budget,Southeast,Marketplace Ads,Support,Opex,Support,-107904.13986299722,2025-11
2025-11-01,2025,Actual,Midwest,Core,Revenue,Revenue,Sales,2806831.377749589,2025-11
2025-11-01,2025,Actual,Midwest,Core,COGS,COGS,Sales,-1166598.1478920875,2025-11
2025-11-01,2025,Actual,Midwest,Core,Sales & Marketing,Opex,Marketing,-512184.7095616293,2025-11
2025-11-01,2025,Actual,Midwest,Core,R&D,Opex,R&D,-321430.5845708125,2025-11
2025-11-01,2025,Actual,Midwest,Core,G&A,Opex,G&A,-264591.3878923688,2025-11
2025-11-01,2025,Actual,Midwest,Core,Support,Opex,Support,-202504.02236333326,2025-11
2025-11-01,2025,Budget,Midwest,Core,Revenue,Revenue,Sales,2917263.822283359,2025-11
2025-11-01,2025,Budget,Midwest,Core,COGS,COGS,Sales,-1114971.64092415,2025-11
2025-11-01,2025,Budget,Midwest,Core,Sales & Marketing,Opex,Marketing,-638600.8366324187,2025-11
2025-11-01,2025,Budget,Midwest,Core,R&D,Opex,R&D,-306575.5129457136,2025-11
2025-11-01,2025,Budget,Midwest,Core,G&A,Opex,G&A,-281974.64047128195,2025-11
2025-11-01,2025,Budget,Midwest,Core,Support,Opex,Support,-206771.36283651675,2025-11
2025-11-01,2025,Actual,Midwest,Plus,Revenue,Revenue,Sales,3042161.4259409285,2025-11
2025-11-01,2025,Actual,Midwest,Plus,COGS,COGS,Sales,-1347090.2125217265,2025-11
2025-11-01,2025,Actual,Midwest,Plus,Sales & Marketing,Opex,Marketing,-611801.3588899928,2025-11
2025-11-01,2025,Actual,Midwest,Plus,R&D,Opex,R&D,-363547.0340556004,2025-11
2025-11-01,2025,Actual,Midwest,Plus,G&A,Opex,G&A,-286267.0573738137,2025-11
2025-11-01,2025,Actual,Midwest,Plus,Support,Opex,Support,-191781.31964852288,2025-11
2025-11-01,2025,Budget,Midwest,Plus,Revenue,Revenue,Sales,3354853.3956258623,2025-11
2025-11-01,2025,Budget,Midwest,Plus,COGS,COGS,Sales,-1505449.8167913216,2025-11
2025-11-01,2025,Budget,Midwest,Plus,Sales & Marketing,Opex,Marketing,-660250.9634723107,2025-11
2025-11-01,2025,Budget,Midwest,Plus,R&D,Opex,R&D,-362236.0841253497,2025-11
2025-11-01,2025,Budget,Midwest,Plus,G&A,Opex,G&A,-298605.16658924526,2025-11
2025-11-01,2025,Budget,Midwest,Plus,Support,Opex,Support,-182948.34570055653,2025-11
2025-11-01,2025,Actual,Midwest,Enterprise,Revenue,Revenue,Sales,3744831.633363192,2025-11
2025-11-01,2025,Actual,Midwest,Enterprise,COGS,COGS,Sales,-1667840.6893881876,2025-11
2025-11-01,2025,Actual,Midwest,Enterprise,Sales & Marketing,Opex,Marketing,-676351.0020215636,2025-11
2025-11-01,2025,Actual,Midwest,Enterprise,R&D,Opex,R&D,-375788.4802986921,2025-11
2025-11-01,2025,Actual,Midwest,Enterprise,G&A,Opex,G&A,-384245.7634158883,2025-11
2025-11-01,2025,Actual,Midwest,Enterprise,Support,Opex,Support,-224609.8763130044,2025-11
2025-11-01,2025,Budget,Midwest,Enterprise,Revenue,Revenue,Sales,3938306.160082534,2025-11
2025-11-01,2025,Budget,Midwest,Enterprise,COGS,COGS,Sales,-1563839.1568292507,2025-11
2025-11-01,2025,Budget,Midwest,Enterprise,Sales & Marketing,Opex,Marketing,-715944.27619059,2025-11
2025-11-01,2025,Budget,Midwest,Enterprise,R&D,Opex,R&D,-431010.22609329637,2025-11
2025-11-01,2025,Budget,Midwest,Enterprise,G&A,Opex,G&A,-377770.0499170323,2025-11
2025-11-01,2025,Budget,Midwest,Enterprise,Support,Opex,Support,-280550.79506799165,2025-11
2025-11-01,2025,Actual,Midwest,Marketplace Ads,Revenue,Revenue,Sales,1678722.1056765313,2025-11
2025-11-01,2025,Actual,Midwest,Marketplace Ads,COGS,COGS,Sales,-656532.9505352752,2025-11
2025-11-01,2025,Actual,Midwest,Marketplace Ads,Sales & Marketing,Opex,Marketing,-274973.71111596655,2025-11
2025-11-01,2025,Actual,Midwest,Marketplace Ads,R&D,Opex,R&D,-216964.12467010887,2025-11
2025-11-01,2025,Actual,Midwest,Marketplace Ads,G&A,Opex,G&A,-137512.76611358798,2025-11
2025-11-01,2025,Actual,Midwest,Marketplace Ads,Support,Opex,Support,-115269.58221551529,2025-11
2025-11-01,2025,Budget,Midwest,Marketplace Ads,Revenue,Revenue,Sales,1750358.2933700152,2025-11
2025-11-01,2025,Budget,Midwest,Marketplace Ads,COGS,COGS,Sales,-677836.9428316769,2025-11
2025-11-01,2025,Budget,Midwest,Marketplace Ads,Sales & Marketing,Opex,Marketing,-296782.3097935174,2025-11
2025-11-01,2025,Budget,Midwest,Marketplace Ads,R&D,Opex,R&D,-199807.0040312608,2025-11
2025-11-01,2025,Budget,Midwest,Marketplace Ads,G&A,Opex,G&A,-183835.7251219723,2025-11
2025-11-01,2025,Budget,Midwest,Marketplace Ads,Support,Opex,Support,-121619.77866263868,2025-11
2025-11-01,2025,Actual,Southwest,Core,Revenue,Revenue,Sales,3116336.739109423,2025-11
2025-11-01,2025,Actual,Southwest,Core,COGS,COGS,Sales,-1396977.3758060131,2025-11
2025-11-01,2025,Actual,Southwest,Core,Sales & Marketing,Opex,Marketing,-513327.51857469056,2025-11
2025-11-01,2025,Actual,Southwest,Core,R&D,Opex,R&D,-396816.00780999835,2025-11
2025-11-01,2025,Actual,Southwest,Core,G&A,Opex,G&A,-297896.97548200696,2025-11
2025-11-01,2025,Actual,Southwest,Core,Support,Opex,Support,-173755.71441031588,2025-11
2025-11-01,2025,Budget,Southwest,Core,Revenue,Revenue,Sales,3241404.24698151,2025-11
2025-11-01,2025,Budget,Southwest,Core,COGS,COGS,Sales,-1436418.1123821393,2025-11
2025-11-01,2025,Budget,Southwest,Core,Sales & Marketing,Opex,Marketing,-569321.7645533085,2025-11
2025-11-01,2025,Budget,Southwest,Core,R&D,Opex,R&D,-347299.9976828846,2025-11
2025-11-01,2025,Budget,Southwest,Core,G&A,Opex,G&A,-285810.38575062505,2025-11
2025-11-01,2025,Budget,Southwest,Core,Support,Opex,Support,-176593.58678668248,2025-11
2025-11-01,2025,Actual,Southwest,Plus,Revenue,Revenue,Sales,3745230.1941283247,2025-11
2025-11-01,2025,Actual,Southwest,Plus,COGS,COGS,Sales,-1455492.6844376787,2025-11
2025-11-01,2025,Actual,Southwest,Plus,Sales & Marketing,Opex,Marketing,-796094.2353339934,2025-11
2025-11-01,2025,Actual,Southwest,Plus,R&D,Opex,R&D,-428630.45612450177,2025-11
2025-11-01,2025,Actual,Southwest,Plus,G&A,Opex,G&A,-369130.117101633,2025-11
2025-11-01,2025,Actual,Southwest,Plus,Support,Opex,Support,-190002.55221563214,2025-11
2025-11-01,2025,Budget,Southwest,Plus,Revenue,Revenue,Sales,3727614.8840287365,2025-11
2025-11-01,2025,Budget,Southwest,Plus,COGS,COGS,Sales,-1658828.4698839453,2025-11
2025-11-01,2025,Budget,Southwest,Plus,Sales & Marketing,Opex,Marketing,-691759.8259708909,2025-11
2025-11-01,2025,Budget,Southwest,Plus,R&D,Opex,R&D,-407785.82585765945,2025-11
2025-11-01,2025,Budget,Southwest,Plus,G&A,Opex,G&A,-389248.4811520512,2025-11
2025-11-01,2025,Budget,Southwest,Plus,Support,Opex,Support,-202841.51646202293,2025-11
2025-11-01,2025,Actual,Southwest,Enterprise,Revenue,Revenue,Sales,4142611.6824067477,2025-11
2025-11-01,2025,Actual,Southwest,Enterprise,COGS,COGS,Sales,-1628071.263407449,2025-11
2025-11-01,2025,Actual,Southwest,Enterprise,Sales & Marketing,Opex,Marketing,-897606.5015474507,2025-11
2025-11-01,2025,Actual,Southwest,Enterprise,R&D,Opex,R&D,-566510.1507188957,2025-11
2025-11-01,2025,Actual,Southwest,Enterprise,G&A,Opex,G&A,-364789.0574252236,2025-11
2025-11-01,2025,Actual,Southwest,Enterprise,Support,Opex,Support,-222552.58094436684,2025-11
2025-11-01,2025,Budget,Southwest,Enterprise,Revenue,Revenue,Sales,4375895.733425039,2025-11
2025-11-01,2025,Budget,Southwest,Enterprise,COGS,COGS,Sales,-1806653.9417541153,2025-11
2025-11-01,2025,Budget,Southwest,Enterprise,Sales & Marketing,Opex,Marketing,-916112.1020856044,2025-11
2025-11-01,2025,Budget,Southwest,Enterprise,R&D,Opex,R&D,-502809.6166309606,2025-11
2025-11-01,2025,Budget,Southwest,Enterprise,G&A,Opex,G&A,-385676.6484785758,2025-11
2025-11-01,2025,Budget,Southwest,Enterprise,Support,Opex,Support,-348308.13825887116,2025-11
2025-11-01,2025,Actual,Southwest,Marketplace Ads,Revenue,Revenue,Sales,1819814.4526898144,2025-11
2025-11-01,2025,Actual,Southwest,Marketplace Ads,COGS,COGS,Sales,-810479.3981347183,2025-11
2025-11-01,2025,Actual,Southwest,Marketplace Ads,Sales & Marketing,Opex,Marketing,-393997.7989159691,2025-11
2025-11-01,2025,Actual,Southwest,Marketplace Ads,R&D,Opex,R&D,-246857.82202962265,2025-11
2025-11-01,2025,Actual,Southwest,Marketplace Ads,G&A,Opex,G&A,-178689.35174807932,2025-11
2025-11-01,2025,Actual,Southwest,Marketplace Ads,Support,Opex,Support,-92844.4372161769,2025-11
2025-11-01,2025,Budget,Southwest,Marketplace Ads,Revenue,Revenue,Sales,1944842.548188906,2025-11
2025-11-01,2025,Budget,Southwest,Marketplace Ads,COGS,COGS,Sales,-792600.2592677398,2025-11
2025-11-01,2025,Budget,Southwest,Marketplace Ads,Sales & Marketing,Opex,Marketing,-356790.9477888845,2025-11
2025-11-01,2025,Budget,Southwest,Marketplace Ads,R&D,Opex,R&D,-229917.61563850156,2025-11
2025-11-01,2025,Budget,Southwest,Marketplace Ads,G&A,Opex,G&A,-200480.8864343629,2025-11
2025-11-01,2025,Budget,Southwest,Marketplace Ads,Support,Opex,Support,-100684.2120255818,2025-11
2025-11-01,2025,Actual,West,Core,Revenue,Revenue,Sales,3457775.79078598,2025-11
2025-11-01,2025,Actual,West,Core,COGS,COGS,Sales,-1488454.723607401,2025-11
2025-11-01,2025,Actual,West,Core,Sales & Marketing,Opex,Marketing,-636393.4655803674,2025-11
2025-11-01,2025,Actual,West,Core,R&D,Opex,R&D,-401844.45455296244,2025-11
2025-11-01,2025,Actual,West,Core,G&A,Opex,G&A,-332169.38481802907,2025-11
2025-11-01,2025,Actual,West,Core,Support,Opex,Support,-223323.05851749372,2025-11
2025-11-01,2025,Budget,West,Core,Revenue,Revenue,Sales,3565544.6716796607,2025-11
2025-11-01,2025,Budget,West,Core,COGS,COGS,Sales,-1387325.7408618056,2025-11
2025-11-01,2025,Budget,West,Core,Sales & Marketing,Opex,Marketing,-703449.8426293255,2025-11
2025-11-01,2025,Budget,West,Core,R&D,Opex,R&D,-415375.3979147482,2025-11
2025-11-01,2025,Budget,West,Core,G&A,Opex,G&A,-286096.45817827276,2025-11
2025-11-01,2025,Budget,West,Core,Support,Opex,Support,-250718.75611183495,2025-11
2025-11-01,2025,Actual,West,Plus,Revenue,Revenue,Sales,3729882.956321658,2025-11
2025-11-01,2025,Actual,West,Plus,COGS,COGS,Sales,-1474617.830039278,2025-11
2025-11-01,2025,Actual,West,Plus,Sales & Marketing,Opex,Marketing,-639316.1337232473,2025-11
2025-11-01,2025,Actual,West,Plus,R&D,Opex,R&D,-469214.37962433946,2025-11
2025-11-01,2025,Actual,West,Plus,G&A,Opex,G&A,-358214.9497199416,2025-11
2025-11-01,2025,Actual,West,Plus,Support,Opex,Support,-203666.6497719386,2025-11
2025-11-01,2025,Budget,West,Plus,Revenue,Revenue,Sales,4100376.37243161,2025-11
2025-11-01,2025,Budget,West,Plus,COGS,COGS,Sales,-1694901.950791434,2025-11
2025-11-01,2025,Budget,West,Plus,Sales & Marketing,Opex,Marketing,-708157.4119556119,2025-11
2025-11-01,2025,Budget,West,Plus,R&D,Opex,R&D,-522508.5945020417,2025-11
2025-11-01,2025,Budget,West,Plus,G&A,Opex,G&A,-404957.8886798535,2025-11
2025-11-01,2025,Budget,West,Plus,Support,Opex,Support,-225346.41661975396,2025-11
2025-11-01,2025,Actual,West,Enterprise,Revenue,Revenue,Sales,4518189.5650997395,2025-11
2025-11-01,2025,Actual,West,Enterprise,COGS,COGS,Sales,-1850067.3388420213,2025-11
2025-11-01,2025,Actual,West,Enterprise,Sales & Marketing,Opex,Marketing,-832160.2682491909,2025-11
2025-11-01,2025,Actual,West,Enterprise,R&D,Opex,R&D,-556757.2863546647,2025-11
2025-11-01,2025,Actual,West,Enterprise,G&A,Opex,G&A,-434181.5179717284,2025-11
2025-11-01,2025,Actual,West,Enterprise,Support,Opex,Support,-252815.21468260902,2025-11
2025-11-01,2025,Budget,West,Enterprise,Revenue,Revenue,Sales,4813485.306767542,2025-11
2025-11-01,2025,Budget,West,Enterprise,COGS,COGS,Sales,-1987938.7921310847,2025-11
2025-11-01,2025,Budget,West,Enterprise,Sales & Marketing,Opex,Marketing,-1023413.1443839704,2025-11
2025-11-01,2025,Budget,West,Enterprise,R&D,Opex,R&D,-672779.5333583761,2025-11
2025-11-01,2025,Budget,West,Enterprise,G&A,Opex,G&A,-435557.1516323055,2025-11
2025-11-01,2025,Budget,West,Enterprise,Support,Opex,Support,-283077.07370655704,2025-11
2025-11-01,2025,Actual,West,Marketplace Ads,Revenue,Revenue,Sales,1992623.9619413698,2025-11
2025-11-01,2025,Actual,West,Marketplace Ads,COGS,COGS,Sales,-870667.3474262904,2025-11
2025-11-01,2025,Actual,West,Marketplace Ads,Sales & Marketing,Opex,Marketing,-416496.80226437835,2025-11
2025-11-01,2025,Actual,West,Marketplace Ads,R&D,Opex,R&D,-265978.860275542,2025-11
2025-11-01,2025,Actual,West,Marketplace Ads,G&A,Opex,G&A,-215918.1251594331,2025-11
2025-11-01,2025,Actual,West,Marketplace Ads,Support,Opex,Support,-128429.11268440288,2025-11
2025-11-01,2025,Budget,West,Marketplace Ads,Revenue,Revenue,Sales,2139326.803007797,2025-11
2025-11-01,2025,Budget,West,Marketplace Ads,COGS,COGS,Sales,-956548.092608675,2025-11
2025-11-01,2025,Budget,West,Marketplace Ads,Sales & Marketing,Opex,Marketing,-430187.34222620144,2025-11
2025-11-01,2025,Budget,West,Marketplace Ads,R&D,Opex,R&D,-243228.6542742696,2025-11
2025-11-01,2025,Budget,West,Marketplace Ads,G&A,Opex,G&A,-235285.76475485048,2025-11
2025-11-01,2025,Budget,West,Marketplace Ads,Support,Opex,Support,-123387.16334111342,2025-11
2025-12-01,2025,Actual,Northeast,Core,Revenue,Revenue,Sales,3373047.651157312,2025-12
2025-12-01,2025,Actual,Northeast,Core,COGS,COGS,Sales,-1491503.276999438,2025-12
2025-12-01,2025,Actual,Northeast,Core,Sales & Marketing,Opex,Marketing,-600537.0299971366,2025-12
2025-12-01,2025,Actual,Northeast,Core,R&D,Opex,R&D,-465882.4255037496,2025-12
2025-12-01,2025,Actual,Northeast,Core,G&A,Opex,G&A,-335186.95579826785,2025-12
2025-12-01,2025,Actual,Northeast,Core,Support,Opex,Support,-245954.75163006972,2025-12
2025-12-01,2025,Budget,Northeast,Core,Revenue,Revenue,Sales,3610169.64,2025-12
2025-12-01,2025,Budget,Northeast,Core,COGS,COGS,Sales,-1462582.7600602023,2025-12
2025-12-01,2025,Budget,Northeast,Core,Sales & Marketing,Opex,Marketing,-778375.9771579562,2025-12
2025-12-01,2025,Budget,Northeast,Core,R&D,Opex,R&D,-382187.0847532715,2025-12
2025-12-01,2025,Budget,Northeast,Core,G&A,Opex,G&A,-386683.5001790236,2025-12
2025-12-01,2025,Budget,Northeast,Core,Support,Opex,Support,-259371.11671563718,2025-12
2025-12-01,2025,Actual,Northeast,Plus,Revenue,Revenue,Sales,4072201.668240366,2025-12
2025-12-01,2025,Actual,Northeast,Plus,COGS,COGS,Sales,-1566642.9312750518,2025-12
2025-12-01,2025,Actual,Northeast,Plus,Sales & Marketing,Opex,Marketing,-792854.5628389718,2025-12
2025-12-01,2025,Actual,Northeast,Plus,R&D,Opex,R&D,-525557.3392025821,2025-12
2025-12-01,2025,Actual,Northeast,Plus,G&A,Opex,G&A,-446169.6146044665,2025-12
2025-12-01,2025,Actual,Northeast,Plus,Support,Opex,Support,-309678.047845213,2025-12
2025-12-01,2025,Budget,Northeast,Plus,Revenue,Revenue,Sales,4151695.0859999997,2025-12
2025-12-01,2025,Budget,Northeast,Plus,COGS,COGS,Sales,-1697115.9108344994,2025-12
2025-12-01,2025,Budget,Northeast,Plus,Sales & Marketing,Opex,Marketing,-781333.8071074847,2025-12
2025-12-01,2025,Budget,Northeast,Plus,R&D,Opex,R&D,-539789.9247632857,2025-12
2025-12-01,2025,Budget,Northeast,Plus,G&A,Opex,G&A,-416845.746865741,2025-12
2025-12-01,2025,Budget,Northeast,Plus,Support,Opex,Support,-251698.1828905915,2025-12
2025-12-01,2025,Actual,Northeast,Enterprise,Revenue,Revenue,Sales,4859384.078410784,2025-12
2025-12-01,2025,Actual,Northeast,Enterprise,COGS,COGS,Sales,-2043867.4562513134,2025-12
2025-12-01,2025,Actual,Northeast,Enterprise,Sales & Marketing,Opex,Marketing,-1067116.1028127165,2025-12
2025-12-01,2025,Actual,Northeast,Enterprise,R&D,Opex,R&D,-660967.2115497041,2025-12
2025-12-01,2025,Actual,Northeast,Enterprise,G&A,Opex,G&A,-492563.4949464819,2025-12
2025-12-01,2025,Actual,Northeast,Enterprise,Support,Opex,Support,-254452.8084492062,2025-12
2025-12-01,2025,Budget,Northeast,Enterprise,Revenue,Revenue,Sales,4873729.0139999995,2025-12
2025-12-01,2025,Budget,Northeast,Enterprise,COGS,COGS,Sales,-2003960.894589124,2025-12
2025-12-01,2025,Budget,Northeast,Enterprise,Sales & Marketing,Opex,Marketing,-946703.8204978118,2025-12
2025-12-01,2025,Budget,Northeast,Enterprise,R&D,Opex,R&D,-635705.9736441283,2025-12
2025-12-01,2025,Budget,Northeast,Enterprise,G&A,Opex,G&A,-501827.83818315197,2025-12
2025-12-01,2025,Budget,Northeast,Enterprise,Support,Opex,Support,-315578.3830223871,2025-12
2025-12-01,2025,Actual,Northeast,Marketplace Ads,Revenue,Revenue,Sales,2314177.5964711453,2025-12
2025-12-01,2025,Actual,Northeast,Marketplace Ads,COGS,COGS,Sales,-1012782.8025655247,2025-12
2025-12-01,2025,Actual,Northeast,Marketplace Ads,Sales & Marketing,Opex,Marketing,-443559.3817482961,2025-12
2025-12-01,2025,Actual,Northeast,Marketplace Ads,R&D,Opex,R&D,-271155.292677613,2025-12
2025-12-01,2025,Actual,Northeast,Marketplace Ads,G&A,Opex,G&A,-207760.76334076992,2025-12
2025-12-01,2025,Actual,Northeast,Marketplace Ads,Support,Opex,Support,-137593.43125302703,2025-12
2025-12-01,2025,Budget,Northeast,Marketplace Ads,Revenue,Revenue,Sales,2166101.784,2025-12
2025-12-01,2025,Budget,Northeast,Marketplace Ads,COGS,COGS,Sales,-930729.5892328381,2025-12
2025-12-01,2025,Budget,Northeast,Marketplace Ads,Sales & Marketing,Opex,Marketing,-421682.7836959611,2025-12
2025-12-01,2025,Budget,Northeast,Marketplace Ads,R&D,Opex,R&D,-243627.98234043267,2025-12
2025-12-01,2025,Budget,Northeast,Marketplace Ads,G&A,Opex,G&A,-225281.89024421087,2025-12
2025-12-01,2025,Budget,Northeast,Marketplace Ads,Support,Opex,Support,-139683.93680993948,2025-12
2025-12-01,2025,Actual,Southeast,Core,Revenue,Revenue,Sales,3212017.9362000637,2025-12
2025-12-01,2025,Actual,Southeast,Core,COGS,COGS,Sales,-1345195.9807458927,2025-12
2025-12-01,2025,Actual,Southeast,Core,Sales & Marketing,Opex,Marketing,-650204.8924692072,2025-12
2025-12-01,2025,Actual,Southeast,Core,R&D,Opex,R&D,-436459.8434353419,2025-12
2025-12-01,2025,Actual,Southeast,Core,G&A,Opex,G&A,-271312.69402497535,2025-12
2025-12-01,2025,Actual,Southeast,Core,Support,Opex,Support,-162576.20504961908,2025-12
2025-12-01,2025,Budget,Southeast,Core,Revenue,Revenue,Sales,3266343.96,2025-12
2025-12-01,2025,Budget,Southeast,Core,COGS,COGS,Sales,-1296732.126075806,2025-12
2025-12-01,2025,Budget,Southeast,Core,Sales & Marketing,Opex,Marketing,-684187.4236071035,2025-12
2025-12-01,2025,Budget,Southeast,Core,R&D,Opex,R&D,-332340.8549804955,2025-12
2025-12-01,2025,Budget,Southeast,Core,G&A,Opex,G&A,-267777.5206914106,2025-12
2025-12-01,2025,Budget,Southeast,Core,Support,Opex,Support,-249083.5992988142,2025-12
2025-12-01,2025,Actual,Southeast,Plus,Revenue,Revenue,Sales,3738851.521544738,2025-12
2025-12-01,2025,Actual,Southeast,Plus,COGS,COGS,Sales,-1436300.3387847512,2025-12
2025-12-01,2025,Actual,Southeast,Plus,Sales & Marketing,Opex,Marketing,-629298.7452474687,2025-12
2025-12-01,2025,Actual,Southeast,Plus,R&D,Opex,R&D,-517814.56420253805,2025-12
2025-12-01,2025,Actual,Southeast,Plus,G&A,Opex,G&A,-379894.3480381999,2025-12
2025-12-01,2025,Actual,Southeast,Plus,Support,Opex,Support,-210952.17527136323,2025-12
2025-12-01,2025,Budget,Southeast,Plus,Revenue,Revenue,Sales,3756295.554,2025-12
2025-12-01,2025,Budget,Southeast,Plus,COGS,COGS,Sales,-1678237.6819310654,2025-12
2025-12-01,2025,Budget,Southeast,Plus,Sales & Marketing,Opex,Marketing,-629984.9748373217,2025-12
2025-12-01,2025,Budget,Southeast,Plus,R&D,Opex,R&D,-496875.424532221,2025-12
2025-12-01,2025,Budget,Southeast,Plus,G&A,Opex,G&A,-318680.4054287181,2025-12
2025-12-01,2025,Budget,Southeast,Plus,Support,Opex,Support,-225619.03661201097,2025-12
2025-12-01,2025,Actual,Southeast,Enterprise,Revenue,Revenue,Sales,4246579.400005849,2025-12
2025-12-01,2025,Actual,Southeast,Enterprise,COGS,COGS,Sales,-1710974.823832358,2025-12
2025-12-01,2025,Actual,Southeast,Enterprise,Sales & Marketing,Opex,Marketing,-714486.2327739284,2025-12
2025-12-01,2025,Actual,Southeast,Enterprise,R&D,Opex,R&D,-449709.2579392179,2025-12
2025-12-01,2025,Actual,Southeast,Enterprise,G&A,Opex,G&A,-340559.95401662413,2025-12
2025-12-01,2025,Actual,Southeast,Enterprise,Support,Opex,Support,-331744.5121537979,2025-12
2025-12-01,2025,Budget,Southeast,Enterprise,Revenue,Revenue,Sales,4409564.346,2025-12
2025-12-01,2025,Budget,Southeast,Enterprise,COGS,COGS,Sales,-1845718.3817191622,2025-12
2025-12-01,2025,Budget,Southeast,Enterprise,Sales & Marketing,Opex,Marketing,-720283.7420741512,2025-12
2025-12-01,2025,Budget,Southeast,Enterprise,R&D,Opex,R&D,-594013.6764018954,2025-12
2025-12-01,2025,Budget,Southeast,Enterprise,G&A,Opex,G&A,-423324.7612853452,2025-12
2025-12-01,2025,Budget,Southeast,Enterprise,Support,Opex,Support,-316523.6936645266,2025-12
2025-12-01,2025,Actual,Southeast,Marketplace Ads,Revenue,Revenue,Sales,2011800.9593074527,2025-12
2025-12-01,2025,Actual,Southeast,Marketplace Ads,COGS,COGS,Sales,-900883.3455740808,2025-12
2025-12-01,2025,Actual,Southeast,Marketplace Ads,Sales & Marketing,Opex,Marketing,-393981.63719796715,2025-12
2025-12-01,2025,Actual,Southeast,Marketplace Ads,R&D,Opex,R&D,-231528.235129072,2025-12
2025-12-01,2025,Actual,Southeast,Marketplace Ads,G&A,Opex,G&A,-192617.71007796665,2025-12
2025-12-01,2025,Actual,Southeast,Marketplace Ads,Support,Opex,Support,-154402.83495319003,2025-12
2025-12-01,2025,Budget,Southeast,Marketplace Ads,Revenue,Revenue,Sales,1959806.376,2025-12
2025-12-01,2025,Budget,Southeast,Marketplace Ads,COGS,COGS,Sales,-754969.7483325837,2025-12
2025-12-01,2025,Budget,Southeast,Marketplace Ads,Sales & Marketing,Opex,Marketing,-418756.2220573624,2025-12
2025-12-01,2025,Budget,Southeast,Marketplace Ads,R&D,Opex,R&D,-260470.29535675875,2025-12
2025-12-01,2025,Budget,Southeast,Marketplace Ads,G&A,Opex,G&A,-183718.40624337897,2025-12
2025-12-01,2025,Budget,Southeast,Marketplace Ads,Support,Opex,Support,-128618.20651263754,2025-12
2025-12-01,2025,Actual,Midwest,Core,Revenue,Revenue,Sales,3170968.003133255,2025-12
2025-12-01,2025,Actual,Midwest,Core,COGS,COGS,Sales,-1207608.14341623,2025-12
2025-12-01,2025,Actual,Midwest,Core,Sales & Marketing,Opex,Marketing,-515563.97040223895,2025-12
2025-12-01,2025,Actual,Midwest,Core,R&D,Opex,R&D,-406574.3485433816,2025-12
2025-12-01,2025,Actual,Midwest,Core,G&A,Opex,G&A,-277381.3109200768,2025-12
2025-12-01,2025,Actual,Midwest,Core,Support,Opex,Support,-205826.98203625323,2025-12
2025-12-01,2025,Budget,Midwest,Core,Revenue,Revenue,Sales,3094431.12,2025-12
2025-12-01,2025,Budget,Midwest,Core,COGS,COGS,Sales,-1288279.7695121735,2025-12
2025-12-01,2025,Budget,Midwest,Core,Sales & Marketing,Opex,Marketing,-651344.866634799,2025-12
2025-12-01,2025,Budget,Midwest,Core,R&D,Opex,R&D,-319515.57871154667,2025-12
2025-12-01,2025,Budget,Midwest,Core,G&A,Opex,G&A,-337662.723195809,2025-12
2025-12-01,2025,Budget,Midwest,Core,Support,Opex,Support,-195489.33803099848,2025-12
2025-12-01,2025,Actual,Midwest,Plus,Revenue,Revenue,Sales,2956619.3974728496,2025-12
2025-12-01,2025,Actual,Midwest,Plus,COGS,COGS,Sales,-1239893.091880411,2025-12
2025-12-01,2025,Actual,Midwest,Plus,Sales & Marketing,Opex,Marketing,-647391.2394975774,2025-12
2025-12-01,2025,Actual,Midwest,Plus,R&D,Opex,R&D,-384439.14544291183,2025-12
2025-12-01,2025,Actual,Midwest,Plus,G&A,Opex,G&A,-243786.32040822328,2025-12
2025-12-01,2025,Actual,Midwest,Plus,Support,Opex,Support,-231545.92355239912,2025-12
2025-12-01,2025,Budget,Midwest,Plus,Revenue,Revenue,Sales,3558595.788,2025-12
2025-12-01,2025,Budget,Midwest,Plus,COGS,COGS,Sales,-1597795.4195361338,2025-12
2025-12-01,2025,Budget,Midwest,Plus,Sales & Marketing,Opex,Marketing,-592811.7855020469,2025-12
2025-12-01,2025,Budget,Midwest,Plus,R&D,Opex,R&D,-376329.5088835439,2025-12
2025-12-01,2025,Budget,Midwest,Plus,G&A,Opex,G&A,-292007.7557542671,2025-12
2025-12-01,2025,Budget,Midwest,Plus,Support,Opex,Support,-192528.6686445657,2025-12
2025-12-01,2025,Actual,Midwest,Enterprise,Revenue,Revenue,Sales,4161610.4949736116,2025-12
2025-12-01,2025,Actual,Midwest,Enterprise,COGS,COGS,Sales,-1741719.9294233439,2025-12
2025-12-01,2025,Actual,Midwest,Enterprise,Sales & Marketing,Opex,Marketing,-904171.5160359271,2025-12
2025-12-01,2025,Actual,Midwest,Enterprise,R&D,Opex,R&D,-519528.78628275916,2025-12
2025-12-01,2025,Actual,Midwest,Enterprise,G&A,Opex,G&A,-367671.06556459004,2025-12
2025-12-01,2025,Actual,Midwest,Enterprise,Support,Opex,Support,-269973.0485089368,2025-12
2025-12-01,2025,Budget,Midwest,Enterprise,Revenue,Revenue,Sales,4177482.0119999996,2025-12
2025-12-01,2025,Budget,Midwest,Enterprise,COGS,COGS,Sales,-1865932.6797655907,2025-12
2025-12-01,2025,Budget,Midwest,Enterprise,Sales & Marketing,Opex,Marketing,-864591.7256748246,2025-12
2025-12-01,2025,Budget,Midwest,Enterprise,R&D,Opex,R&D,-451895.2992906681,2025-12
2025-12-01,2025,Budget,Midwest,Enterprise,G&A,Opex,G&A,-340573.47104967607,2025-12
2025-12-01,2025,Budget,Midwest,Enterprise,Support,Opex,Support,-212629.95629327133,2025-12
2025-12-01,2025,Actual,Midwest,Marketplace Ads,Revenue,Revenue,Sales,1748227.705066141,2025-12
2025-12-01,2025,Actual,Midwest,Marketplace Ads,COGS,COGS,Sales,-765348.2320481739,2025-12
2025-12-01,2025,Actual,Midwest,Marketplace Ads,Sales & Marketing,Opex,Marketing,-303866.37922960956,2025-12
2025-12-01,2025,Actual,Midwest,Marketplace Ads,R&D,Opex,R&D,-218179.14771230705,2025-12
2025-12-01,2025,Actual,Midwest,Marketplace Ads,G&A,Opex,G&A,-170079.72749704783,2025-12
2025-12-01,2025,Actual,Midwest,Marketplace Ads,Support,Opex,Support,-133044.5912527112,2025-12
2025-12-01,2025,Budget,Midwest,Marketplace Ads,Revenue,Revenue,Sales,1856658.6719999998,2025-12
2025-12-01,2025,Budget,Midwest,Marketplace Ads,COGS,COGS,Sales,-774323.9888543248,2025-12
2025-12-01,2025,Budget,Midwest,Marketplace Ads,Sales & Marketing,Opex,Marketing,-372051.9080359879,2025-12
2025-12-01,2025,Budget,Midwest,Marketplace Ads,R&D,Opex,R&D,-239088.48304307816,2025-12
2025-12-01,2025,Budget,Midwest,Marketplace Ads,G&A,Opex,G&A,-171348.16872309774,2025-12
2025-12-01,2025,Budget,Midwest,Marketplace Ads,Support,Opex,Support,-123429.06840180462,2025-12
2025-12-01,2025,Actual,Southwest,Core,Revenue,Revenue,Sales,3437587.1184548675,2025-12
2025-12-01,2025,Actual,Southwest,Core,COGS,COGS,Sales,-1370556.3065698214,2025-12
2025-12-01,2025,Actual,Southwest,Core,Sales & Marketing,Opex,Marketing,-648401.6226453405,2025-12
2025-12-01,2025,Actual,Southwest,Core,R&D,Opex,R&D,-407146.68434922514,2025-12
2025-12-01,2025,Actual,Southwest,Core,G&A,Opex,G&A,-366685.62861978856,2025-12
2025-12-01,2025,Actual,Southwest,Core,Support,Opex,Support,-253790.4516266303,2025-12
2025-12-01,2025,Budget,Southwest,Core,Revenue,Revenue,Sales,3438256.8,2025-12
2025-12-01,2025,Budget,Southwest,Core,COGS,COGS,Sales,-1513106.4686772388,2025-12
2025-12-01,2025,Budget,Southwest,Core,Sales & Marketing,Opex,Marketing,-735511.9781630783,2025-12
2025-12-01,2025,Budget,Southwest,Core,R&D,Opex,R&D,-402147.8740946961,2025-12
2025-12-01,2025,Budget,Southwest,Core,G&A,Opex,G&A,-302499.5253990014,2025-12
2025-12-01,2025,Budget,Southwest,Core,Support,Opex,Support,-252658.7465976086,2025-12
2025-12-01,2025,Actual,Southwest,Plus,Revenue,Revenue,Sales,3795886.961621771,2025-12
2025-12-01,2025,Actual,Southwest,Plus,COGS,COGS,Sales,-1490082.9986255036,2025-12
2025-12-01,2025,Actual,Southwest,Plus,Sales & Marketing,Opex,Marketing,-611295.3478909645,2025-12
2025-12-01,2025,Actual,Southwest,Plus,R&D,Opex,R&D,-520380.6581792204,2025-12
2025-12-01,2025,Actual,Southwest,Plus,G&A,Opex,G&A,-353488.7277004944,2025-12
2025-12-01,2025,Actual,Southwest,Plus,Support,Opex,Support,-249819.7997173294,2025-12
2025-12-01,2025,Budget,Southwest,Plus,Revenue,Revenue,Sales,3953995.3199999994,2025-12
2025-12-01,2025,Budget,Southwest,Plus,COGS,COGS,Sales,-1675847.2230440995,2025-12
2025-12-01,2025,Budget,Southwest,Plus,Sales & Marketing,Opex,Marketing,-834827.7254670376,2025-12
2025-12-01,2025,Budget,Southwest,Plus,R&D,Opex,R&D,-547955.3389921819,2025-12
2025-12-01,2025,Budget,Southwest,Plus,G&A,Opex,G&A,-397085.7111536616,2025-12
2025-12-01,2025,Budget,Southwest,Plus,Support,Opex,Support,-290723.11613988254,2025-12
2025-12-01,2025,Actual,Southwest,Enterprise,Revenue,Revenue,Sales,4812112.816158524,2025-12
2025-12-01,2025,Actual,Southwest,Enterprise,COGS,COGS,Sales,-2032927.9071166008,2025-12
2025-12-01,2025,Actual,Southwest,Enterprise,Sales & Marketing,Opex,Marketing,-1034036.6586027285,2025-12
2025-12-01,2025,Actual,Southwest,Enterprise,R&D,Opex,R&D,-503700.86864484946,2025-12
2025-12-01,2025,Actual,Southwest,Enterprise,G&A,Opex,G&A,-528892.2123818292,2025-12
2025-12-01,2025,Actual,Southwest,Enterprise,Support,Opex,Support,-348180.7360868572,2025-12
2025-12-01,2025,Budget,Southwest,Enterprise,Revenue,Revenue,Sales,4641646.68,2025-12
2025-12-01,2025,Budget,Southwest,Enterprise,COGS,COGS,Sales,-1944650.767091921,2025-12
2025-12-01,2025,Budget,Southwest,Enterprise,Sales & Marketing,Opex,Marketing,-892563.8644364312,2025-12
2025-12-01,2025,Budget,Southwest,Enterprise,R&D,Opex,R&D,-538267.5187993728,2025-12
2025-12-01,2025,Budget,Southwest,Enterprise,G&A,Opex,G&A,-477118.2249732038,2025-12
2025-12-01,2025,Budget,Southwest,Enterprise,Support,Opex,Support,-317006.7656651799,2025-12
2025-12-01,2025,Actual,Southwest,Marketplace Ads,Revenue,Revenue,Sales,2137999.402730047,2025-12
2025-12-01,2025,Actual,Southwest,Marketplace Ads,COGS,COGS,Sales,-897524.1623828168,2025-12
2025-12-01,2025,Actual,Southwest,Marketplace Ads,Sales & Marketing,Opex,Marketing,-428451.43063488073,2025-12
2025-12-01,2025,Actual,Southwest,Marketplace Ads,R&D,Opex,R&D,-216629.8364642996,2025-12
2025-12-01,2025,Actual,Southwest,Marketplace Ads,G&A,Opex,G&A,-189180.98195695155,2025-12
2025-12-01,2025,Actual,Southwest,Marketplace Ads,Support,Opex,Support,-136826.50992858715,2025-12
2025-12-01,2025,Budget,Southwest,Marketplace Ads,Revenue,Revenue,Sales,2062954.0799999998,2025-12
2025-12-01,2025,Budget,Southwest,Marketplace Ads,COGS,COGS,Sales,-800622.5323581755,2025-12
2025-12-01,2025,Budget,Southwest,Marketplace Ads,Sales & Marketing,Opex,Marketing,-441710.3824490936,2025-12
2025-12-01,2025,Budget,Southwest,Marketplace Ads,R&D,Opex,R&D,-214565.21241844038,2025-12
2025-12-01,2025,Budget,Southwest,Marketplace Ads,G&A,Opex,G&A,-208137.65364443764,2025-12
2025-12-01,2025,Budget,Southwest,Marketplace Ads,Support,Opex,Support,-157775.15046615328,2025-12
2025-12-01,2025,Actual,West,Core,Revenue,Revenue,Sales,3103787.9222225216,2025-12
2025-12-01,2025,Actual,West,Core,COGS,COGS,Sales,-1329723.6591113436,2025-12
2025-12-01,2025,Actual,West,Core,Sales & Marketing,Opex,Marketing,-506816.13795491395,2025-12
2025-12-01,2025,Actual,West,Core,R&D,Opex,R&D,-323189.1841776445,2025-12
2025-12-01,2025,Actual,West,Core,G&A,Opex,G&A,-310985.1476183325,2025-12
2025-12-01,2025,Actual,West,Core,Support,Opex,Support,-190722.62744068488,2025-12
2025-12-01,2025,Budget,West,Core,Revenue,Revenue,Sales,3782082.4799999995,2025-12
2025-12-01,2025,Budget,West,Core,COGS,COGS,Sales,-1559505.2414676566,2025-12
2025-12-01,2025,Budget,West,Core,Sales & Marketing,Opex,Marketing,-614281.9094928475,2025-12
2025-12-01,2025,Budget,West,Core,R&D,Opex,R&D,-382159.004858576,2025-12
2025-12-01,2025,Budget,West,Core,G&A,Opex,G&A,-317033.4355716535,2025-12
2025-12-01,2025,Budget,West,Core,Support,Opex,Support,-299192.6030982417,2025-12
2025-12-01,2025,Actual,West,Plus,Revenue,Revenue,Sales,4278087.325119883,2025-12
2025-12-01,2025,Actual,West,Plus,COGS,COGS,Sales,-1670763.9370526911,2025-12
2025-12-01,2025,Actual,West,Plus,Sales & Marketing,Opex,Marketing,-837205.8783638248,2025-12
2025-12-01,2025,Actual,West,Plus,R&D,Opex,R&D,-529357.6547130682,2025-12
2025-12-01,2025,Actual,West,Plus,G&A,Opex,G&A,-376502.2949186871,2025-12
2025-12-01,2025,Actual,West,Plus,Support,Opex,Support,-299918.77472076664,2025-12
2025-12-01,2025,Budget,West,Plus,Revenue,Revenue,Sales,4349394.852,2025-12
2025-12-01,2025,Budget,West,Plus,COGS,COGS,Sales,-1675809.5362152606,2025-12
2025-12-01,2025,Budget,West,Plus,Sales & Marketing,Opex,Marketing,-909768.1056445537,2025-12
2025-12-01,2025,Budget,West,Plus,R&D,Opex,R&D,-604029.2692038555,2025-12
2025-12-01,2025,Budget,West,Plus,G&A,Opex,G&A,-363198.2076170305,2025-12
2025-12-01,2025,Budget,West,Plus,Support,Opex,Support,-298835.2256649683,2025-12
2025-12-01,2025,Actual,West,Enterprise,Revenue,Revenue,Sales,4911634.7498131795,2025-12
2025-12-01,2025,Actual,West,Enterprise,COGS,COGS,Sales,-2110548.801303126,2025-12
2025-12-01,2025,Actual,West,Enterprise,Sales & Marketing,Opex,Marketing,-895676.4414441078,2025-12
2025-12-01,2025,Actual,West,Enterprise,R&D,Opex,R&D,-615641.2926244993,2025-12
2025-12-01,2025,Actual,West,Enterprise,G&A,Opex,G&A,-429694.4846750163,2025-12
2025-12-01,2025,Actual,West,Enterprise,Support,Opex,Support,-268439.4575568982,2025-12
2025-12-01,2025,Budget,West,Enterprise,Revenue,Revenue,Sales,5105811.347999999,2025-12
2025-12-01,2025,Budget,West,Enterprise,COGS,COGS,Sales,-2102146.6943587027,2025-12
2025-12-01,2025,Budget,West,Enterprise,Sales & Marketing,Opex,Marketing,-910656.0366996751,2025-12
2025-12-01,2025,Budget,West,Enterprise,R&D,Opex,R&D,-575416.3489968656,2025-12
2025-12-01,2025,Budget,West,Enterprise,G&A,Opex,G&A,-547444.4564363703,2025-12
2025-12-01,2025,Budget,West,Enterprise,Support,Opex,Support,-396484.3476007497,2025-12
2025-12-01,2025,Actual,West,Marketplace Ads,Revenue,Revenue,Sales,2139331.1549144113,2025-12
2025-12-01,2025,Actual,West,Marketplace Ads,COGS,COGS,Sales,-934846.6661012912,2025-12
2025-12-01,2025,Actual,West,Marketplace Ads,Sales & Marketing,Opex,Marketing,-374235.2384139136,2025-12
2025-12-01,2025,Actual,West,Marketplace Ads,R&D,Opex,R&D,-233010.61888633404,2025-12
2025-12-01,2025,Actual,West,Marketplace Ads,G&A,Opex,G&A,-187244.23032962563,2025-12
2025-12-01,2025,Actual,West,Marketplace Ads,Support,Opex,Support,-125949.75421921507,2025-12
2025-12-01,2025,Budget,West,Marketplace Ads,Revenue,Revenue,Sales,2269249.488,2025-12
2025-12-01,2025,Budget,West,Marketplace Ads,COGS,COGS,Sales,-964923.3295564058,2025-12
2025-12-01,2025,Budget,West,Marketplace Ads,Sales & Marketing,Opex,Marketing,-491088.4145901226,2025-12
2025-12-01,2025,Budget,West,Marketplace Ads,R&D,Opex,R&D,-281732.61124558875,2025-12
2025-12-01,2025,Budget,West,Marketplace Ads,G&A,Opex,G&A,-185080.31884281122,2025-12
2025-12-01,2025,Budget,West,Marketplace Ads,Support,Opex,Support,-159872.98321651222,2025-12
