OrderID,OrderDate,SellerID,SellerName,SellerTier,Region,Category,Units,UnitPrice,GMV,TakeRate,MarketplaceRevenue,RefundFlag,RefundAmount,PaymentFee,SupportCost,FulfillmentCost,PromoCost,ContributionMargin
500001,2025-01-02,1072,Seller 1072,Bronze,South,Home & Kitchen,2,2481.6,3253.2,0.1282,417.06,0,0.0,60.18,14.64,27.65,34.16,280.43
500002,2025-01-03,1041,Seller 1041,Silver,West,Apparel,1,3657.0,3402.6,0.1285,437.23,0,0.0,62.95,15.31,28.92,35.73,294.32
500003,2025-01-19,1024,Seller 1024,Gold,West,Pet Supplies,4,985.8,4794.0,0.1297,621.78,0,0.0,88.69,21.57,40.75,50.34,420.43
500004,2025-01-22,1077,Seller 1077,Bronze,South,Home & Kitchen,3,1923.6000000000001,3783.6,0.1366,516.84,0,0.0,70.0,17.03,32.16,39.73,357.93
500005,2025-01-03,1041,Seller 1041,Silver,West,Apparel,1,4119.0,3832.8,0.1152,441.54,0,0.0,70.91,17.25,32.58,40.24,280.56
500006,2025-01-30,1002,Seller 1002,Platinum,Central,Home & Kitchen,5,971.4000000000001,7959.6,0.1248,993.36,0,0.0,147.25,35.82,67.66,83.58,659.05
500007,2025-01-26,1045,Seller 1045,Silver,Central,Home & Kitchen,2,2628.6000000000004,4891.8,0.143,699.53,0,0.0,90.5,22.01,41.58,51.36,494.07
500008,2025-01-04,1068,Seller 1068,Bronze,South,Pet Supplies,2,1368.0,1793.4,0.1359,243.72,0,0.0,33.18,8.07,15.24,18.83,168.4
500009,2025-01-09,1014,Seller 1014,Gold,East,Home & Kitchen,2,2991.0,7274.4,0.1402,1019.87,0,0.0,134.58,32.73,61.83,76.38,714.35
500010,2025-01-01,1065,Seller 1065,Bronze,South,Home & Kitchen,4,803.4000000000001,2106.6,0.1252,263.75,0,0.0,38.97,9.48,17.91,22.12,175.27
500011,2025-01-04,1043,Seller 1043,Silver,West,Pet Supplies,3,1021.1999999999999,2850.6,0.1306,372.29,0,0.0,52.74,12.83,24.23,29.93,252.56
500012,2025-01-05,1010,Seller 1010,Platinum,West,Pet Supplies,3,862.1999999999999,4238.4,0.14,593.38,0,0.0,78.41,19.07,36.03,44.5,415.36
500013,2025-01-08,1006,Seller 1006,Platinum,East,Sports,3,1134.0,5577.0,0.1367,762.38,0,0.0,103.17,25.1,47.4,58.56,528.14
500014,2025-01-08,1014,Seller 1014,Gold,East,Apparel,1,3610.2000000000003,4389.6,0.1314,576.79,0,0.0,81.21,19.75,37.31,46.09,392.43
500015,2025-01-26,1021,Seller 1021,Gold,Central,Home & Kitchen,2,2400.0,5837.4,0.1407,821.32,0,0.0,107.99,26.27,49.62,61.29,576.15
500016,2025-01-27,1032,Seller 1032,Silver,West,Pet Supplies,2,1443.6,2686.8,0.1409,378.57,0,0.0,49.71,12.09,22.84,28.21,265.72
500017,2025-01-09,1059,Seller 1059,Bronze,Central,Sports,3,852.6,1677.0,0.1214,203.59,0,0.0,31.02,7.55,14.25,17.61,133.15
500018,2025-01-01,1009,Seller 1009,Platinum,Central,Beauty,1,2842.8,4659.0,0.1493,695.59,0,0.0,86.19,20.97,39.6,48.92,499.91
500019,2025-01-24,1015,Seller 1015,Gold,West,Beauty,3,1367.3999999999999,4989.0,0.1394,695.47,0,0.0,92.3,22.45,42.41,52.38,485.93
500020,2025-01-17,1041,Seller 1041,Silver,West,Apparel,3,1264.8,3531.0,0.1296,457.62,1,2635.2,65.32,15.89,30.01,37.08,256.61
500021,2025-01-30,1069,Seller 1069,Bronze,East,Electronics,3,2482.8,4883.4,0.1177,574.78,0,0.0,90.34,21.98,41.51,51.28,369.67
500022,2025-01-11,1043,Seller 1043,Silver,West,Sports,2,2119.2,3943.2,0.1376,542.58,0,0.0,72.95,17.74,33.52,41.4,376.97
500023,2025-01-06,1052,Seller 1052,Silver,Central,Pet Supplies,2,1505.4,2801.4,0.136,380.99,0,0.0,51.83,12.61,23.81,29.41,263.33
500024,2025-01-20,1079,Seller 1079,Bronze,South,Beauty,1,2862.6,1876.8,0.1403,263.32,0,0.0,34.72,8.45,15.95,19.71,184.49
500025,2025-01-06,1042,Seller 1042,Silver,East,Pet Supplies,2,1621.8000000000002,3017.4,0.1314,396.49,0,0.0,55.82,13.58,25.65,31.68,269.76
500026,2025-01-10,1011,Seller 1011,Platinum,West,Electronics,1,7870.8,12900.0,0.1152,1486.08,0,0.0,238.65,58.05,109.65,135.45,944.28
500027,2025-01-14,1029,Seller 1029,Gold,West,Home & Kitchen,3,1684.8,6147.0,0.1344,826.16,0,0.0,113.72,27.66,52.25,64.54,567.98
500028,2025-01-25,1074,Seller 1074,Bronze,East,Electronics,2,3582.6,4698.0,0.1189,558.59,1,4171.2,86.91,21.14,39.93,49.33,277.85
500029,2025-01-28,1014,Seller 1014,Gold,East,Home & Kitchen,3,2525.4,9213.0,0.1354,1247.44,0,0.0,170.44,41.46,78.31,96.74,860.49
500030,2025-01-29,1016,Seller 1016,Gold,West,Sports,3,1006.8000000000001,3672.0,0.1397,512.98,0,0.0,67.93,16.52,31.21,38.56,358.75
500031,2025-01-24,1057,Seller 1057,Bronze,South,Electronics,2,3540.0,4641.6,0.1329,616.87,0,0.0,85.87,20.89,39.45,48.74,421.92
500032,2025-01-08,1061,Seller 1061,Bronze,Central,Electronics,2,3018.0,3957.0,0.1197,473.65,0,0.0,73.2,17.81,33.63,41.55,307.46
500033,2025-01-05,1036,Seller 1036,Silver,Central,Pet Supplies,2,1382.3999999999999,2572.2,0.1281,329.5,0,0.0,47.59,11.57,21.86,27.01,221.47
500034,2025-01-02,1030,Seller 1030,Gold,South,Pet Supplies,2,1701.6,4138.8,0.13,538.04,0,0.0,76.57,18.62,35.18,43.46,364.21
500035,2025-01-13,1027,Seller 1027,Gold,West,Apparel,3,1051.2,3834.0,0.1247,478.1,0,0.0,70.93,17.25,32.59,40.26,317.07
500036,2025-01-24,1062,Seller 1062,Bronze,West,Electronics,1,9634.800000000001,6316.2,0.1335,843.21,0,0.0,116.85,28.42,53.69,66.32,577.93
500037,2025-01-26,1070,Seller 1070,Bronze,West,Home & Kitchen,1,4943.4,3240.6,0.1347,436.51,0,0.0,59.95,14.58,27.55,34.03,300.4
500038,2025-01-19,1052,Seller 1052,Silver,Central,Pet Supplies,3,567.6,1585.2,0.1435,227.48,0,0.0,29.33,7.13,13.47,16.64,160.9
500039,2025-01-11,1073,Seller 1073,Bronze,Central,Electronics,3,3270.6,6432.6,0.1338,860.68,0,0.0,119.0,28.95,54.68,67.54,590.51
500040,2025-01-27,1028,Seller 1028,Gold,Central,Sports,1,5200.2,6323.4,0.1227,775.88,0,0.0,116.98,28.46,53.75,66.4,510.3
500041,2025-01-21,1011,Seller 1011,Platinum,West,Electronics,2,4122.599999999999,13512.6,0.1358,1835.01,0,0.0,249.98,60.81,114.86,141.88,1267.48
500042,2025-01-19,1006,Seller 1006,Platinum,East,Home & Kitchen,2,2535.6,8312.4,0.1267,1053.18,0,0.0,153.78,37.41,70.66,87.28,704.06
500043,2025-01-25,1028,Seller 1028,Gold,Central,Sports,2,2629.7999999999997,6395.4,0.1305,834.6,0,0.0,118.31,28.78,54.36,67.15,565.99
500044,2025-01-23,1021,Seller 1021,Gold,Central,Electronics,1,7940.400000000001,9655.8,0.1268,1224.36,0,0.0,178.63,43.45,82.07,101.39,818.81
500045,2025-01-20,1026,Seller 1026,Gold,East,Home & Kitchen,2,1945.2,4730.4,0.1254,593.19,0,0.0,87.51,21.29,40.21,49.67,394.52
500046,2025-01-11,1016,Seller 1016,Gold,West,Sports,2,1950.0,4743.0,0.1263,599.04,0,0.0,87.75,21.34,40.32,49.8,399.83
500047,2025-01-14,1002,Seller 1002,Platinum,Central,Apparel,4,1441.2,9448.8,0.1233,1165.04,0,0.0,174.8,42.52,80.31,99.21,768.19
500048,2025-01-14,1023,Seller 1023,Gold,Central,Home & Kitchen,3,1572.6000000000001,5737.2,0.1424,816.98,0,0.0,106.14,25.82,48.77,60.24,576.01
500049,2025-01-15,1076,Seller 1076,Bronze,Central,Home & Kitchen,3,1044.6,2054.4,0.1251,257.01,0,0.0,38.01,9.24,17.46,21.57,170.72
500050,2025-01-26,1073,Seller 1073,Bronze,Central,Electronics,2,4465.8,5855.4,0.1334,781.11,0,0.0,108.32,26.35,49.77,61.48,535.18
500051,2025-01-03,1034,Seller 1034,Silver,Central,Sports,3,1132.8,3162.0,0.1226,387.66,0,0.0,58.5,14.23,26.88,33.2,254.86
500052,2025-01-26,1031,Seller 1031,Silver,West,Home & Kitchen,1,4967.400000000001,4622.4,0.1396,645.29,0,0.0,85.51,20.8,39.29,48.54,451.15
500053,2025-01-17,1003,Seller 1003,Platinum,East,Pet Supplies,2,1936.8000000000002,6348.6,0.1273,808.18,0,0.0,117.45,28.57,53.96,66.66,541.54
500054,2025-01-04,1045,Seller 1045,Silver,Central,Home & Kitchen,2,2107.2,3921.6,0.1399,548.63,0,0.0,72.55,17.65,33.33,41.18,383.92
500055,2025-01-09,1025,Seller 1025,Gold,Central,Pet Supplies,2,948.0,2305.2,0.1366,314.89,0,0.0,42.65,10.37,19.59,24.2,218.07
500056,2025-01-10,1076,Seller 1076,Bronze,Central,Sports,1,3975.0,2605.8,0.136,354.39,0,0.0,48.21,11.73,22.15,27.36,244.95
500057,2025-01-21,1002,Seller 1002,Platinum,Central,Home & Kitchen,2,2545.8,8344.8,0.1243,1037.26,0,0.0,154.38,37.55,70.93,87.62,686.78
500058,2025-01-09,1063,Seller 1063,Bronze,West,Pet Supplies,3,1056.0,2076.6,0.1315,273.07,0,0.0,38.42,9.34,17.65,21.8,185.86
500059,2025-01-26,1062,Seller 1062,Bronze,West,Electronics,3,3223.2,6339.0,0.1268,803.79,0,0.0,117.27,28.53,53.88,66.56,537.55
500060,2025-01-08,1073,Seller 1073,Bronze,Central,Electronics,3,2886.6,5677.2,0.1313,745.42,0,0.0,105.03,25.55,48.26,59.61,506.97
500061,2025-01-02,1067,Seller 1067,Bronze,South,Beauty,3,783.6,1540.8,0.1471,226.65,0,0.0,28.5,6.93,13.1,16.18,161.94
500062,2025-01-06,1079,Seller 1079,Bronze,South,Electronics,3,2746.2000000000003,5401.2,0.1181,637.88,0,0.0,99.92,24.31,45.91,56.71,411.03
500063,2025-01-23,1071,Seller 1071,Bronze,Central,Sports,3,1527.0,3002.4,0.1303,391.21,0,0.0,55.54,13.51,25.52,31.53,265.11
500064,2025-01-22,1037,Seller 1037,Silver,East,Apparel,1,3973.2,3697.2,0.1302,481.38,0,0.0,68.4,16.64,31.43,38.82,326.09
500065,2025-01-06,1026,Seller 1026,Gold,East,Home & Kitchen,1,4762.799999999999,5791.8,0.1448,838.65,0,0.0,107.15,26.06,49.23,60.81,595.4
500066,2025-01-13,1040,Seller 1040,Silver,West,Pet Supplies,3,537.6,1500.6,0.1305,195.83,0,0.0,27.76,6.75,12.76,15.76,132.8
500067,2025-01-09,1035,Seller 1035,Silver,East,Electronics,2,4361.4,8116.2,0.114,925.25,0,0.0,150.15,36.52,68.99,85.22,584.37
500068,2025-01-22,1004,Seller 1004,Platinum,East,Sports,4,975.6000000000001,6396.0,0.1298,830.2,0,0.0,118.33,28.78,54.37,67.16,561.57
500069,2025-01-19,1035,Seller 1035,Silver,East,Electronics,2,3919.2,7294.2,0.1255,915.42,0,0.0,134.94,32.82,62.0,76.59,609.07
500070,2025-01-28,1056,Seller 1056,Bronze,West,Apparel,2,1927.1999999999998,2526.6,0.1164,294.1,0,0.0,46.74,11.37,21.48,26.53,187.98
500071,2025-01-15,1021,Seller 1021,Gold,Central,Pet Supplies,2,1366.8000000000002,3324.6,0.1427,474.42,0,0.0,61.51,14.96,28.26,34.91,334.79
500072,2025-01-22,1012,Seller 1012,Platinum,East,Beauty,1,3141.6,5148.6,0.1427,734.71,0,0.0,95.25,23.17,43.76,54.06,518.46
500073,2025-01-02,1070,Seller 1070,Bronze,West,Electronics,3,3181.2000000000003,6256.2,0.1279,800.17,0,0.0,115.74,28.15,53.18,65.69,537.41
500074,2025-01-26,1027,Seller 1027,Gold,West,Apparel,3,1465.8,5346.6,0.1291,690.25,1,4456.8,98.91,24.06,45.45,56.14,376.55
500075,2025-01-04,1031,Seller 1031,Silver,West,Home & Kitchen,2,2520.6,4690.8,0.1328,622.94,0,0.0,86.78,21.11,39.87,49.25,425.92
500076,2025-01-27,1060,Seller 1060,Bronze,East,Pet Supplies,3,784.8,1543.8,0.1372,211.81,0,0.0,28.56,6.95,13.12,16.21,146.97
500077,2025-01-05,1062,Seller 1062,Bronze,West,Home & Kitchen,2,2518.7999999999997,3303.0,0.1276,421.46,0,0.0,61.11,14.86,28.08,34.68,282.74
500078,2025-01-10,1009,Seller 1009,Platinum,Central,Pet Supplies,2,1309.8,4293.0,0.1424,611.32,0,0.0,79.42,19.32,36.49,45.08,431.02
500079,2025-01-18,1039,Seller 1039,Silver,East,Sports,3,1516.8000000000002,4234.8,0.1196,506.48,0,0.0,78.34,19.06,36.0,44.47,328.62
500080,2025-01-28,1070,Seller 1070,Bronze,West,Electronics,4,1599.6,4195.2,0.1365,572.64,0,0.0,77.61,18.88,35.66,44.05,396.45
500081,2025-01-27,1053,Seller 1053,Silver,Central,Beauty,2,990.0,1842.6,0.1525,281.0,0,0.0,34.09,8.29,15.66,19.35,203.61
500082,2025-01-15,1020,Seller 1020,Gold,West,Home & Kitchen,3,1747.2,6373.8,0.1372,874.49,0,0.0,117.92,28.68,54.18,66.92,606.79
500083,2025-01-16,1013,Seller 1013,Gold,West,Electronics,1,8998.2,10941.6,0.1228,1343.63,0,0.0,202.42,49.24,93.0,114.89,884.08
500084,2025-01-13,1034,Seller 1034,Silver,Central,Sports,2,1785.6000000000001,3322.8,0.1364,453.23,0,0.0,61.47,14.95,28.24,34.89,313.67
500085,2025-01-22,1041,Seller 1041,Silver,West,Apparel,3,1048.8,2928.6,0.121,354.36,0,0.0,54.18,13.18,24.89,30.75,231.36
500086,2025-01-06,1037,Seller 1037,Silver,East,Pet Supplies,4,1151.4,4286.4,0.1382,592.38,0,0.0,79.3,19.29,36.43,45.01,412.35
500087,2025-01-14,1039,Seller 1039,Silver,East,Electronics,2,4561.2,8488.2,0.1216,1032.17,0,0.0,157.03,38.2,72.15,89.13,675.66
500088,2025-01-16,1073,Seller 1073,Bronze,Central,Electronics,2,4740.6,6216.0,0.1276,793.16,0,0.0,115.0,27.97,52.84,65.27,532.09
500089,2025-01-29,1075,Seller 1075,Bronze,East,Electronics,1,8829.0,5788.2,0.1191,689.37,0,0.0,107.08,26.05,49.2,60.78,446.27
500090,2025-01-14,1037,Seller 1037,Silver,East,Apparel,3,1557.6000000000001,4348.8,0.1163,505.77,0,0.0,80.45,19.57,36.96,45.66,323.12
500091,2025-01-12,1033,Seller 1033,Silver,South,Beauty,1,3408.0,3171.0,0.1535,486.75,0,0.0,58.66,14.27,26.95,33.3,353.57
500092,2025-01-25,1074,Seller 1074,Bronze,East,Electronics,2,4210.8,5521.2,0.1329,733.77,1,5185.8,102.14,24.85,46.93,57.97,398.16
500093,2025-01-12,1007,Seller 1007,Platinum,South,Pet Supplies,1,3131.3999999999996,5131.8,0.1269,651.23,0,0.0,94.94,23.09,43.62,53.88,435.69
500094,2025-01-21,1029,Seller 1029,Gold,West,Home & Kitchen,1,4512.0,5486.4,0.1403,769.74,0,0.0,101.5,24.69,46.63,57.61,539.31
500095,2025-01-30,1013,Seller 1013,Gold,West,Pet Supplies,4,888.0,4318.8,0.1208,521.71,0,0.0,79.9,19.43,36.71,45.35,340.32
500096,2025-01-17,1038,Seller 1038,Silver,South,Sports,2,2403.6000000000004,4473.0,0.1349,603.41,0,0.0,82.75,20.13,38.02,46.97,415.54
500097,2025-01-26,1035,Seller 1035,Silver,East,Beauty,4,480.0,1786.8,0.1562,279.1,0,0.0,33.06,8.04,15.19,18.76,204.05
500098,2025-01-13,1015,Seller 1015,Gold,West,Pet Supplies,3,1230.6000000000001,4489.2,0.1254,562.95,0,0.0,83.05,20.2,38.16,47.14,374.4
500099,2025-01-22,1072,Seller 1072,Bronze,South,Home & Kitchen,2,2396.3999999999996,3141.6,0.1359,426.94,0,0.0,58.12,14.14,26.7,32.99,295.0
500100,2025-01-18,1034,Seller 1034,Silver,Central,Sports,3,742.1999999999999,2071.2,0.1186,245.64,1,1963.2,38.32,9.32,17.61,21.75,119.39
500101,2025-01-04,1042,Seller 1042,Silver,East,Home & Kitchen,1,4472.400000000001,4161.6,0.1341,558.07,0,0.0,76.99,18.73,35.37,43.7,383.28
500102,2025-01-13,1018,Seller 1018,Gold,West,Electronics,5,2275.2000000000003,13831.8,0.1158,1601.72,0,0.0,255.89,62.24,117.57,145.23,1020.79
500103,2025-01-29,1059,Seller 1059,Bronze,Central,Sports,3,1344.0,2643.0,0.129,340.95,0,0.0,48.9,11.89,22.47,27.75,229.94
500104,2025-01-07,1054,Seller 1054,Silver,South,Home & Kitchen,3,1169.3999999999999,3264.0,0.1455,474.91,0,0.0,60.38,14.69,27.74,34.27,337.82
500105,2025-01-21,1057,Seller 1057,Bronze,South,Electronics,2,5008.2,6566.4,0.1365,896.31,0,0.0,121.48,29.55,55.81,68.95,620.52
500106,2025-01-07,1046,Seller 1046,Silver,Central,Sports,2,3225.6,6002.4,0.1388,833.13,0,0.0,111.04,27.01,51.02,63.03,581.03
500107,2025-01-07,1077,Seller 1077,Bronze,South,Electronics,2,3843.6000000000004,5040.0,0.116,584.64,1,4507.2,93.24,22.68,42.84,52.92,282.82
500108,2025-01-05,1076,Seller 1076,Bronze,Central,Home & Kitchen,3,1383.6,2721.0,0.1265,344.21,1,2547.6,50.34,12.24,23.13,28.57,178.97
500109,2025-01-26,1017,Seller 1017,Gold,East,Electronics,2,4029.6,9799.8,0.1338,1311.21,0,0.0,181.3,44.1,83.3,102.9,899.62
500110,2025-01-03,1031,Seller 1031,Silver,West,Home & Kitchen,3,1670.4,4663.2,0.126,587.56,0,0.0,86.27,20.98,39.64,48.96,391.71
500111,2025-01-24,1061,Seller 1061,Bronze,Central,Electronics,1,9412.2,6170.4,0.1238,763.9,0,0.0,114.15,27.77,52.45,64.79,504.74
500112,2025-01-04,1067,Seller 1067,Bronze,South,Beauty,2,1278.6,1676.4,0.157,263.19,0,0.0,31.01,7.54,14.25,17.6,192.79
500113,2025-01-20,1063,Seller 1063,Bronze,West,Pet Supplies,1,3305.4,2167.2,0.1277,276.75,0,0.0,40.09,9.75,18.42,22.76,185.73
500114,2025-01-04,1075,Seller 1075,Bronze,East,Electronics,1,10704.0,7017.0,0.1257,882.04,0,0.0,129.81,31.58,59.64,73.68,587.32
500115,2025-01-14,1015,Seller 1015,Gold,West,Pet Supplies,3,820.2,2992.8,0.1408,421.39,0,0.0,55.37,13.47,25.44,31.42,295.69
500116,2025-01-05,1044,Seller 1044,Silver,East,Apparel,2,1989.0,3702.0,0.1182,437.58,0,0.0,68.49,16.66,31.47,38.87,282.09
500117,2025-01-18,1061,Seller 1061,Bronze,Central,Electronics,2,4081.8,5352.0,0.1153,617.09,0,0.0,99.01,24.08,45.49,56.2,392.3
500118,2025-01-25,1008,Seller 1008,Platinum,West,Electronics,1,8464.800000000001,13873.8,0.1159,1607.97,0,0.0,256.67,62.43,117.93,145.67,1025.27
500119,2025-01-05,1055,Seller 1055,Bronze,Central,Pet Supplies,3,1105.2,2173.8,0.1275,277.16,0,0.0,40.22,9.78,18.48,22.82,185.86
500120,2025-01-26,1062,Seller 1062,Bronze,West,Electronics,3,3745.8,7366.8,0.1218,897.28,0,0.0,136.29,33.15,62.62,77.35,587.87
500121,2025-01-09,1055,Seller 1055,Bronze,Central,Sports,1,4217.400000000001,2764.8,0.1166,322.38,0,0.0,51.15,12.44,23.5,29.03,206.25
500122,2025-01-19,1004,Seller 1004,Platinum,East,Sports,2,1980.0,6490.8,0.1242,806.16,0,0.0,120.08,29.21,55.17,68.15,533.54
500123,2025-01-15,1052,Seller 1052,Silver,Central,Pet Supplies,2,894.0,1664.4,0.1222,203.39,0,0.0,30.79,7.49,14.15,17.48,133.48
500124,2025-01-05,1044,Seller 1044,Silver,East,Pet Supplies,2,1764.6,3283.8,0.1426,468.27,0,0.0,60.75,14.78,27.91,34.48,330.35
500125,2025-01-09,1021,Seller 1021,Gold,Central,Electronics,2,3857.4000000000005,9381.0,0.1289,1209.21,0,0.0,173.55,42.21,79.74,98.5,815.21
500126,2025-01-10,1028,Seller 1028,Gold,Central,Electronics,2,4629.0,11257.2,0.1293,1455.56,0,0.0,208.26,50.66,95.69,118.2,982.75
500127,2025-01-25,1006,Seller 1006,Platinum,East,Sports,2,2268.0,7434.6,0.1209,898.84,0,0.0,137.54,33.46,63.19,78.06,586.59
500128,2025-01-08,1033,Seller 1033,Silver,South,Beauty,3,1049.3999999999999,2929.8,0.1433,419.84,0,0.0,54.2,13.18,24.9,30.76,296.79
500129,2025-01-15,1065,Seller 1065,Bronze,South,Home & Kitchen,2,2139.6,2805.6,0.1325,371.74,0,0.0,51.9,12.63,23.85,29.46,253.91
500130,2025-01-11,1010,Seller 1010,Platinum,West,Sports,1,4719.599999999999,7735.2,0.1314,1016.41,0,0.0,143.1,34.81,65.75,81.22,691.53
500131,2025-01-14,1022,Seller 1022,Gold,East,Sports,1,4698.6,5713.2,0.1247,712.44,0,0.0,105.69,25.71,48.56,59.99,472.48
500132,2025-01-03,1076,Seller 1076,Bronze,Central,Home & Kitchen,4,1607.3999999999999,4215.6,0.1409,593.98,0,0.0,77.99,18.97,35.83,44.26,416.92
500133,2025-01-21,1066,Seller 1066,Bronze,South,Home & Kitchen,2,2410.8,3160.8,0.1416,447.57,0,0.0,58.47,14.22,26.87,33.19,314.82
500134,2025-01-06,1019,Seller 1019,Gold,East,Apparel,2,2082.0,5063.4,0.1225,620.27,0,0.0,93.67,22.79,43.04,53.17,407.6
500135,2025-01-20,1064,Seller 1064,Bronze,Central,Pet Supplies,1,2992.2,1961.4,0.1363,267.34,0,0.0,36.29,8.83,16.67,20.59,184.96
500136,2025-01-19,1042,Seller 1042,Silver,East,Pet Supplies,2,1806.0,3360.6,0.1313,441.25,0,0.0,62.17,15.12,28.57,35.29,300.1
500137,2025-01-21,1008,Seller 1008,Platinum,West,Electronics,3,3248.4,15970.8,0.1139,1819.07,0,0.0,295.46,71.87,135.75,167.69,1148.3
500138,2025-01-15,1012,Seller 1012,Platinum,East,Beauty,1,2629.7999999999997,4309.8,0.1463,630.52,0,0.0,79.73,19.39,36.63,45.25,449.51
500139,2025-01-29,1074,Seller 1074,Bronze,East,Electronics,2,5062.200000000001,6637.8,0.1166,773.97,0,0.0,122.8,29.87,56.42,69.7,495.18
500140,2025-01-17,1044,Seller 1044,Silver,East,Electronics,2,4338.0,8072.4,0.1189,959.81,0,0.0,149.34,36.33,68.62,84.76,620.77
500141,2025-01-26,1079,Seller 1079,Bronze,South,Beauty,2,1443.6,1892.4,0.1428,270.23,0,0.0,35.01,8.52,16.09,19.87,190.75
500142,2025-01-30,1043,Seller 1043,Silver,West,Sports,3,1827.6000000000001,5101.2,0.1228,626.43,0,0.0,94.37,22.96,43.36,53.56,412.18
500143,2025-01-22,1078,Seller 1078,Bronze,East,Beauty,3,1032.6000000000001,2031.0,0.155,314.81,0,0.0,37.57,9.14,17.26,21.33,229.5
500144,2025-01-05,1051,Seller 1051,Silver,East,Sports,2,2131.8,3967.2,0.1294,513.36,0,0.0,73.39,17.85,33.72,41.66,346.73
500145,2025-01-11,1068,Seller 1068,Bronze,South,Pet Supplies,2,1299.0,1702.8,0.1204,205.02,0,0.0,31.5,7.66,14.47,17.88,133.5
500146,2025-01-18,1063,Seller 1063,Bronze,West,Pet Supplies,3,1039.8,2045.4,0.1271,259.97,0,0.0,37.84,9.2,17.39,21.48,174.06
500147,2025-01-27,1068,Seller 1068,Bronze,South,Pet Supplies,1,3484.2,2284.2,0.1231,281.19,0,0.0,42.26,10.28,19.42,23.98,185.25
500148,2025-01-20,1080,Seller 1080,Bronze,South,Home & Kitchen,2,2344.2,3073.8,0.1317,404.82,0,0.0,56.87,13.83,26.13,32.27,275.72
500149,2025-01-07,1037,Seller 1037,Silver,East,Apparel,2,2146.2000000000003,3993.6,0.1312,523.96,0,0.0,73.88,17.97,33.95,41.93,356.23
500150,2025-01-14,1048,Seller 1048,Silver,East,Electronics,1,8379.0,7796.4,0.1315,1025.23,0,0.0,144.23,35.08,66.27,81.86,697.78
500151,2025-01-04,1021,Seller 1021,Gold,Central,Sports,3,1731.6,6316.2,0.1314,829.95,0,0.0,116.85,28.42,53.69,66.32,564.67
500152,2025-01-03,1067,Seller 1067,Bronze,South,Beauty,3,942.6,1854.0,0.1438,266.61,0,0.0,34.3,8.34,15.76,19.47,188.74
500153,2025-01-03,1029,Seller 1029,Gold,West,Beauty,3,787.1999999999999,2872.8,0.1425,409.37,0,0.0,53.15,12.93,24.42,30.16,288.72
500154,2025-01-02,1048,Seller 1048,Silver,East,Electronics,2,4638.6,8632.8,0.1302,1123.99,0,0.0,159.71,38.85,73.38,90.64,761.41
500155,2025-01-09,1037,Seller 1037,Silver,East,Apparel,2,1761.6,3278.4,0.1249,409.47,1,1920.0,60.65,14.75,27.87,34.42,233.38
500156,2025-02-03,1028,Seller 1028,Gold,Central,Sports,3,1336.8000000000002,4980.0,0.1262,628.48,0,0.0,92.13,22.41,42.33,52.29,419.32
500157,2025-02-17,1007,Seller 1007,Platinum,South,Home & Kitchen,1,4498.8,7530.6,0.1245,937.56,0,0.0,139.32,33.89,64.01,79.07,621.27
500158,2025-02-18,1003,Seller 1003,Platinum,East,Pet Supplies,1,2939.4,4920.6,0.127,624.92,0,0.0,91.03,22.14,41.83,51.67,418.25
500159,2025-02-25,1054,Seller 1054,Silver,South,Home & Kitchen,2,2042.3999999999999,3882.6,0.1317,511.34,0,0.0,71.83,17.47,33.0,40.77,348.27
500160,2025-01-31,1065,Seller 1065,Bronze,South,Home & Kitchen,1,5202.0,3483.0,0.1383,481.7,0,0.0,64.44,15.67,29.61,36.57,335.41
500161,2025-02-04,1046,Seller 1046,Silver,Central,Beauty,2,1628.4,3095.4,0.1355,419.43,0,0.0,57.26,13.93,26.31,32.5,289.42
500162,2025-02-15,1006,Seller 1006,Platinum,East,Sports,1,5004.599999999999,8377.2,0.1359,1138.46,0,0.0,154.98,37.7,71.21,87.96,786.62
500163,2025-02-01,1024,Seller 1024,Gold,West,Electronics,2,2718.6000000000004,6753.0,0.1139,769.17,0,0.0,124.93,30.39,57.4,70.91,485.54
500164,2025-02-09,1041,Seller 1041,Silver,West,Sports,1,4960.2,4714.2,0.1274,600.59,0,0.0,87.21,21.21,40.07,49.5,402.59
500165,2025-02-23,1046,Seller 1046,Silver,Central,Electronics,3,2433.0,6937.2,0.116,804.72,0,0.0,128.34,31.22,58.97,72.84,513.35
500166,2025-02-08,1057,Seller 1057,Bronze,South,Apparel,2,2087.4,2795.4,0.1246,348.31,0,0.0,51.71,12.58,23.76,29.35,230.9
500167,2025-02-02,1011,Seller 1011,Platinum,West,Electronics,3,3349.7999999999997,16822.2,0.1327,2232.31,0,0.0,311.21,75.7,142.99,176.63,1525.77
500168,2025-02-01,1042,Seller 1042,Silver,East,Pet Supplies,2,1878.0,3569.4,0.1302,464.74,0,0.0,66.03,16.06,30.34,37.48,314.82
500169,2025-02-12,1046,Seller 1046,Silver,Central,Sports,1,4767.0,4530.6,0.135,611.63,0,0.0,83.82,20.39,38.51,47.57,421.35
500170,2025-02-14,1047,Seller 1047,Silver,East,Sports,2,2064.6,3924.0,0.1167,457.93,0,0.0,72.59,17.66,33.35,41.2,293.12
500171,2025-02-14,1005,Seller 1005,Platinum,East,Electronics,2,5347.799999999999,17904.6,0.1217,2178.99,1,11083.8,331.24,80.57,152.19,188.0,1205.32
500172,2025-02-07,1048,Seller 1048,Silver,East,Electronics,2,3444.0,6546.0,0.1257,822.83,0,0.0,121.1,29.46,55.64,68.73,547.9
500173,2025-02-22,1015,Seller 1015,Gold,West,Pet Supplies,3,1317.6000000000001,4908.6,0.1419,696.53,0,0.0,90.81,22.09,41.72,51.54,490.37
500174,2025-02-02,1058,Seller 1058,Bronze,East,Beauty,1,2430.0,1627.2,0.157,255.47,0,0.0,30.1,7.32,13.83,17.09,187.13
500175,2025-02-21,1058,Seller 1058,Bronze,East,Beauty,1,1933.7999999999997,1294.8,0.1525,197.46,0,0.0,23.95,5.83,11.01,13.6,143.08
500176,2025-02-22,1045,Seller 1045,Silver,Central,Home & Kitchen,1,4819.2,4579.8,0.1302,596.29,0,0.0,84.73,20.61,38.93,48.09,403.94
500177,2025-02-11,1023,Seller 1023,Gold,Central,Sports,3,2564.4,9555.0,0.135,1289.93,0,0.0,176.77,43.0,81.22,100.33,888.62
500178,2025-02-12,1071,Seller 1071,Bronze,Central,Sports,1,4771.8,3195.0,0.1191,380.52,0,0.0,59.11,14.38,27.16,33.55,246.33
500179,2025-02-14,1062,Seller 1062,Bronze,West,Electronics,2,3063.6000000000004,4102.2,0.1148,470.93,0,0.0,75.89,18.46,34.87,43.07,298.64
500180,2025-02-04,1060,Seller 1060,Bronze,East,Pet Supplies,1,3544.2,2373.0,0.1387,329.14,0,0.0,43.9,10.68,20.17,24.92,229.47
500181,2025-02-22,1056,Seller 1056,Bronze,West,Apparel,3,853.2,1713.6,0.1204,206.32,0,0.0,31.7,7.71,14.57,17.99,134.35
500182,2025-02-17,1029,Seller 1029,Gold,West,Home & Kitchen,4,927.0,4604.4,0.1433,659.81,0,0.0,85.18,20.72,39.14,48.35,466.43
500183,2025-02-04,1036,Seller 1036,Silver,Central,Pet Supplies,2,1851.6,3519.0,0.1321,464.86,0,0.0,65.1,15.84,29.91,36.95,317.06
500184,2025-01-31,1022,Seller 1022,Gold,East,Sports,2,1791.0,4449.0,0.1362,605.95,0,0.0,82.31,20.02,37.82,46.71,419.1
500185,2025-02-20,1011,Seller 1011,Platinum,West,Electronics,1,7991.4,13377.0,0.1286,1720.28,0,0.0,247.47,60.2,113.7,140.46,1158.45
500186,2025-02-21,1004,Seller 1004,Platinum,East,Sports,2,2064.0,6909.0,0.139,960.35,0,0.0,127.82,31.09,58.73,72.54,670.17
500187,2025-02-19,1052,Seller 1052,Silver,Central,Pet Supplies,2,1599.0,3039.0,0.1306,396.89,0,0.0,56.22,13.68,25.83,31.91,269.26
500188,2025-02-11,1019,Seller 1019,Gold,East,Apparel,2,1429.8,3551.4,0.1287,457.07,0,0.0,65.7,15.98,30.19,37.29,307.91
500189,2025-02-09,1066,Seller 1066,Bronze,South,Home & Kitchen,2,2860.2000000000003,3830.4,0.1294,495.65,0,0.0,70.86,17.24,32.56,40.22,334.78
500190,2025-02-10,1050,Seller 1050,Silver,East,Apparel,2,2535.0,4818.6,0.1118,538.72,0,0.0,89.14,21.68,40.96,50.6,336.34
500191,2025-02-12,1025,Seller 1025,Gold,Central,Apparel,3,1271.4,4736.4,0.1291,611.47,0,0.0,87.62,21.31,40.26,49.73,412.54
500192,2025-02-26,1065,Seller 1065,Bronze,South,Home & Kitchen,2,2980.2000000000003,3990.6,0.1242,495.63,0,0.0,73.83,17.96,33.92,41.9,328.03
500193,2025-02-12,1061,Seller 1061,Bronze,Central,Electronics,3,2917.2,5859.6,0.1162,680.89,0,0.0,108.4,26.37,49.81,61.53,434.78
500194,2025-02-14,1047,Seller 1047,Silver,East,Sports,3,1668.0,4755.6,0.1247,593.02,0,0.0,87.98,21.4,40.42,49.93,393.29
500195,2025-02-25,1071,Seller 1071,Bronze,Central,Sports,3,1482.0,2977.2,0.1189,353.99,0,0.0,55.08,13.4,25.31,31.26,228.95
500196,2025-02-01,1044,Seller 1044,Silver,East,Pet Supplies,2,1664.3999999999999,3163.2,0.1345,425.45,0,0.0,58.52,14.23,26.89,33.21,292.6
500197,2025-02-19,1018,Seller 1018,Gold,West,Electronics,2,3555.6,8831.4,0.1166,1029.74,0,0.0,163.38,39.74,75.07,92.73,658.82
500198,2025-02-17,1041,Seller 1041,Silver,West,Apparel,4,930.6,3536.4,0.1152,407.39,0,0.0,65.42,15.91,30.06,37.13,258.86
500199,2025-02-18,1063,Seller 1063,Bronze,West,Pet Supplies,2,1996.8000000000002,2674.2,0.1288,344.44,0,0.0,49.47,12.03,22.73,28.08,232.12
500200,2025-02-24,1040,Seller 1040,Silver,West,Pet Supplies,3,786.5999999999999,2243.4,0.1343,301.29,0,0.0,41.5,10.1,19.07,23.56,207.07
500201,2025-02-26,1075,Seller 1075,Bronze,East,Electronics,2,3443.4,4611.6,0.1171,540.02,0,0.0,85.31,20.75,39.2,48.42,346.33
500202,2025-02-04,1049,Seller 1049,Silver,West,Home & Kitchen,2,2369.4,4504.2,0.1458,656.71,1,3112.8,83.33,20.27,38.29,47.29,405.28
500203,2025-02-01,1053,Seller 1053,Silver,Central,Beauty,1,2835.0,2694.0,0.1551,417.84,0,0.0,49.84,12.12,22.9,28.29,304.69
500204,2025-02-14,1018,Seller 1018,Gold,West,Electronics,1,7779.599999999999,9661.8,0.1245,1202.89,0,0.0,178.74,43.48,82.13,101.45,797.1
500205,2025-02-19,1069,Seller 1069,Bronze,East,Electronics,1,9649.199999999999,6460.8,0.1303,841.84,0,0.0,119.52,29.07,54.92,67.84,570.49
500206,2025-02-09,1062,Seller 1062,Bronze,West,Electronics,2,5239.2,7016.4,0.1184,830.74,0,0.0,129.8,31.57,59.64,73.67,536.05
500207,2025-02-09,1027,Seller 1027,Gold,West,Apparel,1,3864.0000000000005,4799.4,0.1215,583.13,0,0.0,88.79,21.6,40.79,50.39,381.55
500208,2025-02-04,1016,Seller 1016,Gold,West,Sports,1,4351.8,5404.8,0.1255,678.3,0,0.0,99.99,24.32,45.94,56.75,451.3
500209,2025-02-06,1038,Seller 1038,Silver,South,Sports,2,2239.2,4255.8,0.1382,588.15,0,0.0,78.73,19.15,36.17,44.69,409.41
500210,2025-02-07,1026,Seller 1026,Gold,East,Beauty,3,747.0,2782.8,0.1363,379.3,0,0.0,51.48,12.52,23.65,29.22,262.42
500211,2025-02-03,1007,Seller 1007,Platinum,South,Home & Kitchen,1,4811.4,8053.8,0.1243,1001.09,0,0.0,149.0,36.24,68.46,84.56,662.83
500212,2025-02-15,1018,Seller 1018,Gold,West,Electronics,1,8202.0,10186.2,0.1228,1250.87,0,0.0,188.44,45.84,86.58,106.96,823.04
500213,2025-02-17,1026,Seller 1026,Gold,East,Beauty,2,1594.2,3960.6,0.1548,613.1,0,0.0,73.27,17.82,33.67,41.59,446.76
500214,2025-02-25,1005,Seller 1005,Platinum,East,Home & Kitchen,1,5290.2,8855.4,0.1454,1287.58,0,0.0,163.82,39.85,75.27,92.98,915.65
500215,2025-02-19,1064,Seller 1064,Bronze,Central,Pet Supplies,2,1053.6,1411.2,0.1269,179.08,0,0.0,26.11,6.35,12.0,14.82,119.81
500216,2025-02-27,1014,Seller 1014,Gold,East,Beauty,2,1939.8,4818.6,0.146,703.52,0,0.0,89.14,21.68,40.96,50.6,501.13
500217,2025-02-05,1065,Seller 1065,Bronze,South,Home & Kitchen,2,2640.0,3535.8,0.1269,448.69,0,0.0,65.41,15.91,30.05,37.13,300.19
500218,2025-02-12,1002,Seller 1002,Platinum,Central,Home & Kitchen,2,1966.8000000000002,6585.0,0.1412,929.8,0,0.0,121.82,29.63,55.97,69.14,653.23
500219,2025-02-07,1055,Seller 1055,Bronze,Central,Pet Supplies,3,1232.3999999999999,2475.6,0.1244,307.96,0,0.0,45.8,11.14,21.04,25.99,203.99
500220,2025-01-31,1001,Seller 1001,Platinum,East,Electronics,2,5510.400000000001,18448.2,0.1359,2507.11,0,0.0,341.29,83.02,156.81,193.71,1732.29
500221,2025-02-16,1034,Seller 1034,Silver,Central,Sports,2,2157.6,4101.0,0.1188,487.2,0,0.0,75.87,18.45,34.86,43.06,314.96
500222,2025-02-15,1040,Seller 1040,Silver,West,Pet Supplies,1,2665.8,2533.8,0.1288,326.35,0,0.0,46.88,11.4,21.54,26.6,219.93
500223,2025-02-25,1020,Seller 1020,Gold,West,Home & Kitchen,3,1613.4,6010.8,0.1398,840.31,0,0.0,111.2,27.05,51.09,63.11,587.86
500224,2025-02-02,1028,Seller 1028,Gold,Central,Pet Supplies,2,1053.0,2615.4,0.122,319.08,0,0.0,48.38,11.77,22.23,27.46,209.23
500225,2025-02-27,1073,Seller 1073,Bronze,Central,Electronics,3,1577.3999999999999,3168.6,0.1179,373.58,0,0.0,58.62,14.26,26.93,33.27,240.5
500226,2025-02-01,1067,Seller 1067,Bronze,South,Beauty,1,2336.3999999999996,1564.2,0.1447,226.34,0,0.0,28.94,7.04,13.3,16.42,160.64
500227,2025-01-31,1059,Seller 1059,Bronze,Central,Sports,1,4798.2,3213.0,0.1294,415.76,0,0.0,59.44,14.46,27.31,33.74,280.82
500228,2025-02-17,1051,Seller 1051,Silver,East,Sports,3,1524.6,4347.6,0.1178,512.15,0,0.0,80.43,19.56,36.95,45.65,329.55
500229,2025-02-20,1008,Seller 1008,Platinum,West,Electronics,3,2831.3999999999996,14219.4,0.1199,1704.91,0,0.0,263.06,63.99,120.86,149.3,1107.69
500230,2025-02-21,1054,Seller 1054,Silver,South,Home & Kitchen,3,1369.2,3903.6,0.145,566.02,0,0.0,72.22,17.57,33.18,40.99,402.07
500231,2025-02-07,1070,Seller 1070,Bronze,West,Electronics,2,4080.6000000000004,5464.8,0.1368,747.58,0,0.0,101.1,24.59,46.45,57.38,518.06
500232,2025-02-14,1001,Seller 1001,Platinum,East,Beauty,1,2717.4,4549.2,0.1432,651.45,0,0.0,84.16,20.47,38.67,47.77,460.38
500233,2025-02-19,1045,Seller 1045,Silver,Central,Home & Kitchen,3,2383.7999999999997,6796.2,0.1414,960.98,0,0.0,125.73,30.58,57.77,71.36,675.54
500234,2025-02-07,1003,Seller 1003,Platinum,East,Pet Supplies,3,1177.8,5913.0,0.1307,772.83,0,0.0,109.39,26.61,50.26,62.09,524.48
500235,2025-02-09,1006,Seller 1006,Platinum,East,Sports,2,2534.4,8484.0,0.1367,1159.76,0,0.0,156.95,38.18,72.11,89.08,803.43
500236,2025-02-04,1030,Seller 1030,Gold,South,Pet Supplies,1,2969.4,3687.6,0.1385,510.73,0,0.0,68.22,16.59,31.34,38.72,355.85
500237,2025-02-20,1067,Seller 1067,Bronze,South,Beauty,2,1391.4,1863.0,0.1558,290.26,0,0.0,34.47,8.38,15.84,19.56,212.01
500238,2025-02-22,1055,Seller 1055,Bronze,Central,Pet Supplies,3,1106.4,2223.0,0.1354,300.99,0,0.0,41.13,10.0,18.9,23.34,207.63
500239,2025-02-27,1054,Seller 1054,Silver,South,Home & Kitchen,2,2698.7999999999997,5129.4,0.1359,697.09,0,0.0,94.89,23.08,43.6,53.86,481.65
500240,2025-02-06,1019,Seller 1019,Gold,East,Electronics,1,8002.799999999999,9939.6,0.1264,1256.37,0,0.0,183.88,44.73,84.49,104.37,838.9
500241,2025-02-08,1043,Seller 1043,Silver,West,Sports,4,808.2,3072.0,0.1182,363.11,0,0.0,56.83,13.82,26.11,32.26,234.09
500242,2025-02-17,1049,Seller 1049,Silver,West,Home & Kitchen,1,4437.599999999999,4217.4,0.1275,537.72,0,0.0,78.02,18.98,35.85,44.28,360.59
500243,2025-02-23,1028,Seller 1028,Gold,Central,Sports,3,1279.8,4768.8,0.139,662.86,0,0.0,88.22,21.46,40.53,50.07,462.57
500244,2025-02-10,1016,Seller 1016,Gold,West,Apparel,3,1037.3999999999999,3865.2,0.1249,482.76,0,0.0,71.51,17.39,32.85,40.58,320.43
500245,2025-02-03,1037,Seller 1037,Silver,East,Apparel,1,3779.4,3591.6,0.1143,410.52,0,0.0,66.44,16.16,30.53,37.71,259.67
500246,2025-02-04,1061,Seller 1061,Bronze,Central,Beauty,3,775.8,1558.2,0.1429,222.67,0,0.0,28.83,7.01,13.24,16.36,157.22
500247,2025-02-12,1003,Seller 1003,Platinum,East,Pet Supplies,3,909.0,4565.4,0.13,593.5,0,0.0,84.46,20.54,38.81,47.94,401.76
500248,2025-02-23,1073,Seller 1073,Bronze,Central,Apparel,1,3609.6,2416.8,0.1161,280.59,0,0.0,44.71,10.88,20.54,25.38,179.08
500249,2025-02-17,1063,Seller 1063,Bronze,West,Pet Supplies,2,1329.0,1779.6,0.1234,219.6,0,0.0,32.92,8.01,15.13,18.69,144.86
500250,2025-02-20,1008,Seller 1008,Platinum,West,Electronics,2,4118.4,13787.4,0.1326,1828.21,1,8436.0,255.07,62.04,117.19,144.77,1080.42
500251,2025-02-19,1030,Seller 1030,Gold,South,Pet Supplies,2,1702.8,4228.8,0.1309,553.55,0,0.0,78.23,19.03,35.94,44.4,375.94
500252,2025-02-17,1062,Seller 1062,Bronze,West,Electronics,3,2984.4,5995.2,0.1229,736.81,0,0.0,110.91,26.98,50.96,62.95,485.01
500253,2025-02-03,1037,Seller 1037,Silver,East,Apparel,3,855.6,2440.2,0.1273,310.64,0,0.0,45.14,10.98,20.74,25.62,208.15
500254,2025-02-11,1068,Seller 1068,Bronze,South,Pet Supplies,2,1845.0,2470.8,0.1396,344.92,0,0.0,45.71,11.12,21.0,25.94,241.15
500255,2025-02-27,1052,Seller 1052,Silver,Central,Pet Supplies,2,1945.2,3697.8,0.1272,470.36,0,0.0,68.41,16.64,31.43,38.83,315.05
500256,2025-02-15,1005,Seller 1005,Platinum,East,Electronics,1,9307.2,15580.2,0.1143,1780.82,0,0.0,288.23,70.11,132.43,163.59,1126.45
500257,2025-02-07,1056,Seller 1056,Bronze,West,Apparel,1,4577.400000000001,3064.8,0.1314,402.71,0,0.0,56.7,13.79,26.05,32.18,273.99
500258,2025-02-17,1028,Seller 1028,Gold,Central,Pet Supplies,3,856.1999999999999,3189.0,0.1211,386.19,0,0.0,59.0,14.35,27.11,33.48,252.25
500259,2025-02-26,1073,Seller 1073,Bronze,Central,Electronics,3,4125.0,8286.6,0.1134,939.7,0,0.0,153.3,37.29,70.44,87.01,591.66
500260,2025-02-10,1051,Seller 1051,Silver,East,Beauty,2,1453.8,2763.0,0.153,422.74,0,0.0,51.12,12.43,23.49,29.01,306.69
500261,2025-02-03,1050,Seller 1050,Silver,East,Home & Kitchen,2,1877.3999999999999,3568.8,0.1249,445.74,0,0.0,66.02,16.06,30.33,37.47,295.85
500262,2025-02-10,1056,Seller 1056,Bronze,West,Apparel,3,1472.3999999999999,2958.0,0.1227,362.95,0,0.0,54.72,13.31,25.14,31.06,238.71
500263,2025-02-05,1004,Seller 1004,Platinum,East,Sports,2,1889.3999999999999,6326.4,0.1215,768.66,0,0.0,117.04,28.47,53.77,66.43,502.95
500264,2025-02-22,1075,Seller 1075,Bronze,East,Electronics,3,3395.4,6820.8,0.1322,901.71,1,4224.6,126.18,30.69,57.98,71.62,530.74
500265,2025-02-08,1020,Seller 1020,Gold,West,Home & Kitchen,2,2630.4,6534.6,0.1231,804.41,0,0.0,120.89,29.41,55.54,68.61,529.96
500266,2025-02-02,1014,Seller 1014,Gold,East,Apparel,2,2229.6,5538.6,0.1213,671.83,1,3928.2,102.46,24.92,47.08,58.16,360.65
500267,2025-02-17,1077,Seller 1077,Bronze,South,Home & Kitchen,2,2806.8,3758.4,0.13,488.59,0,0.0,69.53,16.91,31.95,39.46,330.74
500268,2025-02-02,1032,Seller 1032,Silver,West,Pet Supplies,3,1254.0,3574.8,0.1233,440.77,0,0.0,66.13,16.09,30.39,37.54,290.63
500269,2025-02-20,1022,Seller 1022,Gold,East,Sports,1,4759.8,5911.2,0.1178,696.34,0,0.0,109.36,26.6,50.25,62.07,448.07
500270,2025-02-19,1064,Seller 1064,Bronze,Central,Pet Supplies,2,1671.6,2238.6,0.1273,284.97,0,0.0,41.41,10.07,19.03,23.51,190.95
500271,2025-02-09,1049,Seller 1049,Silver,West,Beauty,1,2722.2,2587.2,0.1528,395.32,0,0.0,47.86,11.64,21.99,27.17,286.66
500272,2025-02-23,1042,Seller 1042,Silver,East,Pet Supplies,2,1291.8000000000002,2455.2,0.1243,305.18,0,0.0,45.42,11.05,20.87,25.78,202.06
500273,2025-02-06,1063,Seller 1063,Bronze,West,Home & Kitchen,2,2743.7999999999997,3674.4,0.1419,521.4,0,0.0,67.98,16.53,31.23,38.58,367.07
500274,2025-02-14,1076,Seller 1076,Bronze,Central,Home & Kitchen,2,2007.6000000000001,2688.6,0.1459,392.27,0,0.0,49.74,12.1,22.85,28.23,279.35
500275,2025-02-07,1038,Seller 1038,Silver,South,Electronics,3,1774.2,5058.6,0.1228,621.2,0,0.0,93.58,22.76,43.0,53.12,408.73
500276,2025-02-12,1033,Seller 1033,Silver,South,Beauty,2,956.4,1817.4,0.1348,244.99,0,0.0,33.62,8.18,15.45,19.08,168.65
500277,2025-02-25,1069,Seller 1069,Bronze,East,Electronics,3,2388.0,4797.0,0.126,604.42,0,0.0,88.74,21.59,40.77,50.37,402.95
500278,2025-02-19,1069,Seller 1069,Bronze,East,Electronics,2,4178.4,5595.6,0.119,665.88,0,0.0,103.52,25.18,47.56,58.75,430.86
500279,2025-02-03,1006,Seller 1006,Platinum,East,Sports,1,4144.2,6937.2,0.1392,965.66,0,0.0,128.34,31.22,58.97,72.84,674.3
500280,2025-02-11,1002,Seller 1002,Platinum,Central,Home & Kitchen,2,3102.6,10386.6,0.1364,1416.73,0,0.0,192.15,46.74,88.29,109.06,980.5
500281,2025-02-09,1051,Seller 1051,Silver,East,Sports,2,1775.4,3374.4,0.1196,403.58,0,0.0,62.43,15.18,28.68,35.43,261.85
500282,2025-02-06,1054,Seller 1054,Silver,South,Electronics,4,3277.2,12458.4,0.1164,1450.16,0,0.0,230.48,56.06,105.9,130.81,926.9
500283,2025-02-25,1067,Seller 1067,Bronze,South,Beauty,1,2673.6000000000004,1790.4,0.1497,268.02,0,0.0,33.12,8.06,15.22,18.8,192.83
500284,2025-02-16,1015,Seller 1015,Gold,West,Pet Supplies,2,1660.2,4123.8,0.1392,574.03,0,0.0,76.29,18.56,35.05,43.3,400.83
500285,2025-02-05,1023,Seller 1023,Gold,Central,Home & Kitchen,2,2822.4,7010.4,0.1341,940.09,0,0.0,129.69,31.55,59.59,73.61,645.66
500286,2025-02-08,1056,Seller 1056,Bronze,West,Apparel,2,1285.8,1721.4,0.1188,204.5,1,1113.0,31.85,7.75,14.63,18.07,109.94
500287,2025-02-21,1009,Seller 1009,Platinum,Central,Pet Supplies,2,1265.4,4235.4,0.1288,545.52,0,0.0,78.35,19.06,36.0,44.47,367.63
500288,2025-02-27,1063,Seller 1063,Bronze,West,Pet Supplies,1,2862.0,1916.4,0.1347,258.14,0,0.0,35.45,8.62,16.29,20.12,177.65
500289,2025-02-04,1059,Seller 1059,Bronze,Central,Sports,3,994.2,1997.4,0.1231,245.88,0,0.0,36.95,8.99,16.98,20.97,161.99
500290,2025-02-04,1041,Seller 1041,Silver,West,Apparel,2,2103.6000000000004,3998.4,0.1246,498.2,0,0.0,73.97,17.99,33.99,41.98,330.27
500291,2025-02-17,1074,Seller 1074,Bronze,East,Electronics,3,3809.4,7651.8,0.1296,991.67,0,0.0,141.56,34.43,65.04,80.34,670.3
500292,2025-01-31,1022,Seller 1022,Gold,East,Sports,3,1764.6,6574.8,0.1268,833.68,0,0.0,121.63,29.59,55.89,69.04,557.54
500293,2025-02-13,1063,Seller 1063,Bronze,West,Pet Supplies,3,480.0,964.2,0.1321,127.37,0,0.0,17.84,4.34,8.2,10.12,86.87
500294,2025-02-17,1057,Seller 1057,Bronze,South,Electronics,2,4436.4,5941.2,0.1313,780.08,0,0.0,109.91,26.74,50.5,62.38,530.55
500295,2025-02-03,1037,Seller 1037,Silver,East,Apparel,1,3973.8,3777.0,0.1264,477.41,0,0.0,69.87,17.0,32.1,39.66,318.78
500296,2025-02-13,1035,Seller 1035,Silver,East,Beauty,1,2547.0,2421.0,0.1512,366.06,0,0.0,44.79,10.89,20.58,25.42,264.37
500297,2025-02-27,1014,Seller 1014,Gold,East,Apparel,2,1729.2,4296.0,0.129,554.18,0,0.0,79.48,19.33,36.52,45.11,373.75
500298,2025-02-11,1012,Seller 1012,Platinum,East,Beauty,4,646.1999999999999,4326.6,0.1387,600.1,0,0.0,80.04,19.47,36.78,45.43,418.38
500299,2025-02-11,1079,Seller 1079,Bronze,South,Beauty,2,1420.2,1901.4,0.138,262.39,0,0.0,35.18,8.56,16.16,19.96,182.53
500300,2025-02-27,1069,Seller 1069,Bronze,East,Electronics,1,8551.8,5725.8,0.1299,743.78,0,0.0,105.93,25.77,48.67,60.12,503.3
500301,2025-02-08,1066,Seller 1066,Bronze,South,Pet Supplies,2,1436.4,1923.6,0.138,265.46,0,0.0,35.59,8.66,16.35,20.2,184.67
500302,2025-02-12,1017,Seller 1017,Gold,East,Electronics,2,4639.8,11524.8,0.1207,1391.04,0,0.0,213.21,51.86,97.96,121.01,907.0
500303,2025-02-24,1063,Seller 1063,Bronze,West,Pet Supplies,1,2860.8,1915.2,0.129,247.06,0,0.0,35.43,8.62,16.28,20.11,166.62
500304,2025-02-18,1012,Seller 1012,Platinum,East,Beauty,2,994.8,3330.0,0.1541,513.15,0,0.0,61.6,14.98,28.31,34.97,373.29
500305,2025-02-25,1001,Seller 1001,Platinum,East,Pet Supplies,4,1149.0,7693.2,0.1352,1040.12,0,0.0,142.32,34.62,65.39,80.78,717.01
500306,2025-02-17,1069,Seller 1069,Bronze,East,Electronics,4,1916.4,5133.0,0.1249,641.11,0,0.0,94.96,23.1,43.63,53.9,425.53
500307,2025-02-26,1074,Seller 1074,Bronze,East,Electronics,3,1918.8,3854.4,0.1345,518.42,1,3205.8,71.31,17.34,32.76,40.47,292.42
500308,2025-02-22,1059,Seller 1059,Bronze,Central,Sports,3,1428.0,2869.2,0.127,364.39,0,0.0,53.08,12.91,24.39,30.13,243.88
500309,2025-02-11,1017,Seller 1017,Gold,East,Beauty,3,1292.3999999999999,4816.2,0.1396,672.34,0,0.0,89.1,21.67,40.94,50.57,470.06
500310,2025-02-03,1022,Seller 1022,Gold,East,Sports,1,4143.6,5145.6,0.1341,690.02,0,0.0,95.19,23.16,43.74,54.03,473.91
500311,2025-03-05,1001,Seller 1001,Platinum,East,Electronics,3,3339.6,16367.4,0.1255,2054.11,1,11532.6,302.8,73.65,139.12,171.86,1136.03
500312,2025-03-13,1055,Seller 1055,Bronze,Central,Pet Supplies,1,3145.2000000000003,2055.6,0.1221,250.99,0,0.0,38.03,9.25,17.47,21.58,164.65
500313,2025-03-18,1039,Seller 1039,Silver,East,Pet Supplies,2,1147.2,2127.6,0.1232,262.12,0,0.0,39.36,9.57,18.08,22.34,172.76
500314,2025-03-15,1073,Seller 1073,Bronze,Central,Electronics,2,3743.4,4893.0,0.1303,637.56,0,0.0,90.52,22.02,41.59,51.38,432.05
500315,2025-03-14,1079,Seller 1079,Bronze,South,Beauty,2,1250.4,1634.4,0.1354,221.3,0,0.0,30.24,7.35,13.89,17.16,152.65
500316,2025-03-25,1045,Seller 1045,Silver,Central,Beauty,2,1165.8,2163.0,0.1485,321.21,0,0.0,40.02,9.73,18.39,22.71,230.36
500317,2025-03-21,1078,Seller 1078,Bronze,East,Home & Kitchen,2,2427.0,3172.2,0.1433,454.58,0,0.0,58.69,14.27,26.96,33.31,321.34
500318,2025-03-14,1066,Seller 1066,Bronze,South,Home & Kitchen,1,5277.0,3448.2,0.1418,488.95,0,0.0,63.79,15.52,29.31,36.21,344.13
500319,2025-03-12,1015,Seller 1015,Gold,West,Pet Supplies,2,1486.8000000000002,3604.8,0.1413,509.36,0,0.0,66.69,16.22,30.64,37.85,357.96
500320,2025-03-26,1017,Seller 1017,Gold,East,Electronics,3,2283.0,8302.8,0.1261,1046.98,0,0.0,153.6,37.36,70.57,87.18,698.27
500321,2025-03-18,1010,Seller 1010,Platinum,West,Home & Kitchen,3,1766.4,8657.4,0.124,1073.52,0,0.0,160.16,38.96,73.59,90.9,709.91
500322,2025-03-21,1037,Seller 1037,Silver,East,Apparel,1,3838.2,3559.8,0.1248,444.26,0,0.0,65.86,16.02,30.26,37.38,294.75
500323,2025-03-14,1020,Seller 1020,Gold,West,Home & Kitchen,2,2898.0,7025.4,0.1279,898.55,0,0.0,129.97,31.61,59.72,73.77,603.48
500324,2025-03-29,1076,Seller 1076,Bronze,Central,Home & Kitchen,3,1126.8000000000002,2209.2,0.1246,275.27,0,0.0,40.87,9.94,18.78,23.2,182.48
500325,2025-03-25,1031,Seller 1031,Silver,West,Home & Kitchen,3,1856.4,5166.6,0.1339,691.81,0,0.0,95.58,23.25,43.92,54.25,474.81
500326,2025-03-27,1023,Seller 1023,Gold,Central,Home & Kitchen,2,1869.0,4531.8,0.1269,575.09,0,0.0,83.84,20.39,38.52,47.58,384.75
500327,2025-03-02,1034,Seller 1034,Silver,Central,Sports,3,1975.2,5496.0,0.1225,673.26,0,0.0,101.68,24.73,46.72,57.71,442.43
500328,2025-03-18,1043,Seller 1043,Silver,West,Beauty,1,2615.4,2425.8,0.1564,379.4,0,0.0,44.88,10.92,20.62,25.47,277.51
500329,2025-03-23,1047,Seller 1047,Silver,East,Sports,2,2109.6,3913.2,0.1198,468.8,0,0.0,72.39,17.61,33.26,41.09,304.45
500330,2025-03-14,1015,Seller 1015,Gold,West,Pet Supplies,2,1555.8,3771.6,0.1407,530.66,0,0.0,69.77,16.97,32.06,39.6,372.26
500331,2025-03-09,1020,Seller 1020,Gold,West,Home & Kitchen,2,2434.2,5900.4,0.1423,839.63,0,0.0,109.16,26.55,50.15,61.95,591.81
500332,2025-03-23,1042,Seller 1042,Silver,East,Pet Supplies,3,929.4,2586.6,0.1398,361.61,0,0.0,47.85,11.64,21.99,27.16,252.97
500333,2025-03-11,1007,Seller 1007,Platinum,South,Home & Kitchen,3,592.8000000000001,2905.8,0.1459,423.96,0,0.0,53.76,13.08,24.7,30.51,301.91
500334,2025-03-21,1040,Seller 1040,Silver,West,Pet Supplies,2,1549.8,2874.6,0.1248,358.75,0,0.0,53.18,12.94,24.43,30.18,238.02
500335,2025-03-26,1032,Seller 1032,Silver,West,Pet Supplies,1,2961.6,2746.8,0.1385,380.43,0,0.0,50.82,12.36,23.35,28.84,265.07
500336,2025-03-02,1032,Seller 1032,Silver,West,Pet Supplies,2,1537.2,2851.8,0.133,379.29,0,0.0,52.76,12.83,24.24,29.94,259.51
500337,2025-03-09,1043,Seller 1043,Silver,West,Sports,1,3967.7999999999997,3680.4,0.1335,491.33,0,0.0,68.09,16.56,31.28,38.64,336.76
500338,2025-03-30,1054,Seller 1054,Silver,South,Home & Kitchen,5,1476.6,6847.8,0.1401,959.38,0,0.0,126.68,30.82,58.21,71.9,671.77
500339,2025-03-22,1067,Seller 1067,Bronze,South,Beauty,3,737.4,1445.4,0.1509,218.11,0,0.0,26.74,6.5,12.29,15.18,157.4
500340,2025-03-12,1051,Seller 1051,Silver,East,Sports,1,4398.6,4080.0,0.1391,567.53,0,0.0,75.48,18.36,34.68,42.84,396.17
500341,2025-03-26,1051,Seller 1051,Silver,East,Sports,2,1962.0000000000002,3640.2,0.1225,445.92,0,0.0,67.34,16.38,30.94,38.22,293.04
500342,2025-03-26,1075,Seller 1075,Bronze,East,Electronics,3,3368.4,6604.2,0.1205,795.81,0,0.0,122.18,29.72,56.14,69.34,518.43
500343,2025-03-24,1027,Seller 1027,Gold,West,Apparel,1,3977.4000000000005,4821.0,0.1102,531.27,0,0.0,89.19,21.69,40.98,50.62,328.79
500344,2025-03-18,1078,Seller 1078,Bronze,East,Home & Kitchen,3,1339.2,2625.0,0.1252,328.65,0,0.0,48.56,11.81,22.31,27.56,218.4
500345,2025-03-25,1007,Seller 1007,Platinum,South,Home & Kitchen,2,3661.2000000000003,11962.8,0.1237,1479.8,0,0.0,221.31,53.83,101.68,125.61,977.36
500346,2025-03-09,1071,Seller 1071,Bronze,Central,Sports,1,4715.400000000001,3081.6,0.1194,367.94,0,0.0,57.01,13.87,26.19,32.36,238.52
500347,2025-03-31,1017,Seller 1017,Gold,East,Electronics,1,9319.800000000001,11296.8,0.1355,1530.72,0,0.0,208.99,50.84,96.02,118.62,1056.25
500348,2025-03-28,1010,Seller 1010,Platinum,West,Home & Kitchen,4,1564.8,10225.2,0.1336,1366.09,0,0.0,189.17,46.01,86.91,107.36,936.63
500349,2025-03-17,1043,Seller 1043,Silver,West,Sports,2,2238.0,4152.0,0.1382,573.81,0,0.0,76.81,18.68,35.29,43.6,399.42
500350,2025-03-06,1004,Seller 1004,Platinum,East,Sports,1,4711.8,7697.4,0.1378,1060.7,0,0.0,142.4,34.64,65.43,80.82,737.41
500351,2025-03-04,1005,Seller 1005,Platinum,East,Electronics,1,8026.200000000001,13113.0,0.125,1639.12,0,0.0,242.59,59.01,111.46,137.69,1088.38
500352,2025-03-19,1036,Seller 1036,Silver,Central,Pet Supplies,1,3294.0,3055.2,0.1391,424.98,0,0.0,56.52,13.75,25.97,32.08,296.66
500353,2025-03-14,1003,Seller 1003,Platinum,East,Pet Supplies,1,3362.4,5493.0,0.1316,722.88,0,0.0,101.62,24.72,46.69,57.68,492.17
500354,2025-03-18,1035,Seller 1035,Silver,East,Electronics,2,4794.0,8893.8,0.1345,1196.22,1,8860.2,164.54,40.02,75.6,93.38,645.47
500355,2025-03-31,1046,Seller 1046,Silver,Central,Home & Kitchen,3,1610.4,4481.4,0.1388,622.02,0,0.0,82.91,20.17,38.09,47.05,433.8
500356,2025-03-07,1008,Seller 1008,Platinum,West,Home & Kitchen,1,4407.0,7199.4,0.1323,952.48,0,0.0,133.19,32.4,61.19,75.59,650.11
500357,2025-03-13,1023,Seller 1023,Gold,Central,Home & Kitchen,1,5506.2,6674.4,0.1316,878.35,0,0.0,123.48,30.03,56.73,70.08,598.03
500358,2025-03-11,1073,Seller 1073,Bronze,Central,Electronics,2,4176.6,5458.8,0.1367,746.22,0,0.0,100.99,24.56,46.4,57.32,516.95
500359,2025-03-08,1023,Seller 1023,Gold,Central,Home & Kitchen,3,1794.0,6523.2,0.1283,836.93,1,6282.0,120.68,29.35,55.45,68.49,437.31
500360,2025-03-24,1017,Seller 1017,Gold,East,Electronics,3,4025.4,14638.2,0.1338,1958.59,0,0.0,270.81,65.87,124.42,153.7,1343.79
500361,2025-03-05,1019,Seller 1019,Gold,East,Sports,4,480.0,2327.4,0.125,290.93,0,0.0,43.06,10.47,19.78,24.44,193.17
500362,2025-03-22,1044,Seller 1044,Silver,East,Pet Supplies,2,1670.4,3099.0,0.1428,442.54,0,0.0,57.33,13.95,26.34,32.54,312.38
500363,2025-03-20,1041,Seller 1041,Silver,West,Apparel,3,1188.0,3305.4,0.1303,430.69,0,0.0,61.15,14.87,28.1,34.71,291.87
500364,2025-03-20,1023,Seller 1023,Gold,Central,Home & Kitchen,2,2133.0,5170.8,0.1273,658.24,0,0.0,95.66,23.27,43.95,54.29,441.07
500365,2025-03-20,1051,Seller 1051,Silver,East,Sports,3,1620.0,4508.4,0.1381,622.61,0,0.0,83.41,20.29,38.32,47.34,433.26
500366,2025-03-04,1014,Seller 1014,Gold,East,Home & Kitchen,2,2598.0,6298.8,0.1313,827.03,0,0.0,116.53,28.34,53.54,66.14,562.48
500367,2025-03-02,1043,Seller 1043,Silver,West,Sports,2,2555.4,4740.0,0.1176,557.42,0,0.0,87.69,21.33,40.29,49.77,358.34
500368,2025-03-19,1007,Seller 1007,Platinum,South,Home & Kitchen,2,1428.0,4666.8,0.1442,672.95,0,0.0,86.34,21.0,39.67,49.0,476.95
500369,2025-03-04,1049,Seller 1049,Silver,West,Home & Kitchen,1,5020.8,4657.2,0.1386,645.49,0,0.0,86.16,20.96,39.59,48.9,449.89
500370,2025-03-25,1005,Seller 1005,Platinum,East,Electronics,1,10255.800000000001,16755.6,0.1148,1923.54,0,0.0,309.98,75.4,142.42,175.93,1219.81
500371,2025-03-02,1010,Seller 1010,Platinum,West,Home & Kitchen,2,2356.2000000000003,7698.6,0.1373,1057.02,0,0.0,142.42,34.64,65.44,80.84,733.68
500372,2025-03-15,1056,Seller 1056,Bronze,West,Home & Kitchen,1,4657.799999999999,3043.8,0.1243,378.34,0,0.0,56.31,13.7,25.87,31.96,250.5
500373,2025-03-28,1071,Seller 1071,Bronze,Central,Sports,2,1995.6,2608.8,0.1228,320.36,1,2106.0,48.26,11.74,22.17,27.39,168.67
500374,2025-03-08,1063,Seller 1063,Bronze,West,Pet Supplies,1,3322.2,2171.4,0.1271,275.98,0,0.0,40.17,9.77,18.46,22.8,184.79
500375,2025-03-14,1013,Seller 1013,Gold,West,Electronics,2,4858.2,11777.4,0.115,1354.4,0,0.0,217.88,53.0,100.11,123.66,859.75
500376,2025-03-13,1061,Seller 1061,Bronze,Central,Electronics,2,4092.0,5348.4,0.1261,674.43,0,0.0,98.95,24.07,45.46,56.16,449.8
500377,2025-03-26,1024,Seller 1024,Gold,West,Pet Supplies,2,1838.4,4456.2,0.1254,558.81,0,0.0,82.44,20.05,37.88,46.79,371.65
500378,2025-03-28,1013,Seller 1013,Gold,West,Electronics,1,9422.4,11421.6,0.1363,1556.76,0,0.0,211.3,51.4,97.08,119.93,1077.06
500379,2025-03-11,1050,Seller 1050,Silver,East,Apparel,3,1179.6,3282.6,0.1305,428.38,0,0.0,60.73,14.77,27.9,34.47,290.51
500380,2025-03-21,1011,Seller 1011,Platinum,West,Electronics,2,4203.0,13733.4,0.1267,1740.02,0,0.0,254.07,61.8,116.73,144.2,1163.22
500381,2025-03-06,1019,Seller 1019,Gold,East,Apparel,2,1731.0,4196.4,0.1316,552.25,0,0.0,77.63,18.88,35.67,44.06,376.0
500382,2025-03-10,1006,Seller 1006,Platinum,East,Sports,3,1491.6,7309.2,0.1399,1022.56,0,0.0,135.22,32.89,62.13,76.75,715.57
500383,2025-03-31,1041,Seller 1041,Silver,West,Electronics,3,3361.2000000000003,9353.4,0.1262,1180.4,0,0.0,173.04,42.09,79.5,98.21,787.56
500384,2025-03-20,1002,Seller 1002,Platinum,Central,Sports,1,4227.0,6906.0,0.1187,819.74,0,0.0,127.76,31.08,58.7,72.51,529.69
500385,2025-03-10,1013,Seller 1013,Gold,West,Sports,2,1650.6000000000001,4001.4,0.1368,547.39,0,0.0,74.03,18.01,34.01,42.01,379.33
500386,2025-03-23,1050,Seller 1050,Silver,East,Electronics,1,8355.599999999999,7750.2,0.1171,907.55,0,0.0,143.38,34.88,65.88,81.38,582.04
500387,2025-03-30,1052,Seller 1052,Silver,Central,Pet Supplies,3,897.0,2495.4,0.1257,313.67,0,0.0,46.16,11.23,21.21,26.2,208.86
500388,2025-03-05,1048,Seller 1048,Silver,East,Electronics,2,3810.6,7069.2,0.1197,846.18,0,0.0,130.78,31.81,60.09,74.23,549.28
500389,2025-03-22,1030,Seller 1030,Gold,South,Pet Supplies,3,996.5999999999999,3623.4,0.1398,506.55,0,0.0,67.03,16.31,30.8,38.05,354.37
500390,2025-03-28,1012,Seller 1012,Platinum,East,Beauty,3,1262.3999999999999,6186.0,0.1508,932.85,0,0.0,114.44,27.84,52.58,64.95,673.04
500391,2025-03-30,1008,Seller 1008,Platinum,West,Electronics,3,3405.0,16690.2,0.1252,2089.61,0,0.0,308.77,75.11,141.87,175.25,1388.62
500392,2025-03-31,1073,Seller 1073,Bronze,Central,Electronics,3,4132.200000000001,8101.8,0.1331,1078.35,0,0.0,149.88,36.46,68.87,85.07,738.07
500393,2025-03-02,1047,Seller 1047,Silver,East,Sports,2,2952.0,5475.6,0.1281,701.42,0,0.0,101.3,24.64,46.54,57.49,471.45
500394,2025-03-07,1031,Seller 1031,Silver,West,Home & Kitchen,2,2322.6,4309.2,0.1439,620.09,0,0.0,79.72,19.39,36.63,45.25,439.11
500395,2025-03-08,1034,Seller 1034,Silver,Central,Pet Supplies,2,1591.8000000000002,2952.6,0.1212,357.86,0,0.0,54.62,13.29,25.1,31.0,233.85
500396,2025-03-26,1029,Seller 1029,Gold,West,Home & Kitchen,2,2179.7999999999997,5284.8,0.1328,701.82,0,0.0,97.77,23.78,44.92,55.49,479.86
500397,2025-03-11,1002,Seller 1002,Platinum,Central,Home & Kitchen,2,2639.4,8624.4,0.1422,1226.39,0,0.0,159.55,38.81,73.31,90.56,864.16
500398,2025-03-28,1036,Seller 1036,Silver,Central,Pet Supplies,2,1722.0,3194.4,0.126,402.49,0,0.0,59.1,14.37,27.15,33.54,268.33
500399,2025-03-22,1080,Seller 1080,Bronze,South,Beauty,3,1031.4,2022.6,0.1489,301.17,0,0.0,37.42,9.1,17.19,21.24,216.22
500400,2025-03-29,1077,Seller 1077,Bronze,South,Home & Kitchen,2,2639.4,3450.0,0.1245,429.52,0,0.0,63.82,15.52,29.33,36.23,284.62
500401,2025-03-30,1036,Seller 1036,Silver,Central,Pet Supplies,2,1048.8,1945.2,0.1272,247.43,0,0.0,35.99,8.75,16.53,20.42,165.73
500402,2025-03-11,1008,Seller 1008,Platinum,West,Sports,1,4741.2,7746.6,0.1194,924.94,0,0.0,143.31,34.86,65.85,81.34,599.59
500403,2025-03-25,1034,Seller 1034,Silver,Central,Apparel,2,1973.4,3660.6,0.125,457.57,0,0.0,67.72,16.47,31.12,38.44,303.83
500404,2025-03-07,1029,Seller 1029,Gold,West,Home & Kitchen,1,4578.6,5549.4,0.1456,807.99,0,0.0,102.66,24.97,47.17,58.27,574.92
500405,2025-03-07,1072,Seller 1072,Bronze,South,Home & Kitchen,2,2578.7999999999997,3370.2,0.1292,435.43,0,0.0,62.35,15.17,28.65,35.39,293.88
500406,2025-03-13,1043,Seller 1043,Silver,West,Sports,2,2535.6,4703.4,0.1369,643.9,0,0.0,87.01,21.17,39.98,49.39,446.35
500407,2025-03-21,1034,Seller 1034,Silver,Central,Sports,2,2321.3999999999996,4306.2,0.1173,505.12,0,0.0,79.66,19.38,36.6,45.22,324.26
500408,2025-03-29,1010,Seller 1010,Platinum,West,Home & Kitchen,2,2647.2,8649.0,0.1393,1204.81,0,0.0,160.01,38.92,73.52,90.81,841.55
500409,2025-03-12,1020,Seller 1020,Gold,West,Home & Kitchen,2,2844.0,6895.2,0.1367,942.57,0,0.0,127.56,31.03,58.61,72.4,652.98
500410,2025-03-08,1024,Seller 1024,Gold,West,Apparel,1,4623.6,5604.6,0.1155,647.33,0,0.0,103.69,25.22,47.64,58.85,411.94
500411,2025-03-15,1022,Seller 1022,Gold,East,Sports,3,2056.8,7479.6,0.1347,1007.5,0,0.0,138.37,33.66,63.58,78.54,693.36
500412,2025-03-30,1052,Seller 1052,Silver,Central,Pet Supplies,2,1563.6,2900.4,0.1328,385.17,0,0.0,53.66,13.05,24.65,30.45,263.36
500413,2025-03-13,1042,Seller 1042,Silver,East,Sports,3,2030.4,5650.2,0.131,740.18,0,0.0,104.53,25.43,48.03,59.33,502.87
500414,2025-03-11,1040,Seller 1040,Silver,West,Pet Supplies,1,3342.0,3100.2,0.124,384.42,0,0.0,57.35,13.95,26.35,32.55,254.22
500415,2025-03-30,1059,Seller 1059,Bronze,Central,Sports,1,4371.6,2856.6,0.1373,392.21,0,0.0,52.85,12.85,24.28,29.99,272.23
500416,2025-03-25,1063,Seller 1063,Bronze,West,Pet Supplies,3,1602.0,3141.0,0.142,446.02,0,0.0,58.11,14.13,26.7,32.98,314.1
500417,2025-03-14,1017,Seller 1017,Gold,East,Electronics,3,3013.2,10957.2,0.116,1271.04,0,0.0,202.71,49.31,93.14,115.05,810.83
500418,2025-03-15,1033,Seller 1033,Silver,South,Sports,5,1266.6,5875.2,0.1319,774.94,1,5055.0,108.69,26.44,49.94,61.69,427.08
500419,2025-03-11,1057,Seller 1057,Bronze,South,Electronics,1,8469.0,5534.4,0.1167,645.86,0,0.0,102.39,24.9,47.04,58.11,413.42
500420,2025-03-05,1054,Seller 1054,Silver,South,Home & Kitchen,2,2193.6000000000004,4069.8,0.1375,559.6,0,0.0,75.29,18.31,34.59,42.73,388.67
500421,2025-03-10,1066,Seller 1066,Bronze,South,Home & Kitchen,2,2590.8,3385.8,0.1256,425.26,0,0.0,62.64,15.24,28.78,35.55,283.05
500422,2025-03-31,1067,Seller 1067,Bronze,South,Beauty,2,1150.8,1504.2,0.1339,201.41,0,0.0,27.83,6.77,12.79,15.79,138.24
500423,2025-03-06,1062,Seller 1062,Bronze,West,Electronics,3,2917.8,5720.4,0.1348,771.11,0,0.0,105.83,25.74,48.62,60.06,530.85
500424,2025-03-11,1012,Seller 1012,Platinum,East,Electronics,2,4032.5999999999995,13177.2,0.1191,1569.4,0,0.0,243.78,59.3,112.01,138.36,1015.96
500425,2025-03-12,1034,Seller 1034,Silver,Central,Sports,3,1652.3999999999999,4599.0,0.1169,537.62,0,0.0,85.08,20.7,39.09,48.29,344.47
500426,2025-03-07,1055,Seller 1055,Bronze,Central,Pet Supplies,3,1276.2,2502.6,0.1211,303.06,0,0.0,46.3,11.26,21.27,26.28,197.96
500427,2025-03-07,1043,Seller 1043,Silver,West,Sports,1,4753.8,4409.4,0.1371,604.53,0,0.0,81.57,19.84,37.48,46.3,419.33
500428,2025-03-22,1015,Seller 1015,Gold,West,Pet Supplies,3,993.5999999999999,3612.0,0.1293,467.03,0,0.0,66.82,16.25,30.7,37.93,315.33
500429,2025-03-20,1022,Seller 1022,Gold,East,Sports,2,2160.6,5237.4,0.1386,725.9,0,0.0,96.89,23.57,44.52,54.99,505.93
500430,2025-03-30,1062,Seller 1062,Bronze,West,Pet Supplies,1,3250.2000000000003,2124.0,0.1387,294.6,0,0.0,39.29,9.56,18.05,22.3,205.39
500431,2025-03-02,1017,Seller 1017,Gold,East,Electronics,1,8808.6,10677.0,0.1236,1319.68,0,0.0,197.52,48.05,90.75,112.11,871.24
500432,2025-03-24,1068,Seller 1068,Bronze,South,Sports,2,2023.7999999999997,2644.8,0.1389,367.36,0,0.0,48.93,11.9,22.48,27.77,256.28
500433,2025-03-28,1080,Seller 1080,Bronze,South,Beauty,2,1184.3999999999999,1548.0,0.1413,218.73,0,0.0,28.64,6.97,13.16,16.25,153.72
500434,2025-03-29,1072,Seller 1072,Bronze,South,Sports,3,1696.2,3325.2,0.1198,398.36,0,0.0,61.52,14.96,28.26,34.91,258.7
500435,2025-03-22,1022,Seller 1022,Gold,East,Sports,1,4574.4,5544.6,0.1393,772.36,0,0.0,102.58,24.95,47.13,58.22,539.49
500436,2025-03-16,1049,Seller 1049,Silver,West,Home & Kitchen,2,2894.4,5369.4,0.1422,763.53,0,0.0,99.33,24.16,45.64,56.38,538.01
500437,2025-03-02,1041,Seller 1041,Silver,West,Apparel,1,3847.2000000000003,3568.8,0.1105,394.35,0,0.0,66.02,16.06,30.33,37.47,244.46
500438,2025-03-12,1012,Seller 1012,Platinum,East,Sports,1,3976.8,6497.4,0.1295,841.41,0,0.0,120.2,29.24,55.23,68.22,568.52
500439,2025-03-13,1047,Seller 1047,Silver,East,Home & Kitchen,3,1347.0,3747.6,0.1414,529.91,0,0.0,69.33,16.86,31.85,39.35,372.51
500440,2025-03-11,1058,Seller 1058,Bronze,East,Beauty,2,1170.6000000000001,1530.0,0.1412,216.04,0,0.0,28.3,6.88,13.01,16.07,151.78
500441,2025-03-25,1071,Seller 1071,Bronze,Central,Sports,2,2173.2,2840.4,0.1199,340.56,0,0.0,52.55,12.78,24.14,29.82,221.27
500442,2025-03-27,1053,Seller 1053,Silver,Central,Beauty,2,1232.3999999999999,2286.6,0.1553,355.11,0,0.0,42.3,10.29,19.44,24.01,259.07
500443,2025-03-26,1025,Seller 1025,Gold,Central,Pet Supplies,3,1201.8000000000002,4370.4,0.1422,621.47,0,0.0,80.85,19.67,37.15,45.89,437.91
500444,2025-03-19,1058,Seller 1058,Bronze,East,Beauty,1,2506.8,1638.0,0.1561,255.69,0,0.0,30.3,7.37,13.92,17.2,186.9
500445,2025-03-28,1056,Seller 1056,Bronze,West,Apparel,3,1035.0,2029.2,0.1298,263.39,0,0.0,37.54,9.13,17.25,21.31,178.16
500446,2025-03-21,1017,Seller 1017,Gold,East,Electronics,1,7905.599999999999,9583.2,0.1207,1156.69,0,0.0,177.29,43.12,81.46,100.62,754.2
500447,2025-03-24,1032,Seller 1032,Silver,West,Pet Supplies,4,630.0,2336.4,0.1309,305.83,0,0.0,43.22,10.51,19.86,24.53,207.71
500448,2025-03-08,1066,Seller 1066,Bronze,South,Home & Kitchen,2,1714.8,2241.0,0.1401,313.96,0,0.0,41.46,10.08,19.05,23.53,219.84
500449,2025-03-07,1027,Seller 1027,Gold,West,Apparel,2,2193.6000000000004,5317.8,0.1241,659.94,0,0.0,98.38,23.93,45.2,55.84,436.59
500450,2025-03-23,1065,Seller 1065,Bronze,South,Home & Kitchen,1,4450.2,2908.2,0.1413,410.93,0,0.0,53.8,13.09,24.72,30.54,288.78
500451,2025-03-14,1054,Seller 1054,Silver,South,Home & Kitchen,3,1339.2,3726.6,0.1441,537.0,1,2228.4,68.94,16.77,31.68,39.13,335.92
500452,2025-03-06,1019,Seller 1019,Gold,East,Apparel,3,1364.3999999999999,4961.4,0.1269,629.6,0,0.0,91.79,22.33,42.17,52.09,421.22
500453,2025-03-29,1008,Seller 1008,Platinum,West,Electronics,2,5468.4,17868.0,0.1138,2033.38,0,0.0,330.56,80.41,151.88,187.61,1282.92
500454,2025-03-24,1072,Seller 1072,Bronze,South,Pet Supplies,2,1362.0,1780.2,0.1323,235.52,0,0.0,32.93,8.01,15.13,18.69,160.75
500455,2025-03-08,1007,Seller 1007,Platinum,South,Apparel,1,4110.6,6716.4,0.1244,835.52,1,5941.2,124.25,30.22,57.09,70.52,434.61
500456,2025-03-19,1080,Seller 1080,Bronze,South,Apparel,3,687.0,1347.0,0.1249,168.24,0,0.0,24.92,6.06,11.45,14.14,111.67
500457,2025-03-07,1078,Seller 1078,Bronze,East,Home & Kitchen,2,2205.0,2881.8,0.1338,385.58,0,0.0,53.31,12.97,24.5,30.26,264.55
500458,2025-03-02,1066,Seller 1066,Bronze,South,Home & Kitchen,3,1720.2,3373.2,0.1293,436.15,0,0.0,62.4,15.18,28.67,35.42,294.48
500459,2025-03-22,1043,Seller 1043,Silver,West,Sports,2,2240.4,4155.6,0.1383,574.72,0,0.0,76.88,18.7,35.32,43.63,400.18
500460,2025-03-09,1079,Seller 1079,Bronze,South,Beauty,1,2656.2000000000003,1735.8,0.1416,245.79,0,0.0,32.11,7.81,14.75,18.23,172.89
500461,2025-03-30,1024,Seller 1024,Gold,West,Pet Supplies,2,1416.6,3434.4,0.133,456.78,0,0.0,63.54,15.45,29.19,36.06,312.53
500462,2025-03-19,1028,Seller 1028,Gold,Central,Sports,2,2545.8,6171.0,0.1388,856.53,0,0.0,114.16,27.77,52.45,64.8,597.35
500463,2025-03-03,1002,Seller 1002,Platinum,Central,Home & Kitchen,2,2700.6,8823.6,0.1384,1221.19,0,0.0,163.24,39.71,75.0,92.65,850.6
500464,2025-03-26,1042,Seller 1042,Silver,East,Pet Supplies,2,1442.3999999999999,2676.6,0.1262,337.79,1,2094.6,49.52,12.04,22.75,28.1,183.48
500465,2025-03-04,1048,Seller 1048,Silver,East,Electronics,1,8655.599999999999,8028.6,0.1201,964.23,0,0.0,148.53,36.13,68.24,84.3,627.03
500466,2025-04-25,1013,Seller 1013,Gold,West,Electronics,3,2665.2000000000003,9152.4,0.1132,1036.05,0,0.0,169.32,41.19,77.8,96.1,651.65
500467,2025-04-14,1028,Seller 1028,Gold,Central,Apparel,2,1741.2,3985.8,0.1279,509.78,0,0.0,73.74,17.94,33.88,41.85,342.38
500468,2025-04-09,1010,Seller 1010,Platinum,West,Home & Kitchen,4,1323.0,8164.2,0.1239,1011.54,0,0.0,151.04,36.74,69.4,85.72,668.65
500469,2025-04-11,1072,Seller 1072,Bronze,South,Home & Kitchen,3,860.4,1593.0,0.1328,211.55,0,0.0,29.47,7.17,13.54,16.73,144.64
500470,2025-04-02,1003,Seller 1003,Platinum,East,Pet Supplies,2,1578.6,4870.2,0.1373,668.68,0,0.0,90.1,21.92,41.4,51.14,464.13
500471,2025-04-30,1010,Seller 1010,Platinum,West,Home & Kitchen,1,4914.0,7581.6,0.1395,1057.63,0,0.0,140.26,34.12,64.44,79.61,739.21
500472,2025-04-26,1057,Seller 1057,Bronze,South,Electronics,2,4193.4,5175.6,0.1168,604.51,0,0.0,95.75,23.29,43.99,54.34,387.13
500473,2025-04-21,1070,Seller 1070,Bronze,West,Electronics,2,3913.2,4829.4,0.1343,648.59,0,0.0,89.34,21.73,41.05,50.71,445.75
500474,2025-04-18,1048,Seller 1048,Silver,East,Electronics,1,8407.8,7364.4,0.116,854.27,0,0.0,136.24,33.14,62.6,77.33,544.97
500475,2025-04-28,1071,Seller 1071,Bronze,Central,Beauty,2,1656.6,2044.2,0.1504,307.45,0,0.0,37.82,9.2,17.38,21.46,221.59
500476,2025-04-19,1066,Seller 1066,Bronze,South,Home & Kitchen,3,2139.0,3960.0,0.1291,511.24,0,0.0,73.26,17.82,33.66,41.58,344.92
500477,2025-04-24,1007,Seller 1007,Platinum,South,Sports,1,4671.0,7206.6,0.123,886.41,0,0.0,133.32,32.43,61.26,75.67,583.73
500478,2025-04-29,1075,Seller 1075,Bronze,East,Electronics,2,4668.6,5761.8,0.1287,741.54,0,0.0,106.59,25.93,48.98,60.5,499.55
500479,2025-04-12,1025,Seller 1025,Gold,Central,Pet Supplies,1,3225.6,3691.8,0.1273,469.97,0,0.0,68.3,16.61,31.38,38.76,314.91
500480,2025-04-27,1041,Seller 1041,Silver,West,Home & Kitchen,3,1648.8,4333.2,0.1283,555.95,0,0.0,80.16,19.5,36.83,45.5,373.96
500481,2025-04-18,1047,Seller 1047,Silver,East,Sports,2,1536.0,2691.0,0.1271,342.03,0,0.0,49.78,12.11,22.87,28.26,229.0
500482,2025-04-09,1014,Seller 1014,Gold,East,Apparel,1,3473.4,3976.2,0.1286,511.34,0,0.0,73.56,17.89,33.8,41.75,344.34
500483,2025-04-25,1010,Seller 1010,Platinum,West,Home & Kitchen,3,1159.8,5366.4,0.1382,741.64,0,0.0,99.28,24.15,45.61,56.35,516.25
500484,2025-04-05,1076,Seller 1076,Bronze,Central,Home & Kitchen,3,1710.0,3165.6,0.1445,457.43,0,0.0,58.56,14.25,26.91,33.24,324.47
500485,2025-04-03,1047,Seller 1047,Silver,East,Sports,3,1213.1999999999998,3187.8,0.1366,435.45,0,0.0,58.97,14.35,27.1,33.47,301.57
500486,2025-04-25,1051,Seller 1051,Silver,East,Sports,3,1537.8,4041.0,0.1391,562.1,0,0.0,74.76,18.18,34.35,42.43,392.38
500487,2025-04-24,1066,Seller 1066,Bronze,South,Home & Kitchen,3,2068.2,3829.2,0.1366,523.07,0,0.0,70.84,17.23,32.55,40.21,362.24
500488,2025-04-30,1062,Seller 1062,Bronze,West,Electronics,2,5139.599999999999,6343.2,0.1145,726.3,1,4078.8,117.35,28.54,53.92,66.6,378.31
500489,2025-04-17,1047,Seller 1047,Silver,East,Sports,4,768.6,2691.6,0.117,314.92,0,0.0,49.79,12.11,22.88,28.26,201.87
500490,2025-04-29,1036,Seller 1036,Silver,Central,Beauty,1,2509.7999999999997,2198.4,0.142,312.17,0,0.0,40.67,9.89,18.69,23.08,219.84
500491,2025-04-16,1010,Seller 1010,Platinum,West,Home & Kitchen,1,5521.8,8518.8,0.1354,1153.45,0,0.0,157.6,38.33,72.41,89.45,795.66
500492,2025-04-07,1062,Seller 1062,Bronze,West,Electronics,2,4345.8,5363.4,0.117,627.52,0,0.0,99.22,24.14,45.59,56.32,402.25
500493,2025-04-24,1020,Seller 1020,Gold,West,Home & Kitchen,1,5396.4,6177.0,0.1258,777.07,0,0.0,114.27,27.8,52.5,64.86,517.63
500494,2025-04-19,1015,Seller 1015,Gold,West,Pet Supplies,1,3142.8,3597.6,0.1239,445.74,1,2048.4,66.56,16.19,30.58,37.77,253.68
500495,2025-04-06,1076,Seller 1076,Bronze,Central,Home & Kitchen,2,2379.0,2936.4,0.1367,401.41,0,0.0,54.32,13.21,24.96,30.83,278.08
500496,2025-04-03,1067,Seller 1067,Bronze,South,Sports,3,1420.2,2629.2,0.1371,360.46,0,0.0,48.64,11.83,22.35,27.61,250.04
500497,2025-04-26,1028,Seller 1028,Gold,Central,Sports,4,1107.0,5067.0,0.1201,608.55,0,0.0,93.74,22.8,43.07,53.2,395.73
500498,2025-04-20,1075,Seller 1075,Bronze,East,Home & Kitchen,1,4591.2,2833.2,0.127,359.82,0,0.0,52.41,12.75,24.08,29.75,240.82
500499,2025-04-22,1076,Seller 1076,Bronze,Central,Home & Kitchen,2,2605.2000000000003,3215.4,0.1234,396.78,0,0.0,59.48,14.47,27.33,33.76,261.73
500500,2025-04-17,1054,Seller 1054,Silver,South,Sports,3,1755.6000000000001,4614.0,0.1308,603.51,0,0.0,85.36,20.76,39.22,48.45,409.72
500501,2025-04-22,1016,Seller 1016,Gold,West,Sports,1,3897.5999999999995,4461.6,0.1289,575.1,0,0.0,82.54,20.08,37.92,46.85,387.71
500502,2025-04-26,1056,Seller 1056,Bronze,West,Apparel,2,1986.6,2451.6,0.1207,295.91,0,0.0,45.35,11.03,20.84,25.74,192.94
500503,2025-04-09,1049,Seller 1049,Silver,West,Home & Kitchen,3,830.4,2182.8,0.1431,312.36,0,0.0,40.38,9.82,18.55,22.92,220.68
500504,2025-04-26,1062,Seller 1062,Bronze,West,Electronics,2,5743.2,7088.4,0.1228,870.46,0,0.0,131.14,31.9,60.25,74.43,572.74
500505,2025-04-12,1001,Seller 1001,Platinum,East,Electronics,2,4406.4,13596.0,0.1287,1749.81,0,0.0,251.53,61.18,115.57,142.76,1178.77
500506,2025-04-09,1014,Seller 1014,Gold,East,Apparel,2,1728.6,3957.0,0.1285,508.47,0,0.0,73.2,17.81,33.63,41.55,342.28
500507,2025-04-10,1051,Seller 1051,Silver,East,Apparel,1,3714.0,3253.2,0.1123,365.33,0,0.0,60.18,14.64,27.65,34.16,228.7
500508,2025-04-15,1074,Seller 1074,Bronze,East,Electronics,2,3258.6000000000004,4021.8,0.1335,536.91,0,0.0,74.4,18.1,34.19,42.23,367.99
500509,2025-04-02,1021,Seller 1021,Gold,Central,Pet Supplies,1,3097.2,3544.8,0.1392,493.44,0,0.0,65.58,15.95,30.13,37.22,344.55
500510,2025-04-03,1021,Seller 1021,Gold,Central,Pet Supplies,1,2780.4,3182.4,0.1398,444.9,0,0.0,58.87,14.32,27.05,33.42,311.24
500511,2025-04-21,1009,Seller 1009,Platinum,Central,Pet Supplies,1,3368.4,5196.0,0.1374,713.93,0,0.0,96.13,23.38,44.17,54.56,495.7
500512,2025-04-01,1067,Seller 1067,Bronze,South,Beauty,2,1303.1999999999998,1608.6,0.1516,243.86,0,0.0,29.76,7.24,13.67,16.89,176.3
500513,2025-04-06,1026,Seller 1026,Gold,East,Sports,2,2373.0,5432.4,0.1304,708.38,0,0.0,100.5,24.45,46.18,57.04,480.22
500514,2025-04-22,1005,Seller 1005,Platinum,East,Electronics,1,7131.0,11001.0,0.1151,1266.22,0,0.0,203.52,49.5,93.51,115.51,804.17
500515,2025-04-24,1051,Seller 1051,Silver,East,Sports,2,2341.2000000000003,4101.0,0.1329,545.02,0,0.0,75.87,18.45,34.86,43.06,372.78
500516,2025-04-13,1072,Seller 1072,Bronze,South,Beauty,1,2958.0,1825.2,0.1384,252.61,0,0.0,33.77,8.21,15.51,19.16,175.95
500517,2025-04-04,1074,Seller 1074,Bronze,East,Electronics,3,3636.6,6733.2,0.1264,851.08,0,0.0,124.56,30.3,57.23,70.7,568.28
500518,2025-04-25,1066,Seller 1066,Bronze,South,Sports,3,1080.0,1999.2,0.1327,265.29,0,0.0,36.99,9.0,16.99,20.99,181.33
500519,2025-04-13,1032,Seller 1032,Silver,West,Apparel,1,3245.4,2842.2,0.1287,365.79,0,0.0,52.58,12.79,24.16,29.84,246.42
500520,2025-04-08,1029,Seller 1029,Gold,West,Home & Kitchen,2,2800.2000000000003,6410.4,0.1459,935.28,1,5926.2,118.59,28.85,54.49,67.31,547.52
500521,2025-04-12,1037,Seller 1037,Silver,East,Apparel,1,3334.2,2920.8,0.1098,320.7,0,0.0,54.03,13.14,24.83,30.67,198.03
500522,2025-04-08,1028,Seller 1028,Gold,Central,Beauty,3,1198.8,4117.2,0.1553,639.4,0,0.0,76.17,18.53,35.0,43.23,466.48
500523,2025-04-04,1031,Seller 1031,Silver,West,Home & Kitchen,2,3201.0,5607.0,0.1431,802.36,0,0.0,103.73,25.23,47.66,58.87,566.87
500524,2025-04-20,1011,Seller 1011,Platinum,West,Electronics,1,7878.6,12154.8,0.1313,1595.93,1,9322.8,224.86,54.7,103.32,127.63,898.97
500525,2025-04-30,1041,Seller 1041,Silver,West,Apparel,4,900.0,3152.4,0.1289,406.34,0,0.0,58.32,14.19,26.8,33.1,273.94
500526,2025-04-18,1066,Seller 1066,Bronze,South,Home & Kitchen,2,2968.2,3663.6,0.1243,455.39,0,0.0,67.78,16.49,31.14,38.47,301.51
500527,2025-04-15,1005,Seller 1005,Platinum,East,Electronics,1,9356.4,14434.8,0.1172,1691.76,0,0.0,267.04,64.96,122.7,151.57,1085.5
500528,2025-04-09,1041,Seller 1041,Silver,West,Apparel,3,1295.4,3404.4,0.1219,415.0,0,0.0,62.98,15.32,28.94,35.75,272.01
500529,2025-04-07,1024,Seller 1024,Gold,West,Pet Supplies,2,1840.8,4214.4,0.1347,567.68,0,0.0,77.97,18.96,35.82,44.25,390.67
500530,2025-04-19,1054,Seller 1054,Silver,South,Home & Kitchen,1,5475.6,4795.8,0.1297,622.02,0,0.0,88.72,21.58,40.76,50.36,420.59
500531,2025-04-24,1030,Seller 1030,Gold,South,Pet Supplies,2,1741.8000000000002,3987.0,0.1304,519.9,0,0.0,73.76,17.94,33.89,41.86,352.45
500532,2025-04-18,1020,Seller 1020,Gold,West,Home & Kitchen,3,1665.0,5718.0,0.1262,721.61,0,0.0,105.78,25.73,48.6,60.04,481.46
500533,2025-04-07,1041,Seller 1041,Silver,West,Beauty,2,1737.6000000000001,3043.8,0.1341,408.17,0,0.0,56.31,13.7,25.87,31.96,280.33
500534,2025-04-30,1033,Seller 1033,Silver,South,Beauty,1,2472.0,2164.8,0.141,305.24,0,0.0,40.05,9.74,18.4,22.73,214.32
500535,2025-04-21,1033,Seller 1033,Silver,South,Beauty,1,2743.2,2403.0,0.1493,358.77,0,0.0,44.46,10.81,20.43,25.23,257.84
500536,2025-04-29,1069,Seller 1069,Bronze,East,Electronics,2,3709.7999999999997,4578.6,0.1292,591.56,0,0.0,84.7,20.6,38.92,48.08,399.25
500537,2025-04-11,1011,Seller 1011,Platinum,West,Electronics,2,5308.2,16377.6,0.1165,1907.99,0,0.0,302.99,73.7,139.21,171.96,1220.13
500538,2025-04-11,1054,Seller 1054,Silver,South,Home & Kitchen,1,4587.0,4017.6,0.1247,500.99,0,0.0,74.33,18.08,34.15,42.18,332.26
500539,2025-04-24,1038,Seller 1038,Silver,South,Sports,1,4335.0,3796.8,0.1373,521.3,0,0.0,70.24,17.09,32.27,39.87,361.84
500540,2025-04-09,1076,Seller 1076,Bronze,Central,Home & Kitchen,2,2533.2,3126.6,0.1435,448.67,0,0.0,57.84,14.07,26.58,32.83,317.35
500541,2025-04-25,1011,Seller 1011,Platinum,West,Electronics,2,4537.799999999999,14002.2,0.1355,1897.3,0,0.0,259.04,63.01,119.02,147.02,1309.21
500542,2025-04-13,1051,Seller 1051,Silver,East,Sports,3,1515.6000000000001,3982.8,0.1308,520.95,0,0.0,73.68,17.92,33.85,41.82,353.67
500543,2025-04-02,1040,Seller 1040,Silver,West,Pet Supplies,2,1290.6000000000001,2260.8,0.123,278.08,0,0.0,41.82,10.17,19.22,23.74,183.12
500544,2025-04-05,1046,Seller 1046,Silver,Central,Beauty,3,701.4,1843.2,0.1539,283.67,0,0.0,34.1,8.29,15.67,19.35,206.25
500545,2025-04-21,1070,Seller 1070,Bronze,West,Electronics,1,8134.2,5019.6,0.1283,644.01,0,0.0,92.86,22.59,42.67,52.71,433.19
500546,2025-04-09,1069,Seller 1069,Bronze,East,Electronics,1,9410.4,5807.4,0.1323,768.32,0,0.0,107.44,26.13,49.36,60.98,524.41
500547,2025-04-01,1020,Seller 1020,Gold,West,Home & Kitchen,4,1230.6000000000001,5633.4,0.1434,807.83,0,0.0,104.22,25.35,47.88,59.15,571.23
500548,2025-04-18,1063,Seller 1063,Bronze,West,Apparel,2,2418.0,2984.4,0.1272,379.62,0,0.0,55.21,13.43,25.37,31.34,254.27
500549,2025-04-27,1048,Seller 1048,Silver,East,Electronics,3,2396.3999999999996,6297.6,0.119,749.41,0,0.0,116.51,28.34,53.53,66.12,484.92
500550,2025-04-23,1049,Seller 1049,Silver,West,Home & Kitchen,3,1903.1999999999998,5001.0,0.1354,677.14,0,0.0,92.52,22.5,42.51,52.51,467.09
500551,2025-04-10,1035,Seller 1035,Silver,East,Electronics,2,3085.2000000000003,5404.8,0.1229,664.25,0,0.0,99.99,24.32,45.94,56.75,437.25
500552,2025-04-18,1015,Seller 1015,Gold,West,Pet Supplies,2,1425.6000000000001,3264.0,0.1349,440.31,1,1868.4,60.38,14.69,27.74,34.27,265.86
500553,2025-04-05,1003,Seller 1003,Platinum,East,Pet Supplies,3,1158.6,5361.6,0.1372,735.61,0,0.0,99.19,24.13,45.57,56.3,510.42
500554,2025-04-26,1002,Seller 1002,Platinum,Central,Home & Kitchen,2,2745.0,8469.6,0.1422,1204.38,0,0.0,156.69,38.11,71.99,88.93,848.65
500555,2025-04-16,1005,Seller 1005,Platinum,East,Electronics,3,1474.2,6823.8,0.1143,779.96,0,0.0,126.24,30.71,58.0,71.65,493.36
500556,2025-04-08,1024,Seller 1024,Gold,West,Pet Supplies,3,654.0,2245.2,0.1399,314.1,0,0.0,41.54,10.1,19.08,23.57,219.81
500557,2025-04-22,1050,Seller 1050,Silver,East,Apparel,2,2911.2000000000003,5100.0,0.1128,575.28,0,0.0,94.35,22.95,43.35,53.55,361.08
500558,2025-04-17,1027,Seller 1027,Gold,West,Apparel,2,1678.8,3842.4,0.1158,444.95,1,3734.4,71.08,17.29,32.66,40.35,208.88
500559,2025-04-04,1016,Seller 1016,Gold,West,Sports,2,2094.6,4794.6,0.1373,658.3,0,0.0,88.7,21.58,40.75,50.34,456.93
500560,2025-04-01,1031,Seller 1031,Silver,West,Home & Kitchen,2,2672.4,4681.8,0.1296,606.76,0,0.0,86.61,21.07,39.8,49.16,410.13
500561,2025-04-16,1006,Seller 1006,Platinum,East,Sports,2,1761.0,5433.6,0.1197,650.4,0,0.0,100.52,24.45,46.19,57.05,422.19
500562,2025-04-05,1012,Seller 1012,Platinum,East,Beauty,1,3114.6,4804.8,0.1512,726.49,0,0.0,88.89,21.62,40.84,50.45,524.68
500563,2025-04-29,1069,Seller 1069,Bronze,East,Home & Kitchen,1,4946.4,3052.2,0.1364,416.32,0,0.0,56.47,13.73,25.94,32.05,288.13
500564,2025-04-18,1057,Seller 1057,Bronze,South,Electronics,3,2990.4,5536.8,0.1304,722.0,1,4806.0,102.43,24.92,47.06,58.14,393.33
500565,2025-04-28,1038,Seller 1038,Silver,South,Sports,1,4589.4,4020.0,0.129,518.58,0,0.0,74.37,18.09,34.17,42.21,349.74
500566,2025-04-15,1077,Seller 1077,Bronze,South,Sports,3,1899.6,3516.6,0.1268,445.9,0,0.0,65.06,15.82,29.89,36.92,298.21
500567,2025-04-08,1001,Seller 1001,Platinum,East,Sports,2,2440.8,7531.8,0.1164,876.7,0,0.0,139.34,33.89,64.02,79.08,560.37
500568,2025-04-18,1042,Seller 1042,Silver,East,Pet Supplies,1,2859.6,2504.4,0.1293,323.82,0,0.0,46.33,11.27,21.29,26.3,218.63
500569,2025-04-27,1020,Seller 1020,Gold,West,Home & Kitchen,2,2965.8,6789.6,0.1257,853.45,0,0.0,125.61,30.55,57.71,71.29,568.29
500570,2025-04-13,1017,Seller 1017,Gold,East,Electronics,3,2964.6,10180.2,0.1176,1197.19,0,0.0,188.33,45.81,86.53,106.89,769.62
500571,2025-04-30,1063,Seller 1063,Bronze,West,Pet Supplies,2,1377.0,1699.2,0.1288,218.86,0,0.0,31.44,7.65,14.44,17.84,147.49
500572,2025-04-24,1027,Seller 1027,Gold,West,Apparel,4,707.4,3240.0,0.1192,386.21,0,0.0,59.94,14.58,27.54,34.02,250.13
500573,2025-04-03,1054,Seller 1054,Silver,South,Pet Supplies,3,1164.0,3058.2,0.1327,405.82,0,0.0,56.58,13.76,25.99,32.11,277.38
500574,2025-04-19,1028,Seller 1028,Gold,Central,Electronics,3,3199.7999999999997,10987.2,0.1222,1342.64,0,0.0,203.26,49.44,93.39,115.37,881.17
500575,2025-04-23,1023,Seller 1023,Gold,Central,Home & Kitchen,1,4687.200000000001,5365.2,0.1414,758.64,0,0.0,99.26,24.14,45.6,56.33,533.3
500576,2025-04-20,1055,Seller 1055,Bronze,Central,Home & Kitchen,2,1980.0,2443.8,0.1351,330.16,0,0.0,45.21,11.0,20.77,25.66,227.52
500577,2025-04-27,1057,Seller 1057,Bronze,South,Beauty,1,2418.0,1492.2,0.1533,228.75,0,0.0,27.61,6.71,12.68,15.67,166.08
500578,2025-04-15,1042,Seller 1042,Silver,East,Pet Supplies,2,1492.8,2615.4,0.1384,361.97,0,0.0,48.38,11.77,22.23,27.46,252.12
500579,2025-04-10,1058,Seller 1058,Bronze,East,Electronics,2,2385.6,2944.2,0.1273,374.8,0,0.0,54.47,13.25,25.03,30.91,251.14
500580,2025-04-09,1001,Seller 1001,Platinum,East,Electronics,2,5698.2,17581.8,0.1135,1995.53,0,0.0,325.26,79.12,149.45,184.61,1257.1
500581,2025-04-09,1071,Seller 1071,Bronze,Central,Sports,1,4356.0,2688.0,0.1183,317.99,0,0.0,49.73,12.1,22.85,28.22,205.09
500582,2025-04-24,1047,Seller 1047,Silver,East,Home & Kitchen,2,3174.6,5560.8,0.1252,696.21,0,0.0,102.87,25.02,47.27,58.39,462.66
500583,2025-04-30,1010,Seller 1010,Platinum,West,Home & Kitchen,2,2226.0,6868.8,0.1428,980.86,0,0.0,127.07,30.91,58.38,72.12,692.38
500584,2025-04-12,1013,Seller 1013,Gold,West,Electronics,2,5421.6,12411.0,0.1268,1573.71,1,11131.8,229.6,55.85,105.49,130.32,829.82
500585,2025-04-01,1056,Seller 1056,Bronze,West,Apparel,3,822.0,1522.2,0.1134,172.62,0,0.0,28.16,6.85,12.94,15.98,108.69
500586,2025-04-05,1049,Seller 1049,Silver,West,Home & Kitchen,1,4867.200000000001,4263.0,0.1366,582.33,0,0.0,78.87,19.18,36.24,44.76,403.28
500587,2025-04-14,1007,Seller 1007,Platinum,South,Home & Kitchen,4,1212.6000000000001,7483.2,0.1411,1055.88,0,0.0,138.44,33.67,63.61,78.57,741.59
500588,2025-04-03,1038,Seller 1038,Silver,South,Home & Kitchen,2,2580.6,4520.4,0.1367,617.94,0,0.0,83.63,20.34,38.42,47.46,428.08
500589,2025-04-21,1052,Seller 1052,Silver,Central,Pet Supplies,2,1429.8,2504.4,0.1232,308.54,0,0.0,46.33,11.27,21.29,26.3,203.36
500590,2025-04-11,1074,Seller 1074,Bronze,East,Electronics,1,7944.0,4902.0,0.1189,582.85,0,0.0,90.69,22.06,41.67,51.47,376.96
500591,2025-04-01,1074,Seller 1074,Bronze,East,Electronics,2,3706.2000000000003,4573.8,0.1214,555.26,0,0.0,84.62,20.58,38.88,48.02,363.16
500592,2025-04-30,1040,Seller 1040,Silver,West,Pet Supplies,1,3495.6,3061.8,0.1393,426.51,0,0.0,56.64,13.78,26.03,32.15,297.91
500593,2025-04-20,1030,Seller 1030,Gold,South,Pet Supplies,1,3419.4,3913.8,0.1405,549.89,0,0.0,72.41,17.61,33.27,41.09,385.51
500594,2025-04-07,1019,Seller 1019,Gold,East,Beauty,3,907.8000000000001,3118.2,0.1357,423.14,0,0.0,57.69,14.03,26.5,32.74,292.18
500595,2025-04-23,1069,Seller 1069,Bronze,East,Electronics,1,8366.4,5163.0,0.1262,651.57,0,0.0,95.52,23.23,43.89,54.21,434.72
500596,2025-04-23,1003,Seller 1003,Platinum,East,Pet Supplies,3,870.0,4026.6,0.1261,507.75,0,0.0,74.49,18.12,34.23,42.28,338.64
500597,2025-04-30,1080,Seller 1080,Bronze,South,Beauty,1,2751.0,1698.0,0.1346,228.55,0,0.0,31.41,7.64,14.43,17.83,157.23
500598,2025-04-23,1047,Seller 1047,Silver,East,Electronics,2,5742.0,10058.4,0.1223,1230.14,0,0.0,186.08,45.26,85.5,105.61,807.69
500599,2025-04-30,1013,Seller 1013,Gold,West,Apparel,3,998.9999999999999,3430.8,0.1125,385.97,0,0.0,63.47,15.44,29.16,36.02,241.87
500600,2025-04-12,1003,Seller 1003,Platinum,East,Pet Supplies,3,940.2,4351.2,0.1318,573.49,1,3733.2,80.5,19.58,36.99,45.69,316.07
500601,2025-04-29,1039,Seller 1039,Silver,East,Pet Supplies,3,999.6,2627.4,0.1395,366.52,0,0.0,48.61,11.82,22.33,27.59,256.17
500602,2025-04-17,1004,Seller 1004,Platinum,East,Beauty,2,1510.8,4662.0,0.1424,663.87,0,0.0,86.25,20.98,39.63,48.95,468.06
500603,2025-04-11,1079,Seller 1079,Bronze,South,Pet Supplies,2,1743.0,2151.6,0.1237,266.15,0,0.0,39.8,9.68,18.29,22.59,175.79
500604,2025-04-10,1058,Seller 1058,Bronze,East,Beauty,2,1431.0,1766.4,0.146,257.89,0,0.0,32.68,7.95,15.01,18.55,183.71
500605,2025-04-11,1068,Seller 1068,Bronze,South,Apparel,5,745.2,2299.8,0.1115,256.43,0,0.0,42.55,10.35,19.55,24.15,159.84
500606,2025-04-25,1009,Seller 1009,Platinum,Central,Pet Supplies,3,1000.2,4629.6,0.1276,590.74,0,0.0,85.65,20.83,39.35,48.61,396.29
500607,2025-04-24,1041,Seller 1041,Silver,West,Apparel,3,1216.8000000000002,3198.0,0.1259,402.63,0,0.0,59.16,14.39,27.18,33.58,268.31
500608,2025-04-20,1036,Seller 1036,Silver,Central,Pet Supplies,2,1682.3999999999999,2947.8,0.1206,355.5,0,0.0,54.53,13.27,25.06,30.95,231.7
500609,2025-04-05,1073,Seller 1073,Bronze,Central,Electronics,2,4063.2,5014.8,0.1136,569.68,0,0.0,92.77,22.57,42.63,52.66,359.06
500610,2025-04-07,1065,Seller 1065,Bronze,South,Apparel,2,1631.4,2013.0,0.1285,258.67,0,0.0,37.24,9.06,17.11,21.14,174.12
500611,2025-04-07,1029,Seller 1029,Gold,West,Home & Kitchen,2,2391.6,5475.6,0.1295,709.09,0,0.0,101.3,24.64,46.54,57.49,479.12
500612,2025-04-15,1027,Seller 1027,Gold,West,Apparel,4,564.6,2583.6,0.1288,332.77,0,0.0,47.8,11.63,21.96,27.13,224.26
500613,2025-04-24,1032,Seller 1032,Silver,West,Pet Supplies,2,1222.8,2142.6,0.1398,299.54,0,0.0,39.64,9.64,18.21,22.5,209.55
500614,2025-04-27,1074,Seller 1074,Bronze,East,Electronics,1,8475.599999999999,5230.2,0.1319,689.86,0,0.0,96.76,23.54,44.46,54.92,470.19
500615,2025-04-21,1006,Seller 1006,Platinum,East,Home & Kitchen,1,4873.8,7519.2,0.1406,1057.2,0,0.0,139.11,33.84,63.91,78.95,741.39
500616,2025-04-10,1007,Seller 1007,Platinum,South,Home & Kitchen,1,5223.0,8058.0,0.1416,1141.01,0,0.0,149.07,36.26,68.49,84.61,802.58
500617,2025-04-04,1079,Seller 1079,Bronze,South,Pet Supplies,2,1545.0,1907.4,0.1399,266.85,0,0.0,35.29,8.58,16.21,20.03,186.73
500618,2025-04-29,1024,Seller 1024,Gold,West,Pet Supplies,1,3048.0,3489.0,0.1278,445.89,0,0.0,64.55,15.7,29.66,36.63,299.36
500619,2025-04-04,1026,Seller 1026,Gold,East,Electronics,2,5418.0,12402.6,0.1348,1671.87,0,0.0,229.45,55.81,105.42,130.23,1150.96
500620,2025-04-17,1012,Seller 1012,Platinum,East,Beauty,1,2702.4,4169.4,0.1456,607.06,0,0.0,77.13,18.76,35.44,43.78,431.95
500621,2025-05-28,1079,Seller 1079,Bronze,South,Apparel,2,1891.2,2203.2,0.1121,246.98,0,0.0,40.76,9.91,18.73,23.13,154.44
500622,2025-05-15,1020,Seller 1020,Gold,West,Home & Kitchen,3,2171.3999999999996,7038.0,0.1242,874.12,0,0.0,130.2,31.67,59.82,73.9,578.52
500623,2025-05-15,1037,Seller 1037,Silver,East,Apparel,2,2029.8,3356.4,0.1129,378.94,0,0.0,62.09,15.1,28.53,35.24,237.97
500624,2025-05-15,1064,Seller 1064,Bronze,Central,Sports,3,1053.0,1839.6,0.1278,235.1,0,0.0,34.03,8.28,15.64,19.32,157.84
500625,2025-05-27,1053,Seller 1053,Silver,Central,Beauty,2,1305.6000000000001,2158.8,0.1542,332.89,0,0.0,39.94,9.71,18.35,22.67,242.22
500626,2025-05-27,1027,Seller 1027,Gold,West,Apparel,3,1638.6,5311.8,0.1089,578.46,0,0.0,98.27,23.9,45.15,55.77,355.36
500627,2025-05-20,1078,Seller 1078,Bronze,East,Home & Kitchen,2,2400.0,2796.0,0.133,371.87,0,0.0,51.73,12.58,23.77,29.36,254.44
500628,2025-05-11,1077,Seller 1077,Bronze,South,Home & Kitchen,1,4530.0,2638.2,0.141,371.99,1,2363.4,48.81,11.87,22.42,27.7,213.91
500629,2025-05-28,1048,Seller 1048,Silver,East,Electronics,2,3012.0,4980.0,0.1146,570.71,0,0.0,92.13,22.41,42.33,52.29,361.55
500630,2025-05-21,1036,Seller 1036,Silver,Central,Pet Supplies,2,1648.1999999999998,2725.2,0.125,340.65,0,0.0,50.42,12.26,23.16,28.61,226.19
500631,2025-05-28,1068,Seller 1068,Bronze,South,Apparel,2,1507.2,1755.6,0.1269,222.79,0,0.0,32.48,7.9,14.92,18.43,149.05
500632,2025-05-24,1041,Seller 1041,Silver,West,Apparel,1,3645.0,3013.2,0.1303,392.62,0,0.0,55.74,13.56,25.61,31.64,266.07
500633,2025-05-21,1064,Seller 1064,Bronze,Central,Pet Supplies,3,1349.3999999999999,2358.0,0.137,323.05,1,1322.4,43.62,10.61,20.04,24.76,197.56
500634,2025-05-26,1016,Seller 1016,Gold,West,Sports,2,2766.0,5977.2,0.126,753.13,0,0.0,110.58,26.9,50.81,62.76,502.08
500635,2025-05-11,1028,Seller 1028,Gold,Central,Sports,2,2562.6,5538.0,0.135,747.63,0,0.0,102.45,24.92,47.07,58.15,515.03
500636,2025-05-07,1001,Seller 1001,Platinum,East,Electronics,2,4955.400000000001,14431.8,0.1267,1828.51,0,0.0,266.99,64.94,122.67,151.53,1222.37
500637,2025-05-15,1043,Seller 1043,Silver,West,Pet Supplies,1,3157.2,2610.0,0.1209,315.55,0,0.0,48.28,11.74,22.19,27.41,205.93
500638,2025-05-24,1069,Seller 1069,Bronze,East,Apparel,2,1609.8,1875.0,0.1258,235.88,0,0.0,34.69,8.44,15.94,19.69,157.12
500639,2025-05-03,1041,Seller 1041,Silver,West,Apparel,3,1327.2,3292.2,0.116,381.9,0,0.0,60.91,14.81,27.98,34.57,243.62
500640,2025-05-13,1020,Seller 1020,Gold,West,Home & Kitchen,5,1203.6,6502.2,0.138,897.3,0,0.0,120.29,29.26,55.27,68.27,624.21
500641,2025-05-14,1024,Seller 1024,Gold,West,Pet Supplies,3,726.5999999999999,2355.6,0.1369,322.48,0,0.0,43.58,10.6,20.02,24.73,223.55
500642,2025-05-04,1012,Seller 1012,Platinum,East,Beauty,2,1551.0,4516.8,0.1558,703.72,0,0.0,83.56,20.33,38.39,47.43,514.01
500643,2025-05-07,1048,Seller 1048,Silver,East,Home & Kitchen,3,1419.0,3519.6,0.1236,435.02,0,0.0,65.11,15.84,29.92,36.96,287.2
500644,2025-05-17,1044,Seller 1044,Silver,East,Pet Supplies,3,886.8,2199.6,0.1279,281.33,0,0.0,40.69,9.9,18.7,23.1,188.95
500645,2025-05-02,1017,Seller 1017,Gold,East,Electronics,3,3057.0,9907.8,0.1338,1325.66,0,0.0,183.29,44.59,84.22,104.03,909.54
500646,2025-05-19,1077,Seller 1077,Bronze,South,Beauty,2,1333.1999999999998,1553.4,0.1455,226.02,0,0.0,28.74,6.99,13.2,16.31,160.78
500647,2025-05-22,1040,Seller 1040,Silver,West,Pet Supplies,2,1722.0,2847.0,0.1269,361.28,0,0.0,52.67,12.81,24.2,29.89,241.71
500648,2025-05-18,1016,Seller 1016,Gold,West,Sports,2,2430.6,5251.2,0.139,729.92,0,0.0,97.15,23.63,44.64,55.14,509.37
500649,2025-05-10,1045,Seller 1045,Silver,Central,Home & Kitchen,2,3394.7999999999997,5613.0,0.1423,798.73,0,0.0,103.84,25.26,47.71,58.94,562.98
500650,2025-05-02,1079,Seller 1079,Bronze,South,Sports,2,2346.6,2733.6,0.1273,347.99,0,0.0,50.57,12.3,23.24,28.7,233.18
500651,2025-05-20,1012,Seller 1012,Platinum,East,Beauty,3,1136.4,4965.0,0.1472,730.85,0,0.0,91.85,22.34,42.2,52.13,522.32
500652,2025-05-25,1046,Seller 1046,Silver,Central,Sports,3,994.8,2467.2,0.1321,325.92,0,0.0,45.64,11.1,20.97,25.91,222.29
500653,2025-05-21,1060,Seller 1060,Bronze,East,Pet Supplies,3,1287.6000000000001,2250.0,0.1368,307.8,0,0.0,41.62,10.12,19.12,23.62,213.3
500654,2025-05-06,1060,Seller 1060,Bronze,East,Pet Supplies,3,994.8,1738.8,0.1415,246.04,0,0.0,32.17,7.82,14.78,18.26,173.01
500655,2025-05-06,1043,Seller 1043,Silver,West,Beauty,2,1335.0,2207.4,0.1444,318.75,0,0.0,40.84,9.93,18.76,23.18,226.04
500656,2025-05-18,1037,Seller 1037,Silver,East,Sports,1,4363.8,3607.2,0.1257,453.43,0,0.0,66.73,16.23,30.66,37.88,301.92
500657,2025-05-16,1010,Seller 1010,Platinum,West,Sports,1,4678.2,6812.4,0.1217,829.07,0,0.0,126.03,30.66,57.91,71.53,542.95
500658,2025-05-11,1050,Seller 1050,Silver,East,Electronics,2,5384.4,8902.8,0.1233,1097.72,0,0.0,164.7,40.06,75.67,93.48,723.8
500659,2025-05-04,1070,Seller 1070,Bronze,West,Electronics,3,3817.2,6670.2,0.1307,871.8,0,0.0,123.4,30.02,56.7,70.04,591.65
500660,2025-05-20,1076,Seller 1076,Bronze,Central,Home & Kitchen,2,2619.0,3050.4,0.1337,407.84,0,0.0,56.43,13.73,25.93,32.03,279.72
500661,2025-05-05,1014,Seller 1014,Gold,East,Apparel,1,3516.0,3798.6,0.1159,440.26,1,2461.2,70.27,17.09,32.29,39.89,231.49
500662,2025-05-20,1075,Seller 1075,Bronze,East,Pet Supplies,3,649.2,1134.6,0.1359,154.19,0,0.0,20.99,5.11,9.64,11.91,106.54
500663,2025-05-30,1074,Seller 1074,Bronze,East,Electronics,3,4270.8,7463.4,0.1202,897.1,0,0.0,138.07,33.59,63.44,78.37,583.64
500664,2025-05-28,1056,Seller 1056,Bronze,West,Apparel,4,484.8,1128.6,0.122,137.69,0,0.0,20.88,5.08,9.59,11.85,90.29
500665,2025-05-12,1017,Seller 1017,Gold,East,Electronics,1,9343.2,10093.8,0.1143,1153.72,0,0.0,186.74,45.42,85.8,105.98,729.78
500666,2025-05-13,1015,Seller 1015,Gold,West,Electronics,2,5428.8,11730.0,0.1225,1436.92,0,0.0,217.0,52.78,99.71,123.17,944.27
500667,2025-05-27,1056,Seller 1056,Bronze,West,Apparel,2,1623.0,1890.6,0.1125,212.69,0,0.0,34.98,8.51,16.07,19.85,133.29
500668,2025-05-16,1054,Seller 1054,Silver,South,Home & Kitchen,3,1630.8,4044.0,0.1262,510.35,1,3537.0,74.81,18.2,34.37,42.46,269.76
500669,2025-05-20,1056,Seller 1056,Bronze,West,Home & Kitchen,3,1926.0,3366.0,0.133,447.68,0,0.0,62.27,15.15,28.61,35.34,306.31
500670,2025-05-14,1055,Seller 1055,Bronze,Central,Pet Supplies,1,3194.4,1860.6,0.1397,259.93,0,0.0,34.42,8.37,15.82,19.54,181.78
500671,2025-05-19,1078,Seller 1078,Bronze,East,Home & Kitchen,1,4927.200000000001,2869.8,0.1401,402.06,0,0.0,53.09,12.91,24.39,30.13,281.53
500672,2025-05-03,1047,Seller 1047,Silver,East,Sports,3,1618.8,4014.6,0.1248,501.02,0,0.0,74.27,18.07,34.12,42.15,332.41
500673,2025-05-17,1019,Seller 1019,Gold,East,Apparel,1,3739.7999999999997,4039.8,0.126,509.01,0,0.0,74.74,18.18,34.34,42.42,339.34
500674,2025-05-26,1079,Seller 1079,Bronze,South,Beauty,1,2700.0,1572.6,0.156,245.33,0,0.0,29.09,7.08,13.37,16.51,179.28
500675,2025-05-16,1075,Seller 1075,Bronze,East,Electronics,3,3108.0,5430.6,0.1317,715.21,0,0.0,100.47,24.44,46.16,57.02,487.12
500676,2025-05-24,1074,Seller 1074,Bronze,East,Electronics,1,9543.0,5558.4,0.1322,734.82,1,5365.2,102.83,25.01,47.25,58.36,394.06
500677,2025-05-10,1039,Seller 1039,Silver,East,Pet Supplies,2,1525.2,2522.4,0.1314,331.44,0,0.0,46.66,11.35,21.44,26.49,225.5
500678,2025-05-20,1080,Seller 1080,Bronze,South,Beauty,2,1330.8,1549.8,0.1348,208.91,0,0.0,28.67,6.97,13.17,16.27,143.82
500679,2025-05-22,1036,Seller 1036,Silver,Central,Pet Supplies,2,1970.4,3257.4,0.1345,438.12,0,0.0,60.26,14.66,27.69,34.2,301.31
500680,2025-05-02,1058,Seller 1058,Bronze,East,Beauty,3,1209.0,2112.6,0.1387,293.02,0,0.0,39.08,9.51,17.96,22.18,204.29
500681,2025-05-13,1044,Seller 1044,Silver,East,Home & Kitchen,1,4507.200000000001,3726.0,0.1431,533.19,0,0.0,68.93,16.77,31.67,39.12,376.7
500682,2025-05-09,1031,Seller 1031,Silver,West,Home & Kitchen,2,2224.7999999999997,3678.0,0.1369,503.52,0,0.0,68.04,16.55,31.26,38.62,349.04
500683,2025-05-08,1015,Seller 1015,Gold,West,Pet Supplies,1,3183.6000000000004,3439.8,0.1314,451.99,0,0.0,63.64,15.48,29.24,36.12,307.52
500684,2025-05-26,1049,Seller 1049,Silver,West,Home & Kitchen,2,2655.6,4391.4,0.1357,595.91,0,0.0,81.24,19.76,37.33,46.11,411.47
500685,2025-05-12,1058,Seller 1058,Bronze,East,Beauty,2,1557.6000000000001,1815.0,0.1559,282.96,0,0.0,33.58,8.17,15.43,19.06,206.73
500686,2025-05-19,1056,Seller 1056,Bronze,West,Apparel,2,1719.6,2003.4,0.1145,229.39,0,0.0,37.06,9.02,17.03,21.04,145.25
500687,2025-05-22,1051,Seller 1051,Silver,East,Sports,2,2038.1999999999998,3369.6,0.1321,445.12,0,0.0,62.34,15.16,28.64,35.38,303.6
500688,2025-05-22,1024,Seller 1024,Gold,West,Pet Supplies,2,1562.3999999999999,3375.6,0.1216,410.47,0,0.0,62.45,15.19,28.69,35.44,268.7
500689,2025-05-20,1058,Seller 1058,Bronze,East,Beauty,2,1161.0,1352.4,0.1338,180.95,0,0.0,25.02,6.09,11.5,14.2,124.15
500690,2025-05-25,1028,Seller 1028,Gold,Central,Pet Supplies,4,1215.0,5250.6,0.1221,641.1,0,0.0,97.14,23.63,44.63,55.13,420.57
500691,2025-05-21,1073,Seller 1073,Bronze,Central,Home & Kitchen,3,1270.8,2220.6,0.1291,286.68,0,0.0,41.08,9.99,18.88,23.32,193.41
500692,2025-05-25,1059,Seller 1059,Bronze,Central,Beauty,2,998.4000000000001,1162.8,0.149,173.26,0,0.0,21.51,5.23,9.88,12.21,124.42
500693,2025-05-06,1010,Seller 1010,Platinum,West,Home & Kitchen,3,1789.2,7815.6,0.1469,1148.11,0,0.0,144.59,35.17,66.43,82.06,819.86
500694,2025-05-18,1057,Seller 1057,Bronze,South,Electronics,3,2839.7999999999997,4962.6,0.1224,607.42,0,0.0,91.81,22.33,42.18,52.11,398.99
500695,2025-05-09,1056,Seller 1056,Bronze,West,Apparel,1,3308.4,1927.2,0.1252,241.29,1,1555.2,35.65,8.67,16.38,20.24,129.24
500696,2025-05-05,1058,Seller 1058,Bronze,East,Beauty,1,2644.2,1540.2,0.133,204.85,0,0.0,28.49,6.93,13.09,16.17,140.16
500697,2025-05-24,1043,Seller 1043,Silver,West,Sports,4,1153.1999999999998,3813.6,0.1345,512.93,0,0.0,70.55,17.16,32.42,40.04,352.76
500698,2025-05-30,1009,Seller 1009,Platinum,Central,Pet Supplies,4,792.6,4618.2,0.1396,644.7,0,0.0,85.44,20.78,39.25,48.49,450.74
500699,2025-05-28,1046,Seller 1046,Silver,Central,Sports,2,2396.3999999999996,3961.8,0.1399,554.26,0,0.0,73.29,17.83,33.68,41.6,387.86
500700,2025-05-13,1044,Seller 1044,Silver,East,Pet Supplies,1,3226.8,2667.6,0.1355,361.46,0,0.0,49.35,12.0,22.67,28.01,249.42
500701,2025-05-15,1025,Seller 1025,Gold,Central,Pet Supplies,2,1635.6000000000001,3534.0,0.1365,482.39,0,0.0,65.38,15.9,30.04,37.11,333.96
500702,2025-05-18,1025,Seller 1025,Gold,Central,Pet Supplies,3,1413.0,4579.2,0.1342,614.53,0,0.0,84.72,20.61,38.92,48.08,422.2
500703,2025-05-11,1040,Seller 1040,Silver,West,Pet Supplies,4,680.4,2250.0,0.1432,322.2,0,0.0,41.62,10.12,19.12,23.62,227.7
500704,2025-05-18,1006,Seller 1006,Platinum,East,Sports,2,2796.0,8143.2,0.1286,1047.22,0,0.0,150.65,36.64,69.22,85.5,705.2
500705,2025-05-30,1020,Seller 1020,Gold,West,Home & Kitchen,2,2410.8,5209.2,0.1264,658.44,0,0.0,96.37,23.44,44.28,54.7,439.66
500706,2025-05-26,1080,Seller 1080,Bronze,South,Beauty,2,1213.1999999999998,1413.6,0.1371,193.8,0,0.0,26.15,6.36,12.02,14.84,134.43
500707,2025-05-26,1013,Seller 1013,Gold,West,Electronics,3,3717.6,12049.2,0.1326,1597.72,0,0.0,222.91,54.22,102.42,126.52,1091.66
500708,2025-05-11,1079,Seller 1079,Bronze,South,Beauty,2,1110.0,1293.6,0.1525,197.27,0,0.0,23.93,5.82,11.0,13.58,142.94
500709,2025-05-06,1016,Seller 1016,Gold,West,Sports,1,4468.8,4827.6,0.1392,672.0,0,0.0,89.31,21.72,41.03,50.69,469.24
500710,2025-05-08,1043,Seller 1043,Silver,West,Sports,2,2887.2,4773.6,0.12,572.83,0,0.0,88.31,21.48,40.58,50.12,372.34
500711,2025-05-01,1075,Seller 1075,Bronze,East,Electronics,4,2968.2,6915.0,0.1277,883.05,1,5318.4,127.93,31.12,58.78,72.61,486.25
500712,2025-05-25,1001,Seller 1001,Platinum,East,Electronics,3,3436.8,15015.0,0.1343,2016.51,0,0.0,277.78,67.57,127.63,157.66,1385.88
500713,2025-05-20,1061,Seller 1061,Bronze,Central,Electronics,2,5307.0,6182.4,0.1256,776.51,0,0.0,114.37,27.82,52.55,64.92,516.85
500714,2025-05-14,1005,Seller 1005,Platinum,East,Electronics,2,3412.2,9938.4,0.1151,1143.91,0,0.0,183.86,44.72,84.48,104.35,726.5
500715,2025-05-18,1001,Seller 1001,Platinum,East,Electronics,3,4809.599999999999,21009.6,0.1364,2865.71,0,0.0,388.68,94.54,178.58,220.6,1983.31
500716,2025-05-22,1065,Seller 1065,Bronze,South,Home & Kitchen,2,1887.0,2198.4,0.1296,284.91,0,0.0,40.67,9.89,18.69,23.08,192.58
500717,2025-05-09,1061,Seller 1061,Bronze,Central,Electronics,3,4228.2,7388.4,0.1143,844.49,0,0.0,136.69,33.25,62.8,77.58,534.18
500718,2025-05-06,1043,Seller 1043,Silver,West,Sports,3,1264.8,3136.8,0.1185,371.71,0,0.0,58.03,14.12,26.66,32.94,239.97
500719,2025-05-07,1004,Seller 1004,Platinum,East,Sports,4,1656.0,9646.2,0.1333,1285.84,0,0.0,178.45,43.41,81.99,101.29,880.7
500720,2025-05-29,1042,Seller 1042,Silver,East,Pet Supplies,3,1154.3999999999999,2863.2,0.1257,359.9,0,0.0,52.97,12.88,24.34,30.06,239.65
500721,2025-05-06,1029,Seller 1029,Gold,West,Home & Kitchen,2,2392.8,5170.8,0.1335,690.3,0,0.0,95.66,23.27,43.95,54.29,473.13
500722,2025-05-02,1050,Seller 1050,Silver,East,Electronics,2,4470.0,7390.8,0.1216,898.72,0,0.0,136.73,33.26,62.82,77.6,588.31
500723,2025-05-29,1073,Seller 1073,Bronze,Central,Electronics,3,3928.2,6864.6,0.124,851.21,0,0.0,127.0,30.89,58.35,72.08,562.9
500724,2025-05-28,1038,Seller 1038,Silver,South,Sports,2,1776.0,2936.4,0.1307,383.79,0,0.0,54.32,13.21,24.96,30.83,260.46
500725,2025-05-09,1030,Seller 1030,Gold,South,Pet Supplies,3,813.6,2637.0,0.1439,379.46,0,0.0,48.78,11.87,22.41,27.69,268.71
500726,2025-05-19,1002,Seller 1002,Platinum,Central,Home & Kitchen,2,2164.7999999999997,6304.8,0.1309,825.3,0,0.0,116.64,28.37,53.59,66.2,560.5
500727,2025-05-14,1020,Seller 1020,Gold,West,Electronics,2,4453.2,9622.8,0.1368,1316.4,0,0.0,178.02,43.3,81.79,101.04,912.24
500728,2025-05-25,1068,Seller 1068,Bronze,South,Pet Supplies,3,681.0,1190.4,0.1224,145.7,0,0.0,22.02,5.36,10.12,12.5,95.71
500729,2025-05-01,1002,Seller 1002,Platinum,Central,Home & Kitchen,2,2613.0,7609.2,0.1316,1001.37,0,0.0,140.77,34.24,64.68,79.9,681.78
500730,2025-05-15,1062,Seller 1062,Bronze,West,Electronics,3,3556.2000000000003,6214.2,0.1267,787.34,0,0.0,114.96,27.96,52.82,65.25,526.34
500731,2025-05-13,1018,Seller 1018,Gold,West,Apparel,3,1851.0,5999.4,0.123,737.93,1,4993.2,110.99,27.0,50.99,62.99,386.09
500732,2025-05-07,1043,Seller 1043,Silver,West,Sports,2,2863.7999999999997,4735.2,0.1328,628.83,0,0.0,87.6,21.31,40.25,49.72,429.96
500733,2025-05-02,1011,Seller 1011,Platinum,West,Electronics,1,10086.6,14687.4,0.1254,1841.8,0,0.0,271.72,66.09,124.84,154.22,1224.93
500734,2025-05-18,1015,Seller 1015,Gold,West,Pet Supplies,2,1575.6000000000001,3404.4,0.1288,438.49,0,0.0,62.98,15.32,28.94,35.75,295.5
500735,2025-05-28,1027,Seller 1027,Gold,West,Apparel,2,2249.4,4860.6,0.1236,600.77,0,0.0,89.92,21.87,41.32,51.04,396.62
500736,2025-05-12,1027,Seller 1027,Gold,West,Home & Kitchen,1,5679.599999999999,6136.2,0.1351,829.0,0,0.0,113.52,27.61,52.16,64.43,571.28
500737,2025-05-29,1045,Seller 1045,Silver,Central,Home & Kitchen,1,4913.4,4062.0,0.1343,545.53,0,0.0,75.15,18.28,34.53,42.65,374.92
500738,2025-05-07,1038,Seller 1038,Silver,South,Sports,1,4962.0,4102.2,0.1326,543.95,0,0.0,75.89,18.46,34.87,43.07,371.66
500739,2025-05-04,1059,Seller 1059,Bronze,Central,Sports,2,2425.2000000000003,2825.4,0.139,392.73,0,0.0,52.27,12.71,24.02,29.67,274.06
500740,2025-05-18,1019,Seller 1019,Gold,East,Apparel,3,1016.4000000000001,3294.6,0.1231,405.57,0,0.0,60.95,14.83,28.0,34.59,267.19
500741,2025-05-27,1017,Seller 1017,Gold,East,Electronics,1,9247.8,9991.2,0.1135,1134.0,1,9100.8,184.84,44.96,84.93,104.91,532.35
500742,2025-05-23,1067,Seller 1067,Bronze,South,Beauty,1,2742.0,1597.2,0.1485,237.18,0,0.0,29.55,7.19,13.58,16.77,170.1
500743,2025-05-08,1068,Seller 1068,Bronze,South,Apparel,1,3943.8,2296.8,0.1296,297.67,0,0.0,42.49,10.34,19.52,24.12,201.2
500744,2025-05-20,1062,Seller 1062,Bronze,West,Electronics,2,5656.8,6589.8,0.1166,768.37,0,0.0,121.91,29.65,56.01,69.19,491.6
500745,2025-05-05,1021,Seller 1021,Gold,Central,Pet Supplies,2,2215.2000000000003,4786.2,0.1401,670.55,0,0.0,88.54,21.54,40.68,50.26,469.53
500746,2025-05-18,1021,Seller 1021,Gold,Central,Pet Supplies,3,1095.6000000000001,3551.4,0.123,436.82,0,0.0,65.7,15.98,30.19,37.29,287.66
500747,2025-05-04,1005,Seller 1005,Platinum,East,Electronics,3,2845.8,12432.0,0.1238,1539.08,0,0.0,229.99,55.94,105.67,130.54,1016.94
500748,2025-05-17,1004,Seller 1004,Platinum,East,Sports,2,2280.6,6642.0,0.127,843.53,1,5860.8,122.88,29.89,56.46,69.74,447.35
500749,2025-05-22,1043,Seller 1043,Silver,West,Sports,2,3024.6,5001.0,0.1393,696.64,0,0.0,92.52,22.5,42.51,52.51,486.6
500750,2025-05-05,1019,Seller 1019,Gold,East,Pet Supplies,3,891.0,2887.8,0.1365,394.18,0,0.0,53.42,13.0,24.55,30.32,272.9
500751,2025-05-20,1071,Seller 1071,Bronze,Central,Sports,3,1598.4,2793.0,0.1213,338.79,0,0.0,51.67,12.57,23.74,29.33,221.48
500752,2025-05-15,1025,Seller 1025,Gold,Central,Pet Supplies,2,2136.0,4614.6,0.1267,584.67,0,0.0,85.37,20.77,39.22,48.45,390.86
500753,2025-05-12,1012,Seller 1012,Platinum,East,Apparel,2,2172.6,6327.0,0.1225,775.06,0,0.0,117.05,28.47,53.78,66.43,509.32
500754,2025-05-15,1051,Seller 1051,Silver,East,Sports,3,1241.4,3079.2,0.1249,384.59,0,0.0,56.97,13.86,26.17,32.33,255.27
500755,2025-05-26,1072,Seller 1072,Bronze,South,Home & Kitchen,2,2037.6000000000001,2373.6,0.1468,348.44,0,0.0,43.91,10.68,20.18,24.92,248.75
500756,2025-05-28,1055,Seller 1055,Bronze,Central,Pet Supplies,1,3363.6000000000004,1959.0,0.1344,263.29,0,0.0,36.24,8.82,16.65,20.57,181.01
500757,2025-05-09,1068,Seller 1068,Bronze,South,Electronics,3,2520.6,4404.6,0.122,537.36,0,0.0,81.49,19.82,37.44,46.25,352.37
500758,2025-05-10,1054,Seller 1054,Silver,South,Home & Kitchen,1,5040.0,4167.0,0.145,604.21,0,0.0,77.09,18.75,35.42,43.75,429.2
500759,2025-05-08,1071,Seller 1071,Bronze,Central,Sports,2,2002.1999999999998,2332.8,0.13,303.26,0,0.0,43.16,10.5,19.83,24.49,205.29
500760,2025-05-29,1004,Seller 1004,Platinum,East,Home & Kitchen,2,3441.0,10020.6,0.143,1432.95,0,0.0,185.38,45.09,85.18,105.22,1012.08
500761,2025-05-03,1037,Seller 1037,Silver,East,Apparel,1,3864.0000000000005,3194.4,0.1139,363.84,0,0.0,59.1,14.37,27.15,33.54,229.68
500762,2025-05-27,1077,Seller 1077,Bronze,South,Sports,1,4608.0,2683.8,0.1222,327.96,0,0.0,49.65,12.08,22.81,28.18,215.24
500763,2025-05-15,1016,Seller 1016,Gold,West,Sports,2,2211.6,4779.0,0.1222,583.99,0,0.0,88.41,21.51,40.62,50.18,383.28
500764,2025-05-21,1018,Seller 1018,Gold,West,Electronics,3,3115.2000000000003,10096.2,0.1283,1295.34,1,6877.8,186.78,45.43,85.82,106.01,733.75
500765,2025-05-28,1010,Seller 1010,Platinum,West,Home & Kitchen,2,2211.0,6438.6,0.1253,806.76,0,0.0,119.11,28.97,54.73,67.61,536.34
500766,2025-05-12,1041,Seller 1041,Silver,West,Pet Supplies,2,1371.0,2266.8,0.1368,310.1,0,0.0,41.94,10.2,19.27,23.8,214.89
500767,2025-05-04,1019,Seller 1019,Gold,East,Apparel,1,3806.3999999999996,4112.4,0.1196,491.84,0,0.0,76.08,18.51,34.96,43.18,319.12
500768,2025-05-17,1028,Seller 1028,Gold,Central,Sports,2,2511.6,5427.6,0.1375,746.29,0,0.0,100.41,24.42,46.13,56.99,518.34
500769,2025-05-05,1069,Seller 1069,Bronze,East,Electronics,2,3152.4,3672.0,0.123,451.66,0,0.0,67.93,16.52,31.21,38.56,297.43
500770,2025-05-25,1003,Seller 1003,Platinum,East,Pet Supplies,2,1779.6,5182.2,0.1396,723.44,0,0.0,95.87,23.32,44.05,54.41,505.78
500771,2025-05-23,1044,Seller 1044,Silver,East,Pet Supplies,2,1948.1999999999998,3221.4,0.1228,395.59,0,0.0,59.6,14.5,27.38,33.82,260.29
500772,2025-05-01,1030,Seller 1030,Gold,South,Pet Supplies,3,1720.8,5577.6,0.1302,726.2,0,0.0,103.19,25.1,47.41,58.56,491.94
500773,2025-05-30,1062,Seller 1062,Bronze,West,Electronics,2,4519.8,5265.0,0.1288,678.13,0,0.0,97.4,23.69,44.75,55.28,457.0
500774,2025-05-19,1033,Seller 1033,Silver,South,Beauty,2,1348.8,2230.2,0.1353,301.75,0,0.0,41.26,10.04,18.96,23.42,208.08
500775,2025-05-12,1026,Seller 1026,Gold,East,Home & Kitchen,2,2598.0,5613.6,0.1433,804.43,0,0.0,103.85,25.26,47.72,58.94,568.66
500776,2025-06-18,1046,Seller 1046,Silver,Central,Sports,1,4557.599999999999,3691.2,0.1218,449.59,0,0.0,68.29,16.61,31.38,38.76,294.56
500777,2025-06-29,1002,Seller 1002,Platinum,Central,Home & Kitchen,2,1467.6000000000001,4186.2,0.1271,532.07,1,3669.0,77.44,18.84,35.58,43.96,282.87
500778,2025-06-26,1028,Seller 1028,Gold,Central,Pet Supplies,1,3181.2000000000003,3366.6,0.1244,418.81,0,0.0,62.28,15.15,28.62,35.35,277.41
500779,2025-06-03,1046,Seller 1046,Silver,Central,Apparel,2,2135.4,3458.4,0.1107,382.84,0,0.0,63.98,15.56,29.4,36.31,237.59
500780,2025-06-03,1067,Seller 1067,Bronze,South,Beauty,2,991.1999999999999,1131.0,0.1464,165.58,0,0.0,20.92,5.09,9.61,11.88,118.08
500781,2025-06-09,1050,Seller 1050,Silver,East,Electronics,1,8344.800000000001,6758.4,0.1364,921.85,0,0.0,125.03,30.41,57.45,70.96,637.99
500782,2025-06-21,1055,Seller 1055,Bronze,Central,Pet Supplies,4,982.8,2242.8,0.1314,294.7,0,0.0,41.49,10.09,19.06,23.55,200.51
500783,2025-06-22,1063,Seller 1063,Bronze,West,Pet Supplies,1,3304.2,1885.2,0.1362,256.76,0,0.0,34.88,8.48,16.02,19.79,177.59
500784,2025-06-19,1076,Seller 1076,Bronze,Central,Pet Supplies,4,480.0,1095.6,0.1216,133.22,0,0.0,20.27,4.93,9.31,11.5,87.21
500785,2025-06-08,1052,Seller 1052,Silver,Central,Pet Supplies,3,699.0,1697.4,0.1267,215.06,0,0.0,31.4,7.64,14.43,17.82,143.77
500786,2025-06-14,1052,Seller 1052,Silver,Central,Pet Supplies,1,2590.8,2098.2,0.1437,301.51,0,0.0,38.82,9.44,17.83,22.03,213.39
500787,2025-06-26,1014,Seller 1014,Gold,East,Apparel,1,3855.0,4080.0,0.1306,532.85,0,0.0,75.48,18.36,34.68,42.84,361.49
500788,2025-06-19,1009,Seller 1009,Platinum,Central,Pet Supplies,3,1066.2,4563.0,0.1345,613.72,0,0.0,84.42,20.53,38.79,47.91,422.08
500789,2025-06-15,1013,Seller 1013,Gold,West,Pet Supplies,2,1133.4,2399.4,0.139,333.52,0,0.0,44.39,10.8,20.39,25.19,232.74
500790,2025-06-29,1065,Seller 1065,Bronze,South,Home & Kitchen,1,5569.2,3177.6,0.1361,432.47,1,2363.4,58.79,14.3,27.01,33.36,251.74
500791,2025-06-27,1016,Seller 1016,Gold,West,Sports,2,2605.8,5515.8,0.127,700.51,0,0.0,102.04,24.82,46.88,57.92,468.84
500792,2025-06-21,1039,Seller 1039,Silver,East,Home & Kitchen,2,2471.3999999999996,4002.6,0.1402,561.16,0,0.0,74.05,18.01,34.02,42.03,393.06
500793,2025-06-12,1063,Seller 1063,Bronze,West,Pet Supplies,2,1261.2,1439.4,0.1314,189.14,0,0.0,26.63,6.48,12.23,15.11,128.68
500794,2025-05-31,1034,Seller 1034,Silver,Central,Sports,3,1428.0,3469.8,0.1245,431.99,0,0.0,64.19,15.61,29.49,36.43,286.26
500795,2025-06-10,1076,Seller 1076,Bronze,Central,Home & Kitchen,3,1328.4,2274.0,0.1408,320.18,0,0.0,42.07,10.23,19.33,23.88,224.67
500796,2025-06-20,1049,Seller 1049,Silver,West,Home & Kitchen,2,2766.0,4480.2,0.1314,588.7,0,0.0,82.88,20.16,38.08,47.04,400.53
500797,2025-06-14,1040,Seller 1040,Silver,West,Pet Supplies,2,1510.8,2447.4,0.1273,311.55,1,1705.2,45.28,11.01,20.8,25.7,174.66
500798,2025-06-12,1055,Seller 1055,Bronze,Central,Pet Supplies,3,925.8,1584.6,0.1367,216.61,0,0.0,29.32,7.13,13.47,16.64,150.06
500799,2025-06-16,1074,Seller 1074,Bronze,East,Electronics,1,8143.2,4646.4,0.1154,536.19,0,0.0,85.96,20.91,39.49,48.79,341.05
500800,2025-06-02,1044,Seller 1044,Silver,East,Pet Supplies,1,3747.6,3034.8,0.1248,378.74,0,0.0,56.14,13.66,25.8,31.87,251.28
500801,2025-06-02,1069,Seller 1069,Bronze,East,Electronics,2,4932.0,5628.6,0.1268,713.71,0,0.0,104.13,25.33,47.84,59.1,477.31
500802,2025-06-25,1075,Seller 1075,Bronze,East,Electronics,2,4572.0,5217.6,0.1322,689.77,0,0.0,96.53,23.48,44.35,54.78,470.63
500803,2025-06-12,1010,Seller 1010,Platinum,West,Home & Kitchen,2,3133.2,8939.4,0.1334,1192.52,0,0.0,165.38,40.23,75.98,93.86,817.06
500804,2025-06-27,1033,Seller 1033,Silver,South,Beauty,1,2743.7999999999997,2222.4,0.1373,305.14,0,0.0,41.11,10.0,18.89,23.34,211.79
500805,2025-06-17,1024,Seller 1024,Gold,West,Pet Supplies,3,1661.4,5275.2,0.1378,726.92,0,0.0,97.59,23.74,44.84,55.39,505.36
500806,2025-06-07,1079,Seller 1079,Bronze,South,Apparel,3,1082.3999999999999,1852.8,0.1094,202.7,0,0.0,34.28,8.34,15.75,19.45,124.88
500807,2025-06-27,1020,Seller 1020,Gold,West,Beauty,3,699.6,2221.8,0.1536,341.27,0,0.0,41.1,10.0,18.89,23.33,247.95
500808,2025-06-04,1053,Seller 1053,Silver,Central,Beauty,2,1441.8000000000002,2335.2,0.1495,349.11,0,0.0,43.2,10.51,19.85,24.52,251.03
500809,2025-06-28,1025,Seller 1025,Gold,Central,Pet Supplies,2,1354.2,2866.2,0.1316,377.19,0,0.0,53.02,12.9,24.36,30.1,256.81
500810,2025-06-20,1005,Seller 1005,Platinum,East,Electronics,2,4517.400000000001,12888.6,0.132,1701.3,0,0.0,238.44,58.0,109.55,135.33,1159.97
500811,2025-06-02,1006,Seller 1006,Platinum,East,Apparel,2,1818.6,5188.2,0.1295,671.87,0,0.0,95.98,23.35,44.1,54.48,453.97
500812,2025-06-03,1053,Seller 1053,Silver,Central,Pet Supplies,2,1469.3999999999999,2379.6,0.1426,339.33,0,0.0,44.02,10.71,20.23,24.99,239.39
500813,2025-06-08,1074,Seller 1074,Bronze,East,Electronics,3,2554.2,4372.2,0.1329,581.07,0,0.0,80.89,19.67,37.16,45.91,397.43
500814,2025-06-25,1064,Seller 1064,Bronze,Central,Home & Kitchen,1,4522.200000000001,2580.0,0.1305,336.69,0,0.0,47.73,11.61,21.93,27.09,228.33
500815,2025-06-18,1031,Seller 1031,Silver,West,Home & Kitchen,2,2652.6,4296.0,0.1463,628.5,0,0.0,79.48,19.33,36.52,45.11,448.07
500816,2025-06-08,1008,Seller 1008,Platinum,West,Electronics,1,9901.8,14124.6,0.1206,1703.43,0,0.0,261.31,63.56,120.06,148.31,1110.19
500817,2025-06-26,1019,Seller 1019,Gold,East,Apparel,2,1363.1999999999998,2885.4,0.1085,313.07,0,0.0,53.38,12.98,24.53,30.3,191.88
500818,2025-06-11,1007,Seller 1007,Platinum,South,Home & Kitchen,2,2177.4,6211.8,0.1363,846.67,0,0.0,114.92,27.95,52.8,65.22,585.77
500819,2025-06-29,1016,Seller 1016,Gold,West,Sports,2,2673.0,5657.4,0.1162,657.39,0,0.0,104.66,25.46,48.09,59.4,419.78
500820,2025-06-14,1033,Seller 1033,Silver,South,Beauty,3,741.5999999999999,1801.8,0.1401,252.43,0,0.0,33.33,8.11,15.32,18.92,176.76
500821,2025-06-15,1041,Seller 1041,Silver,West,Pet Supplies,2,1596.6,2586.0,0.1408,364.11,0,0.0,47.84,11.64,21.98,27.15,255.5
500822,2025-06-16,1053,Seller 1053,Silver,Central,Beauty,2,897.0,1452.6,0.1527,221.81,0,0.0,26.87,6.54,12.35,15.25,160.8
500823,2025-06-01,1009,Seller 1009,Platinum,Central,Pet Supplies,1,2846.3999999999996,4060.2,0.1377,559.09,0,0.0,75.11,18.27,34.51,42.63,388.56
500824,2025-06-02,1024,Seller 1024,Gold,West,Pet Supplies,2,1429.2,3025.8,0.1296,392.14,0,0.0,55.98,13.62,25.72,31.77,265.06
500825,2025-06-21,1015,Seller 1015,Gold,West,Pet Supplies,1,3052.2,3230.4,0.1399,451.93,0,0.0,59.76,14.54,27.46,33.92,316.26
500826,2025-06-10,1053,Seller 1053,Silver,Central,Beauty,1,2769.0,2242.2,0.1362,305.39,0,0.0,41.48,10.09,19.06,23.54,211.22
500827,2025-06-07,1037,Seller 1037,Silver,East,Apparel,2,2019.6,3271.2,0.129,421.98,0,0.0,60.52,14.72,27.81,34.35,284.59
500828,2025-06-22,1003,Seller 1003,Platinum,East,Sports,1,4151.4,5921.4,0.1378,815.97,0,0.0,109.55,26.65,50.33,62.17,567.27
500829,2025-06-18,1022,Seller 1022,Gold,East,Sports,1,4226.4,4473.0,0.1196,534.97,0,0.0,82.75,20.13,38.02,46.97,347.1
500830,2025-06-07,1016,Seller 1016,Gold,West,Sports,1,4458.6,4718.4,0.1383,652.55,0,0.0,87.29,21.23,40.11,49.54,454.38
500831,2025-06-27,1027,Seller 1027,Gold,West,Apparel,3,871.1999999999999,2765.4,0.1149,317.74,0,0.0,51.16,12.44,23.51,29.04,201.6
500832,2025-06-04,1027,Seller 1027,Gold,West,Apparel,3,1272.6000000000001,4040.4,0.1243,502.22,0,0.0,74.75,18.18,34.34,42.42,332.52
500833,2025-06-14,1004,Seller 1004,Platinum,East,Sports,2,2784.6,7944.0,0.1378,1094.68,0,0.0,146.96,35.75,67.52,83.41,761.04
500834,2025-06-22,1011,Seller 1011,Platinum,West,Electronics,3,3357.0,14364.6,0.1296,1861.65,0,0.0,265.75,64.64,122.1,150.83,1258.34
500835,2025-06-29,1055,Seller 1055,Bronze,Central,Pet Supplies,2,1671.6,1907.4,0.1214,231.56,0,0.0,35.29,8.58,16.21,20.03,151.45
500836,2025-06-19,1046,Seller 1046,Silver,Central,Pet Supplies,3,970.8,2359.2,0.138,325.57,0,0.0,43.65,10.62,20.05,24.77,226.48
500837,2025-06-08,1049,Seller 1049,Silver,West,Home & Kitchen,1,5152.799999999999,4173.0,0.1462,610.09,0,0.0,77.2,18.78,35.47,43.82,434.83
500838,2025-06-04,1022,Seller 1022,Gold,East,Sports,4,822.6,3483.6,0.1192,415.25,0,0.0,64.45,15.68,29.61,36.58,268.93
500839,2025-06-29,1034,Seller 1034,Silver,Central,Sports,3,1572.0,3820.2,0.1369,522.99,0,0.0,70.67,17.19,32.47,40.11,362.54
500840,2025-06-28,1056,Seller 1056,Bronze,West,Apparel,3,984.6,1684.8,0.1263,212.79,0,0.0,31.17,7.58,14.32,17.69,142.03
500841,2025-06-25,1022,Seller 1022,Gold,East,Sports,4,1119.0,4736.4,0.1196,566.47,0,0.0,87.62,21.31,40.26,49.73,367.54
500842,2025-06-13,1057,Seller 1057,Bronze,South,Electronics,2,4754.4,5425.8,0.1139,618.0,0,0.0,100.38,24.42,46.12,56.97,390.12
500843,2025-06-27,1015,Seller 1015,Gold,West,Apparel,3,1353.0,4296.0,0.125,537.0,0,0.0,79.48,19.33,36.52,45.11,356.57
500844,2025-06-08,1019,Seller 1019,Gold,East,Apparel,4,1303.1999999999998,5516.4,0.1123,619.49,0,0.0,102.05,24.82,46.89,57.92,387.8
500845,2025-06-29,1073,Seller 1073,Bronze,Central,Sports,3,2770.8,4742.4,0.1161,550.59,0,0.0,87.73,21.34,40.31,49.8,351.41
500846,2025-06-03,1010,Seller 1010,Platinum,West,Home & Kitchen,2,2461.8,7024.2,0.1309,919.47,0,0.0,129.95,31.61,59.71,73.75,624.45
500847,2025-06-22,1051,Seller 1051,Silver,East,Sports,2,2205.6,3572.4,0.1238,442.26,0,0.0,66.09,16.08,30.37,37.51,292.22
500848,2025-06-14,1062,Seller 1062,Bronze,West,Electronics,3,2640.6,4519.8,0.1131,511.19,0,0.0,83.62,20.34,38.42,47.46,321.36
500849,2025-06-09,1042,Seller 1042,Silver,East,Pet Supplies,3,793.8000000000001,1928.4,0.1231,237.39,0,0.0,35.68,8.68,16.39,20.25,156.39
500850,2025-06-24,1042,Seller 1042,Silver,East,Pet Supplies,4,1044.6,3383.4,0.1292,437.14,0,0.0,62.59,15.23,28.76,35.53,295.03
500851,2025-06-20,1052,Seller 1052,Silver,Central,Pet Supplies,2,1440.6000000000001,2334.0,0.1387,323.73,0,0.0,43.18,10.5,19.84,24.51,225.7
500852,2025-06-04,1020,Seller 1020,Gold,West,Home & Kitchen,1,4944.0,5232.6,0.1424,745.12,0,0.0,96.8,23.55,44.48,54.94,525.35
500853,2025-06-18,1046,Seller 1046,Silver,Central,Sports,3,1139.3999999999999,2768.4,0.1278,353.8,0,0.0,51.22,12.46,23.53,29.07,237.53
500854,2025-06-01,1077,Seller 1077,Bronze,South,Home & Kitchen,2,1742.3999999999999,1987.8,0.1377,273.72,0,0.0,36.77,8.95,16.9,20.87,190.23
500855,2025-06-20,1066,Seller 1066,Bronze,South,Home & Kitchen,1,4983.6,2843.4,0.1395,396.65,0,0.0,52.6,12.8,24.17,29.86,277.23
500856,2025-06-21,1068,Seller 1068,Bronze,South,Pet Supplies,2,1580.4,1803.0,0.1392,250.98,0,0.0,33.36,8.11,15.33,18.93,175.25
500857,2025-06-16,1039,Seller 1039,Silver,East,Sports,1,4767.599999999999,3861.0,0.1292,498.84,0,0.0,71.43,17.37,32.82,40.54,336.68
500858,2025-06-24,1055,Seller 1055,Bronze,Central,Pet Supplies,1,3207.6,1830.6,0.1395,255.37,0,0.0,33.87,8.24,15.56,19.22,178.48
500859,2025-06-13,1065,Seller 1065,Bronze,South,Home & Kitchen,2,2022.0000000000002,2307.6,0.1419,327.45,0,0.0,42.69,10.38,19.61,24.23,230.53
500860,2025-06-29,1039,Seller 1039,Silver,East,Pet Supplies,2,1145.4,1855.2,0.1308,242.66,0,0.0,34.32,8.35,15.77,19.48,164.74
500861,2025-05-31,1024,Seller 1024,Gold,West,Pet Supplies,4,1114.2,4717.2,0.1262,595.31,0,0.0,87.27,21.23,40.1,49.53,397.19
500862,2025-06-23,1001,Seller 1001,Platinum,East,Electronics,3,2985.0,12773.4,0.124,1583.9,0,0.0,236.31,57.48,108.57,134.12,1047.42
500863,2025-06-21,1078,Seller 1078,Bronze,East,Home & Kitchen,2,3141.6,3585.0,0.1378,494.01,0,0.0,66.32,16.13,30.47,37.64,343.44
500864,2025-06-27,1051,Seller 1051,Silver,East,Electronics,2,4432.200000000001,7179.0,0.1157,830.61,0,0.0,132.81,32.31,61.02,75.38,529.09
500865,2025-06-06,1004,Seller 1004,Platinum,East,Sports,1,4135.2,5898.6,0.1265,746.17,0,0.0,109.12,26.54,50.14,61.94,498.43
500866,2025-06-22,1012,Seller 1012,Platinum,East,Beauty,1,2694.6,3843.6,0.1335,513.12,0,0.0,71.11,17.3,32.67,40.36,351.69
500867,2025-06-12,1057,Seller 1057,Bronze,South,Apparel,3,1321.2,2262.0,0.1138,257.42,0,0.0,41.85,10.18,19.23,23.75,162.41
500868,2025-06-18,1007,Seller 1007,Platinum,South,Home & Kitchen,3,2098.7999999999997,8982.6,0.1334,1198.28,0,0.0,166.18,40.42,76.35,94.32,821.01
500869,2025-06-29,1077,Seller 1077,Bronze,South,Home & Kitchen,2,2459.4,2806.8,0.1326,372.18,0,0.0,51.93,12.63,23.86,29.47,254.3
500870,2025-06-20,1063,Seller 1063,Bronze,West,Pet Supplies,2,1578.0,1801.2,0.1338,241.0,0,0.0,33.32,8.11,15.31,18.91,165.35
500871,2025-06-06,1054,Seller 1054,Silver,South,Electronics,1,8754.0,7089.6,0.1213,859.97,1,4818.0,131.16,31.9,60.26,74.44,465.85
500872,2025-06-26,1061,Seller 1061,Bronze,Central,Electronics,2,4837.200000000001,5520.0,0.1348,744.1,0,0.0,102.12,24.84,46.92,57.96,512.26
500873,2025-06-23,1060,Seller 1060,Bronze,East,Pet Supplies,2,1939.2,2212.8,0.143,316.43,0,0.0,40.94,9.96,18.81,23.23,223.49
500874,2025-06-06,1047,Seller 1047,Silver,East,Home & Kitchen,2,2238.0,3624.6,0.141,511.07,0,0.0,67.06,16.31,30.81,38.06,358.84
500875,2025-06-01,1021,Seller 1021,Gold,Central,Pet Supplies,3,1193.4,3789.0,0.1439,545.24,0,0.0,70.1,17.05,32.21,39.78,386.1
500876,2025-06-25,1003,Seller 1003,Platinum,East,Pet Supplies,2,1934.4,5518.8,0.1242,685.43,0,0.0,102.1,24.83,46.91,57.95,453.65
500877,2025-06-25,1009,Seller 1009,Platinum,Central,Pet Supplies,3,1157.3999999999999,4953.6,0.1335,661.31,0,0.0,91.64,22.29,42.11,52.01,453.25
500878,2025-06-22,1046,Seller 1046,Silver,Central,Sports,2,2487.6,4029.0,0.1326,534.25,0,0.0,74.54,18.13,34.25,42.3,365.03
500879,2025-06-19,1007,Seller 1007,Platinum,South,Apparel,3,529.2,2265.0,0.1261,285.62,0,0.0,41.9,10.19,19.25,23.78,190.49
500880,2025-06-23,1014,Seller 1014,Gold,East,Electronics,2,4330.8,9166.8,0.1158,1061.52,0,0.0,169.59,41.25,77.92,96.25,676.51
500881,2025-06-26,1038,Seller 1038,Silver,South,Sports,2,1852.8,3000.6,0.1369,410.78,0,0.0,55.51,13.5,25.51,31.51,284.76
500882,2025-06-15,1018,Seller 1018,Gold,West,Electronics,3,4656.6,14784.6,0.1315,1944.17,0,0.0,273.52,66.53,125.67,155.24,1323.22
500883,2025-06-07,1044,Seller 1044,Silver,East,Pet Supplies,2,1732.8,2806.8,0.1372,385.09,0,0.0,51.93,12.63,23.86,29.47,267.21
500884,2025-06-14,1020,Seller 1020,Gold,West,Sports,2,2404.2,5088.6,0.1352,687.98,0,0.0,94.14,22.9,43.25,53.43,474.26
500885,2025-06-02,1067,Seller 1067,Bronze,South,Beauty,3,801.0,1371.0,0.1515,207.71,0,0.0,25.36,6.17,11.65,14.4,150.12
500886,2025-06-04,1011,Seller 1011,Platinum,West,Electronics,1,9393.6,13399.8,0.1234,1653.54,1,12933.0,247.9,60.3,113.9,140.7,832.08
500887,2025-06-12,1074,Seller 1074,Bronze,East,Electronics,1,7890.599999999999,4502.4,0.1288,579.91,0,0.0,83.29,20.26,38.27,47.28,390.81
500888,2025-06-29,1071,Seller 1071,Bronze,Central,Pet Supplies,2,1013.9999999999999,1156.8,0.1202,139.05,0,0.0,21.4,5.21,9.83,12.15,90.46
500889,2025-06-22,1019,Seller 1019,Gold,East,Apparel,2,1989.0,4210.2,0.1211,509.86,0,0.0,77.89,18.95,35.79,44.21,333.03
500890,2025-06-23,1045,Seller 1045,Silver,Central,Pet Supplies,2,1653.6,2678.4,0.1272,340.69,0,0.0,49.55,12.05,22.77,28.12,228.2
500891,2025-06-20,1017,Seller 1017,Gold,East,Electronics,1,8577.6,9078.0,0.1253,1137.47,0,0.0,167.94,40.85,77.16,95.32,756.2
500892,2025-06-13,1021,Seller 1021,Gold,Central,Pet Supplies,3,842.4,2674.2,0.1262,337.48,0,0.0,49.47,12.03,22.73,28.08,225.17
500893,2025-06-20,1065,Seller 1065,Bronze,South,Home & Kitchen,3,1779.6,3046.8,0.138,420.46,0,0.0,56.37,13.71,25.9,31.99,292.49
500894,2025-06-18,1016,Seller 1016,Gold,West,Sports,2,2263.7999999999997,4791.6,0.1241,594.64,0,0.0,88.64,21.56,40.73,50.31,393.39
500895,2025-06-21,1073,Seller 1073,Bronze,Central,Electronics,3,2506.2000000000003,4290.0,0.1333,571.86,0,0.0,79.36,19.3,36.47,45.05,391.68
500896,2025-06-26,1074,Seller 1074,Bronze,East,Electronics,2,3528.0,4026.6,0.1189,478.76,0,0.0,74.49,18.12,34.23,42.28,309.65
500897,2025-06-04,1047,Seller 1047,Silver,East,Sports,3,1825.8,4436.4,0.1259,558.54,0,0.0,82.07,19.96,37.71,46.58,372.21
500898,2025-06-27,1061,Seller 1061,Bronze,Central,Electronics,3,3393.0,5808.0,0.1227,712.64,0,0.0,107.45,26.14,49.37,60.98,468.71
500899,2025-06-13,1034,Seller 1034,Silver,Central,Sports,1,3631.8,2941.2,0.1325,389.71,0,0.0,54.41,13.24,25.0,30.88,266.18
500900,2025-06-03,1021,Seller 1021,Gold,Central,Pet Supplies,3,1321.8000000000002,4197.0,0.1231,516.65,0,0.0,77.64,18.89,35.67,44.07,340.38
500901,2025-06-27,1028,Seller 1028,Gold,Central,Sports,3,1563.6,4963.8,0.1294,642.32,0,0.0,91.83,22.34,42.19,52.12,433.84
500902,2025-06-11,1053,Seller 1053,Silver,Central,Beauty,2,1447.8,2344.8,0.1455,341.17,0,0.0,43.38,10.55,19.93,24.62,242.69
500903,2025-06-09,1039,Seller 1039,Silver,East,Pet Supplies,3,1064.3999999999999,2585.4,0.1388,358.85,0,0.0,47.83,11.63,21.98,27.15,250.27
500904,2025-06-13,1037,Seller 1037,Silver,East,Apparel,3,957.0,2325.6,0.1109,257.91,0,0.0,43.02,10.47,19.77,24.42,160.23
500905,2025-06-19,1062,Seller 1062,Bronze,West,Electronics,1,8100.0,4621.8,0.1318,609.15,0,0.0,85.5,20.8,39.29,48.53,415.04
500906,2025-06-02,1017,Seller 1017,Gold,East,Sports,1,4092.5999999999995,4331.4,0.132,571.74,0,0.0,80.13,19.49,36.82,45.48,389.83
500907,2025-06-28,1080,Seller 1080,Bronze,South,Beauty,2,1402.8,1600.8,0.1425,228.11,0,0.0,29.61,7.2,13.61,16.81,160.88
500908,2025-06-22,1057,Seller 1057,Bronze,South,Electronics,1,7592.400000000001,4332.0,0.13,563.16,0,0.0,80.14,19.49,36.82,45.49,381.22
500909,2025-06-01,1040,Seller 1040,Silver,West,Pet Supplies,3,1264.2,3071.4,0.1246,382.7,0,0.0,56.82,13.82,26.11,32.25,253.7
500910,2025-05-31,1073,Seller 1073,Bronze,Central,Electronics,2,3527.4,4025.4,0.1134,456.48,0,0.0,74.47,18.11,34.22,42.27,287.41
500911,2025-06-10,1036,Seller 1036,Silver,Central,Home & Kitchen,3,980.4,2381.4,0.1369,326.01,0,0.0,44.06,10.72,20.24,25.0,225.99
500912,2025-06-12,1052,Seller 1052,Silver,Central,Pet Supplies,1,3151.2000000000003,2551.8,0.1282,327.14,1,2010.0,47.21,11.48,21.69,26.79,179.77
500913,2025-06-04,1033,Seller 1033,Silver,South,Beauty,3,846.5999999999999,2056.8,0.1398,287.54,0,0.0,38.05,9.26,17.48,21.6,201.16
500914,2025-06-12,1040,Seller 1040,Silver,West,Pet Supplies,3,1341.0,3258.6,0.1278,416.45,0,0.0,60.28,14.66,27.7,34.22,279.59
500915,2025-06-06,1013,Seller 1013,Gold,West,Electronics,1,9021.0,9547.2,0.122,1164.76,0,0.0,176.62,42.96,81.15,100.25,763.78
500916,2025-06-10,1031,Seller 1031,Silver,West,Sports,2,2713.2,4395.0,0.1281,563.0,0,0.0,81.31,19.78,37.36,46.15,378.41
500917,2025-06-18,1060,Seller 1060,Bronze,East,Pet Supplies,2,1584.0,1807.8,0.1352,244.41,1,1444.8,33.44,8.14,15.37,18.98,139.59
500918,2025-06-20,1013,Seller 1013,Gold,West,Electronics,1,8288.4,8772.0,0.1203,1055.27,0,0.0,162.28,39.47,74.56,92.11,686.85
500919,2025-06-13,1065,Seller 1065,Bronze,South,Home & Kitchen,3,1563.6,2676.6,0.1466,392.39,0,0.0,49.52,12.04,22.75,28.1,279.97
500920,2025-05-31,1072,Seller 1072,Bronze,South,Home & Kitchen,3,1642.8,2812.2,0.1429,401.86,0,0.0,52.03,12.65,23.9,29.53,283.75
500921,2025-06-06,1008,Seller 1008,Platinum,West,Apparel,2,2151.0,6136.8,0.1243,762.8,0,0.0,113.53,27.62,52.16,64.44,505.06
500922,2025-06-03,1075,Seller 1075,Bronze,East,Beauty,4,757.8000000000001,1729.2,0.1465,253.33,0,0.0,31.99,7.78,14.7,18.16,180.7
500923,2025-06-28,1018,Seller 1018,Gold,West,Electronics,4,2164.2,9162.6,0.1181,1082.1,0,0.0,169.51,41.23,77.88,96.21,697.27
500924,2025-06-06,1044,Seller 1044,Silver,East,Pet Supplies,4,730.2,2365.2,0.1266,299.43,0,0.0,43.76,10.64,20.1,24.83,200.1
500925,2025-06-28,1059,Seller 1059,Bronze,Central,Beauty,3,912.0,1561.8,0.1485,231.93,0,0.0,28.89,7.03,13.28,16.4,166.33
500926,2025-06-25,1002,Seller 1002,Platinum,Central,Home & Kitchen,1,5353.8,7637.4,0.1399,1068.47,0,0.0,141.29,34.37,64.92,80.19,747.7
500927,2025-06-12,1010,Seller 1010,Platinum,West,Home & Kitchen,3,1187.3999999999999,5081.4,0.1337,679.38,0,0.0,94.01,22.87,43.19,53.35,465.96
500928,2025-06-29,1077,Seller 1077,Bronze,South,Home & Kitchen,3,2243.4,3840.6,0.1397,536.53,0,0.0,71.05,17.28,32.65,40.33,375.23
500929,2025-06-02,1025,Seller 1025,Gold,Central,Pet Supplies,2,1609.2,3406.2,0.1267,431.57,0,0.0,63.01,15.33,28.95,35.77,288.51
500930,2025-06-15,1079,Seller 1079,Bronze,South,Beauty,2,1180.8,1347.6,0.1565,210.9,0,0.0,24.93,6.06,11.45,14.15,154.3
500931,2025-07-15,1078,Seller 1078,Bronze,East,Home & Kitchen,3,2328.6000000000004,4113.0,0.1325,544.97,0,0.0,76.09,18.51,34.96,43.19,372.23
500932,2025-07-04,1022,Seller 1022,Gold,East,Sports,1,4162.200000000001,4545.0,0.1324,601.76,0,0.0,84.08,20.45,38.63,47.72,410.87
500933,2025-07-27,1009,Seller 1009,Platinum,Central,Pet Supplies,4,580.8,3420.0,0.1411,482.56,0,0.0,63.27,15.39,29.07,35.91,338.92
500934,2025-07-21,1003,Seller 1003,Platinum,East,Pet Supplies,2,1250.4,3680.4,0.1363,501.64,1,2731.2,68.09,16.56,31.28,38.64,292.44
500935,2025-07-11,1007,Seller 1007,Platinum,South,Beauty,1,2923.2,4302.0,0.1396,600.56,0,0.0,79.59,19.36,36.57,45.17,419.88
500936,2025-07-02,1067,Seller 1067,Bronze,South,Pet Supplies,2,1758.6,2070.6,0.1301,269.39,1,1320.6,38.31,9.32,17.6,21.74,156.01
500937,2025-07-10,1074,Seller 1074,Bronze,East,Pet Supplies,2,1937.3999999999999,2281.2,0.143,326.21,0,0.0,42.2,10.27,19.39,23.95,230.4
500938,2025-07-29,1040,Seller 1040,Silver,West,Pet Supplies,2,1518.0,2536.8,0.1304,330.8,0,0.0,46.93,11.42,21.56,26.64,224.25
500939,2025-07-25,1043,Seller 1043,Silver,West,Home & Kitchen,3,1822.2,4567.2,0.1312,599.22,0,0.0,84.49,20.55,38.82,47.96,407.39
500940,2025-07-01,1031,Seller 1031,Silver,West,Sports,1,4137.0,3456.6,0.131,452.81,0,0.0,63.95,15.55,29.38,36.29,307.64
500941,2025-07-01,1005,Seller 1005,Platinum,East,Electronics,3,2218.2,9794.4,0.1318,1290.9,0,0.0,181.2,44.07,83.25,102.84,879.54
500942,2025-07-12,1039,Seller 1039,Silver,East,Pet Supplies,2,1608.0,2687.4,0.1213,325.98,0,0.0,49.72,12.09,22.84,28.22,213.11
500943,2025-07-14,1013,Seller 1013,Gold,West,Electronics,1,9437.4,10305.0,0.1319,1359.23,0,0.0,190.64,46.37,87.59,108.2,926.42
500944,2025-07-18,1055,Seller 1055,Bronze,Central,Sports,3,1834.8,3240.0,0.1322,428.33,0,0.0,59.94,14.58,27.54,34.02,292.25
500945,2025-07-04,1025,Seller 1025,Gold,Central,Pet Supplies,4,810.6,3540.0,0.1342,475.07,0,0.0,65.49,15.93,30.09,37.17,326.39
500946,2025-07-01,1066,Seller 1066,Bronze,South,Home & Kitchen,1,5221.2,3073.8,0.1337,410.97,0,0.0,56.87,13.83,26.13,32.27,281.87
500947,2025-07-24,1017,Seller 1017,Gold,East,Electronics,1,9391.8,10255.2,0.1311,1344.46,0,0.0,189.72,46.15,87.17,107.68,913.74
500948,2025-07-21,1019,Seller 1019,Gold,East,Apparel,2,2182.8,4766.4,0.1169,557.19,0,0.0,88.18,21.45,40.51,50.05,357.0
500949,2025-07-06,1019,Seller 1019,Gold,East,Apparel,1,3814.2,4164.6,0.1286,535.57,0,0.0,77.05,18.74,35.4,43.73,360.65
500950,2025-07-27,1026,Seller 1026,Gold,East,Beauty,2,1542.6000000000001,3369.0,0.1496,504.0,0,0.0,62.33,15.16,28.64,35.37,362.5
500951,2025-07-29,1075,Seller 1075,Bronze,East,Electronics,2,4854.599999999999,5715.6,0.1209,691.02,0,0.0,105.74,25.72,48.58,60.01,450.96
500952,2025-07-15,1006,Seller 1006,Platinum,East,Sports,3,1269.0,5603.4,0.1326,743.01,0,0.0,103.66,25.22,47.63,58.84,507.67
500953,2025-07-03,1043,Seller 1043,Silver,West,Apparel,2,2108.4,3523.2,0.1318,464.36,1,1985.4,65.18,15.85,29.95,36.99,276.68
500954,2025-07-05,1019,Seller 1019,Gold,East,Apparel,3,1663.1999999999998,5448.0,0.1264,688.63,1,3481.8,100.79,24.52,46.31,57.2,390.18
500955,2025-07-08,1029,Seller 1029,Gold,West,Pet Supplies,3,1470.6000000000001,4816.8,0.1259,606.44,0,0.0,89.11,21.68,40.94,50.58,404.13
500956,2025-07-09,1013,Seller 1013,Gold,West,Electronics,2,3739.7999999999997,8167.8,0.1319,1077.33,0,0.0,151.1,36.76,69.43,85.76,734.29
500957,2025-07-28,1059,Seller 1059,Bronze,Central,Sports,3,1020.6000000000001,1802.4,0.1386,249.81,0,0.0,33.34,8.11,15.32,18.93,174.11
500958,2025-07-22,1056,Seller 1056,Bronze,West,Electronics,3,3876.6,6846.0,0.1161,794.82,0,0.0,126.65,30.81,58.19,71.88,507.29
500959,2025-07-27,1048,Seller 1048,Silver,East,Electronics,1,9124.199999999999,7623.6,0.1351,1029.95,0,0.0,141.04,34.31,64.8,80.05,709.76
500960,2025-07-16,1069,Seller 1069,Bronze,East,Electronics,3,3321.6,5866.2,0.1281,751.46,0,0.0,108.52,26.4,49.86,61.6,505.08
500961,2025-07-12,1075,Seller 1075,Bronze,East,Home & Kitchen,2,1777.2,2092.2,0.142,297.09,0,0.0,38.71,9.41,17.78,21.97,209.22
500962,2025-07-15,1066,Seller 1066,Bronze,South,Home & Kitchen,2,2430.6,2862.0,0.1401,400.97,0,0.0,52.95,12.88,24.33,30.05,280.76
500963,2025-07-06,1061,Seller 1061,Bronze,Central,Electronics,1,9614.400000000001,5659.8,0.127,718.79,0,0.0,104.71,25.47,48.11,59.43,481.08
500964,2025-07-08,1058,Seller 1058,Bronze,East,Apparel,2,2236.8,2634.0,0.117,308.18,0,0.0,48.73,11.85,22.39,27.66,197.55
500965,2025-07-10,1071,Seller 1071,Bronze,Central,Sports,2,1975.2,2325.0,0.1285,298.76,1,1815.0,43.01,10.46,19.76,24.41,164.81
500966,2025-07-08,1055,Seller 1055,Bronze,Central,Pet Supplies,1,3218.4,1894.8,0.1319,249.92,1,1418.4,35.05,8.53,16.11,19.9,141.97
500967,2025-07-29,1010,Seller 1010,Platinum,West,Home & Kitchen,4,1604.3999999999999,9446.4,0.1353,1278.1,0,0.0,174.76,42.51,80.29,99.19,881.35
500968,2025-07-09,1030,Seller 1030,Gold,South,Pet Supplies,2,1590.0,3472.8,0.1248,433.41,0,0.0,64.25,15.63,29.52,36.46,287.55
500969,2025-07-08,1036,Seller 1036,Silver,Central,Pet Supplies,2,1477.2,2469.0,0.1405,346.89,0,0.0,45.68,11.11,20.99,25.92,243.2
500970,2025-07-20,1002,Seller 1002,Platinum,Central,Beauty,3,548.4000000000001,2420.4,0.1427,345.39,0,0.0,44.78,10.89,20.57,25.41,243.73
500971,2025-07-23,1002,Seller 1002,Platinum,Central,Home & Kitchen,1,4867.200000000001,7162.8,0.1266,906.81,0,0.0,132.51,32.23,60.88,75.21,605.97
500972,2025-07-25,1027,Seller 1027,Gold,West,Apparel,1,3786.6,4134.6,0.1262,521.79,0,0.0,76.49,18.61,35.14,43.41,348.13
500973,2025-07-17,1011,Seller 1011,Platinum,West,Electronics,3,4003.8,17676.6,0.1298,2294.42,0,0.0,327.02,79.54,150.25,185.6,1552.01
500974,2025-07-26,1004,Seller 1004,Platinum,East,Sports,2,2190.6,6447.6,0.1386,893.64,0,0.0,119.28,29.01,54.8,67.7,622.84
500975,2025-07-10,1046,Seller 1046,Silver,Central,Sports,1,4830.0,4035.6,0.1257,507.27,0,0.0,74.66,18.16,34.3,42.37,337.78
500976,2025-07-20,1076,Seller 1076,Bronze,Central,Home & Kitchen,3,772.1999999999999,1364.4,0.1267,172.87,0,0.0,25.24,6.14,11.6,14.33,115.56
500977,2025-07-06,1078,Seller 1078,Bronze,East,Sports,4,480.0,1130.4,0.1209,136.67,0,0.0,20.91,5.09,9.61,11.87,89.19
500978,2025-07-17,1061,Seller 1061,Bronze,Central,Electronics,1,8377.2,4931.4,0.1345,663.27,0,0.0,91.23,22.19,41.92,51.78,456.15
500979,2025-07-09,1023,Seller 1023,Gold,Central,Home & Kitchen,2,2037.0000000000002,4449.0,0.1275,567.25,0,0.0,82.31,20.02,37.82,46.71,380.39
500980,2025-07-27,1027,Seller 1027,Gold,West,Apparel,2,1821.6,3977.4,0.1094,435.13,0,0.0,73.58,17.9,33.81,41.76,268.08
500981,2025-07-28,1053,Seller 1053,Silver,Central,Beauty,3,873.0,2187.6,0.143,312.83,0,0.0,40.47,9.84,18.59,22.97,220.95
500982,2025-07-09,1027,Seller 1027,Gold,West,Apparel,2,2234.4,4879.2,0.125,609.9,0,0.0,90.27,21.96,41.47,51.23,404.97
500983,2025-07-26,1076,Seller 1076,Bronze,Central,Home & Kitchen,2,2033.4,2394.0,0.1278,305.95,0,0.0,44.29,10.77,20.35,25.14,205.41
500984,2025-07-01,1052,Seller 1052,Silver,Central,Pet Supplies,2,1782.6000000000001,2979.6,0.1337,398.37,0,0.0,55.12,13.41,25.33,31.29,273.23
500985,2025-07-19,1012,Seller 1012,Platinum,East,Beauty,3,721.1999999999999,3185.4,0.1498,477.17,0,0.0,58.93,14.33,27.08,33.45,343.39
500986,2025-07-22,1023,Seller 1023,Gold,Central,Home & Kitchen,3,2133.0,6988.2,0.1334,932.23,0,0.0,129.28,31.45,59.4,73.38,638.72
500987,2025-07-17,1073,Seller 1073,Bronze,Central,Electronics,2,4152.599999999999,4889.4,0.1343,656.65,0,0.0,90.45,22.0,41.56,51.34,451.29
500988,2025-07-24,1038,Seller 1038,Silver,South,Sports,3,1759.2,4410.0,0.1377,607.26,0,0.0,81.58,19.84,37.48,46.3,422.04
500989,2025-07-05,1071,Seller 1071,Bronze,Central,Sports,1,5009.4,2949.0,0.1281,377.77,0,0.0,54.56,13.27,25.07,30.96,253.91
500990,2025-07-10,1033,Seller 1033,Silver,South,Beauty,2,1333.8,2228.4,0.1483,330.47,0,0.0,41.23,10.03,18.94,23.4,236.88
500991,2025-07-14,1052,Seller 1052,Silver,Central,Apparel,3,1335.0,3346.2,0.125,418.28,0,0.0,61.9,15.06,28.44,35.14,277.73
500992,2025-07-08,1063,Seller 1063,Bronze,West,Pet Supplies,3,1221.0,2156.4,0.1371,295.64,0,0.0,39.89,9.7,18.33,22.64,205.07
500993,2025-07-02,1021,Seller 1021,Gold,Central,Pet Supplies,3,1053.0,3449.4,0.1271,438.42,0,0.0,63.81,15.52,29.32,36.22,293.54
500994,2025-07-06,1002,Seller 1002,Platinum,Central,Home & Kitchen,3,1944.6,8585.4,0.1282,1100.65,0,0.0,158.83,38.63,72.98,90.15,740.06
500995,2025-07-12,1057,Seller 1057,Bronze,South,Electronics,3,1812.0,3199.8,0.1284,410.85,0,0.0,59.2,14.4,27.2,33.6,276.46
500996,2025-07-29,1040,Seller 1040,Silver,West,Pet Supplies,2,1514.3999999999999,2530.8,0.1291,326.73,0,0.0,46.82,11.39,21.51,26.57,220.43
500997,2025-07-02,1031,Seller 1031,Silver,West,Home & Kitchen,2,2469.6,4126.8,0.1233,508.83,0,0.0,76.35,18.57,35.08,43.33,335.51
500998,2025-07-03,1029,Seller 1029,Gold,West,Electronics,3,1645.2,5389.8,0.117,630.61,0,0.0,99.71,24.25,45.81,56.59,404.24
500999,2025-07-07,1042,Seller 1042,Silver,East,Pet Supplies,1,2870.4,2398.2,0.1424,341.5,0,0.0,44.37,10.79,20.38,25.18,240.78
501000,2025-07-07,1028,Seller 1028,Gold,Central,Sports,2,2337.0,5103.0,0.1317,672.07,0,0.0,94.41,22.96,43.38,53.58,457.74
501001,2025-07-24,1009,Seller 1009,Platinum,Central,Pet Supplies,2,1903.8,5602.8,0.1211,678.5,0,0.0,103.65,25.21,47.62,58.83,443.18
501002,2025-07-08,1077,Seller 1077,Bronze,South,Home & Kitchen,4,1192.8,2808.6,0.142,398.82,0,0.0,51.96,12.64,23.87,29.49,280.86
501003,2025-07-10,1013,Seller 1013,Gold,West,Electronics,3,2775.0,9089.4,0.1293,1175.26,0,0.0,168.15,40.9,77.26,95.44,793.5
501004,2025-07-19,1023,Seller 1023,Gold,Central,Home & Kitchen,3,1410.6000000000001,4620.6,0.1434,662.59,0,0.0,85.48,20.79,39.28,48.52,468.53
501005,2025-07-24,1075,Seller 1075,Bronze,East,Electronics,1,8620.800000000001,5074.8,0.1251,634.86,1,2839.8,93.88,22.84,43.14,53.29,364.92
501006,2025-07-09,1016,Seller 1016,Gold,West,Sports,2,1668.0,3642.6,0.1309,476.82,0,0.0,67.39,16.39,30.96,38.25,323.83
501007,2025-07-23,1026,Seller 1026,Gold,East,Home & Kitchen,2,2565.0,5601.6,0.1452,813.35,0,0.0,103.63,25.21,47.61,58.82,578.09
501008,2025-07-26,1043,Seller 1043,Silver,West,Sports,1,5144.4,4298.4,0.117,502.91,0,0.0,79.52,19.34,36.54,45.13,322.38
501009,2025-07-21,1037,Seller 1037,Silver,East,Home & Kitchen,3,1350.6000000000001,3385.2,0.1288,436.01,0,0.0,62.63,15.23,28.77,35.54,293.84
501010,2025-06-30,1032,Seller 1032,Silver,West,Pet Supplies,2,1224.6,2046.6,0.1292,264.42,0,0.0,37.86,9.21,17.4,21.49,178.46
501011,2025-07-05,1009,Seller 1009,Platinum,Central,Electronics,2,4284.599999999999,12611.4,0.1368,1725.24,0,0.0,233.31,56.75,107.2,132.42,1195.56
501012,2025-07-05,1076,Seller 1076,Bronze,Central,Home & Kitchen,2,2204.4,2595.6,0.1352,350.93,0,0.0,48.02,11.68,22.06,27.25,241.91
501013,2025-07-08,1026,Seller 1026,Gold,East,Home & Kitchen,2,2726.3999999999996,5954.4,0.1298,772.88,0,0.0,110.16,26.79,50.61,62.52,522.8
501014,2025-07-23,1062,Seller 1062,Bronze,West,Electronics,3,2779.7999999999997,4909.2,0.117,574.38,0,0.0,90.82,22.09,41.73,51.55,368.19
501015,2025-07-19,1056,Seller 1056,Bronze,West,Apparel,3,1317.6000000000001,2326.8,0.1285,298.99,0,0.0,43.05,10.47,19.78,24.43,201.27
501016,2025-07-19,1069,Seller 1069,Bronze,East,Electronics,2,3819.0,4496.4,0.1241,558.0,0,0.0,83.18,20.23,38.22,47.21,369.15
501017,2025-07-23,1062,Seller 1062,Bronze,West,Electronics,3,3493.2,6168.6,0.1167,719.88,1,4782.6,114.12,27.76,52.43,64.77,365.14
501018,2025-07-20,1048,Seller 1048,Silver,East,Electronics,4,1431.0,4783.8,0.1363,652.03,0,0.0,88.5,21.53,40.66,50.23,451.11
501019,2025-07-24,1076,Seller 1076,Bronze,Central,Home & Kitchen,4,480.0,1130.4,0.126,142.43,0,0.0,20.91,5.09,9.61,11.87,94.95
501020,2025-07-12,1056,Seller 1056,Bronze,West,Pet Supplies,1,3439.2,2025.0,0.1352,273.78,0,0.0,37.46,9.11,17.21,21.26,188.73
501021,2025-07-22,1055,Seller 1055,Bronze,Central,Pet Supplies,2,1626.0,1914.6,0.1395,267.09,0,0.0,35.42,8.62,16.27,20.1,186.67
501022,2025-07-26,1019,Seller 1019,Gold,East,Apparel,1,3968.4,4333.2,0.1141,494.42,0,0.0,80.16,19.5,36.83,45.5,312.42
501023,2025-07-28,1021,Seller 1021,Gold,Central,Pet Supplies,2,1204.2,2629.8,0.142,373.43,0,0.0,48.65,11.83,22.35,27.61,262.98
501024,2025-07-17,1011,Seller 1011,Platinum,West,Electronics,2,5026.8,14795.4,0.1329,1966.31,0,0.0,273.71,66.58,125.76,155.35,1344.9
501025,2025-07-18,1049,Seller 1049,Silver,West,Home & Kitchen,2,1805.4,3017.4,0.1452,438.13,0,0.0,55.82,13.58,25.65,31.68,311.4
501026,2025-07-26,1045,Seller 1045,Silver,Central,Beauty,2,832.8000000000001,1392.0,0.1426,198.5,0,0.0,25.75,6.26,11.83,14.62,140.04
501027,2025-07-05,1063,Seller 1063,Bronze,West,Pet Supplies,3,1203.6,2125.8,0.1326,281.88,0,0.0,39.33,9.57,18.07,22.32,192.6
501028,2025-07-26,1023,Seller 1023,Gold,Central,Home & Kitchen,2,2209.2,4824.6,0.1274,614.65,0,0.0,89.26,21.71,41.01,50.66,412.02
501029,2025-07-13,1028,Seller 1028,Gold,Central,Sports,3,1603.8,5254.2,0.1342,705.11,0,0.0,97.2,23.64,44.66,55.17,484.44
501030,2025-07-08,1057,Seller 1057,Bronze,South,Electronics,1,7712.4,4540.2,0.117,531.2,0,0.0,83.99,20.43,38.59,47.67,340.51
501031,2025-07-24,1009,Seller 1009,Platinum,Central,Pet Supplies,1,2974.2,4377.0,0.1361,595.71,0,0.0,80.97,19.7,37.2,45.96,411.88
501032,2025-07-16,1001,Seller 1001,Platinum,East,Electronics,2,4152.599999999999,12223.2,0.1181,1443.56,0,0.0,226.13,55.0,103.9,128.34,930.19
501033,2025-07-10,1035,Seller 1035,Silver,East,Apparel,2,1501.8000000000002,2509.8,0.1161,291.39,0,0.0,46.43,11.29,21.33,26.35,185.98
501034,2025-06-30,1031,Seller 1031,Silver,West,Pet Supplies,1,3324.0,2777.4,0.1434,398.28,0,0.0,51.38,12.5,23.61,29.16,281.63
501035,2025-07-08,1059,Seller 1059,Bronze,Central,Apparel,2,1285.2,1513.2,0.1113,168.42,0,0.0,27.99,6.81,12.86,15.89,104.86
501036,2025-07-20,1032,Seller 1032,Silver,West,Pet Supplies,1,2872.2,2400.0,0.1314,315.36,0,0.0,44.4,10.8,20.4,25.2,214.56
501037,2025-07-19,1042,Seller 1042,Silver,East,Pet Supplies,2,1618.8,2705.4,0.1394,377.13,0,0.0,50.05,12.17,23.0,28.41,263.51
501038,2025-07-21,1063,Seller 1063,Bronze,West,Pet Supplies,2,1493.4,1758.0,0.1303,229.07,0,0.0,32.52,7.91,14.94,18.46,155.23
501039,2025-07-27,1013,Seller 1013,Gold,West,Electronics,2,4791.0,10463.4,0.1164,1217.94,0,0.0,193.57,47.09,88.94,109.87,778.48
501040,2025-07-14,1065,Seller 1065,Bronze,South,Home & Kitchen,2,2462.4,2899.2,0.143,414.59,0,0.0,53.64,13.05,24.64,30.44,292.82
501041,2025-07-22,1022,Seller 1022,Gold,East,Electronics,1,8797.2,9606.0,0.1188,1141.19,0,0.0,177.71,43.23,81.65,100.86,737.74
501042,2025-07-08,1012,Seller 1012,Platinum,East,Beauty,2,1317.6000000000001,3879.0,0.1553,602.41,0,0.0,71.76,17.46,32.97,40.73,439.49
501043,2025-07-20,1029,Seller 1029,Gold,West,Home & Kitchen,1,4083.6000000000004,4459.2,0.1391,620.27,0,0.0,82.5,20.07,37.9,46.82,432.99
501044,2025-07-20,1063,Seller 1063,Bronze,West,Pet Supplies,1,2647.2,1558.8,0.1424,221.97,0,0.0,28.84,7.01,13.25,16.37,156.5
501045,2025-07-27,1044,Seller 1044,Silver,East,Pet Supplies,2,1161.0,1940.4,0.1292,250.7,0,0.0,35.9,8.73,16.49,20.37,169.2
501046,2025-07-06,1056,Seller 1056,Bronze,West,Home & Kitchen,2,2785.8,3280.2,0.1257,412.32,0,0.0,60.68,14.76,27.88,34.44,274.55
501047,2025-07-18,1015,Seller 1015,Gold,West,Pet Supplies,3,1195.2,3915.6,0.1291,505.5,0,0.0,72.44,17.62,33.28,41.11,341.05
501048,2025-07-04,1069,Seller 1069,Bronze,East,Electronics,1,9172.2,5399.4,0.1315,710.02,0,0.0,99.89,24.3,45.89,56.69,483.25
501049,2025-07-26,1067,Seller 1067,Bronze,South,Beauty,2,1266.0,1490.4,0.1332,198.52,0,0.0,27.57,6.71,12.67,15.65,135.92
501050,2025-07-26,1038,Seller 1038,Silver,South,Apparel,2,1762.8,2946.0,0.1148,338.2,0,0.0,54.5,13.26,25.04,30.93,214.47
501051,2025-07-15,1005,Seller 1005,Platinum,East,Electronics,1,10676.4,15712.8,0.116,1822.68,0,0.0,290.69,70.71,133.56,164.98,1162.75
501052,2025-07-06,1028,Seller 1028,Gold,Central,Sports,2,1939.8,4236.6,0.1395,591.01,0,0.0,78.38,19.06,36.01,44.48,413.07
501053,2025-07-26,1029,Seller 1029,Gold,West,Home & Kitchen,4,1485.6000000000001,6489.0,0.1273,826.05,0,0.0,120.05,29.2,55.16,68.13,553.51
501054,2025-07-02,1021,Seller 1021,Gold,Central,Sports,1,4799.4,5240.4,0.1274,667.63,0,0.0,96.95,23.58,44.54,55.02,447.53
501055,2025-07-10,1068,Seller 1068,Bronze,South,Pet Supplies,2,2113.7999999999997,2488.8,0.1368,340.47,0,0.0,46.04,11.2,21.15,26.13,235.94
501056,2025-07-22,1075,Seller 1075,Bronze,East,Electronics,3,2013.6000000000001,3556.2,0.124,440.97,0,0.0,65.79,16.0,30.23,37.34,291.61
501057,2025-07-18,1062,Seller 1062,Bronze,West,Electronics,2,4735.2,5575.2,0.131,730.35,1,4887.6,103.14,25.09,47.39,58.54,398.44
501058,2025-07-29,1014,Seller 1014,Gold,East,Apparel,3,1267.2,4152.0,0.1308,543.08,0,0.0,76.81,18.68,35.29,43.6,368.7
501059,2025-07-18,1008,Seller 1008,Platinum,West,Electronics,3,2829.0,12491.4,0.1143,1427.77,0,0.0,231.09,56.21,106.18,131.16,903.13
501060,2025-07-19,1056,Seller 1056,Bronze,West,Pet Supplies,2,1375.8,1619.4,0.1229,199.02,0,0.0,29.96,7.29,13.76,17.0,131.01
501061,2025-07-27,1023,Seller 1023,Gold,Central,Home & Kitchen,1,5346.0,5837.4,0.1421,829.49,0,0.0,107.99,26.27,49.62,61.29,584.32
501062,2025-07-21,1049,Seller 1049,Silver,West,Home & Kitchen,2,2151.0,3594.6,0.1259,452.56,0,0.0,66.5,16.18,30.55,37.74,301.59
501063,2025-07-18,1066,Seller 1066,Bronze,South,Home & Kitchen,1,4315.8,2541.0,0.1345,341.76,0,0.0,47.01,11.43,21.6,26.68,235.04
501064,2025-07-22,1024,Seller 1024,Gold,West,Pet Supplies,4,780.0,3406.2,0.1272,433.27,0,0.0,63.01,15.33,28.95,35.77,290.21
501065,2025-07-15,1069,Seller 1069,Bronze,East,Electronics,2,4221.6,4970.4,0.1263,627.76,0,0.0,91.95,22.37,42.25,52.19,419.0
501066,2025-07-21,1009,Seller 1009,Platinum,Central,Pet Supplies,1,2919.6,4296.6,0.139,597.23,0,0.0,79.49,19.33,36.52,45.11,416.77
501067,2025-07-04,1016,Seller 1016,Gold,West,Sports,2,2146.2000000000003,4686.6,0.1293,605.98,0,0.0,86.7,21.09,39.84,49.21,409.14
501068,2025-07-16,1074,Seller 1074,Bronze,East,Electronics,3,3659.4,6462.6,0.1334,862.11,0,0.0,119.56,29.08,54.93,67.86,590.68
501069,2025-07-16,1039,Seller 1039,Silver,East,Pet Supplies,1,3048.0,2546.4,0.1427,363.37,0,0.0,47.11,11.46,21.64,26.74,256.42
501070,2025-07-11,1038,Seller 1038,Silver,South,Sports,1,4722.599999999999,3945.6,0.1327,523.58,0,0.0,72.99,17.76,33.54,41.43,357.87
501071,2025-07-09,1078,Seller 1078,Bronze,East,Home & Kitchen,2,2634.0,3101.4,0.1427,442.57,0,0.0,57.38,13.96,26.36,32.56,312.31
501072,2025-07-17,1028,Seller 1028,Gold,Central,Sports,1,4402.799999999999,4807.8,0.1227,589.92,0,0.0,88.94,21.64,40.87,50.48,387.99
501073,2025-07-22,1033,Seller 1033,Silver,South,Beauty,2,1218.0,2035.8,0.1439,292.95,0,0.0,37.66,9.16,17.3,21.38,207.45
501074,2025-07-11,1019,Seller 1019,Gold,East,Apparel,3,1494.0,4894.2,0.1319,645.54,0,0.0,90.54,22.02,41.6,51.39,439.99
501075,2025-07-13,1073,Seller 1073,Bronze,Central,Electronics,3,2042.9999999999998,3607.8,0.1231,444.12,0,0.0,66.74,16.24,30.67,37.88,292.59
501076,2025-07-02,1049,Seller 1049,Silver,West,Home & Kitchen,2,2364.0,3951.0,0.126,497.83,0,0.0,73.09,17.78,33.58,41.49,331.88
501077,2025-06-30,1043,Seller 1043,Silver,West,Sports,2,2529.6,4227.0,0.1226,518.23,0,0.0,78.2,19.02,35.93,44.38,340.7
501078,2025-07-23,1013,Seller 1013,Gold,West,Electronics,3,2767.8,9066.0,0.1155,1047.12,0,0.0,167.72,40.8,77.06,95.19,666.35
501079,2025-07-08,1040,Seller 1040,Silver,West,Pet Supplies,2,1455.0,2431.8,0.1284,312.24,0,0.0,44.99,10.94,20.67,25.53,210.11
501080,2025-07-21,1078,Seller 1078,Bronze,East,Home & Kitchen,3,1742.3999999999999,3076.8,0.141,433.83,0,0.0,56.92,13.85,26.15,32.31,304.6
501081,2025-07-22,1069,Seller 1069,Bronze,East,Electronics,3,2422.8,4279.2,0.1272,544.31,0,0.0,79.17,19.26,36.37,44.93,364.59
501082,2025-07-11,1020,Seller 1020,Gold,West,Home & Kitchen,3,2038.1999999999998,6676.2,0.1294,863.9,0,0.0,123.51,30.04,56.75,70.1,583.5
501083,2025-07-09,1032,Seller 1032,Silver,West,Pet Supplies,1,3255.6,2720.4,0.1305,355.01,0,0.0,50.33,12.24,23.12,28.56,240.76
501084,2025-07-09,1036,Seller 1036,Silver,Central,Sports,4,870.0,2908.2,0.1355,394.06,0,0.0,53.8,13.09,24.72,30.54,271.92
501085,2025-07-02,1053,Seller 1053,Silver,Central,Electronics,2,4141.8,6921.6,0.1188,822.29,0,0.0,128.05,31.15,58.83,72.68,531.58
501086,2025-08-22,1037,Seller 1037,Silver,East,Apparel,1,3868.2,3435.6,0.1311,450.41,0,0.0,63.56,15.46,29.2,36.07,306.11
501087,2025-08-18,1018,Seller 1018,Gold,West,Electronics,1,8469.6,9830.4,0.1343,1320.22,0,0.0,181.86,44.24,83.56,103.22,907.35
501088,2025-08-20,1025,Seller 1025,Gold,Central,Pet Supplies,3,1051.8000000000002,3663.6,0.1328,486.53,0,0.0,67.78,16.49,31.14,38.47,332.65
501089,2025-08-27,1068,Seller 1068,Bronze,South,Pet Supplies,3,1111.8000000000002,2086.8,0.124,258.76,0,0.0,38.61,9.39,17.74,21.91,171.12
501090,2025-08-04,1029,Seller 1029,Gold,West,Home & Kitchen,2,2616.0,6073.2,0.1315,798.63,0,0.0,112.35,27.33,51.62,63.77,543.55
501091,2025-08-08,1048,Seller 1048,Silver,East,Beauty,3,797.4,2125.2,0.1459,310.07,0,0.0,39.32,9.56,18.06,22.31,220.81
501092,2025-08-28,1062,Seller 1062,Bronze,West,Electronics,2,5458.8,6831.6,0.1267,865.56,0,0.0,126.38,30.74,58.07,71.73,578.64
501093,2025-08-08,1066,Seller 1066,Bronze,South,Electronics,4,1594.8,3991.8,0.1334,532.51,1,3022.2,73.85,17.96,33.93,41.91,304.41
501094,2025-08-05,1046,Seller 1046,Silver,Central,Sports,1,5033.4,4470.6,0.1256,561.51,0,0.0,82.71,20.12,38.0,46.94,373.74
501095,2025-08-07,1011,Seller 1011,Platinum,West,Electronics,3,2473.7999999999997,11610.6,0.1349,1566.27,0,0.0,214.8,52.25,98.69,121.91,1078.62
501096,2025-08-13,1029,Seller 1029,Gold,West,Home & Kitchen,1,5186.4,6019.8,0.1444,869.26,0,0.0,111.37,27.09,51.17,63.21,616.43
501097,2025-08-05,1057,Seller 1057,Bronze,South,Electronics,2,4940.400000000001,6183.0,0.1216,751.85,0,0.0,114.39,27.82,52.56,64.92,492.17
501098,2025-08-14,1037,Seller 1037,Silver,East,Apparel,1,4152.0,3687.6,0.1296,477.91,0,0.0,68.22,16.59,31.34,38.72,323.03
501099,2025-08-23,1035,Seller 1035,Silver,East,Electronics,1,8755.800000000001,7777.2,0.1294,1006.37,0,0.0,143.88,35.0,66.11,81.66,679.73
501100,2025-07-30,1052,Seller 1052,Silver,Central,Pet Supplies,4,558.0,1982.4,0.1293,256.32,0,0.0,36.67,8.92,16.85,20.82,173.06
501101,2025-08-18,1017,Seller 1017,Gold,East,Electronics,1,8700.0,10098.0,0.1187,1198.63,0,0.0,186.81,45.44,85.83,106.03,774.52
501102,2025-08-15,1002,Seller 1002,Platinum,Central,Home & Kitchen,2,2900.4,9074.4,0.1413,1282.21,0,0.0,167.88,40.83,77.13,95.28,901.09
501103,2025-08-05,1024,Seller 1024,Gold,West,Pet Supplies,2,1063.8,2470.2,0.1439,355.46,0,0.0,45.7,11.12,21.0,25.94,251.71
501104,2025-08-17,1061,Seller 1061,Bronze,Central,Electronics,3,1894.2,3555.6,0.1251,444.81,0,0.0,65.78,16.0,30.22,37.33,295.47
501105,2025-08-18,1020,Seller 1020,Gold,West,Home & Kitchen,2,2541.6,5899.8,0.1468,866.09,0,0.0,109.15,26.55,50.15,61.95,618.3
501106,2025-08-09,1026,Seller 1026,Gold,East,Home & Kitchen,3,1766.4,6151.8,0.1304,802.19,0,0.0,113.81,27.68,52.29,64.59,543.82
501107,2025-08-10,1055,Seller 1055,Bronze,Central,Pet Supplies,1,3097.8,1938.6,0.1273,246.78,0,0.0,35.86,8.72,16.48,20.36,165.36
501108,2025-08-08,1054,Seller 1054,Silver,South,Home & Kitchen,3,1487.3999999999999,3963.0,0.123,487.45,0,0.0,73.32,17.83,33.69,41.61,321.0
501109,2025-08-02,1061,Seller 1061,Bronze,Central,Electronics,1,8241.6,5157.6,0.1191,614.27,0,0.0,95.42,23.21,43.84,54.15,397.65
501110,2025-08-22,1013,Seller 1013,Gold,West,Electronics,1,7610.400000000001,8833.2,0.1161,1025.53,0,0.0,163.41,39.75,75.08,92.75,654.54
501111,2025-08-03,1076,Seller 1076,Bronze,Central,Home & Kitchen,1,5332.200000000001,3336.6,0.128,427.08,0,0.0,61.73,15.01,28.36,35.03,286.95
501112,2025-08-28,1078,Seller 1078,Bronze,East,Home & Kitchen,1,4470.6,2797.8,0.1387,388.05,0,0.0,51.76,12.59,23.78,29.38,270.55
501113,2025-08-22,1013,Seller 1013,Gold,West,Electronics,1,8515.800000000001,9884.4,0.1304,1288.93,0,0.0,182.86,44.48,84.02,103.79,873.78
501114,2025-08-28,1020,Seller 1020,Gold,West,Home & Kitchen,3,2104.7999999999997,7329.0,0.1291,946.17,0,0.0,135.59,32.98,62.3,76.95,638.36
501115,2025-08-28,1072,Seller 1072,Bronze,South,Beauty,1,2746.8,1719.0,0.1549,266.27,0,0.0,31.8,7.74,14.61,18.05,194.08
501116,2025-08-24,1065,Seller 1065,Bronze,South,Home & Kitchen,1,4565.400000000001,2856.6,0.1261,360.22,0,0.0,52.85,12.85,24.28,29.99,240.24
501117,2025-08-15,1025,Seller 1025,Gold,Central,Apparel,1,3852.0,4471.2,0.1203,537.89,0,0.0,82.72,20.12,38.01,46.95,350.09
501118,2025-08-17,1050,Seller 1050,Silver,East,Electronics,1,9305.4,8265.0,0.118,975.27,0,0.0,152.9,37.19,70.25,86.78,628.14
501119,2025-08-21,1002,Seller 1002,Platinum,Central,Sports,1,4718.4,7381.2,0.1286,949.22,0,0.0,136.55,33.22,62.74,77.5,639.21
501120,2025-08-27,1035,Seller 1035,Silver,East,Electronics,2,4537.200000000001,8059.8,0.1187,956.7,0,0.0,149.11,36.27,68.51,84.63,618.19
501121,2025-08-02,1036,Seller 1036,Silver,Central,Beauty,2,1270.8,2257.8,0.1565,353.35,0,0.0,41.77,10.16,19.19,23.71,258.52
501122,2025-08-07,1001,Seller 1001,Platinum,East,Electronics,1,7320.6,11452.2,0.1208,1383.43,0,0.0,211.87,51.53,97.34,120.25,902.43
501123,2025-08-06,1018,Seller 1018,Gold,West,Electronics,1,8302.8,9637.2,0.1144,1102.5,0,0.0,178.29,43.37,81.92,101.19,697.73
501124,2025-08-02,1036,Seller 1036,Silver,Central,Pet Supplies,3,985.2,2624.4,0.1435,376.6,0,0.0,48.55,11.81,22.31,27.56,266.38
501125,2025-08-07,1049,Seller 1049,Silver,West,Beauty,3,661.8,1762.8,0.1462,257.72,0,0.0,32.61,7.93,14.98,18.51,183.68
501126,2025-08-10,1027,Seller 1027,Gold,West,Apparel,3,799.8,2784.6,0.1117,311.04,0,0.0,51.52,12.53,23.67,29.24,194.09
501127,2025-08-22,1019,Seller 1019,Gold,East,Electronics,1,8719.800000000001,10120.8,0.1326,1342.02,0,0.0,187.23,45.54,86.03,106.27,916.94
501128,2025-08-01,1024,Seller 1024,Gold,West,Pet Supplies,3,1059.6,3690.0,0.1243,458.67,0,0.0,68.27,16.61,31.37,38.75,303.69
501129,2025-08-22,1019,Seller 1019,Gold,East,Apparel,2,2592.6,6018.6,0.1313,790.24,0,0.0,111.34,27.08,51.16,63.2,537.46
501130,2025-07-31,1002,Seller 1002,Platinum,Central,Home & Kitchen,2,2515.8,7872.0,0.1428,1124.12,0,0.0,145.63,35.42,66.91,82.66,793.5
501131,2025-08-24,1017,Seller 1017,Gold,East,Electronics,3,3093.6000000000004,10772.4,0.1281,1379.94,0,0.0,199.29,48.48,91.57,113.11,927.5
501132,2025-08-27,1014,Seller 1014,Gold,East,Apparel,3,733.2,2553.0,0.11,280.83,0,0.0,47.23,11.49,21.7,26.81,173.6
501133,2025-08-02,1057,Seller 1057,Bronze,South,Beauty,2,1426.8000000000002,1785.6,0.1343,239.81,0,0.0,33.03,8.04,15.18,18.75,164.81
501134,2025-08-06,1003,Seller 1003,Platinum,East,Electronics,2,4260.6,13330.2,0.1343,1790.25,1,8677.2,246.61,59.99,113.31,139.97,1056.83
501135,2025-08-21,1055,Seller 1055,Bronze,Central,Pet Supplies,2,1723.1999999999998,2157.0,0.1421,306.51,0,0.0,39.9,9.71,18.33,22.65,215.92
501136,2025-08-09,1015,Seller 1015,Gold,West,Pet Supplies,3,1029.6,3585.6,0.143,512.74,0,0.0,66.33,16.14,30.48,37.65,362.15
501137,2025-08-09,1016,Seller 1016,Gold,West,Sports,2,2209.7999999999997,5130.6,0.117,600.28,0,0.0,94.92,23.09,43.61,53.87,384.8
501138,2025-08-27,1077,Seller 1077,Bronze,South,Home & Kitchen,1,5296.8,3314.4,0.1395,462.36,0,0.0,61.32,14.91,28.17,34.8,323.15
501139,2025-08-24,1014,Seller 1014,Gold,East,Apparel,1,3841.2,4458.6,0.1144,510.06,0,0.0,82.48,20.06,37.9,46.82,322.8
501140,2025-08-14,1001,Seller 1001,Platinum,East,Home & Kitchen,2,2241.6,7014.0,0.1265,887.27,0,0.0,129.76,31.56,59.62,73.65,592.68
501141,2025-08-23,1009,Seller 1009,Platinum,Central,Pet Supplies,1,3297.0,5158.2,0.1235,637.04,0,0.0,95.43,23.21,43.84,54.16,420.39
501142,2025-08-03,1050,Seller 1050,Silver,East,Electronics,1,8728.8,7753.2,0.1363,1056.76,0,0.0,143.43,34.89,65.9,81.41,731.13
501143,2025-08-01,1032,Seller 1032,Silver,West,Pet Supplies,1,3025.2000000000003,2686.8,0.1318,354.12,0,0.0,49.71,12.09,22.84,28.21,241.27
501144,2025-08-10,1075,Seller 1075,Bronze,East,Electronics,1,8497.2,5317.2,0.1325,704.53,0,0.0,98.37,23.93,45.2,55.83,481.21
501145,2025-08-28,1001,Seller 1001,Platinum,East,Electronics,3,2367.0,11110.2,0.1244,1382.11,0,0.0,205.54,50.0,94.44,116.66,915.48
501146,2025-08-16,1045,Seller 1045,Silver,Central,Home & Kitchen,3,1085.4,2892.0,0.1263,365.26,0,0.0,53.5,13.01,24.58,30.37,243.8
501147,2025-08-11,1054,Seller 1054,Silver,South,Home & Kitchen,2,2342.4,4160.4,0.1263,525.46,0,0.0,76.97,18.72,35.36,43.68,350.72
501148,2025-08-18,1004,Seller 1004,Platinum,East,Sports,2,2335.2000000000003,7307.4,0.1185,865.93,0,0.0,135.19,32.88,62.11,76.73,559.02
501149,2025-08-03,1021,Seller 1021,Gold,Central,Pet Supplies,2,1635.6000000000001,3797.4,0.1218,462.52,0,0.0,70.25,17.09,32.28,39.87,303.03
501150,2025-08-13,1024,Seller 1024,Gold,West,Pet Supplies,3,1275.6000000000001,4441.8,0.1428,634.29,0,0.0,82.17,19.99,37.76,46.64,447.73
501151,2025-07-30,1002,Seller 1002,Platinum,Central,Home & Kitchen,3,2314.2,10862.4,0.1238,1344.77,0,0.0,200.95,48.88,92.33,114.06,888.54
501152,2025-08-08,1051,Seller 1051,Silver,East,Pet Supplies,3,952.1999999999999,2537.4,0.1371,347.88,0,0.0,46.94,11.42,21.57,26.64,241.31
501153,2025-08-05,1030,Seller 1030,Gold,South,Pet Supplies,3,1599.6,5569.2,0.1325,737.92,0,0.0,103.03,25.06,47.34,58.48,504.01
501154,2025-08-25,1052,Seller 1052,Silver,Central,Pet Supplies,2,1716.0,3048.6,0.1379,420.4,0,0.0,56.4,13.72,25.91,32.01,292.36
501155,2025-08-12,1060,Seller 1060,Bronze,East,Pet Supplies,2,1351.8000000000002,1692.0,0.1291,218.44,0,0.0,31.3,7.61,14.38,17.77,147.37
501156,2025-08-04,1025,Seller 1025,Gold,Central,Pet Supplies,3,1184.3999999999999,4124.4,0.1387,572.05,0,0.0,76.3,18.56,35.06,43.31,398.83
501157,2025-08-28,1070,Seller 1070,Bronze,West,Electronics,2,4450.2,5569.8,0.1348,750.81,0,0.0,103.04,25.06,47.34,58.48,516.88
501158,2025-07-31,1005,Seller 1005,Platinum,East,Electronics,3,3360.6,15772.2,0.1141,1799.61,0,0.0,291.79,70.97,134.06,165.61,1137.18
501159,2025-08-09,1041,Seller 1041,Silver,West,Apparel,1,4644.599999999999,4125.0,0.126,519.75,0,0.0,76.31,18.56,35.06,43.31,346.5
501160,2025-08-02,1051,Seller 1051,Silver,East,Sports,3,1426.8000000000002,3802.8,0.1183,449.87,0,0.0,70.35,17.11,32.32,39.93,290.15
501161,2025-08-20,1065,Seller 1065,Bronze,South,Home & Kitchen,4,1333.8,3339.6,0.1344,448.84,1,2079.0,61.78,15.03,28.39,35.07,267.0
501162,2025-08-03,1060,Seller 1060,Bronze,East,Pet Supplies,1,2681.3999999999996,1677.6,0.1256,210.71,0,0.0,31.04,7.55,14.26,17.61,140.25
501163,2025-08-24,1021,Seller 1021,Gold,Central,Sports,1,4500.0,5223.0,0.1316,687.35,0,0.0,96.63,23.5,44.4,54.84,467.98
501164,2025-08-11,1017,Seller 1017,Gold,East,Electronics,1,9754.199999999999,11321.4,0.1233,1395.93,0,0.0,209.45,50.95,96.23,118.87,920.43
501165,2025-08-24,1031,Seller 1031,Silver,West,Home & Kitchen,2,2360.4,4193.4,0.1267,531.3,0,0.0,77.58,18.87,35.64,44.03,355.18
501166,2025-08-02,1002,Seller 1002,Platinum,Central,Home & Kitchen,3,1279.8,6006.6,0.1463,878.77,0,0.0,111.12,27.03,51.06,63.07,626.49
501167,2025-08-04,1059,Seller 1059,Bronze,Central,Sports,3,1432.8,2689.8,0.1227,330.04,0,0.0,49.76,12.1,22.86,28.24,217.07
501168,2025-08-02,1059,Seller 1059,Bronze,Central,Sports,1,4606.8,2883.0,0.137,394.97,0,0.0,53.34,12.97,24.51,30.27,273.88
501169,2025-08-13,1073,Seller 1073,Bronze,Central,Electronics,2,4782.599999999999,5985.6,0.1228,735.03,0,0.0,110.73,26.94,50.88,62.85,483.64
501170,2025-08-27,1047,Seller 1047,Silver,East,Sports,2,2056.8,3653.4,0.118,431.1,0,0.0,67.59,16.44,31.05,38.36,277.66
501171,2025-08-08,1006,Seller 1006,Platinum,East,Sports,1,4089.0000000000005,6396.6,0.1219,779.75,1,5973.6,118.34,28.78,54.37,67.16,391.62
501172,2025-08-13,1049,Seller 1049,Silver,West,Home & Kitchen,2,2550.6,4531.2,0.1323,599.48,0,0.0,83.83,20.39,38.52,47.58,409.17
501173,2025-08-28,1060,Seller 1060,Bronze,East,Pet Supplies,3,876.0,1644.6,0.1221,200.81,0,0.0,30.43,7.4,13.98,17.27,131.73
501174,2025-08-22,1051,Seller 1051,Silver,East,Home & Kitchen,2,2543.4,4518.0,0.1312,592.76,0,0.0,83.58,20.33,38.4,47.44,403.01
501175,2025-08-17,1061,Seller 1061,Bronze,Central,Electronics,1,8946.0,5598.0,0.1358,760.21,0,0.0,103.56,25.19,47.58,58.78,525.09
501176,2025-08-05,1005,Seller 1005,Platinum,East,Apparel,4,1173.6,7343.4,0.1269,931.88,0,0.0,135.85,33.05,62.42,77.11,623.45
501177,2025-08-01,1003,Seller 1003,Platinum,East,Pet Supplies,1,3208.7999999999997,5019.6,0.1242,623.43,0,0.0,92.86,22.59,42.67,52.71,412.61
501178,2025-08-01,1039,Seller 1039,Silver,East,Apparel,3,1009.2,2688.6,0.1241,333.66,0,0.0,49.74,12.1,22.85,28.23,220.73
501179,2025-08-21,1055,Seller 1055,Bronze,Central,Pet Supplies,2,1410.6000000000001,1765.2,0.1284,226.65,0,0.0,32.66,7.94,15.0,18.53,152.51
501180,2025-08-18,1021,Seller 1021,Gold,Central,Apparel,1,4213.8,4890.6,0.1173,573.67,0,0.0,90.48,22.01,41.57,51.35,368.26
501181,2025-08-22,1026,Seller 1026,Gold,East,Home & Kitchen,1,4446.0,5160.6,0.1308,675.01,0,0.0,95.47,23.22,43.87,54.19,458.26
501182,2025-08-20,1041,Seller 1041,Silver,West,Apparel,4,526.8,1870.8,0.12,224.5,0,0.0,34.61,8.42,15.9,19.64,145.92
501183,2025-08-19,1053,Seller 1053,Silver,Central,Beauty,2,700.2,1243.2,0.1556,193.44,0,0.0,23.0,5.59,10.57,13.05,141.23
501184,2025-08-11,1075,Seller 1075,Bronze,East,Electronics,3,4797.599999999999,9006.6,0.1231,1108.71,0,0.0,166.62,40.53,76.56,94.57,730.44
501185,2025-07-30,1028,Seller 1028,Gold,Central,Sports,4,852.6,3959.4,0.1298,513.93,0,0.0,73.25,17.82,33.65,41.57,347.64
501186,2025-08-10,1039,Seller 1039,Silver,East,Sports,2,2109.0,3746.4,0.128,479.54,0,0.0,69.31,16.86,31.84,39.34,322.19
501187,2025-08-04,1046,Seller 1046,Silver,Central,Apparel,1,3764.4,3343.2,0.1107,370.09,0,0.0,61.85,15.04,28.42,35.1,229.68
501188,2025-08-08,1071,Seller 1071,Bronze,Central,Sports,1,4465.2,2794.2,0.1363,380.85,0,0.0,51.69,12.57,23.75,29.34,263.49
501189,2025-08-12,1080,Seller 1080,Bronze,South,Electronics,4,2138.4,5352.6,0.1155,618.23,0,0.0,99.02,24.09,45.5,56.2,393.42
501190,2025-07-31,1014,Seller 1014,Gold,East,Apparel,2,1216.8000000000002,2824.8,0.1104,311.86,0,0.0,52.26,12.71,24.01,29.66,193.22
501191,2025-08-02,1038,Seller 1038,Silver,South,Home & Kitchen,2,2887.2,5128.8,0.1321,677.51,0,0.0,94.88,23.08,43.59,53.85,462.1
501192,2025-08-06,1045,Seller 1045,Silver,Central,Apparel,1,4136.4,3673.8,0.1249,458.86,1,2640.0,67.97,16.53,31.23,38.57,251.76
501193,2025-08-06,1065,Seller 1065,Bronze,South,Home & Kitchen,3,1428.0,2681.4,0.1431,383.71,0,0.0,49.61,12.07,22.79,28.15,271.09
501194,2025-08-22,1001,Seller 1001,Platinum,East,Apparel,2,1934.4,6052.8,0.127,768.71,0,0.0,111.98,27.24,51.45,63.55,514.49
501195,2025-08-18,1077,Seller 1077,Bronze,South,Home & Kitchen,3,2090.4,3924.0,0.1333,523.07,0,0.0,72.59,17.66,33.35,41.2,358.26
501196,2025-08-09,1051,Seller 1051,Silver,East,Sports,1,4932.0,4380.6,0.1254,549.33,0,0.0,81.04,19.71,37.24,46.0,365.34
501197,2025-08-11,1067,Seller 1067,Bronze,South,Beauty,2,1650.0,2065.2,0.136,280.87,0,0.0,38.21,9.29,17.55,21.68,194.13
501198,2025-08-17,1034,Seller 1034,Silver,Central,Home & Kitchen,3,1555.8,4145.4,0.1252,519.0,0,0.0,76.69,18.65,35.24,43.53,344.9
501199,2025-08-03,1020,Seller 1020,Gold,West,Home & Kitchen,2,1605.6000000000001,3726.6,0.1249,465.45,0,0.0,68.94,16.77,31.68,39.13,308.94
501200,2025-08-25,1059,Seller 1059,Bronze,Central,Sports,2,2049.0,2564.4,0.1317,337.73,0,0.0,47.44,11.54,21.8,26.93,230.03
501201,2025-08-03,1032,Seller 1032,Silver,West,Pet Supplies,2,1332.0,2366.4,0.1263,298.88,0,0.0,43.78,10.65,20.11,24.85,199.49
501202,2025-08-08,1003,Seller 1003,Platinum,East,Pet Supplies,2,1504.2,4706.4,0.131,616.54,0,0.0,87.07,21.18,40.0,49.42,418.87
501203,2025-08-24,1034,Seller 1034,Silver,Central,Electronics,4,2802.6,9957.0,0.1349,1343.2,0,0.0,184.2,44.81,84.63,104.55,925.01
501204,2025-08-19,1003,Seller 1003,Platinum,East,Pet Supplies,1,3149.4,4927.2,0.125,615.9,0,0.0,91.15,22.17,41.88,51.74,408.96
501205,2025-08-02,1058,Seller 1058,Bronze,East,Home & Kitchen,2,3271.8,4095.0,0.1388,568.39,0,0.0,75.76,18.43,34.81,43.0,396.4
501206,2025-08-02,1044,Seller 1044,Silver,East,Apparel,3,1266.6,3375.6,0.1081,364.9,0,0.0,62.45,15.19,28.69,35.44,223.13
501207,2025-08-27,1025,Seller 1025,Gold,Central,Pet Supplies,1,3052.2,3543.0,0.1383,490.0,0,0.0,65.55,15.94,30.12,37.2,341.19
501208,2025-08-05,1028,Seller 1028,Gold,Central,Sports,2,2396.3999999999996,5563.2,0.1326,737.68,0,0.0,102.92,25.03,47.29,58.41,504.03
501209,2025-08-11,1012,Seller 1012,Platinum,East,Beauty,1,2584.2,4042.2,0.1509,609.97,0,0.0,74.78,18.19,34.36,42.44,440.2
501210,2025-08-24,1025,Seller 1025,Gold,Central,Pet Supplies,3,1497.0,5213.4,0.1372,715.28,0,0.0,96.45,23.46,44.31,54.74,496.32
501211,2025-08-22,1076,Seller 1076,Bronze,Central,Home & Kitchen,3,701.4,1316.4,0.1347,177.32,0,0.0,24.35,5.92,11.19,13.82,122.03
501212,2025-08-25,1035,Seller 1035,Silver,East,Sports,3,1744.2,4647.6,0.1208,561.43,0,0.0,85.98,20.91,39.5,48.8,366.23
501213,2025-08-27,1009,Seller 1009,Platinum,Central,Pet Supplies,4,480.0,3003.6,0.1261,378.75,0,0.0,55.57,13.52,25.53,31.54,252.6
501214,2025-08-01,1068,Seller 1068,Bronze,South,Pet Supplies,3,1069.2,2007.6,0.1277,256.37,0,0.0,37.14,9.03,17.06,21.08,172.05
501215,2025-08-13,1028,Seller 1028,Gold,Central,Sports,1,5017.200000000001,5823.6,0.1189,692.43,1,4064.4,107.74,26.21,49.5,61.15,366.55
501216,2025-08-07,1073,Seller 1073,Bronze,Central,Home & Kitchen,1,4773.0,2986.8,0.1374,410.39,0,0.0,55.26,13.44,25.39,31.36,284.94
501217,2025-08-09,1078,Seller 1078,Bronze,East,Pet Supplies,4,1018.8000000000001,2550.6,0.1301,331.83,0,0.0,47.19,11.48,21.68,26.78,224.71
501218,2025-08-04,1026,Seller 1026,Gold,East,Home & Kitchen,2,2022.6000000000001,4695.6,0.1468,689.31,0,0.0,86.87,21.13,39.91,49.3,492.1
501219,2025-07-30,1077,Seller 1077,Bronze,South,Home & Kitchen,1,5266.2,3295.8,0.1298,427.79,0,0.0,60.97,14.83,28.01,34.61,289.37
501220,2025-08-19,1060,Seller 1060,Bronze,East,Pet Supplies,3,827.4,1553.4,0.1415,219.81,0,0.0,28.74,6.99,13.2,16.31,154.56
501221,2025-08-11,1003,Seller 1003,Platinum,East,Pet Supplies,3,1293.0,6068.4,0.1374,833.8,0,0.0,112.27,27.31,51.58,63.72,578.93
501222,2025-08-26,1011,Seller 1011,Platinum,West,Electronics,2,5233.8,16375.8,0.1224,2004.4,0,0.0,302.95,73.69,139.19,171.95,1316.61
501223,2025-08-26,1016,Seller 1016,Gold,West,Sports,3,1676.4,5837.4,0.1358,792.72,0,0.0,107.99,26.27,49.62,61.29,547.55
501224,2025-07-30,1056,Seller 1056,Bronze,West,Apparel,3,1539.0,2889.0,0.1275,368.35,0,0.0,53.45,13.0,24.56,30.33,247.01
501225,2025-08-18,1007,Seller 1007,Platinum,South,Home & Kitchen,2,2274.0,7114.8,0.1457,1036.63,0,0.0,131.62,32.02,60.48,74.71,737.8
501226,2025-08-23,1049,Seller 1049,Silver,West,Home & Kitchen,2,2647.8,4704.0,0.1341,630.81,0,0.0,87.02,21.17,39.98,49.39,433.24
501227,2025-08-14,1075,Seller 1075,Bronze,East,Apparel,1,3494.4,2186.4,0.1205,263.46,0,0.0,40.45,9.84,18.58,22.96,171.63
501228,2025-08-16,1036,Seller 1036,Silver,Central,Pet Supplies,2,1383.0,2456.4,0.1263,310.24,0,0.0,45.44,11.05,20.88,25.79,207.07
501229,2025-07-30,1032,Seller 1032,Silver,West,Pet Supplies,2,1391.4,2471.4,0.1219,301.26,0,0.0,45.72,11.12,21.01,25.95,197.46
501230,2025-08-15,1028,Seller 1028,Gold,Central,Sports,1,4839.0,5616.6,0.1242,697.58,0,0.0,103.91,25.27,47.74,58.97,461.68
501231,2025-08-28,1041,Seller 1041,Silver,West,Beauty,2,1022.4,1815.6,0.1533,278.33,0,0.0,33.59,8.17,15.43,19.06,202.08
501232,2025-08-12,1047,Seller 1047,Silver,East,Sports,1,4709.4,4183.2,0.1209,505.75,0,0.0,77.39,18.82,35.56,43.92,330.05
501233,2025-08-02,1022,Seller 1022,Gold,East,Sports,3,1376.4,4792.8,0.1184,567.47,0,0.0,88.67,21.57,40.74,50.32,366.17
501234,2025-08-02,1031,Seller 1031,Silver,West,Home & Kitchen,1,4995.6,4437.0,0.1344,596.33,0,0.0,82.08,19.97,37.71,46.59,409.98
501235,2025-08-07,1071,Seller 1071,Bronze,Central,Sports,2,2367.0,2962.2,0.1281,379.46,0,0.0,54.8,13.33,25.18,31.1,255.05
501236,2025-08-18,1048,Seller 1048,Silver,East,Electronics,1,7792.200000000001,6921.0,0.1231,851.98,0,0.0,128.04,31.14,58.83,72.67,561.29
501237,2025-08-06,1036,Seller 1036,Silver,Central,Pet Supplies,1,3130.8,2780.4,0.1363,378.97,0,0.0,51.44,12.51,23.63,29.19,262.19
501238,2025-08-18,1015,Seller 1015,Gold,West,Pet Supplies,3,1083.6,3773.4,0.1216,458.85,0,0.0,69.81,16.98,32.07,39.62,300.36
501239,2025-08-24,1052,Seller 1052,Silver,Central,Pet Supplies,3,1281.6,3414.6,0.1411,481.8,0,0.0,63.17,15.37,29.02,35.85,338.39
501240,2025-08-21,1027,Seller 1027,Gold,West,Apparel,2,2322.0,5390.4,0.1256,677.03,0,0.0,99.72,24.26,45.82,56.6,450.64
501241,2025-09-03,1080,Seller 1080,Bronze,South,Beauty,1,3072.6,2025.6,0.1387,280.95,0,0.0,37.47,9.12,17.22,21.27,195.88
501242,2025-09-26,1043,Seller 1043,Silver,West,Home & Kitchen,3,1503.0,4219.8,0.1333,562.5,0,0.0,78.07,18.99,35.87,44.31,385.27
501243,2025-09-13,1010,Seller 1010,Platinum,West,Home & Kitchen,2,2404.7999999999997,7929.0,0.1315,1042.66,1,7476.6,146.69,35.68,67.4,83.25,560.11
501244,2025-09-22,1015,Seller 1015,Gold,West,Pet Supplies,3,1081.2,3966.6,0.127,503.76,0,0.0,73.38,17.85,33.72,41.65,337.16
501245,2025-09-06,1019,Seller 1019,Gold,East,Electronics,2,5419.8,13257.6,0.1239,1642.62,0,0.0,245.27,59.66,112.69,139.2,1085.8
501246,2025-09-19,1063,Seller 1063,Bronze,West,Pet Supplies,1,3240.0,2136.6,0.1272,271.78,0,0.0,39.53,9.61,18.16,22.43,182.04
501247,2025-09-05,1077,Seller 1077,Bronze,South,Home & Kitchen,2,2932.8,3867.6,0.1384,535.28,0,0.0,71.55,17.4,32.87,40.61,372.84
501248,2025-08-31,1019,Seller 1019,Gold,East,Apparel,3,1357.8,4981.8,0.1247,621.23,0,0.0,92.16,22.42,42.35,52.31,411.99
501249,2025-09-12,1025,Seller 1025,Gold,Central,Apparel,1,3229.7999999999997,3950.4,0.1291,510.0,0,0.0,73.08,17.78,33.58,41.48,344.08
501250,2025-09-06,1068,Seller 1068,Bronze,South,Pet Supplies,3,916.8,1813.2,0.1279,231.91,0,0.0,33.54,8.16,15.41,19.04,155.75
501251,2025-09-16,1040,Seller 1040,Silver,West,Pet Supplies,1,2934.0,2745.6,0.14,384.38,0,0.0,50.79,12.36,23.34,28.83,269.07
501252,2025-09-07,1045,Seller 1045,Silver,Central,Home & Kitchen,3,1551.6,4356.6,0.1395,607.75,0,0.0,80.6,19.6,37.03,45.74,424.77
501253,2025-09-04,1080,Seller 1080,Bronze,South,Beauty,3,1087.8,2152.2,0.1346,289.69,0,0.0,39.82,9.68,18.29,22.6,199.29
501254,2025-09-09,1037,Seller 1037,Silver,East,Electronics,3,3094.7999999999997,8689.8,0.1233,1071.45,1,5762.4,160.76,39.1,73.86,91.24,591.23
501255,2025-09-21,1037,Seller 1037,Silver,East,Sports,1,4021.8,3763.8,0.1197,450.53,0,0.0,69.63,16.94,31.99,39.52,292.45
501256,2025-09-19,1026,Seller 1026,Gold,East,Home & Kitchen,3,1479.6,5428.8,0.1238,672.09,0,0.0,100.43,24.43,46.14,57.0,444.08
501257,2025-09-16,1050,Seller 1050,Silver,East,Electronics,3,2834.4,7959.0,0.1193,949.51,0,0.0,147.24,35.82,67.65,83.57,615.23
501258,2025-09-15,1056,Seller 1056,Bronze,West,Apparel,2,2282.4,3010.2,0.1244,374.47,0,0.0,55.69,13.55,25.59,31.61,248.04
501259,2025-09-26,1026,Seller 1026,Gold,East,Home & Kitchen,3,1900.8,6973.8,0.1381,963.08,0,0.0,129.02,31.38,59.28,73.22,670.18
501260,2025-09-09,1056,Seller 1056,Bronze,West,Apparel,1,3761.3999999999996,2480.4,0.1201,297.9,0,0.0,45.89,11.16,21.08,26.04,193.72
501261,2025-08-31,1055,Seller 1055,Bronze,Central,Pet Supplies,3,973.1999999999999,1925.4,0.1419,273.21,0,0.0,35.62,8.66,16.37,20.22,192.35
501262,2025-09-16,1018,Seller 1018,Gold,West,Electronics,2,4840.8,11841.6,0.1253,1483.75,0,0.0,219.07,53.29,100.65,124.34,986.41
501263,2025-09-14,1038,Seller 1038,Silver,South,Sports,2,2123.4,3975.0,0.1321,525.1,0,0.0,73.54,17.89,33.79,41.74,358.15
501264,2025-09-07,1059,Seller 1059,Bronze,Central,Electronics,4,2616.6,6900.6,0.1286,887.42,0,0.0,127.66,31.05,58.66,72.46,597.59
501265,2025-08-30,1073,Seller 1073,Bronze,Central,Electronics,2,4565.400000000001,6020.4,0.1308,787.47,0,0.0,111.38,27.09,51.17,63.21,534.61
501266,2025-09-02,1027,Seller 1027,Gold,West,Apparel,1,3534.6,4323.0,0.1113,481.15,0,0.0,79.98,19.45,36.75,45.39,299.58
501267,2025-08-31,1039,Seller 1039,Silver,East,Pet Supplies,2,984.6,1843.2,0.1393,256.76,0,0.0,34.1,8.29,15.67,19.35,179.34
501268,2025-09-10,1001,Seller 1001,Platinum,East,Electronics,3,2322.6,11485.2,0.1189,1365.59,1,8931.0,212.48,51.68,97.62,120.59,704.59
501269,2025-09-24,1008,Seller 1008,Platinum,West,Beauty,1,2979.6,4911.6,0.1527,750.0,0,0.0,90.86,22.1,41.75,51.57,543.71
501270,2025-09-24,1079,Seller 1079,Bronze,South,Beauty,3,653.4000000000001,1293.0,0.1434,185.42,0,0.0,23.92,5.82,10.99,13.58,131.11
501271,2025-09-16,1031,Seller 1031,Silver,West,Home & Kitchen,2,1965.6,3679.2,0.1344,494.48,0,0.0,68.07,16.56,31.27,38.63,339.96
501272,2025-09-02,1064,Seller 1064,Bronze,Central,Pet Supplies,2,1803.6,2378.4,0.1392,331.07,0,0.0,44.0,10.7,20.22,24.97,231.18
501273,2025-09-19,1004,Seller 1004,Platinum,East,Sports,3,1768.1999999999998,8744.4,0.1299,1135.9,0,0.0,161.77,39.35,74.33,91.82,768.63
501274,2025-08-29,1080,Seller 1080,Bronze,South,Beauty,3,772.1999999999999,1527.0,0.1363,208.13,0,0.0,28.25,6.87,12.98,16.03,144.0
501275,2025-08-31,1021,Seller 1021,Gold,Central,Pet Supplies,3,807.6,2963.4,0.1284,380.5,0,0.0,54.82,13.34,25.19,31.12,256.04
501276,2025-09-06,1023,Seller 1023,Gold,Central,Home & Kitchen,1,5423.4,6632.4,0.1311,869.51,0,0.0,122.7,29.85,56.38,69.64,590.95
501277,2025-09-16,1039,Seller 1039,Silver,East,Electronics,3,2396.3999999999996,6727.8,0.122,820.79,0,0.0,124.46,30.28,57.19,70.64,538.22
501278,2025-09-24,1065,Seller 1065,Bronze,South,Sports,2,2843.4,3749.4,0.1301,487.8,0,0.0,69.36,16.87,31.87,39.37,330.32
501279,2025-09-19,1052,Seller 1052,Silver,Central,Pet Supplies,4,855.0,3199.8,0.1256,401.89,0,0.0,59.2,14.4,27.2,33.6,267.5
501280,2025-09-26,1061,Seller 1061,Bronze,Central,Electronics,2,5538.6,7303.8,0.135,986.01,0,0.0,135.12,32.87,62.08,76.69,679.25
501281,2025-08-30,1023,Seller 1023,Gold,Central,Home & Kitchen,1,5625.6,6879.6,0.1451,998.23,0,0.0,127.27,30.96,58.48,72.24,709.29
501282,2025-09-12,1010,Seller 1010,Platinum,West,Home & Kitchen,1,5314.8,8761.2,0.1237,1083.76,0,0.0,162.08,39.43,74.47,91.99,715.79
501283,2025-09-05,1049,Seller 1049,Silver,West,Home & Kitchen,1,4538.4,4247.4,0.1277,542.39,0,0.0,78.58,19.11,36.1,44.6,364.0
501284,2025-09-19,1026,Seller 1026,Gold,East,Apparel,3,765.6,2809.2,0.1126,316.32,0,0.0,51.97,12.64,23.88,29.5,198.33
501285,2025-08-31,1013,Seller 1013,Gold,West,Electronics,3,1531.2,5617.2,0.1216,683.05,0,0.0,103.92,25.28,47.75,58.98,447.13
501286,2025-09-16,1044,Seller 1044,Silver,East,Pet Supplies,2,1015.2,1900.2,0.1354,257.29,0,0.0,35.15,8.55,16.15,19.95,177.48
501287,2025-09-18,1061,Seller 1061,Bronze,Central,Electronics,1,9871.2,6508.8,0.1335,868.92,0,0.0,120.41,29.29,55.32,68.34,595.56
501288,2025-09-17,1049,Seller 1049,Silver,West,Sports,3,1820.4,5110.8,0.1232,629.65,0,0.0,94.55,23.0,43.44,53.66,415.0
501289,2025-08-31,1070,Seller 1070,Bronze,West,Electronics,2,5982.0,7888.8,0.1351,1065.78,0,0.0,145.94,35.5,67.05,82.83,734.45
501290,2025-09-17,1021,Seller 1021,Gold,Central,Electronics,1,8589.0,10504.2,0.1254,1317.23,0,0.0,194.33,47.27,89.29,110.29,876.05
501291,2025-08-30,1008,Seller 1008,Platinum,West,Electronics,3,2321.3999999999996,11480.4,0.1355,1555.59,0,0.0,212.39,51.66,97.58,120.54,1073.42
501292,2025-09-08,1044,Seller 1044,Silver,East,Pet Supplies,3,1537.2,4315.8,0.1214,523.94,0,0.0,79.84,19.42,36.68,45.32,342.67
501293,2025-08-30,1008,Seller 1008,Platinum,West,Electronics,4,2923.2,19276.8,0.1347,2596.58,0,0.0,356.62,86.75,163.85,202.41,1786.96
501294,2025-09-06,1045,Seller 1045,Silver,Central,Apparel,1,3595.2000000000003,3364.8,0.1099,369.79,0,0.0,62.25,15.14,28.6,35.33,228.47
501295,2025-09-26,1006,Seller 1006,Platinum,East,Sports,1,4565.400000000001,7525.8,0.1244,936.21,0,0.0,139.23,33.87,63.97,79.02,620.13
501296,2025-09-19,1030,Seller 1030,Gold,South,Pet Supplies,4,926.4,4533.0,0.1395,632.35,0,0.0,83.86,20.4,38.53,47.6,441.97
501297,2025-09-02,1003,Seller 1003,Platinum,East,Pet Supplies,4,916.8,6045.0,0.1367,826.35,0,0.0,111.83,27.2,51.38,63.47,572.46
501298,2025-08-30,1015,Seller 1015,Gold,West,Pet Supplies,4,480.0,2348.4,0.1288,302.47,0,0.0,43.45,10.57,19.96,24.66,203.84
501299,2025-09-16,1031,Seller 1031,Silver,West,Home & Kitchen,2,2310.6,4324.8,0.1409,609.36,0,0.0,80.01,19.46,36.76,45.41,427.72
501300,2025-09-07,1006,Seller 1006,Platinum,East,Electronics,3,2522.4,12475.2,0.1144,1427.16,0,0.0,230.79,56.14,106.04,130.99,903.2
501301,2025-09-19,1006,Seller 1006,Platinum,East,Sports,1,4099.8,6757.8,0.14,946.09,0,0.0,125.02,30.41,57.44,70.96,662.26
501302,2025-09-26,1016,Seller 1016,Gold,West,Sports,4,1537.8,7522.2,0.1209,909.43,0,0.0,139.16,33.85,63.94,78.98,593.5
501303,2025-09-26,1029,Seller 1029,Gold,West,Home & Kitchen,2,2815.8,6888.0,0.1362,938.15,0,0.0,127.43,31.0,58.55,72.32,648.85
501304,2025-09-13,1035,Seller 1035,Silver,East,Electronics,2,4266.0,7984.8,0.1213,968.56,0,0.0,147.72,35.93,67.87,83.84,633.19
501305,2025-09-01,1036,Seller 1036,Silver,Central,Pet Supplies,4,528.6,1978.8,0.1325,262.19,0,0.0,36.61,8.9,16.82,20.78,179.08
501306,2025-09-01,1048,Seller 1048,Silver,East,Electronics,2,4167.0,7800.0,0.1186,925.08,0,0.0,144.3,35.1,66.3,81.9,597.48
501307,2025-09-06,1003,Seller 1003,Platinum,East,Pet Supplies,3,1082.3999999999999,5352.6,0.1292,691.56,0,0.0,99.02,24.09,45.5,56.2,466.75
501308,2025-09-19,1079,Seller 1079,Bronze,South,Beauty,3,904.8,1789.2,0.1437,257.11,0,0.0,33.1,8.05,15.21,18.79,181.96
501309,2025-09-22,1056,Seller 1056,Bronze,West,Apparel,2,1854.6,2445.6,0.1263,308.88,0,0.0,45.24,11.01,20.79,25.68,206.16
501310,2025-09-11,1044,Seller 1044,Silver,East,Beauty,3,617.4,1734.0,0.1512,262.18,0,0.0,32.08,7.8,14.74,18.21,189.35
501311,2025-09-07,1055,Seller 1055,Bronze,Central,Pet Supplies,2,1107.0,1459.8,0.1333,194.59,0,0.0,27.01,6.57,12.41,15.33,133.28
501312,2025-09-21,1069,Seller 1069,Bronze,East,Electronics,1,8302.8,5474.4,0.1255,687.04,0,0.0,101.28,24.63,46.53,57.48,457.11
501313,2025-09-15,1031,Seller 1031,Silver,West,Home & Kitchen,4,1297.2,4856.4,0.1458,708.06,0,0.0,89.84,21.85,41.28,50.99,504.09
501314,2025-09-23,1038,Seller 1038,Silver,South,Sports,1,4870.2,4557.6,0.1247,568.33,0,0.0,84.32,20.51,38.74,47.85,376.91
501315,2025-08-29,1078,Seller 1078,Bronze,East,Home & Kitchen,2,3002.4,3958.8,0.1431,566.5,0,0.0,73.24,17.81,33.65,41.57,400.23
501316,2025-09-16,1057,Seller 1057,Bronze,South,Electronics,3,3051.0,6035.4,0.1283,774.34,0,0.0,111.65,27.16,51.3,63.37,520.86
501317,2025-09-06,1011,Seller 1011,Platinum,West,Electronics,1,8313.6,13704.6,0.1145,1569.18,0,0.0,253.54,61.67,116.49,143.9,993.58
501318,2025-09-18,1034,Seller 1034,Silver,Central,Home & Kitchen,2,2701.2000000000003,5056.2,0.1439,727.59,0,0.0,93.54,22.75,42.98,53.09,515.23
501319,2025-09-20,1005,Seller 1005,Platinum,East,Electronics,1,8668.2,14289.0,0.1206,1723.25,0,0.0,264.35,64.3,121.46,150.03,1123.12
501320,2025-09-09,1034,Seller 1034,Silver,Central,Electronics,1,7462.799999999999,6984.0,0.1215,848.56,0,0.0,129.2,31.43,59.36,73.33,555.23
501321,2025-09-24,1014,Seller 1014,Gold,East,Apparel,1,3967.2000000000003,4851.6,0.1137,551.63,0,0.0,89.75,21.83,41.24,50.94,347.86
501322,2025-09-11,1054,Seller 1054,Silver,South,Home & Kitchen,1,5063.4,4738.2,0.1236,585.64,0,0.0,87.66,21.32,40.27,49.75,386.64
501323,2025-09-27,1048,Seller 1048,Silver,East,Electronics,3,2739.0,7690.2,0.1168,898.22,0,0.0,142.27,34.61,65.37,80.75,575.23
501324,2025-09-16,1076,Seller 1076,Bronze,Central,Home & Kitchen,1,4467.599999999999,2946.0,0.1353,398.59,0,0.0,54.5,13.26,25.04,30.93,274.86
501325,2025-08-31,1045,Seller 1045,Silver,Central,Apparel,2,1851.0,3464.4,0.1254,434.44,0,0.0,64.09,15.59,29.45,36.38,288.93
501326,2025-09-01,1010,Seller 1010,Platinum,West,Home & Kitchen,1,4369.8,7203.0,0.1381,994.73,0,0.0,133.26,32.41,61.23,75.63,692.21
501327,2025-09-07,1068,Seller 1068,Bronze,South,Sports,1,4636.8,3057.6,0.1266,387.09,0,0.0,56.57,13.76,25.99,32.1,258.67
501328,2025-09-20,1032,Seller 1032,Silver,West,Pet Supplies,3,480.0,1347.6,0.1255,169.12,0,0.0,24.93,6.06,11.45,14.15,112.52
501329,2025-09-09,1031,Seller 1031,Silver,West,Home & Kitchen,3,1533.6,4305.6,0.1249,537.77,0,0.0,79.65,19.38,36.6,45.21,356.93
501330,2025-09-15,1062,Seller 1062,Bronze,West,Electronics,1,8928.6,5887.2,0.1267,745.91,0,0.0,108.91,26.49,50.04,61.82,498.65
501331,2025-09-01,1032,Seller 1032,Silver,West,Apparel,1,3435.6,3215.4,0.1225,393.89,0,0.0,59.48,14.47,27.33,33.76,258.84
501332,2025-09-03,1011,Seller 1011,Platinum,West,Electronics,2,4337.400000000001,14300.4,0.1249,1786.12,0,0.0,264.56,64.35,121.55,150.15,1185.5
501333,2025-09-02,1059,Seller 1059,Bronze,Central,Sports,3,1716.0,3394.8,0.1293,438.95,0,0.0,62.8,15.28,28.86,35.65,296.37
501334,2025-09-26,1005,Seller 1005,Platinum,East,Electronics,1,6737.400000000001,11106.0,0.1162,1290.52,0,0.0,205.46,49.98,94.4,116.61,824.07
501335,2025-09-26,1055,Seller 1055,Bronze,Central,Pet Supplies,1,3303.6000000000004,2178.0,0.1371,298.6,0,0.0,40.29,9.8,18.51,22.87,207.13
501336,2025-09-12,1044,Seller 1044,Silver,East,Pet Supplies,1,2584.7999999999997,2419.2,0.1211,292.97,0,0.0,44.76,10.89,20.56,25.4,191.36
501337,2025-09-21,1053,Seller 1053,Silver,Central,Beauty,2,1094.3999999999999,2048.4,0.1512,309.72,0,0.0,37.9,9.22,17.41,21.51,223.69
501338,2025-09-10,1076,Seller 1076,Bronze,Central,Sports,4,1529.3999999999999,4034.4,0.1302,525.28,0,0.0,74.64,18.15,34.29,42.36,355.83
501339,2025-09-08,1042,Seller 1042,Silver,East,Pet Supplies,1,3102.0,2902.8,0.1427,414.23,0,0.0,53.7,13.06,24.67,30.48,292.31
501340,2025-09-08,1007,Seller 1007,Platinum,South,Home & Kitchen,3,1328.4,6568.8,0.1433,941.31,0,0.0,121.52,29.56,55.83,68.97,665.42
501341,2025-09-16,1023,Seller 1023,Gold,Central,Electronics,3,1857.0,6812.4,0.1367,931.26,0,0.0,126.03,30.66,57.91,71.53,645.13
501342,2025-09-03,1079,Seller 1079,Bronze,South,Beauty,2,1423.8,1878.0,0.1399,262.73,0,0.0,34.74,8.45,15.96,19.72,183.86
501343,2025-09-04,1037,Seller 1037,Silver,East,Beauty,4,635.4,2377.8,0.1552,369.03,0,0.0,43.99,10.7,20.21,24.97,269.17
501344,2025-08-29,1071,Seller 1071,Bronze,Central,Home & Kitchen,4,1375.2,3627.0,0.146,529.54,0,0.0,67.1,16.32,30.83,38.08,377.21
501345,2025-09-02,1063,Seller 1063,Bronze,West,Electronics,2,4764.0,6282.6,0.1357,852.55,0,0.0,116.23,28.27,53.4,65.97,588.68
501346,2025-09-06,1059,Seller 1059,Bronze,Central,Sports,3,1882.8,3724.8,0.1363,507.69,0,0.0,68.91,16.76,31.66,39.11,351.25
501347,2025-09-21,1012,Seller 1012,Platinum,East,Beauty,2,1215.6000000000001,4007.4,0.1415,567.05,0,0.0,74.14,18.03,34.06,42.08,398.74
501348,2025-09-20,1010,Seller 1010,Platinum,West,Home & Kitchen,1,4906.2,8086.8,0.1381,1116.79,0,0.0,149.61,36.39,68.74,84.91,777.14
501349,2025-09-19,1041,Seller 1041,Silver,West,Electronics,1,9356.4,8756.4,0.1321,1156.72,0,0.0,161.99,39.4,74.43,91.94,788.95
501350,2025-09-06,1005,Seller 1005,Platinum,East,Pet Supplies,3,1047.0,5176.8,0.129,667.81,0,0.0,95.77,23.3,44.0,54.36,450.38
501351,2025-09-14,1061,Seller 1061,Bronze,Central,Electronics,3,1858.1999999999998,3675.0,0.1198,440.26,0,0.0,67.99,16.54,31.24,38.59,285.91
501352,2025-09-06,1028,Seller 1028,Gold,Central,Sports,3,1711.2,6278.4,0.121,759.69,0,0.0,116.15,28.25,53.37,65.92,495.99
501353,2025-09-07,1079,Seller 1079,Bronze,South,Beauty,1,2488.7999999999997,1641.0,0.1446,237.29,0,0.0,30.36,7.38,13.95,17.23,168.37
501354,2025-09-01,1030,Seller 1030,Gold,South,Pet Supplies,1,3162.0,3867.0,0.1294,500.39,0,0.0,71.54,17.4,32.87,40.6,337.98
501355,2025-09-19,1029,Seller 1029,Gold,West,Home & Kitchen,3,1191.0,4369.2,0.1299,567.56,0,0.0,80.83,19.66,37.14,45.88,384.05
501356,2025-09-22,1055,Seller 1055,Bronze,Central,Pet Supplies,1,3168.0,2089.2,0.1227,256.34,0,0.0,38.65,9.4,17.76,21.94,168.6
501357,2025-09-25,1062,Seller 1062,Bronze,West,Apparel,1,3562.2,2349.0,0.1087,255.34,0,0.0,43.46,10.57,19.97,24.66,156.68
501358,2025-09-10,1053,Seller 1053,Silver,Central,Beauty,2,1156.8000000000002,2166.0,0.1406,304.54,0,0.0,40.07,9.75,18.41,22.74,213.57
501359,2025-09-05,1034,Seller 1034,Silver,Central,Beauty,1,2653.7999999999997,2483.4,0.1483,368.29,0,0.0,45.94,11.18,21.11,26.08,263.99
501360,2025-09-17,1074,Seller 1074,Bronze,East,Sports,2,2772.0,3655.2,0.1387,506.98,0,0.0,67.62,16.45,31.07,38.38,353.46
501361,2025-09-22,1070,Seller 1070,Bronze,West,Electronics,2,3115.8,4108.8,0.1152,473.33,0,0.0,76.01,18.49,34.92,43.14,300.76
501362,2025-09-10,1071,Seller 1071,Bronze,Central,Sports,3,1596.6,3157.8,0.1289,407.04,0,0.0,58.42,14.21,26.84,33.16,274.41
501363,2025-08-29,1030,Seller 1030,Gold,South,Pet Supplies,3,1245.0,4568.4,0.1299,593.44,0,0.0,84.52,20.56,38.83,47.97,401.56
501364,2025-09-05,1005,Seller 1005,Platinum,East,Sports,3,1740.6000000000001,8608.2,0.1276,1098.41,0,0.0,159.25,38.74,73.17,90.39,736.86
501365,2025-09-26,1032,Seller 1032,Silver,West,Pet Supplies,2,1102.8,2064.6,0.1291,266.54,0,0.0,38.2,9.29,17.55,21.68,179.83
501366,2025-09-17,1035,Seller 1035,Silver,East,Electronics,3,3399.0,9542.4,0.1313,1252.92,1,8813.4,176.53,42.94,81.11,100.2,675.87
501367,2025-09-11,1020,Seller 1020,Gold,West,Home & Kitchen,1,4713.6,5764.8,0.143,824.37,0,0.0,106.65,25.94,49.0,60.53,582.24
501368,2025-09-07,1066,Seller 1066,Bronze,South,Beauty,2,1460.4,1926.0,0.1393,268.29,0,0.0,35.63,8.67,16.37,20.22,187.4
501369,2025-09-05,1055,Seller 1055,Bronze,Central,Pet Supplies,3,973.8000000000001,1926.6,0.1316,253.54,0,0.0,35.64,8.67,16.38,20.23,172.62
501370,2025-09-05,1049,Seller 1049,Silver,West,Home & Kitchen,1,4927.200000000001,4611.6,0.1319,608.27,0,0.0,85.31,20.75,39.2,48.42,414.58
501371,2025-09-02,1074,Seller 1074,Bronze,East,Apparel,2,1588.8,2094.6,0.1194,250.1,0,0.0,38.75,9.43,17.8,21.99,162.12
501372,2025-09-17,1011,Seller 1011,Platinum,West,Electronics,3,4117.200000000001,20359.8,0.1248,2540.9,0,0.0,376.66,91.62,173.06,213.78,1685.79
501373,2025-09-21,1061,Seller 1061,Bronze,Central,Electronics,3,1905.0,3768.0,0.1144,431.06,0,0.0,69.71,16.96,32.03,39.56,272.8
501374,2025-09-22,1044,Seller 1044,Silver,East,Electronics,2,5159.4,9657.0,0.1228,1185.88,0,0.0,178.65,43.46,82.08,101.4,780.29
501375,2025-09-15,1072,Seller 1072,Bronze,South,Sports,1,4561.2,3007.2,0.1217,365.98,0,0.0,55.63,13.53,25.56,31.58,239.67
501376,2025-09-03,1011,Seller 1011,Platinum,West,Apparel,2,1636.8000000000002,5396.4,0.1262,681.03,0,0.0,99.83,24.28,45.87,56.66,454.38
501377,2025-09-13,1026,Seller 1026,Gold,East,Home & Kitchen,2,2440.2000000000003,5969.4,0.1332,795.12,0,0.0,110.43,26.86,50.74,62.68,544.41
501378,2025-09-26,1018,Seller 1018,Gold,West,Sports,2,2304.6,5637.0,0.1188,669.68,0,0.0,104.28,25.37,47.91,59.19,432.92
501379,2025-09-04,1035,Seller 1035,Silver,East,Electronics,1,8256.0,7726.8,0.1286,993.67,0,0.0,142.95,34.77,65.68,81.13,669.14
501380,2025-09-21,1079,Seller 1079,Bronze,South,Beauty,1,2620.2000000000003,1728.0,0.1441,249.0,0,0.0,31.97,7.78,14.69,18.14,176.43
501381,2025-08-29,1018,Seller 1018,Gold,West,Electronics,2,3580.2000000000003,8757.0,0.1206,1056.09,0,0.0,162.0,39.41,74.43,91.95,688.3
501382,2025-09-17,1040,Seller 1040,Silver,West,Pet Supplies,2,1665.0,3117.0,0.131,408.33,0,0.0,57.66,14.03,26.49,32.73,277.41
501383,2025-09-07,1021,Seller 1021,Gold,Central,Pet Supplies,1,2728.7999999999997,3337.8,0.1283,428.24,0,0.0,61.75,15.02,28.37,35.05,288.05
501384,2025-09-19,1055,Seller 1055,Bronze,Central,Pet Supplies,2,1888.1999999999998,2490.0,0.1297,322.95,0,0.0,46.06,11.2,21.17,26.15,218.37
501385,2025-09-23,1026,Seller 1026,Gold,East,Home & Kitchen,3,2161.2000000000003,7930.2,0.1297,1028.55,0,0.0,146.71,35.69,67.41,83.27,695.48
501386,2025-09-23,1067,Seller 1067,Bronze,South,Beauty,2,1131.6,1492.8,0.1515,226.16,0,0.0,27.62,6.72,12.69,15.67,163.46
501387,2025-09-23,1079,Seller 1079,Bronze,South,Beauty,2,1341.6,1768.8,0.1518,268.5,0,0.0,32.72,7.96,15.03,18.57,194.21
501388,2025-09-14,1079,Seller 1079,Bronze,South,Beauty,3,1250.4,2473.2,0.1408,348.23,0,0.0,45.75,11.13,21.02,25.97,244.35
501389,2025-09-22,1057,Seller 1057,Bronze,South,Electronics,1,8804.400000000001,5805.6,0.1312,761.69,0,0.0,107.4,26.13,49.35,60.96,517.86
501390,2025-09-04,1050,Seller 1050,Silver,East,Electronics,1,9750.599999999999,9125.4,0.1206,1100.52,0,0.0,168.82,41.06,77.57,95.82,717.26
501391,2025-09-19,1022,Seller 1022,Gold,East,Beauty,2,927.6,2269.2,0.1465,332.44,0,0.0,41.98,10.21,19.29,23.83,237.13
501392,2025-09-19,1016,Seller 1016,Gold,West,Sports,1,4693.2,5740.2,0.1166,669.31,0,0.0,106.19,25.83,48.79,60.27,428.22
501393,2025-09-03,1045,Seller 1045,Silver,Central,Home & Kitchen,2,2951.3999999999996,5524.2,0.1469,811.5,0,0.0,102.2,24.86,46.96,58.0,579.49
501394,2025-09-27,1002,Seller 1002,Platinum,Central,Home & Kitchen,2,2658.6000000000004,8765.4,0.1371,1201.74,0,0.0,162.16,39.44,74.51,92.04,833.59
501395,2025-09-20,1033,Seller 1033,Silver,South,Beauty,3,894.0,2509.2,0.1485,372.62,0,0.0,46.42,11.29,21.33,26.35,267.23
501396,2025-10-17,1033,Seller 1033,Silver,South,Beauty,3,976.8000000000001,3478.8,0.1337,465.12,0,0.0,64.36,15.65,29.57,36.53,319.01
501397,2025-10-26,1059,Seller 1059,Bronze,Central,Sports,1,4683.6,3916.8,0.134,524.85,1,2205.0,72.46,17.63,33.29,41.13,316.25
501398,2025-10-12,1020,Seller 1020,Gold,West,Home & Kitchen,3,2328.6000000000004,10836.0,0.125,1354.5,0,0.0,200.47,48.76,92.11,113.78,899.39
501399,2025-10-08,1008,Seller 1008,Platinum,West,Electronics,3,2463.0,15448.8,0.1335,2062.41,0,0.0,285.8,69.52,131.31,162.21,1413.57
501400,2025-10-10,1041,Seller 1041,Silver,West,Home & Kitchen,3,1347.6000000000001,4800.0,0.1457,699.36,0,0.0,88.8,21.6,40.8,50.4,497.76
501401,2025-10-03,1054,Seller 1054,Silver,South,Pet Supplies,3,1101.6,3922.8,0.1383,542.52,0,0.0,72.57,17.65,33.34,41.19,377.77
501402,2025-09-28,1057,Seller 1057,Bronze,South,Electronics,1,8029.800000000001,6715.8,0.1228,824.7,0,0.0,124.24,30.22,57.08,70.52,542.64
501403,2025-10-12,1040,Seller 1040,Silver,West,Pet Supplies,2,1744.2,4140.6,0.1336,553.18,0,0.0,76.6,18.63,35.2,43.48,379.28
501404,2025-10-22,1012,Seller 1012,Platinum,East,Beauty,3,1063.8,6674.4,0.1375,917.73,0,0.0,123.48,30.03,56.73,70.08,637.41
501405,2025-10-19,1022,Seller 1022,Gold,East,Home & Kitchen,1,4587.0,7115.4,0.1441,1025.33,0,0.0,131.63,32.02,60.48,74.71,726.48
501406,2025-10-08,1025,Seller 1025,Gold,Central,Pet Supplies,2,1621.2,5029.8,0.1369,688.58,0,0.0,93.05,22.63,42.75,52.81,477.33
501407,2025-10-06,1053,Seller 1053,Silver,Central,Beauty,3,1285.2,4577.4,0.1373,628.48,0,0.0,84.68,20.6,38.91,48.06,436.23
501408,2025-10-24,1012,Seller 1012,Platinum,East,Beauty,1,2547.0,5325.6,0.1484,790.32,0,0.0,98.52,23.97,45.27,55.92,566.64
501409,2025-10-09,1022,Seller 1022,Gold,East,Sports,3,1209.6,5629.8,0.1289,725.68,0,0.0,104.15,25.33,47.85,59.11,489.23
501410,2025-10-22,1037,Seller 1037,Silver,East,Apparel,2,1574.3999999999999,3738.0,0.1279,478.09,0,0.0,69.15,16.82,31.77,39.25,321.09
501411,2025-10-02,1027,Seller 1027,Gold,West,Apparel,2,1935.6,6005.4,0.1108,665.4,0,0.0,111.1,27.02,51.05,63.06,413.17
501412,2025-10-18,1060,Seller 1060,Bronze,East,Pet Supplies,1,3294.6,2755.8,0.1341,369.55,0,0.0,50.98,12.4,23.42,28.94,253.81
501413,2025-10-09,1046,Seller 1046,Silver,Central,Electronics,3,3564.0,12693.0,0.1211,1537.12,0,0.0,234.82,57.12,107.89,133.28,1004.02
501414,2025-10-20,1040,Seller 1040,Silver,West,Pet Supplies,1,2999.4,3560.4,0.1305,464.63,0,0.0,65.87,16.02,30.26,37.38,315.1
501415,2025-10-10,1056,Seller 1056,Bronze,West,Apparel,1,3877.7999999999997,3243.0,0.1254,406.67,0,0.0,60.0,14.59,27.57,34.05,270.47
501416,2025-10-11,1039,Seller 1039,Silver,East,Pet Supplies,3,961.1999999999999,3423.6,0.1424,487.52,0,0.0,63.34,15.41,29.1,35.95,343.73
501417,2025-10-20,1035,Seller 1035,Silver,East,Apparel,2,1818.6,4317.6,0.112,483.57,0,0.0,79.88,19.43,36.7,45.33,302.23
501418,2025-09-30,1068,Seller 1068,Bronze,South,Pet Supplies,4,708.0,2368.8,0.1231,291.6,0,0.0,43.82,10.66,20.13,24.87,192.11
501419,2025-10-26,1040,Seller 1040,Silver,West,Home & Kitchen,2,2046.6,4858.8,0.127,617.07,0,0.0,89.89,21.86,41.3,51.02,413.0
501420,2025-10-19,1023,Seller 1023,Gold,Central,Home & Kitchen,3,1779.6,8283.0,0.1279,1059.4,0,0.0,153.24,37.27,70.41,86.97,711.51
501421,2025-10-04,1072,Seller 1072,Bronze,South,Beauty,3,883.8000000000001,2217.6,0.1354,300.26,0,0.0,41.03,9.98,18.85,23.28,207.12
501422,2025-10-22,1061,Seller 1061,Bronze,Central,Electronics,3,1950.0,4892.4,0.1313,642.37,0,0.0,90.51,22.02,41.59,51.37,436.89
501423,2025-10-15,1018,Seller 1018,Gold,West,Electronics,2,4852.799999999999,15055.2,0.1292,1945.13,0,0.0,278.52,67.75,127.97,158.08,1312.81
501424,2025-10-05,1010,Seller 1010,Platinum,West,Home & Kitchen,1,4006.2,8376.0,0.1236,1035.27,0,0.0,154.96,37.69,71.2,87.95,683.48
501425,2025-10-05,1048,Seller 1048,Silver,East,Electronics,2,4349.4,10326.6,0.1274,1315.61,0,0.0,191.04,46.47,87.78,108.43,881.89
501426,2025-10-02,1018,Seller 1018,Gold,West,Electronics,3,3061.8,14250.0,0.1152,1641.6,0,0.0,263.62,64.12,121.13,149.62,1043.1
501427,2025-10-10,1037,Seller 1037,Silver,East,Apparel,2,1606.2,3813.6,0.1143,435.89,0,0.0,70.55,17.16,32.42,40.04,275.72
501428,2025-10-23,1067,Seller 1067,Bronze,South,Apparel,2,1654.2,2767.2,0.1256,347.56,0,0.0,51.19,12.45,23.52,29.06,231.34
501429,2025-10-19,1002,Seller 1002,Platinum,Central,Home & Kitchen,3,1978.7999999999997,12411.6,0.1395,1731.42,0,0.0,229.61,55.85,105.5,130.32,1210.13
501430,2025-10-27,1052,Seller 1052,Silver,Central,Pet Supplies,3,1128.0,4017.6,0.1378,553.63,0,0.0,74.33,18.08,34.15,42.18,384.89
501431,2025-10-03,1058,Seller 1058,Bronze,East,Beauty,2,993.0,1660.8,0.1533,254.6,0,0.0,30.72,7.47,14.12,17.44,184.85
501432,2025-10-16,1055,Seller 1055,Bronze,Central,Pet Supplies,1,3370.2000000000003,2818.8,0.1236,348.4,0,0.0,52.15,12.68,23.96,29.6,230.01
501433,2025-10-01,1034,Seller 1034,Silver,Central,Sports,3,976.8000000000001,3478.8,0.1269,441.46,0,0.0,64.36,15.65,29.57,36.53,295.35
501434,2025-10-22,1063,Seller 1063,Bronze,West,Pet Supplies,3,1144.2,2871.6,0.1289,370.15,0,0.0,53.12,12.92,24.41,30.15,249.54
501435,2025-10-17,1004,Seller 1004,Platinum,East,Sports,2,2589.0,10826.4,0.1164,1260.19,0,0.0,200.29,48.72,92.02,113.68,805.48
501436,2025-10-21,1015,Seller 1015,Gold,West,Pet Supplies,4,873.0,5418.6,0.126,682.74,0,0.0,100.24,24.38,46.06,56.9,455.16
501437,2025-10-24,1019,Seller 1019,Gold,East,Apparel,1,3943.2,6117.0,0.1313,803.16,0,0.0,113.16,27.53,51.99,64.23,546.25
501438,2025-10-23,1068,Seller 1068,Bronze,South,Pet Supplies,3,1096.2,2749.8,0.1209,332.45,0,0.0,50.87,12.37,23.37,28.87,216.96
501439,2025-09-28,1013,Seller 1013,Gold,West,Electronics,2,4315.2,13387.8,0.1353,1811.37,0,0.0,247.67,60.25,113.8,140.57,1249.08
501440,2025-10-23,1024,Seller 1024,Gold,West,Beauty,2,977.4,3033.0,0.1349,409.15,0,0.0,56.11,13.65,25.78,31.85,281.77
501441,2025-09-29,1025,Seller 1025,Gold,Central,Pet Supplies,3,1029.0,4788.6,0.1329,636.4,0,0.0,88.59,21.55,40.7,50.28,435.28
501442,2025-10-14,1048,Seller 1048,Silver,East,Electronics,3,4491.0,15992.4,0.1196,1912.69,0,0.0,295.86,71.97,135.94,167.92,1241.01
501443,2025-10-02,1006,Seller 1006,Platinum,East,Sports,3,1225.2,7683.0,0.1225,941.17,1,5658.6,142.14,34.57,65.31,80.67,505.31
501444,2025-09-30,1036,Seller 1036,Silver,Central,Pet Supplies,1,2722.8,3232.2,0.1276,412.43,1,2250.0,59.8,14.54,27.47,33.94,231.68
501445,2025-10-10,1079,Seller 1079,Bronze,South,Beauty,2,935.4,1564.8,0.1471,230.18,0,0.0,28.95,7.04,13.3,16.43,164.46
501446,2025-10-13,1061,Seller 1061,Bronze,Central,Electronics,2,4859.4,8128.8,0.1327,1078.69,0,0.0,150.38,36.58,69.09,85.35,737.28
501447,2025-09-30,1027,Seller 1027,Gold,West,Apparel,3,1548.0,7203.0,0.1177,847.79,0,0.0,133.26,32.41,61.23,75.63,545.27
501448,2025-10-08,1063,Seller 1063,Bronze,West,Pet Supplies,2,1700.4,2844.6,0.1436,408.48,0,0.0,52.63,12.8,24.18,29.87,289.01
501449,2025-10-22,1058,Seller 1058,Bronze,East,Beauty,3,934.8,2344.8,0.137,321.24,0,0.0,43.38,10.55,19.93,24.62,222.76
501450,2025-10-17,1003,Seller 1003,Platinum,East,Beauty,1,2554.7999999999997,5341.8,0.1386,740.37,0,0.0,98.82,24.04,45.41,56.09,516.02
501451,2025-10-22,1016,Seller 1016,Gold,West,Sports,3,2633.4,12253.8,0.1297,1589.32,0,0.0,226.7,55.14,104.16,128.66,1074.66
501452,2025-10-18,1052,Seller 1052,Silver,Central,Pet Supplies,2,1700.4,4036.2,0.1416,571.53,0,0.0,74.67,18.16,34.31,42.38,402.01
501453,2025-10-05,1014,Seller 1014,Gold,East,Apparel,2,1518.6,4711.8,0.1233,580.96,0,0.0,87.17,21.2,40.05,49.47,383.07
501454,2025-10-07,1052,Seller 1052,Silver,Central,Pet Supplies,1,3225.0,3828.0,0.1308,500.7,0,0.0,70.82,17.23,32.54,40.19,339.93
501455,2025-10-18,1001,Seller 1001,Platinum,East,Electronics,2,5021.4,20998.2,0.1171,2458.89,0,0.0,388.47,94.49,178.48,220.48,1576.96
501456,2025-09-30,1054,Seller 1054,Silver,South,Apparel,2,1989.0,4722.6,0.1134,535.54,0,0.0,87.37,21.25,40.14,49.59,337.19
501457,2025-10-19,1077,Seller 1077,Bronze,South,Home & Kitchen,2,2505.6,4191.6,0.1376,576.76,0,0.0,77.54,18.86,35.63,44.01,400.72
501458,2025-10-25,1012,Seller 1012,Platinum,East,Electronics,2,2908.2,12160.8,0.1287,1565.09,0,0.0,224.97,54.72,103.37,127.69,1054.34
501459,2025-10-02,1021,Seller 1021,Gold,Central,Pet Supplies,2,1378.1999999999998,4275.6,0.1313,561.39,0,0.0,79.1,19.24,36.34,44.89,381.81
501460,2025-10-05,1038,Seller 1038,Silver,South,Sports,3,1612.2,5742.0,0.127,729.23,0,0.0,106.23,25.84,48.81,60.29,488.07
501461,2025-10-05,1023,Seller 1023,Gold,Central,Sports,1,4049.3999999999996,6281.4,0.1361,854.9,0,0.0,116.21,28.27,53.39,65.95,591.08
501462,2025-10-13,1060,Seller 1060,Bronze,East,Pet Supplies,3,1216.2,3051.6,0.1364,416.24,0,0.0,56.45,13.73,25.94,32.04,288.07
501463,2025-10-18,1050,Seller 1050,Silver,East,Electronics,1,8968.8,10646.4,0.1302,1386.16,0,0.0,196.96,47.91,90.49,111.79,939.01
501464,2025-10-21,1069,Seller 1069,Bronze,East,Electronics,1,9192.0,7687.2,0.1144,879.42,0,0.0,142.21,34.59,65.34,80.72,556.55
501465,2025-10-02,1006,Seller 1006,Platinum,East,Sports,2,1852.8,7748.4,0.1316,1019.69,0,0.0,143.35,34.87,65.86,81.36,694.26
501466,2025-10-27,1034,Seller 1034,Silver,Central,Sports,2,2102.4,4991.4,0.1201,599.47,0,0.0,92.34,22.46,42.43,52.41,389.83
501467,2025-10-22,1032,Seller 1032,Silver,West,Home & Kitchen,2,2811.0,6673.2,0.1396,931.58,0,0.0,123.45,30.03,56.72,70.07,651.3
501468,2025-10-17,1032,Seller 1032,Silver,West,Beauty,2,1539.6,3655.8,0.1519,555.32,0,0.0,67.63,16.45,31.07,38.39,401.77
501469,2025-10-07,1005,Seller 1005,Platinum,East,Home & Kitchen,2,2447.4,10235.4,0.1441,1474.92,0,0.0,189.35,46.06,87.0,107.47,1045.03
501470,2025-10-02,1021,Seller 1021,Gold,Central,Pet Supplies,2,1931.3999999999999,5992.2,0.1362,816.14,0,0.0,110.86,26.96,50.93,62.92,564.47
501471,2025-10-02,1019,Seller 1019,Gold,East,Apparel,3,1096.8000000000002,5103.6,0.1135,579.26,0,0.0,94.42,22.97,43.38,53.59,364.91
501472,2025-10-26,1075,Seller 1075,Bronze,East,Electronics,1,9325.199999999999,7798.8,0.1339,1044.26,0,0.0,144.28,35.09,66.29,81.89,716.71
501473,2025-10-13,1022,Seller 1022,Gold,East,Pet Supplies,3,1445.4,6727.2,0.1275,857.72,0,0.0,124.45,30.27,57.18,70.64,575.18
501474,2025-10-07,1022,Seller 1022,Gold,East,Apparel,3,1864.2,8677.2,0.1083,939.74,0,0.0,160.53,39.05,73.76,91.11,575.3
501475,2025-10-12,1027,Seller 1027,Gold,West,Apparel,2,2444.4,7584.6,0.1269,962.49,0,0.0,140.32,34.13,64.47,79.64,643.93
501476,2025-10-04,1073,Seller 1073,Bronze,Central,Electronics,3,1763.4,4425.0,0.1318,583.22,0,0.0,81.86,19.91,37.61,46.46,397.37
501477,2025-10-15,1047,Seller 1047,Silver,East,Sports,2,2379.0,5648.4,0.1239,699.84,0,0.0,104.5,25.42,48.01,59.31,462.6
501478,2025-10-27,1069,Seller 1069,Bronze,East,Electronics,1,8978.4,7509.0,0.1189,892.82,0,0.0,138.92,33.79,63.83,78.84,577.44
501479,2025-10-21,1032,Seller 1032,Silver,West,Pet Supplies,2,1407.0,3340.8,0.1435,479.4,0,0.0,61.8,15.03,28.4,35.08,339.09
501480,2025-10-05,1025,Seller 1025,Gold,Central,Pet Supplies,4,510.59999999999997,3170.4,0.1232,390.59,0,0.0,58.65,14.27,26.95,33.29,257.44
501481,2025-10-04,1075,Seller 1075,Bronze,East,Apparel,1,3924.6,3282.6,0.1268,416.23,0,0.0,60.73,14.77,27.9,34.47,278.36
501482,2025-10-16,1062,Seller 1062,Bronze,West,Electronics,3,3130.8,7855.8,0.126,989.83,0,0.0,145.33,35.35,66.77,82.49,659.89
501483,2025-10-23,1002,Seller 1002,Platinum,Central,Home & Kitchen,2,2313.6000000000004,9673.8,0.1443,1395.93,0,0.0,178.97,43.53,82.23,101.57,989.63
501484,2025-10-13,1079,Seller 1079,Bronze,South,Electronics,2,5061.6,8466.6,0.1195,1011.76,0,0.0,156.63,38.1,71.97,88.9,656.16
501485,2025-10-14,1066,Seller 1066,Bronze,South,Home & Kitchen,2,2215.8,3706.8,0.1358,503.38,0,0.0,68.58,16.68,31.51,38.92,347.7
501486,2025-10-14,1040,Seller 1040,Silver,West,Pet Supplies,3,1310.4,4666.8,0.1244,580.55,0,0.0,86.34,21.0,39.67,49.0,384.54
501487,2025-10-08,1061,Seller 1061,Bronze,Central,Electronics,3,3960.6000000000004,9937.8,0.1292,1283.96,0,0.0,183.85,44.72,84.47,104.35,866.58
501488,2025-10-14,1069,Seller 1069,Bronze,East,Home & Kitchen,2,1803.0,3016.2,0.1281,386.38,0,0.0,55.8,13.57,25.64,31.67,259.69
501489,2025-10-22,1061,Seller 1061,Bronze,Central,Electronics,2,5257.799999999999,8794.2,0.1267,1114.23,0,0.0,162.69,39.57,74.75,92.34,744.87
501490,2025-10-23,1051,Seller 1051,Silver,East,Home & Kitchen,2,2313.0,5491.8,0.146,801.8,0,0.0,101.6,24.71,46.68,57.66,571.15
501491,2025-10-07,1054,Seller 1054,Silver,South,Beauty,2,1483.1999999999998,3522.0,0.1554,547.32,0,0.0,65.16,15.85,29.94,36.98,399.39
501492,2025-09-28,1043,Seller 1043,Silver,West,Sports,2,2001.0,4750.8,0.1234,586.25,0,0.0,87.89,21.38,40.38,49.88,386.72
501493,2025-10-24,1052,Seller 1052,Silver,Central,Pet Supplies,1,3315.0,3935.4,0.1234,485.63,0,0.0,72.8,17.71,33.45,41.32,320.34
501494,2025-10-08,1026,Seller 1026,Gold,East,Home & Kitchen,2,2138.4,6634.2,0.132,875.71,0,0.0,122.73,29.85,56.39,69.66,597.08
501495,2025-10-05,1072,Seller 1072,Bronze,South,Home & Kitchen,2,2720.4,4549.8,0.1351,614.68,0,0.0,84.17,20.47,38.67,47.77,423.59
501496,2025-10-19,1021,Seller 1021,Gold,Central,Pet Supplies,1,3171.0,4918.8,0.1313,645.84,0,0.0,91.0,22.13,41.81,51.65,439.25
501497,2025-10-01,1050,Seller 1050,Silver,East,Electronics,3,2464.2,8776.2,0.1197,1050.51,0,0.0,162.36,39.49,74.6,92.15,681.91
501498,2025-10-21,1008,Seller 1008,Platinum,West,Electronics,2,5009.4,20948.4,0.1352,2832.22,0,0.0,387.55,94.27,178.06,219.96,1952.39
501499,2025-10-04,1010,Seller 1010,Platinum,West,Home & Kitchen,2,2058.6000000000004,8607.0,0.1266,1089.65,0,0.0,159.23,38.73,73.16,90.37,728.15
501500,2025-10-07,1072,Seller 1072,Bronze,South,Home & Kitchen,2,2973.0,4972.8,0.1413,702.66,0,0.0,92.0,22.38,42.27,52.21,493.8
501501,2025-10-09,1003,Seller 1003,Platinum,East,Pet Supplies,2,1059.0,4428.6,0.1368,605.83,0,0.0,81.93,19.93,37.64,46.5,419.83
501502,2025-10-20,1058,Seller 1058,Bronze,East,Home & Kitchen,3,2044.8,5131.2,0.1341,688.09,0,0.0,94.93,23.09,43.62,53.88,472.58
501503,2025-10-13,1034,Seller 1034,Silver,Central,Sports,2,2200.8,5225.4,0.1189,621.3,0,0.0,96.67,23.51,44.42,54.87,401.83
501504,2025-10-23,1007,Seller 1007,Platinum,South,Electronics,3,2466.6,15470.4,0.1134,1754.34,1,12019.2,286.2,69.62,131.5,162.44,864.2
501505,2025-10-15,1042,Seller 1042,Silver,East,Apparel,2,2191.2000000000003,5202.0,0.1096,570.14,0,0.0,96.24,23.41,44.22,54.62,351.66
501506,2025-10-04,1015,Seller 1015,Gold,West,Pet Supplies,3,579.0,2695.8,0.1221,329.16,0,0.0,49.87,12.13,22.91,28.31,215.93
501507,2025-10-08,1010,Seller 1010,Platinum,West,Apparel,3,966.5999999999999,6064.2,0.1293,784.1,0,0.0,112.19,27.29,51.55,63.67,529.4
501508,2025-10-26,1010,Seller 1010,Platinum,West,Home & Kitchen,1,4722.599999999999,9874.8,0.1417,1399.26,0,0.0,182.68,44.44,83.94,103.69,984.52
501509,2025-10-02,1003,Seller 1003,Platinum,East,Pet Supplies,2,1896.0,7927.8,0.1294,1025.86,0,0.0,146.66,35.68,67.39,83.24,692.89
501510,2025-10-16,1034,Seller 1034,Silver,Central,Sports,2,1991.3999999999999,4728.0,0.127,600.46,0,0.0,87.47,21.28,40.19,49.64,401.88
501511,2025-09-28,1046,Seller 1046,Silver,Central,Pet Supplies,2,1453.8,3451.2,0.1386,478.34,0,0.0,63.85,15.53,29.34,36.24,333.39
501512,2025-10-08,1069,Seller 1069,Bronze,East,Electronics,3,1897.8,4761.6,0.126,599.96,0,0.0,88.09,21.43,40.47,50.0,399.97
501513,2025-10-22,1030,Seller 1030,Gold,South,Pet Supplies,2,1702.2,5281.2,0.1438,759.44,0,0.0,97.7,23.77,44.89,55.45,537.63
501514,2025-10-25,1046,Seller 1046,Silver,Central,Sports,4,530.4,2517.6,0.119,299.59,1,2367.6,46.58,11.33,21.4,26.43,146.5
501515,2025-09-30,1027,Seller 1027,Gold,West,Apparel,1,3942.0,6114.6,0.1129,690.34,0,0.0,113.12,27.52,51.97,64.2,433.53
501516,2025-10-21,1023,Seller 1023,Gold,Central,Home & Kitchen,1,4695.6,7284.6,0.1269,924.42,0,0.0,134.77,32.78,61.92,76.49,618.46
501517,2025-10-13,1078,Seller 1078,Bronze,East,Home & Kitchen,3,1628.4,4084.8,0.128,522.85,0,0.0,75.57,18.38,34.72,42.89,351.29
501518,2025-10-01,1033,Seller 1033,Silver,South,Beauty,2,1306.8000000000002,3103.2,0.1421,440.96,0,0.0,57.41,13.96,26.38,32.58,310.63
501519,2025-10-20,1046,Seller 1046,Silver,Central,Sports,2,2404.7999999999997,5709.0,0.1387,791.84,0,0.0,105.62,25.69,48.53,59.94,552.06
501520,2025-10-26,1011,Seller 1011,Platinum,West,Electronics,3,1578.6,9901.2,0.1134,1122.8,0,0.0,183.17,44.56,84.16,103.96,706.95
501521,2025-10-13,1042,Seller 1042,Silver,East,Pet Supplies,2,1432.2,3400.8,0.1202,408.78,0,0.0,62.91,15.3,28.91,35.71,265.94
501522,2025-10-03,1005,Seller 1005,Platinum,East,Electronics,3,1578.6,9901.8,0.1289,1276.34,0,0.0,183.18,44.56,84.17,103.97,860.47
501523,2025-10-26,1054,Seller 1054,Silver,South,Home & Kitchen,4,832.1999999999999,3952.2,0.1408,556.47,0,0.0,73.12,17.78,33.59,41.5,390.48
501524,2025-10-08,1015,Seller 1015,Gold,West,Electronics,1,8709.0,13510.2,0.128,1729.31,0,0.0,249.94,60.8,114.84,141.86,1161.88
501525,2025-10-15,1004,Seller 1004,Platinum,East,Beauty,3,922.1999999999999,5785.8,0.1506,871.34,0,0.0,107.04,26.04,49.18,60.75,628.34
501526,2025-09-30,1049,Seller 1049,Silver,West,Pet Supplies,2,1537.2,3648.6,0.1204,439.29,0,0.0,67.5,16.42,31.01,38.31,286.05
501527,2025-10-18,1015,Seller 1015,Gold,West,Apparel,4,897.0,5565.6,0.1209,672.88,0,0.0,102.96,25.05,47.31,58.44,439.13
501528,2025-10-17,1001,Seller 1001,Platinum,East,Electronics,1,8986.2,18789.0,0.1161,2181.4,0,0.0,347.6,84.55,159.71,197.28,1392.26
501529,2025-10-02,1013,Seller 1013,Gold,West,Electronics,2,2989.7999999999997,9275.4,0.1177,1091.71,0,0.0,171.59,41.74,78.84,97.39,702.15
501530,2025-10-06,1029,Seller 1029,Gold,West,Home & Kitchen,2,1834.8,5692.8,0.1298,738.93,0,0.0,105.32,25.62,48.39,59.77,499.83
501531,2025-10-26,1024,Seller 1024,Gold,West,Pet Supplies,2,1932.6000000000001,5997.0,0.1311,786.21,0,0.0,110.94,26.99,50.97,62.97,534.33
501532,2025-10-21,1035,Seller 1035,Silver,East,Home & Kitchen,2,2796.6,6639.6,0.1265,839.91,0,0.0,122.83,29.88,56.44,69.72,561.05
501533,2025-10-05,1050,Seller 1050,Silver,East,Electronics,3,1033.1999999999998,3679.8,0.1133,416.92,0,0.0,68.08,16.56,31.28,38.64,262.37
501534,2025-10-16,1021,Seller 1021,Gold,Central,Pet Supplies,3,1060.8,4938.0,0.1406,694.28,0,0.0,91.35,22.22,41.97,51.85,486.89
501535,2025-10-22,1052,Seller 1052,Silver,Central,Pet Supplies,2,1899.6,4509.6,0.1331,600.23,0,0.0,83.43,20.29,38.33,47.35,410.82
501536,2025-10-12,1066,Seller 1066,Bronze,South,Beauty,3,877.1999999999999,2200.8,0.1412,310.75,0,0.0,40.71,9.9,18.71,23.11,218.32
501537,2025-10-15,1013,Seller 1013,Gold,West,Electronics,2,5054.4,15681.0,0.1145,1795.47,0,0.0,290.1,70.56,133.29,164.65,1136.87
501538,2025-10-09,1017,Seller 1017,Gold,East,Electronics,4,1971.0,12228.6,0.1159,1417.29,0,0.0,226.23,55.03,103.94,128.4,903.69
501539,2025-10-24,1040,Seller 1040,Silver,West,Pet Supplies,1,2925.6,3472.8,0.1432,497.3,0,0.0,64.25,15.63,29.52,36.46,351.45
501540,2025-10-17,1066,Seller 1066,Bronze,South,Home & Kitchen,2,2224.7999999999997,3721.2,0.1234,459.2,0,0.0,68.84,16.75,31.63,39.07,302.91
501541,2025-10-14,1020,Seller 1020,Gold,West,Home & Kitchen,2,2436.6,7560.0,0.1358,1026.65,0,0.0,139.86,34.02,64.26,79.38,709.13
501542,2025-10-22,1022,Seller 1022,Gold,East,Sports,3,1649.3999999999999,7675.2,0.1312,1006.99,0,0.0,141.99,34.54,65.24,80.59,684.63
501543,2025-10-10,1020,Seller 1020,Gold,West,Home & Kitchen,3,1525.2,7096.8,0.1279,907.68,0,0.0,131.29,31.94,60.32,74.52,609.62
501544,2025-10-07,1038,Seller 1038,Silver,South,Sports,1,4507.799999999999,5351.4,0.1274,681.77,0,0.0,99.0,24.08,45.49,56.19,457.01
501545,2025-09-30,1001,Seller 1001,Platinum,East,Electronics,2,3351.6,14014.8,0.118,1653.75,0,0.0,259.27,63.07,119.13,147.16,1065.12
501546,2025-10-05,1008,Seller 1008,Platinum,West,Home & Kitchen,3,2214.6,13892.4,0.1414,1964.39,0,0.0,257.01,62.52,118.09,145.87,1380.9
501547,2025-10-06,1051,Seller 1051,Silver,East,Pet Supplies,1,3282.6,3897.0,0.126,491.02,0,0.0,72.09,17.54,33.12,40.92,327.35
501548,2025-10-06,1018,Seller 1018,Gold,West,Electronics,2,3436.2000000000003,10661.4,0.1291,1376.39,0,0.0,197.24,47.98,90.62,111.94,928.61
501549,2025-10-19,1042,Seller 1042,Silver,East,Pet Supplies,3,1185.0,4219.2,0.1225,516.85,0,0.0,78.06,18.99,35.86,44.3,339.65
501550,2025-10-27,1057,Seller 1057,Bronze,South,Electronics,3,3710.4,9309.6,0.1239,1153.46,0,0.0,172.23,41.89,79.13,97.75,762.46
501551,2025-10-26,1044,Seller 1044,Silver,East,Electronics,1,9693.0,11506.2,0.1157,1331.27,0,0.0,212.86,51.78,97.8,120.82,848.01
501552,2025-10-05,1063,Seller 1063,Bronze,West,Home & Kitchen,2,2436.0,4074.0,0.1406,572.8,0,0.0,75.37,18.33,34.63,42.78,401.7
501553,2025-10-06,1064,Seller 1064,Bronze,Central,Apparel,1,4047.0,3384.6,0.1288,435.94,0,0.0,62.62,15.23,28.77,35.54,293.78
501554,2025-10-13,1033,Seller 1033,Silver,South,Beauty,1,2915.4,3460.8,0.139,481.05,1,3014.4,64.02,15.57,29.42,36.34,275.41
501555,2025-10-13,1032,Seller 1032,Silver,West,Pet Supplies,2,1822.2,4325.4,0.1264,546.73,0,0.0,80.02,19.46,36.77,45.42,365.06
501556,2025-10-01,1072,Seller 1072,Bronze,South,Home & Kitchen,1,4704.599999999999,3934.8,0.1439,566.22,0,0.0,72.79,17.71,33.45,41.32,400.96
501557,2025-10-19,1076,Seller 1076,Bronze,Central,Pet Supplies,3,946.8,2376.0,0.1228,291.77,0,0.0,43.96,10.69,20.2,24.95,191.98
501558,2025-10-16,1078,Seller 1078,Bronze,East,Home & Kitchen,1,5322.599999999999,4451.4,0.1313,584.47,0,0.0,82.35,20.03,37.84,46.74,397.51
501559,2025-10-04,1067,Seller 1067,Bronze,South,Beauty,1,2866.8,2397.6,0.1509,361.8,0,0.0,44.36,10.79,20.38,25.17,261.1
501560,2025-10-26,1073,Seller 1073,Bronze,Central,Electronics,2,3895.2000000000003,6516.0,0.12,781.92,1,4922.4,120.55,29.32,55.39,68.42,409.8
501561,2025-10-08,1033,Seller 1033,Silver,South,Beauty,2,1140.6000000000001,2707.2,0.1562,422.86,0,0.0,50.08,12.18,23.01,28.43,309.16
501562,2025-10-18,1059,Seller 1059,Bronze,Central,Sports,1,4092.5999999999995,3422.4,0.1199,410.35,0,0.0,63.31,15.4,29.09,35.94,266.6
501563,2025-10-15,1042,Seller 1042,Silver,East,Beauty,2,1192.8,2831.4,0.145,410.55,0,0.0,52.38,12.74,24.07,29.73,291.63
501564,2025-10-18,1030,Seller 1030,Gold,South,Pet Supplies,1,3639.6,5646.0,0.1222,689.94,0,0.0,104.45,25.41,47.99,59.28,452.81
501565,2025-10-22,1024,Seller 1024,Gold,West,Home & Kitchen,2,3074.4,9538.8,0.1314,1253.4,0,0.0,176.47,42.92,81.08,100.16,852.77
501566,2025-10-07,1021,Seller 1021,Gold,Central,Beauty,3,893.4000000000001,4159.2,0.1405,584.37,0,0.0,76.95,18.72,35.35,43.67,409.68
501567,2025-10-26,1072,Seller 1072,Bronze,South,Home & Kitchen,1,5283.0,4418.4,0.1278,564.67,0,0.0,81.74,19.88,37.56,46.39,379.1
501568,2025-10-21,1052,Seller 1052,Silver,Central,Home & Kitchen,2,1985.4,4713.6,0.1325,624.55,0,0.0,87.2,21.21,40.07,49.49,426.58
501569,2025-10-02,1038,Seller 1038,Silver,South,Sports,3,1461.0,5203.2,0.1214,631.67,0,0.0,96.26,23.41,44.23,54.63,413.13
501570,2025-10-23,1036,Seller 1036,Silver,Central,Pet Supplies,2,1939.8,4605.0,0.1253,577.01,0,0.0,85.19,20.72,39.14,48.35,383.6
501571,2025-10-15,1028,Seller 1028,Gold,Central,Sports,1,5462.400000000001,8473.8,0.1366,1157.52,0,0.0,156.77,38.13,72.03,88.97,801.62
501572,2025-10-10,1071,Seller 1071,Bronze,Central,Home & Kitchen,1,5319.599999999999,4449.0,0.1369,609.07,0,0.0,82.31,20.02,37.82,46.71,422.21
501573,2025-10-27,1034,Seller 1034,Silver,Central,Sports,4,1065.6000000000001,5058.6,0.1223,618.67,0,0.0,93.58,22.76,43.0,53.12,406.21
501574,2025-10-05,1031,Seller 1031,Silver,West,Home & Kitchen,1,5695.2,6760.8,0.1262,853.21,0,0.0,125.07,30.42,57.47,70.99,569.26
501575,2025-10-01,1069,Seller 1069,Bronze,East,Electronics,4,3061.8,10243.2,0.1367,1400.25,0,0.0,189.5,46.09,87.07,107.55,970.03
501576,2025-10-06,1078,Seller 1078,Bronze,East,Home & Kitchen,1,5419.2,4532.4,0.1464,663.54,0,0.0,83.85,20.4,38.53,47.59,473.18
501577,2025-10-15,1074,Seller 1074,Bronze,East,Apparel,1,3595.2000000000003,3007.2,0.1185,356.35,0,0.0,55.63,13.53,25.56,31.58,230.05
501578,2025-09-30,1058,Seller 1058,Bronze,East,Beauty,3,949.2,2381.4,0.1538,366.26,0,0.0,44.06,10.72,20.24,25.0,266.24
501579,2025-10-02,1036,Seller 1036,Silver,Central,Pet Supplies,3,909.0,3238.2,0.1371,443.96,0,0.0,59.91,14.57,27.52,34.0,307.95
501580,2025-10-26,1051,Seller 1051,Silver,East,Sports,1,4694.4,5572.8,0.1322,736.72,0,0.0,103.1,25.08,47.37,58.51,502.67
501581,2025-09-29,1066,Seller 1066,Bronze,South,Home & Kitchen,2,1363.8,2280.6,0.1371,312.67,0,0.0,42.19,10.26,19.39,23.95,216.89
501582,2025-10-04,1046,Seller 1046,Silver,Central,Sports,2,2141.3999999999996,5084.4,0.1175,597.42,0,0.0,94.06,22.88,43.22,53.39,383.87
501583,2025-10-01,1032,Seller 1032,Silver,West,Home & Kitchen,2,2377.2,5644.2,0.1453,820.1,0,0.0,104.42,25.4,47.98,59.26,583.05
501584,2025-10-08,1052,Seller 1052,Silver,Central,Pet Supplies,3,962.4,3426.6,0.1298,444.77,0,0.0,63.39,15.42,29.13,35.98,300.86
501585,2025-10-10,1024,Seller 1024,Gold,West,Pet Supplies,1,3429.0,5319.0,0.1411,750.51,0,0.0,98.4,23.94,45.21,55.85,527.11
501586,2025-10-28,1026,Seller 1026,Gold,East,Home & Kitchen,3,1590.0,7176.6,0.1372,984.63,0,0.0,132.77,32.29,61.0,75.35,683.21
501587,2025-10-28,1078,Seller 1078,Bronze,East,Home & Kitchen,1,4710.6,3821.4,0.1313,501.75,0,0.0,70.7,17.2,32.48,40.12,341.25
501588,2025-11-02,1001,Seller 1001,Platinum,East,Electronics,2,5521.8,22397.4,0.1326,2969.9,0,0.0,414.35,100.79,190.38,235.17,2029.2
501589,2025-11-01,1025,Seller 1025,Gold,Central,Pet Supplies,1,3123.6000000000004,4700.4,0.1494,702.24,0,0.0,86.96,21.15,39.95,49.35,504.82
501590,2025-11-23,1077,Seller 1077,Bronze,South,Home & Kitchen,3,2020.2,4917.0,0.1493,734.11,0,0.0,90.96,22.13,41.79,51.63,527.59
501591,2025-11-06,1057,Seller 1057,Bronze,South,Electronics,3,3108.6000000000004,7565.4,0.142,1074.29,0,0.0,139.96,34.04,64.31,79.44,756.54
501592,2025-11-01,1038,Seller 1038,Silver,South,Sports,2,1835.4,4226.4,0.126,532.53,0,0.0,78.19,19.02,35.92,44.38,355.02
501593,2025-11-14,1079,Seller 1079,Bronze,South,Apparel,3,1112.3999999999999,2706.6,0.1233,333.72,0,0.0,50.07,12.18,23.01,28.42,220.05
501594,2025-11-08,1009,Seller 1009,Platinum,Central,Pet Supplies,2,1698.0,6887.4,0.1456,1002.81,0,0.0,127.42,30.99,58.54,72.32,713.53
501595,2025-11-13,1008,Seller 1008,Platinum,West,Apparel,3,655.2,3985.8,0.131,522.14,0,0.0,73.74,17.94,33.88,41.85,354.74
501596,2025-11-14,1012,Seller 1012,Platinum,East,Beauty,2,1553.4,6301.8,0.1528,962.92,0,0.0,116.58,28.36,53.57,66.17,698.24
501597,2025-11-09,1026,Seller 1026,Gold,East,Home & Kitchen,3,2142.6,9672.6,0.136,1315.47,0,0.0,178.94,43.53,82.22,101.56,909.22
501598,2025-11-22,1011,Seller 1011,Platinum,West,Electronics,1,8733.6,17713.2,0.1306,2313.34,0,0.0,327.69,79.71,150.56,185.99,1569.39
501599,2025-11-20,1037,Seller 1037,Silver,East,Pet Supplies,4,939.6,4329.0,0.1305,564.93,0,0.0,80.09,19.48,36.8,45.45,383.12
501600,2025-11-03,1074,Seller 1074,Bronze,East,Electronics,1,7816.200000000001,6341.4,0.1318,835.8,0,0.0,117.32,28.54,53.9,66.58,569.46
501601,2025-11-13,1046,Seller 1046,Silver,Central,Electronics,3,1954.8,6752.4,0.1294,873.76,0,0.0,124.92,30.39,57.4,70.9,590.16
501602,2025-11-07,1048,Seller 1048,Silver,East,Electronics,3,3034.2,10480.8,0.13,1362.5,0,0.0,193.89,47.16,89.09,110.05,922.31
501603,2025-11-25,1010,Seller 1010,Platinum,West,Home & Kitchen,1,4935.0,10009.2,0.1437,1438.32,0,0.0,185.17,45.04,85.08,105.1,1017.94
501604,2025-11-09,1015,Seller 1015,Gold,West,Electronics,3,2322.6,10484.4,0.141,1478.3,0,0.0,193.96,47.18,89.12,110.09,1037.96
501605,2025-11-25,1030,Seller 1030,Gold,South,Pet Supplies,2,1495.8,4501.2,0.1294,582.46,0,0.0,83.27,20.26,38.26,47.26,393.4
501606,2025-11-26,1055,Seller 1055,Bronze,Central,Pet Supplies,2,1038.6,1685.4,0.1334,224.83,0,0.0,31.18,7.58,14.33,17.7,154.05
501607,2025-11-21,1035,Seller 1035,Silver,East,Electronics,4,2258.4,10401.0,0.1281,1332.37,0,0.0,192.42,46.8,88.41,109.21,895.53
501608,2025-11-19,1063,Seller 1063,Bronze,West,Pet Supplies,3,1065.0,2592.0,0.127,329.18,0,0.0,47.95,11.66,22.03,27.22,220.32
501609,2025-11-02,1029,Seller 1029,Gold,West,Home & Kitchen,2,2612.4,7862.4,0.148,1163.64,0,0.0,145.45,35.38,66.83,82.56,833.41
501610,2025-10-31,1033,Seller 1033,Silver,South,Pet Supplies,3,933.6,3225.6,0.1389,448.04,0,0.0,59.67,14.52,27.42,33.87,312.56
501611,2025-11-13,1016,Seller 1016,Gold,West,Sports,3,1358.4,6133.2,0.1241,761.13,0,0.0,113.46,27.6,52.13,64.4,503.54
501612,2025-11-22,1005,Seller 1005,Platinum,East,Electronics,3,3217.8,19580.4,0.139,2721.68,0,0.0,362.24,88.11,166.43,205.59,1899.3
501613,2025-11-26,1009,Seller 1009,Platinum,Central,Pet Supplies,1,2942.4,5967.6,0.1294,772.21,0,0.0,110.4,26.85,50.72,62.66,521.57
501614,2025-11-24,1065,Seller 1065,Bronze,South,Home & Kitchen,2,1831.8000000000002,2972.4,0.1301,386.71,0,0.0,54.99,13.38,25.27,31.21,261.87
501615,2025-11-13,1033,Seller 1033,Silver,South,Beauty,1,2747.4,3163.8,0.1404,444.2,0,0.0,58.53,14.24,26.89,33.22,311.32
501616,2025-11-23,1009,Seller 1009,Platinum,Central,Pet Supplies,2,1398.0,5671.2,0.1433,812.68,0,0.0,104.92,25.52,48.21,59.55,574.49
501617,2025-10-30,1032,Seller 1032,Silver,West,Pet Supplies,2,1704.0,3924.0,0.1391,545.83,0,0.0,72.59,17.66,33.35,41.2,381.02
501618,2025-11-25,1053,Seller 1053,Silver,Central,Beauty,4,697.1999999999999,3210.0,0.1564,502.04,0,0.0,59.38,14.44,27.29,33.71,367.22
501619,2025-11-24,1014,Seller 1014,Gold,East,Apparel,2,1921.2000000000003,5781.0,0.1154,667.13,0,0.0,106.95,26.01,49.14,60.7,424.33
501620,2025-11-17,1029,Seller 1029,Gold,West,Electronics,2,4243.8,12771.6,0.1346,1719.06,0,0.0,236.27,57.47,108.56,134.1,1182.65
501621,2025-11-08,1050,Seller 1050,Silver,East,Electronics,1,8193.0,9434.4,0.137,1292.51,0,0.0,174.54,42.45,80.19,99.06,896.27
501622,2025-11-20,1059,Seller 1059,Bronze,Central,Sports,3,1281.0,3118.2,0.1431,446.21,0,0.0,57.69,14.03,26.5,32.74,315.25
501623,2025-11-01,1023,Seller 1023,Gold,Central,Apparel,4,956.4,5757.6,0.1228,707.03,0,0.0,106.52,25.91,48.94,60.45,465.21
501624,2025-11-08,1006,Seller 1006,Platinum,East,Sports,2,1838.4,7456.8,0.1274,950.0,0,0.0,137.95,33.56,63.38,78.3,636.81
501625,2025-11-07,1027,Seller 1027,Gold,West,Apparel,3,1051.8000000000002,4749.6,0.1249,593.23,0,0.0,87.87,21.37,40.37,49.87,393.74
501626,2025-11-24,1042,Seller 1042,Silver,East,Pet Supplies,3,1267.8,4378.8,0.1319,577.56,0,0.0,81.01,19.7,37.22,45.98,393.65
501627,2025-11-09,1080,Seller 1080,Bronze,South,Beauty,1,2736.0,2219.4,0.158,350.67,0,0.0,41.06,9.99,18.86,23.3,257.45
501628,2025-11-10,1019,Seller 1019,Gold,East,Apparel,1,3750.6,5643.6,0.1357,765.84,0,0.0,104.41,25.4,47.97,59.26,528.81
501629,2025-11-11,1007,Seller 1007,Platinum,South,Home & Kitchen,1,5624.4,11407.2,0.1448,1651.76,0,0.0,211.03,51.33,96.96,119.78,1172.66
501630,2025-11-01,1004,Seller 1004,Platinum,East,Sports,1,4915.2,9969.0,0.1286,1282.01,0,0.0,184.43,44.86,84.74,104.67,863.32
501631,2025-11-21,1052,Seller 1052,Silver,Central,Pet Supplies,2,1424.3999999999999,3280.8,0.1336,438.31,0,0.0,60.69,14.76,27.89,34.45,300.52
501632,2025-11-22,1063,Seller 1063,Bronze,West,Pet Supplies,3,899.4,2189.4,0.1436,314.4,0,0.0,40.5,9.85,18.61,22.99,222.44
501633,2025-11-25,1009,Seller 1009,Platinum,Central,Pet Supplies,4,807.0,6547.2,0.1273,833.46,0,0.0,121.12,29.46,55.65,68.75,558.48
501634,2025-11-15,1046,Seller 1046,Silver,Central,Sports,2,2484.6,5722.2,0.1422,813.7,0,0.0,105.86,25.75,48.64,60.08,573.36
501635,2025-11-01,1058,Seller 1058,Bronze,East,Beauty,2,1152.6000000000001,1870.2,0.1414,264.45,0,0.0,34.6,8.42,15.9,19.64,185.9
501636,2025-11-05,1021,Seller 1021,Gold,Central,Pet Supplies,1,3050.4,4590.0,0.1298,595.78,0,0.0,84.91,20.65,39.02,48.2,403.0
501637,2025-11-12,1032,Seller 1032,Silver,West,Pet Supplies,4,596.4,2745.6,0.1283,352.26,0,0.0,50.79,12.36,23.34,28.83,236.95
501638,2025-11-15,1049,Seller 1049,Silver,West,Home & Kitchen,2,1940.4,4468.2,0.1527,682.29,0,0.0,82.66,20.11,37.98,46.92,494.63
501639,2025-10-30,1024,Seller 1024,Gold,West,Pet Supplies,3,1076.4,4858.2,0.1421,690.35,0,0.0,89.88,21.86,41.29,51.01,486.31
501640,2025-11-22,1048,Seller 1048,Silver,East,Electronics,3,3340.8,11541.0,0.1284,1481.86,0,0.0,213.51,51.93,98.1,121.18,997.14
501641,2025-11-12,1026,Seller 1026,Gold,East,Beauty,2,1681.8000000000002,5060.4,0.1579,799.04,0,0.0,93.62,22.77,43.01,53.13,586.5
501642,2025-11-13,1003,Seller 1003,Platinum,East,Pet Supplies,1,2704.7999999999997,5485.2,0.1348,739.4,0,0.0,101.48,24.68,46.62,57.59,509.03
501643,2025-11-10,1004,Seller 1004,Platinum,East,Sports,2,2213.4,8978.4,0.1277,1146.54,0,0.0,166.1,40.4,76.32,94.27,769.45
501644,2025-11-01,1044,Seller 1044,Silver,East,Pet Supplies,2,1138.1999999999998,2622.0,0.137,359.21,0,0.0,48.51,11.8,22.29,27.53,249.09
501645,2025-11-19,1080,Seller 1080,Bronze,South,Beauty,1,2560.2000000000003,2076.6,0.1438,298.62,0,0.0,38.42,9.34,17.65,21.8,211.4
501646,2025-11-07,1035,Seller 1035,Silver,East,Electronics,1,9777.6,11258.4,0.1395,1570.55,0,0.0,208.28,50.66,95.7,118.21,1097.69
501647,2025-11-18,1017,Seller 1017,Gold,East,Pet Supplies,2,1723.1999999999998,5185.2,0.1328,688.59,0,0.0,95.93,23.33,44.07,54.44,470.82
501648,2025-11-04,1011,Seller 1011,Platinum,West,Beauty,3,536.4,3264.6,0.1396,455.74,0,0.0,60.4,14.69,27.75,34.28,318.62
501649,2025-11-20,1010,Seller 1010,Platinum,West,Home & Kitchen,3,1843.8,11217.0,0.1347,1510.93,0,0.0,207.51,50.48,95.34,117.78,1039.82
501650,2025-11-11,1002,Seller 1002,Platinum,Central,Home & Kitchen,1,5644.2,11447.4,0.1307,1496.18,0,0.0,211.78,51.51,97.3,120.2,1015.38
501651,2025-11-02,1043,Seller 1043,Silver,West,Electronics,2,4196.4,9663.6,0.1223,1181.86,0,0.0,178.78,43.49,82.14,101.47,775.99
501652,2025-11-09,1012,Seller 1012,Platinum,East,Beauty,3,1002.6,6099.0,0.1555,948.39,0,0.0,112.83,27.45,51.84,64.04,692.24
501653,2025-11-12,1042,Seller 1042,Silver,East,Pet Supplies,3,1470.6000000000001,5080.8,0.143,726.55,0,0.0,93.99,22.86,43.19,53.35,513.16
501654,2025-11-05,1037,Seller 1037,Silver,East,Apparel,1,3507.0,4038.6,0.1246,503.21,1,3991.8,74.71,18.17,34.33,42.41,253.75
501655,2025-11-07,1019,Seller 1019,Gold,East,Sports,3,1423.1999999999998,6426.0,0.1389,892.57,0,0.0,118.88,28.92,54.62,67.47,622.68
501656,2025-11-10,1030,Seller 1030,Gold,South,Pet Supplies,1,2868.6000000000004,4317.0,0.1404,606.11,0,0.0,79.86,19.43,36.69,45.33,424.79
501657,2025-11-02,1033,Seller 1033,Silver,South,Pet Supplies,2,1589.3999999999999,3660.6,0.1474,539.57,0,0.0,67.72,16.47,31.12,38.44,385.83
501658,2025-11-18,1009,Seller 1009,Platinum,Central,Pet Supplies,1,3140.4,6369.6,0.1274,811.49,0,0.0,117.84,28.66,54.14,66.88,543.96
501659,2025-11-18,1058,Seller 1058,Bronze,East,Beauty,2,1229.3999999999999,1994.4,0.1531,305.34,0,0.0,36.9,8.97,16.95,20.94,221.58
501660,2025-11-12,1078,Seller 1078,Bronze,East,Home & Kitchen,3,1763.4,4291.8,0.1492,640.34,0,0.0,79.4,19.31,36.48,45.06,460.08
501661,2025-10-29,1048,Seller 1048,Silver,East,Electronics,2,3748.2,8632.8,0.143,1234.49,0,0.0,159.71,38.85,73.38,90.64,871.91
501662,2025-11-24,1046,Seller 1046,Silver,Central,Sports,3,1299.0,4486.8,0.1411,633.09,0,0.0,83.01,20.19,38.14,47.11,444.64
501663,2025-11-07,1060,Seller 1060,Bronze,East,Pet Supplies,3,1363.8,3319.8,0.1361,451.82,0,0.0,61.42,14.94,28.22,34.86,312.39
501664,2025-11-01,1049,Seller 1049,Silver,West,Pet Supplies,3,1232.3999999999999,4256.4,0.1364,580.57,0,0.0,78.74,19.15,36.18,44.69,401.8
501665,2025-11-06,1076,Seller 1076,Bronze,Central,Home & Kitchen,3,1860.0,4527.0,0.1326,600.28,1,3289.2,83.75,20.37,38.48,47.53,344.36
501666,2025-11-12,1071,Seller 1071,Bronze,Central,Sports,3,1983.6000000000001,4827.0,0.134,646.82,0,0.0,89.3,21.72,41.03,50.68,444.08
501667,2025-11-13,1008,Seller 1008,Platinum,West,Electronics,4,3238.2,26271.6,0.1359,3570.31,0,0.0,486.02,118.22,223.31,275.85,2466.9
501668,2025-11-16,1064,Seller 1064,Bronze,Central,Apparel,1,3886.2,3152.4,0.1292,407.29,0,0.0,58.32,14.19,26.8,33.1,274.89
501669,2025-11-01,1055,Seller 1055,Bronze,Central,Pet Supplies,1,2941.2000000000003,2386.2,0.1342,320.23,0,0.0,44.14,10.74,20.28,25.06,220.01
501670,2025-11-19,1048,Seller 1048,Silver,East,Electronics,2,4371.6,10068.0,0.1279,1287.7,0,0.0,186.26,45.31,85.58,105.71,864.84
501671,2025-11-22,1030,Seller 1030,Gold,South,Beauty,1,2301.0,3462.0,0.1504,520.68,0,0.0,64.05,15.58,29.43,36.35,375.28
501672,2025-11-19,1043,Seller 1043,Silver,West,Sports,4,592.8000000000001,2729.4,0.1408,384.3,0,0.0,50.49,12.28,23.2,28.66,269.66
501673,2025-11-25,1076,Seller 1076,Bronze,Central,Home & Kitchen,2,2185.2000000000003,3546.0,0.1425,505.3,0,0.0,65.6,15.96,30.14,37.23,356.37
501674,2025-11-20,1013,Seller 1013,Gold,West,Electronics,3,3392.4,15313.8,0.1317,2016.83,0,0.0,283.31,68.91,130.17,160.79,1373.65
501675,2025-11-21,1035,Seller 1035,Silver,East,Electronics,2,4641.6,10689.6,0.1375,1469.82,0,0.0,197.76,48.1,90.86,112.24,1020.86
501676,2025-11-22,1008,Seller 1008,Platinum,West,Electronics,2,4403.4,17862.6,0.1275,2277.48,0,0.0,330.46,80.38,151.83,187.56,1527.25
501677,2025-11-26,1035,Seller 1035,Silver,East,Apparel,3,1241.4,4288.2,0.1269,544.17,0,0.0,79.33,19.3,36.45,45.03,364.07
501678,2025-11-04,1077,Seller 1077,Bronze,South,Home & Kitchen,2,2593.2,4207.8,0.1502,632.01,0,0.0,77.84,18.94,35.77,44.18,455.28
501679,2025-11-21,1049,Seller 1049,Silver,West,Home & Kitchen,2,2407.2,5543.4,0.1353,750.02,1,4674.0,102.55,24.95,47.12,58.21,423.72
501680,2025-11-16,1054,Seller 1054,Silver,South,Home & Kitchen,1,5108.4,5882.4,0.1325,779.42,0,0.0,108.82,26.47,50.0,61.77,532.36
501681,2025-11-15,1057,Seller 1057,Bronze,South,Electronics,3,2603.4,6336.0,0.1237,783.76,0,0.0,117.22,28.51,53.86,66.53,517.65
501682,2025-11-23,1017,Seller 1017,Gold,East,Electronics,2,4374.0,13164.6,0.1268,1669.27,0,0.0,243.55,59.24,111.9,138.23,1116.36
501683,2025-10-29,1049,Seller 1049,Silver,West,Home & Kitchen,1,4509.0,5191.8,0.1385,719.06,0,0.0,96.05,23.36,44.13,54.51,501.01
501684,2025-11-12,1037,Seller 1037,Silver,East,Apparel,2,1833.0,4221.0,0.1263,533.11,0,0.0,78.09,18.99,35.88,44.32,355.83
501685,2025-11-08,1009,Seller 1009,Platinum,Central,Home & Kitchen,3,2029.8,12352.2,0.1516,1872.59,0,0.0,228.52,55.58,104.99,129.7,1353.8
501686,2025-11-22,1044,Seller 1044,Silver,East,Pet Supplies,2,1638.6,3774.0,0.1356,511.75,0,0.0,69.82,16.98,32.08,39.63,353.25
501687,2025-11-24,1051,Seller 1051,Silver,East,Sports,2,2233.2,5142.6,0.127,653.11,0,0.0,95.14,23.14,43.71,54.0,437.12
501688,2025-11-12,1034,Seller 1034,Silver,Central,Sports,3,1712.3999999999999,5915.4,0.1226,725.23,0,0.0,109.43,26.62,50.28,62.11,476.78
501689,2025-11-09,1006,Seller 1006,Platinum,East,Sports,2,1388.4,5632.2,0.1449,816.11,0,0.0,104.2,25.34,47.87,59.14,579.55
501690,2025-10-29,1051,Seller 1051,Silver,East,Sports,2,1857.6000000000001,4277.4,0.1381,590.71,0,0.0,79.13,19.25,36.36,44.91,411.06
501691,2025-11-08,1026,Seller 1026,Gold,East,Home & Kitchen,2,2962.8,8917.8,0.1292,1152.18,0,0.0,164.98,40.13,75.8,93.64,777.63
501692,2025-11-05,1066,Seller 1066,Bronze,South,Home & Kitchen,2,2596.2000000000003,4212.6,0.1292,544.27,0,0.0,77.93,18.96,35.81,44.23,367.34
501693,2025-11-25,1072,Seller 1072,Bronze,South,Home & Kitchen,1,5401.8,4382.4,0.1471,644.65,0,0.0,81.07,19.72,37.25,46.02,460.59
501694,2025-11-21,1034,Seller 1034,Silver,Central,Sports,2,1956.0,4504.2,0.1327,597.71,0,0.0,83.33,20.27,38.29,47.29,408.53
501695,2025-11-21,1052,Seller 1052,Silver,Central,Pet Supplies,3,1200.6000000000001,4147.8,0.1286,533.41,0,0.0,76.73,18.67,35.26,43.55,359.2
501696,2025-11-11,1073,Seller 1073,Bronze,Central,Electronics,2,5365.8,8706.0,0.1241,1080.41,0,0.0,161.06,39.18,74.0,91.41,714.76
501697,2025-10-28,1007,Seller 1007,Platinum,South,Home & Kitchen,2,3280.8,13307.4,0.1492,1985.46,0,0.0,246.19,59.88,113.11,139.73,1426.55
501698,2025-11-16,1028,Seller 1028,Gold,Central,Beauty,3,1372.2,6195.6,0.1483,918.81,0,0.0,114.62,27.88,52.66,65.05,658.59
501699,2025-11-16,1022,Seller 1022,Gold,East,Apparel,1,3745.8,5637.0,0.1377,776.21,0,0.0,104.28,25.37,47.91,59.19,539.46
501700,2025-11-09,1014,Seller 1014,Gold,East,Electronics,1,7764.599999999999,11683.8,0.1417,1655.59,0,0.0,216.15,52.58,99.31,122.68,1164.87
501701,2025-10-30,1073,Seller 1073,Bronze,Central,Electronics,3,3060.0,7447.2,0.1236,920.47,0,0.0,137.77,33.51,63.3,78.2,607.69
501702,2025-11-26,1036,Seller 1036,Silver,Central,Pet Supplies,4,840.0,3869.4,0.1476,571.12,0,0.0,71.58,17.41,32.89,40.63,408.61
501703,2025-11-02,1027,Seller 1027,Gold,West,Apparel,1,3265.8,4914.6,0.133,653.64,0,0.0,90.92,22.12,41.77,51.6,447.23
501704,2025-10-28,1002,Seller 1002,Platinum,Central,Home & Kitchen,2,2031.6,8241.0,0.1503,1238.62,0,0.0,152.46,37.08,70.05,86.53,892.5
501705,2025-11-23,1073,Seller 1073,Bronze,Central,Electronics,2,3950.9999999999995,6411.0,0.1206,773.17,1,4960.8,118.6,28.85,54.49,67.32,404.69
501706,2025-11-05,1060,Seller 1060,Bronze,East,Pet Supplies,3,984.6,2396.4,0.1271,304.58,0,0.0,44.33,10.78,20.37,25.16,203.93
501707,2025-11-19,1037,Seller 1037,Silver,East,Apparel,2,2151.6,4955.4,0.1301,644.7,0,0.0,91.67,22.3,42.12,52.03,436.57
501708,2025-11-22,1058,Seller 1058,Bronze,East,Pet Supplies,3,1128.0,2745.0,0.1466,402.42,0,0.0,50.78,12.35,23.33,28.82,287.13
501709,2025-11-14,1030,Seller 1030,Gold,South,Pet Supplies,2,1355.4,4078.2,0.1281,522.42,0,0.0,75.45,18.35,34.66,42.82,351.13
501710,2025-11-10,1021,Seller 1021,Gold,Central,Pet Supplies,3,807.6,3645.6,0.139,506.74,0,0.0,67.44,16.41,30.99,38.28,353.62
501711,2025-11-25,1023,Seller 1023,Gold,Central,Home & Kitchen,1,5731.8,8625.0,0.1474,1271.33,0,0.0,159.56,38.81,73.31,90.56,909.08
501712,2025-11-26,1064,Seller 1064,Bronze,Central,Pet Supplies,1,3468.6000000000004,2814.0,0.1281,360.47,0,0.0,52.06,12.66,23.92,29.55,242.29
501713,2025-11-26,1046,Seller 1046,Silver,Central,Sports,1,4698.0,5409.6,0.1383,748.15,0,0.0,100.08,24.34,45.98,56.8,520.94
501714,2025-11-23,1019,Seller 1019,Gold,East,Apparel,1,3694.7999999999997,5560.2,0.1178,654.99,0,0.0,102.86,25.02,47.26,58.38,421.46
501715,2025-10-28,1027,Seller 1027,Gold,West,Apparel,3,1437.0,6488.4,0.1167,757.2,1,3871.8,120.04,29.2,55.15,68.13,407.25
501716,2025-11-07,1033,Seller 1033,Silver,South,Pet Supplies,3,894.6,3090.6,0.1424,440.1,0,0.0,57.18,13.91,26.27,32.45,310.3
501717,2025-11-19,1048,Seller 1048,Silver,East,Electronics,1,9324.0,10736.4,0.1284,1378.55,0,0.0,198.62,48.31,91.26,112.73,927.62
501718,2025-11-25,1014,Seller 1014,Gold,East,Apparel,2,1779.6,5355.6,0.1307,699.98,0,0.0,99.08,24.1,45.52,56.23,475.04
501719,2025-11-23,1065,Seller 1065,Bronze,South,Apparel,2,2013.6000000000001,3267.0,0.1368,446.93,0,0.0,60.44,14.7,27.77,34.3,309.71
501720,2025-11-02,1027,Seller 1027,Gold,West,Apparel,3,1601.4,7230.0,0.1146,828.56,0,0.0,133.75,32.53,61.46,75.92,524.9
501721,2025-11-07,1010,Seller 1010,Platinum,West,Home & Kitchen,2,2518.2,10214.4,0.1517,1549.52,1,8364.6,188.97,45.96,86.82,107.25,953.23
501722,2025-11-18,1050,Seller 1050,Silver,East,Electronics,2,5262.599999999999,12119.4,0.1411,1710.05,0,0.0,224.21,54.54,103.01,127.25,1201.03
501723,2025-11-14,1063,Seller 1063,Bronze,West,Apparel,2,1989.6,3228.6,0.1308,422.3,0,0.0,59.73,14.53,27.44,33.9,286.7
501724,2025-11-09,1013,Seller 1013,Gold,West,Electronics,1,7953.000000000001,11967.6,0.1418,1697.01,0,0.0,221.4,53.85,101.72,125.66,1194.37
501725,2025-11-26,1005,Seller 1005,Platinum,East,Electronics,1,8836.8,17923.2,0.121,2168.71,0,0.0,331.58,80.65,152.35,188.19,1415.93
501726,2025-11-21,1013,Seller 1013,Gold,West,Electronics,2,3832.8,11534.4,0.1426,1644.81,0,0.0,213.39,51.9,98.04,121.11,1160.36
501727,2025-11-26,1058,Seller 1058,Bronze,East,Beauty,2,1336.2,2167.8,0.1421,308.04,0,0.0,40.1,9.76,18.43,22.76,217.0
501728,2025-11-17,1065,Seller 1065,Bronze,South,Home & Kitchen,1,4914.0,3987.0,0.1457,580.91,0,0.0,73.76,17.94,33.89,41.86,413.45
501729,2025-10-29,1007,Seller 1007,Platinum,South,Home & Kitchen,3,1959.6,11924.4,0.1332,1588.33,0,0.0,220.6,53.66,101.36,125.21,1087.51
501730,2025-11-04,1038,Seller 1038,Silver,South,Sports,1,4807.200000000001,5535.0,0.1452,803.68,0,0.0,102.4,24.91,47.05,58.12,571.21
501731,2025-11-04,1001,Seller 1001,Platinum,East,Electronics,2,3336.6,13534.8,0.1232,1667.49,0,0.0,250.39,60.91,115.05,142.12,1099.03
501732,2025-10-31,1044,Seller 1044,Silver,East,Sports,2,2062.8,4750.8,0.1327,630.43,0,0.0,87.89,21.38,40.38,49.88,430.9
501733,2025-11-19,1022,Seller 1022,Gold,East,Sports,2,1398.6,4208.4,0.1355,570.24,0,0.0,77.86,18.94,35.77,44.19,393.49
501734,2025-11-05,1056,Seller 1056,Bronze,West,Apparel,1,3765.6,3054.6,0.1292,394.65,0,0.0,56.51,13.75,25.96,32.07,266.36
501735,2025-11-09,1056,Seller 1056,Bronze,West,Apparel,2,1972.8000000000002,3201.0,0.1203,385.08,0,0.0,59.22,14.4,27.21,33.61,250.64
501736,2025-11-14,1065,Seller 1065,Bronze,South,Home & Kitchen,2,2621.3999999999996,4252.8,0.1427,606.87,0,0.0,78.68,19.14,36.15,44.65,428.26
501737,2025-10-29,1048,Seller 1048,Silver,East,Electronics,1,8956.2,10312.8,0.1348,1390.17,0,0.0,190.79,46.41,87.66,108.28,957.03
501738,2025-10-28,1030,Seller 1030,Gold,South,Pet Supplies,2,1952.9999999999998,5877.6,0.1354,795.83,0,0.0,108.74,26.45,49.96,61.71,548.97
501739,2025-11-04,1015,Seller 1015,Gold,West,Pet Supplies,2,1865.4,5614.2,0.1333,748.37,0,0.0,103.86,25.26,47.72,58.95,512.58
501740,2025-11-17,1062,Seller 1062,Bronze,West,Home & Kitchen,2,2074.7999999999997,3366.6,0.1341,451.46,0,0.0,62.28,15.15,28.62,35.35,310.06
501741,2025-10-30,1070,Seller 1070,Bronze,West,Electronics,2,4638.0,7525.2,0.1312,987.31,1,5877.6,139.22,33.86,63.96,79.01,553.7
501742,2025-11-10,1073,Seller 1073,Bronze,Central,Electronics,1,8185.199999999999,6640.8,0.134,889.87,0,0.0,122.85,29.88,56.45,69.73,610.95
501743,2025-11-09,1008,Seller 1008,Platinum,West,Electronics,3,2019.6,12289.2,0.1197,1471.02,0,0.0,227.35,55.3,104.46,129.04,954.87
501744,2025-11-25,1058,Seller 1058,Bronze,East,Beauty,3,619.8,1507.8,0.1421,214.26,0,0.0,27.89,6.79,12.82,15.83,150.93
501745,2025-11-10,1053,Seller 1053,Silver,Central,Beauty,2,1196.4,2755.8,0.1534,422.74,0,0.0,50.98,12.4,23.42,28.94,307.0
501746,2025-11-08,1077,Seller 1077,Bronze,South,Home & Kitchen,2,2527.2,4100.4,0.1504,616.7,0,0.0,75.86,18.45,34.85,43.05,444.48
501747,2025-11-07,1036,Seller 1036,Silver,Central,Pet Supplies,1,3220.2000000000003,3708.0,0.148,548.78,0,0.0,68.6,16.69,31.52,38.93,393.05
501748,2025-11-26,1040,Seller 1040,Silver,West,Apparel,1,3818.4,4396.8,0.1349,593.13,0,0.0,81.34,19.79,37.37,46.17,408.46
501749,2025-11-14,1078,Seller 1078,Bronze,East,Home & Kitchen,2,2251.8,3653.4,0.1371,500.88,0,0.0,67.59,16.44,31.05,38.36,347.44
501750,2025-11-04,1067,Seller 1067,Bronze,South,Beauty,3,994.8,2420.4,0.1614,390.65,0,0.0,44.78,10.89,20.57,25.41,289.0
501751,2025-11-13,1041,Seller 1041,Silver,West,Beauty,3,729.6,2521.2,0.1474,371.62,0,0.0,46.64,11.35,21.43,26.47,265.73
501752,2025-11-22,1053,Seller 1053,Silver,Central,Beauty,1,2458.7999999999997,2831.4,0.1435,406.31,0,0.0,52.38,12.74,24.07,29.73,287.39
501753,2025-11-13,1038,Seller 1038,Silver,South,Sports,2,1749.6,4029.6,0.1353,545.2,0,0.0,74.55,18.13,34.25,42.31,375.96
501754,2025-11-07,1023,Seller 1023,Gold,Central,Home & Kitchen,2,2137.8,6434.4,0.1349,868.0,0,0.0,119.04,28.95,54.69,67.56,597.76
501755,2025-11-07,1024,Seller 1024,Gold,West,Apparel,1,4056.6,6104.4,0.1312,800.9,0,0.0,112.93,27.47,51.89,64.1,544.51
501756,2025-10-30,1019,Seller 1019,Gold,East,Apparel,3,1349.3999999999999,6091.2,0.123,749.22,0,0.0,112.69,27.41,51.78,63.96,493.39
501757,2025-11-15,1025,Seller 1025,Gold,Central,Beauty,3,778.2,3512.4,0.1628,571.82,0,0.0,64.98,15.81,29.86,36.88,424.3
501758,2025-11-09,1054,Seller 1054,Silver,South,Home & Kitchen,3,1771.2,6117.6,0.1526,933.55,0,0.0,113.18,27.53,52.0,64.23,676.61
501759,2025-11-05,1041,Seller 1041,Silver,West,Apparel,2,2184.0,5029.8,0.1332,669.97,0,0.0,93.05,22.63,42.75,52.81,458.72
501760,2025-11-25,1014,Seller 1014,Gold,East,Apparel,2,2454.0,7386.0,0.1362,1005.97,0,0.0,136.64,33.24,62.78,77.55,695.76
501761,2025-11-04,1073,Seller 1073,Bronze,Central,Electronics,4,3405.6,11051.4,0.1363,1506.31,0,0.0,204.45,49.73,93.94,116.04,1042.15
501762,2025-11-21,1080,Seller 1080,Bronze,South,Beauty,2,835.8,1356.0,0.1475,200.01,1,1102.2,25.09,6.1,11.53,14.24,121.01
501763,2025-11-15,1029,Seller 1029,Gold,West,Home & Kitchen,3,1558.8,7037.4,0.142,999.31,0,0.0,130.19,31.67,59.82,73.89,703.74
501764,2025-11-16,1079,Seller 1079,Bronze,South,Beauty,2,1218.6,1977.0,0.1449,286.47,0,0.0,36.57,8.9,16.8,20.76,203.43
501765,2025-11-24,1022,Seller 1022,Gold,East,Home & Kitchen,2,2490.6,7496.4,0.1451,1087.73,0,0.0,138.68,33.73,63.72,78.71,772.88
501766,2025-11-25,1050,Seller 1050,Silver,East,Electronics,2,5691.0,13105.8,0.1288,1688.03,0,0.0,242.46,58.98,111.4,137.61,1137.58
501767,2025-11-25,1050,Seller 1050,Silver,East,Apparel,4,1035.6000000000001,4768.8,0.1189,567.01,0,0.0,88.22,21.46,40.53,50.07,366.72
501768,2025-11-01,1068,Seller 1068,Bronze,South,Pet Supplies,3,1078.8,2625.0,0.1353,355.16,0,0.0,48.56,11.81,22.31,27.56,244.91
501769,2025-11-09,1010,Seller 1010,Platinum,West,Home & Kitchen,2,2096.3999999999996,8503.2,0.1479,1257.62,0,0.0,157.31,38.26,72.28,89.28,900.49
501770,2025-11-04,1036,Seller 1036,Silver,Central,Pet Supplies,2,1735.2,3995.4,0.1404,560.95,1,3879.0,73.91,17.98,33.96,41.95,315.57
501771,2025-11-20,1009,Seller 1009,Platinum,Central,Pet Supplies,2,1324.2,5372.4,0.1343,721.51,0,0.0,99.39,24.18,45.67,56.41,495.87
501772,2025-11-02,1058,Seller 1058,Bronze,East,Electronics,1,8947.2,7258.2,0.1255,910.9,0,0.0,134.28,32.66,61.69,76.21,606.06
501773,2025-11-09,1022,Seller 1022,Gold,East,Sports,1,4335.0,6522.6,0.1347,878.59,0,0.0,120.67,29.35,55.44,68.49,604.65
501774,2025-11-05,1047,Seller 1047,Silver,East,Sports,2,2846.3999999999996,6555.6,0.1258,824.69,0,0.0,121.28,29.5,55.72,68.83,549.36
501775,2025-11-02,1011,Seller 1011,Platinum,West,Electronics,2,4745.400000000001,19248.0,0.1224,2355.96,0,0.0,356.09,86.62,163.61,202.1,1547.54
501776,2025-12-22,1030,Seller 1030,Gold,South,Pet Supplies,2,1640.4,4650.0,0.1469,683.09,0,0.0,86.02,20.92,39.53,48.83,487.79
501777,2025-12-16,1023,Seller 1023,Gold,Central,Home & Kitchen,1,4996.8,7082.4,0.133,941.96,0,0.0,131.02,31.87,60.2,74.37,644.5
501778,2025-12-21,1010,Seller 1010,Platinum,West,Home & Kitchen,3,2072.4,11876.4,0.1333,1583.12,0,0.0,219.71,53.44,100.95,124.7,1084.32
501779,2025-12-21,1048,Seller 1048,Silver,East,Electronics,3,4222.200000000001,13738.8,0.1249,1715.98,0,0.0,254.17,61.82,116.78,144.26,1138.95
501780,2025-12-01,1035,Seller 1035,Silver,East,Electronics,3,3007.2,9784.8,0.1204,1178.09,1,6068.4,181.02,44.03,83.17,102.74,645.76
501781,2025-12-04,1031,Seller 1031,Silver,West,Beauty,1,2563.2,2780.4,0.1449,402.88,0,0.0,51.44,12.51,23.63,29.19,286.1
501782,2025-12-22,1021,Seller 1021,Gold,Central,Pet Supplies,2,1467.0,4158.6,0.1351,561.83,0,0.0,76.93,18.71,35.35,43.67,387.17
501783,2025-12-13,1063,Seller 1063,Bronze,West,Pet Supplies,1,3310.8,2530.2,0.1357,343.35,0,0.0,46.81,11.39,21.51,26.57,237.08
501784,2025-12-13,1046,Seller 1046,Silver,Central,Sports,2,1684.8,3655.8,0.14,511.81,0,0.0,67.63,16.45,31.07,38.39,358.27
501785,2025-12-25,1064,Seller 1064,Bronze,Central,Pet Supplies,2,1582.2,2418.0,0.1499,362.46,0,0.0,44.73,10.88,20.55,25.39,260.9
501786,2025-12-21,1053,Seller 1053,Silver,Central,Beauty,2,1364.3999999999999,2959.2,0.1507,445.95,0,0.0,54.75,13.32,25.15,31.07,321.67
501787,2025-12-01,1019,Seller 1019,Gold,East,Apparel,1,3561.0,5047.8,0.1174,592.61,0,0.0,93.38,22.72,42.91,53.0,380.6
501788,2025-12-01,1003,Seller 1003,Platinum,East,Apparel,2,2230.2000000000003,8521.2,0.1311,1117.13,0,0.0,157.64,38.35,72.43,89.47,759.24
501789,2025-12-11,1054,Seller 1054,Silver,South,Home & Kitchen,4,959.4,4162.2,0.1511,628.91,0,0.0,77.0,18.73,35.38,43.7,454.1
501790,2025-12-24,1050,Seller 1050,Silver,East,Apparel,3,1401.0,4558.2,0.1337,609.43,1,4519.8,84.33,20.51,38.74,47.86,327.59
501791,2025-12-20,1062,Seller 1062,Bronze,West,Electronics,2,4873.2,7447.8,0.1312,977.15,0,0.0,137.78,33.52,63.31,78.2,664.34
501792,2025-12-22,1072,Seller 1072,Bronze,South,Home & Kitchen,3,1683.0,3858.0,0.1415,545.91,0,0.0,71.37,17.36,32.79,40.51,383.87
501793,2025-12-11,1079,Seller 1079,Bronze,South,Beauty,2,1200.0,1834.2,0.1402,257.15,0,0.0,33.93,8.25,15.59,19.26,180.12
501794,2025-12-01,1063,Seller 1063,Bronze,West,Pet Supplies,1,3087.6,2359.8,0.1392,328.48,0,0.0,43.66,10.62,20.06,24.78,229.37
501795,2025-12-03,1049,Seller 1049,Silver,West,Home & Kitchen,2,1837.8,3987.0,0.1442,574.93,0,0.0,73.76,17.94,33.89,41.86,407.47
501796,2025-12-10,1012,Seller 1012,Platinum,East,Beauty,2,1467.0,5605.2,0.1401,785.29,0,0.0,103.7,25.22,47.64,58.85,549.87
501797,2025-12-03,1073,Seller 1073,Bronze,Central,Electronics,3,1527.0,3500.4,0.1292,452.25,0,0.0,64.76,15.75,29.75,36.75,305.23
501798,2025-12-02,1001,Seller 1001,Platinum,East,Home & Kitchen,3,1400.4,8025.6,0.1406,1128.4,0,0.0,148.47,36.12,68.22,84.27,791.32
501799,2025-12-12,1064,Seller 1064,Bronze,Central,Pet Supplies,1,2721.0,2079.6,0.1342,279.08,0,0.0,38.47,9.36,17.68,21.84,191.74
501800,2025-12-01,1034,Seller 1034,Silver,Central,Sports,1,4327.200000000001,4693.2,0.1398,656.11,0,0.0,86.82,21.12,39.89,49.28,458.99
501801,2025-12-07,1076,Seller 1076,Bronze,Central,Home & Kitchen,2,2979.6,4554.0,0.1505,685.38,1,3495.6,84.25,20.49,38.71,47.82,424.2
501802,2025-12-05,1066,Seller 1066,Bronze,South,Home & Kitchen,5,777.6,2970.6,0.1302,386.77,0,0.0,54.96,13.37,25.25,31.19,262.01
501803,2025-12-26,1014,Seller 1014,Gold,East,Sports,2,2909.4,8247.6,0.1431,1180.23,0,0.0,152.58,37.11,70.1,86.6,833.83
501804,2025-12-04,1013,Seller 1013,Gold,West,Electronics,1,8673.6,12294.6,0.1286,1581.09,0,0.0,227.45,55.33,104.5,129.09,1064.71
501805,2025-12-09,1021,Seller 1021,Gold,Central,Pet Supplies,3,922.8000000000001,3924.6,0.1446,567.5,0,0.0,72.61,17.66,33.36,41.21,402.66
501806,2025-12-25,1056,Seller 1056,Bronze,West,Apparel,2,1932.6000000000001,2954.4,0.1365,403.28,0,0.0,54.66,13.29,25.11,31.02,279.19
501807,2025-12-02,1063,Seller 1063,Bronze,West,Apparel,1,3675.0,2808.0,0.1344,377.4,0,0.0,51.95,12.64,23.87,29.48,259.46
501808,2025-11-27,1044,Seller 1044,Silver,East,Pet Supplies,2,1774.8,3850.2,0.128,492.83,0,0.0,71.23,17.33,32.73,40.43,331.12
501809,2025-11-28,1020,Seller 1020,Gold,West,Home & Kitchen,2,2467.8,6996.6,0.1523,1065.58,0,0.0,129.44,31.48,59.47,73.46,771.72
501810,2025-12-19,1001,Seller 1001,Platinum,East,Electronics,3,3018.0,17296.2,0.1392,2407.63,0,0.0,319.98,77.83,147.02,181.61,1681.19
501811,2025-11-29,1046,Seller 1046,Silver,Central,Sports,3,1634.3999999999999,5319.0,0.1294,688.28,0,0.0,98.4,23.94,45.21,55.85,464.88
501812,2025-11-30,1006,Seller 1006,Platinum,East,Sports,2,2065.2000000000003,7891.2,0.1261,995.08,0,0.0,145.99,35.51,67.08,82.86,663.65
501813,2025-12-05,1035,Seller 1035,Silver,East,Electronics,1,8136.0,8824.8,0.139,1226.65,1,7260.6,163.26,39.71,75.01,92.66,710.79
501814,2025-12-24,1021,Seller 1021,Gold,Central,Pet Supplies,2,1453.1999999999998,4120.2,0.1406,579.3,0,0.0,76.22,18.54,35.02,43.26,406.25
501815,2025-12-19,1044,Seller 1044,Silver,East,Pet Supplies,2,1132.2,2455.2,0.1346,330.47,0,0.0,45.42,11.05,20.87,25.78,227.35
501816,2025-12-11,1052,Seller 1052,Silver,Central,Pet Supplies,4,592.1999999999999,2569.8,0.1463,375.96,0,0.0,47.54,11.56,21.84,26.98,268.03
501817,2025-12-01,1020,Seller 1020,Gold,West,Home & Kitchen,2,2491.2000000000003,7062.6,0.15,1059.39,0,0.0,130.66,31.78,60.03,74.16,762.76
501818,2025-12-10,1020,Seller 1020,Gold,West,Home & Kitchen,2,2806.8,7956.6,0.1367,1087.67,0,0.0,147.2,35.8,67.63,83.54,753.49
501819,2025-12-12,1016,Seller 1016,Gold,West,Pet Supplies,3,928.2,3947.4,0.1401,553.03,0,0.0,73.03,17.76,33.55,41.45,387.24
501820,2025-12-09,1005,Seller 1005,Platinum,East,Electronics,1,9105.599999999999,17396.4,0.1202,2091.05,0,0.0,321.83,78.28,147.87,182.66,1360.4
501821,2025-12-07,1024,Seller 1024,Gold,West,Apparel,2,1660.8,4707.6,0.131,616.7,0,0.0,87.09,21.18,40.01,49.43,418.98
501822,2025-12-02,1055,Seller 1055,Bronze,Central,Pet Supplies,4,671.4,2052.6,0.1468,301.32,0,0.0,37.97,9.24,17.45,21.55,215.11
501823,2025-12-16,1033,Seller 1033,Silver,South,Beauty,1,2691.6,2919.6,0.1426,416.33,0,0.0,54.01,13.14,24.82,30.66,293.71
501824,2025-12-22,1064,Seller 1064,Bronze,Central,Home & Kitchen,2,2057.4,3144.6,0.1475,463.83,0,0.0,58.18,14.15,26.73,33.02,331.76
501825,2025-12-07,1079,Seller 1079,Bronze,South,Beauty,3,884.4,2026.8,0.1588,321.86,0,0.0,37.5,9.12,17.23,21.28,236.73
501826,2025-12-21,1065,Seller 1065,Bronze,South,Home & Kitchen,1,5226.0,3993.6,0.1432,571.88,0,0.0,73.88,17.97,33.95,41.93,404.15
501827,2025-12-07,1006,Seller 1006,Platinum,East,Sports,2,1829.3999999999999,6990.0,0.1349,942.95,0,0.0,129.31,31.45,59.42,73.4,649.37
501828,2025-12-26,1003,Seller 1003,Platinum,East,Pet Supplies,1,2803.2,5355.6,0.1374,735.86,0,0.0,99.08,24.1,45.52,56.23,510.92
501829,2025-12-24,1078,Seller 1078,Bronze,East,Home & Kitchen,4,883.2,2698.8,0.1343,362.45,0,0.0,49.93,12.14,22.94,28.34,249.1
501830,2025-12-23,1005,Seller 1005,Platinum,East,Pet Supplies,3,931.8,5341.2,0.1324,707.17,0,0.0,98.81,24.04,45.4,56.08,482.84
501831,2025-12-25,1058,Seller 1058,Bronze,East,Beauty,2,1321.2,2019.0,0.1408,284.28,0,0.0,37.35,9.09,17.16,21.2,199.48
501832,2025-12-16,1070,Seller 1070,Bronze,West,Electronics,1,8680.800000000001,6634.2,0.1381,916.18,0,0.0,122.73,29.85,56.39,69.66,637.55
501833,2025-12-26,1007,Seller 1007,Platinum,South,Home & Kitchen,1,4685.400000000001,8950.8,0.1423,1273.7,0,0.0,165.59,40.28,76.08,93.98,897.77
501834,2025-12-17,1050,Seller 1050,Silver,East,Electronics,2,5119.2,11105.4,0.1238,1374.85,0,0.0,205.45,49.97,94.4,116.61,908.42
501835,2025-12-05,1032,Seller 1032,Silver,West,Electronics,4,3117.0,13522.8,0.1365,1845.86,0,0.0,250.17,60.85,114.94,141.99,1277.9
501836,2025-12-14,1054,Seller 1054,Silver,South,Home & Kitchen,1,5203.8,5644.2,0.1377,777.21,0,0.0,104.42,25.4,47.98,59.26,540.15
501837,2025-11-29,1071,Seller 1071,Bronze,Central,Sports,3,1617.6000000000001,3708.6,0.1249,463.2,0,0.0,68.61,16.69,31.52,38.94,307.44
501838,2025-12-13,1035,Seller 1035,Silver,East,Electronics,2,3721.2000000000003,8072.4,0.131,1057.48,0,0.0,149.34,36.33,68.62,84.76,718.44
501839,2025-12-22,1016,Seller 1016,Gold,West,Sports,1,4138.8,5866.2,0.1306,766.13,0,0.0,108.52,26.4,49.86,61.6,519.75
501840,2025-11-29,1025,Seller 1025,Gold,Central,Pet Supplies,2,1608.0,4558.2,0.1479,674.16,0,0.0,84.33,20.51,38.74,47.86,482.71
501841,2025-12-21,1009,Seller 1009,Platinum,Central,Pet Supplies,2,1813.8,6931.2,0.1425,987.7,0,0.0,128.23,31.19,58.92,72.78,696.59
501842,2025-12-09,1045,Seller 1045,Silver,Central,Home & Kitchen,3,1084.2,3528.6,0.1394,491.89,0,0.0,65.28,15.88,29.99,37.05,343.69
501843,2025-12-20,1028,Seller 1028,Gold,Central,Sports,1,4270.8,6054.0,0.1361,823.95,0,0.0,112.0,27.24,51.46,63.57,569.68
501844,2025-11-28,1030,Seller 1030,Gold,South,Apparel,1,3720.0,5272.8,0.1217,641.7,0,0.0,97.55,23.73,44.82,55.36,420.24
501845,2025-12-20,1058,Seller 1058,Bronze,East,Beauty,2,1303.1999999999998,1991.4,0.1549,308.47,0,0.0,36.84,8.96,16.93,20.91,224.83
501846,2025-12-01,1001,Seller 1001,Platinum,East,Apparel,4,1261.8000000000002,9641.4,0.1283,1236.99,0,0.0,178.37,43.39,81.95,101.23,832.05
501847,2025-12-07,1061,Seller 1061,Bronze,Central,Electronics,4,2148.0,6565.2,0.1272,835.09,1,6078.6,121.46,29.54,55.8,68.93,437.78
501848,2025-12-01,1032,Seller 1032,Silver,West,Pet Supplies,2,1372.8,2978.4,0.1466,436.63,0,0.0,55.1,13.4,25.32,31.27,311.54
501849,2025-12-12,1034,Seller 1034,Silver,Central,Home & Kitchen,2,3212.4,6968.4,0.1526,1063.38,0,0.0,128.92,31.36,59.23,73.17,770.71
501850,2025-12-01,1040,Seller 1040,Silver,West,Pet Supplies,2,1591.8000000000002,3453.0,0.1328,458.56,0,0.0,63.88,15.54,29.35,36.26,313.53
501851,2025-12-25,1068,Seller 1068,Bronze,South,Pet Supplies,3,849.6,1948.2,0.1283,249.95,0,0.0,36.04,8.77,16.56,20.46,168.13
501852,2025-12-14,1016,Seller 1016,Gold,West,Sports,2,2916.6,8268.0,0.1276,1055.0,0,0.0,152.96,37.21,70.28,86.81,707.74
501853,2025-12-14,1070,Seller 1070,Bronze,West,Electronics,3,2086.8,4783.8,0.1329,635.77,0,0.0,88.5,21.53,40.66,50.23,434.85
501854,2025-12-07,1039,Seller 1039,Silver,East,Pet Supplies,1,3448.2,3740.4,0.1335,499.34,0,0.0,69.2,16.83,31.79,39.27,342.25
501855,2025-12-12,1035,Seller 1035,Silver,East,Home & Kitchen,4,1632.0,7080.6,0.1431,1013.23,0,0.0,130.99,31.86,60.19,74.35,715.85
501856,2025-12-07,1047,Seller 1047,Silver,East,Sports,3,1653.6,5380.2,0.1446,777.98,0,0.0,99.53,24.21,45.73,56.49,552.01
501857,2025-12-20,1022,Seller 1022,Gold,East,Sports,3,1241.4,5278.8,0.1245,657.21,0,0.0,97.66,23.75,44.87,55.43,435.5
501858,2025-12-05,1017,Seller 1017,Gold,East,Electronics,4,1806.6,10242.6,0.1312,1343.83,1,8043.6,189.49,46.09,87.06,107.55,752.77
501859,2025-12-23,1074,Seller 1074,Bronze,East,Home & Kitchen,1,4933.2,3769.8,0.1393,525.13,0,0.0,69.74,16.96,32.04,39.58,366.8
501860,2025-12-16,1068,Seller 1068,Bronze,South,Pet Supplies,4,1288.1999999999998,3938.4,0.1359,535.23,0,0.0,72.86,17.72,33.48,41.35,369.82
501861,2025-12-20,1016,Seller 1016,Gold,West,Sports,2,2777.4,7873.2,0.122,960.53,0,0.0,145.65,35.43,66.92,82.67,629.86
501862,2025-12-19,1033,Seller 1033,Silver,South,Beauty,1,2460.6,2668.8,0.1529,408.06,0,0.0,49.37,12.01,22.68,28.02,295.97
501863,2025-12-05,1006,Seller 1006,Platinum,East,Sports,2,2392.8,9142.2,0.1237,1130.89,0,0.0,169.13,41.14,77.71,95.99,746.92
501864,2025-12-03,1015,Seller 1015,Gold,West,Pet Supplies,1,2796.6,3963.6,0.1459,578.29,0,0.0,73.33,17.84,33.69,41.62,411.82
501865,2025-12-18,1058,Seller 1058,Bronze,East,Beauty,2,954.0,1458.6,0.1599,233.23,0,0.0,26.98,6.56,12.4,15.32,171.97
501866,2025-12-24,1067,Seller 1067,Bronze,South,Beauty,2,1369.2,2092.8,0.1542,322.71,0,0.0,38.72,9.42,17.79,21.97,234.81
501867,2025-12-22,1032,Seller 1032,Silver,West,Pet Supplies,3,955.8,3110.4,0.1321,410.88,0,0.0,57.54,14.0,26.44,32.66,280.25
501868,2025-12-10,1008,Seller 1008,Platinum,West,Sports,2,2645.4,10108.2,0.1432,1447.49,0,0.0,187.0,45.49,85.92,106.14,1022.95
501869,2025-12-03,1002,Seller 1002,Platinum,Central,Home & Kitchen,2,2316.0,8848.8,0.1399,1237.95,0,0.0,163.7,39.82,75.21,92.91,866.3
501870,2025-12-17,1036,Seller 1036,Silver,Central,Apparel,2,2268.6000000000004,4921.8,0.1245,612.76,0,0.0,91.05,22.15,41.84,51.68,406.05
501871,2025-12-08,1063,Seller 1063,Bronze,West,Pet Supplies,3,1013.4000000000001,2322.6,0.1414,328.42,0,0.0,42.97,10.45,19.74,24.39,230.87
501872,2025-11-29,1067,Seller 1067,Bronze,South,Beauty,4,904.8,2764.8,0.1514,418.59,0,0.0,51.15,12.44,23.5,29.03,302.47
501873,2025-12-14,1073,Seller 1073,Bronze,Central,Electronics,2,4916.4,7514.4,0.1384,1039.99,0,0.0,139.02,33.81,63.87,78.9,724.39
501874,2025-12-07,1079,Seller 1079,Bronze,South,Beauty,4,480.0,1467.0,0.1541,226.06,1,1440.0,27.14,6.6,12.47,15.4,135.65
501875,2025-12-10,1071,Seller 1071,Bronze,Central,Sports,2,2631.0,4021.2,0.1265,508.68,0,0.0,74.39,18.1,34.18,42.22,339.79
501876,2025-12-15,1033,Seller 1033,Silver,South,Beauty,2,1459.8,3166.2,0.1486,470.5,0,0.0,58.57,14.25,26.91,33.25,337.52
501877,2025-12-12,1046,Seller 1046,Silver,Central,Sports,2,2322.6,5038.2,0.1279,644.39,0,0.0,93.21,22.67,42.82,52.9,432.78
501878,2025-12-25,1031,Seller 1031,Silver,West,Home & Kitchen,1,4938.0,5356.2,0.1425,763.26,0,0.0,99.09,24.1,45.53,56.24,538.3
501879,2025-12-18,1018,Seller 1018,Gold,West,Electronics,3,2549.4,10841.4,0.1289,1397.46,0,0.0,200.57,48.79,92.15,113.83,942.12
501880,2025-12-26,1071,Seller 1071,Bronze,Central,Sports,3,1969.8,4515.6,0.1272,574.38,0,0.0,83.54,20.32,38.38,47.41,384.73
501881,2025-12-26,1076,Seller 1076,Bronze,Central,Home & Kitchen,3,1609.2,3689.4,0.1504,554.89,0,0.0,68.25,16.6,31.36,38.74,399.93
501882,2025-12-04,1031,Seller 1031,Silver,West,Home & Kitchen,3,1805.4,5875.2,0.1434,842.5,0,0.0,108.69,26.44,49.94,61.69,595.75
501883,2025-12-12,1006,Seller 1006,Platinum,East,Sports,2,2497.2,9542.4,0.1402,1337.84,0,0.0,176.53,42.94,81.11,100.2,937.06
501884,2025-12-26,1028,Seller 1028,Gold,Central,Beauty,3,1027.2,4367.4,0.1445,631.09,1,3771.0,80.8,19.65,37.12,45.86,372.24
501885,2025-12-02,1046,Seller 1046,Silver,Central,Sports,2,2199.6,4771.8,0.1243,593.13,1,3215.4,88.28,21.47,40.56,50.1,328.41
501886,2025-11-28,1021,Seller 1021,Gold,Central,Pet Supplies,3,1084.2,4609.2,0.1459,672.48,0,0.0,85.27,20.74,39.18,48.4,478.9
501887,2025-12-25,1058,Seller 1058,Bronze,East,Beauty,2,1399.2,2138.4,0.1609,344.07,0,0.0,39.56,9.62,18.18,22.45,254.26
501888,2025-12-14,1039,Seller 1039,Silver,East,Apparel,2,2011.2000000000003,4363.2,0.1356,591.65,1,3135.6,80.72,19.63,37.09,45.81,345.68
501889,2025-11-30,1023,Seller 1023,Gold,Central,Home & Kitchen,2,2342.4,6640.8,0.1473,978.19,0,0.0,122.85,29.88,56.45,69.73,699.28
501890,2025-12-25,1056,Seller 1056,Bronze,West,Apparel,2,1696.8000000000002,2593.2,0.1265,328.04,0,0.0,47.97,11.67,22.04,27.23,219.13
501891,2025-12-15,1076,Seller 1076,Bronze,Central,Sports,4,1065.6000000000001,3257.4,0.1258,409.78,0,0.0,60.26,14.66,27.69,34.2,272.97
501892,2025-12-26,1028,Seller 1028,Gold,Central,Apparel,3,1796.4,7638.0,0.1247,952.46,0,0.0,141.3,34.37,64.92,80.2,631.66
501893,2025-12-22,1003,Seller 1003,Platinum,East,Pet Supplies,2,1972.1999999999998,7535.4,0.1372,1033.86,0,0.0,139.4,33.91,64.05,79.12,717.37
501894,2025-12-17,1017,Seller 1017,Gold,East,Home & Kitchen,2,1975.8,5600.4,0.1496,837.82,0,0.0,103.61,25.2,47.6,58.8,602.6
501895,2025-12-04,1075,Seller 1075,Bronze,East,Electronics,2,4140.6,6328.2,0.1233,780.27,0,0.0,117.07,28.48,53.79,66.45,514.48
501896,2025-12-14,1007,Seller 1007,Platinum,South,Home & Kitchen,1,4411.2,8427.6,0.1348,1136.04,0,0.0,155.91,37.92,71.63,88.49,782.08
501897,2025-12-03,1012,Seller 1012,Platinum,East,Beauty,2,1419.6,5423.4,0.1433,777.17,0,0.0,100.33,24.41,46.1,56.95,549.39
501898,2025-12-17,1018,Seller 1018,Gold,West,Home & Kitchen,2,2298.6000000000004,6516.0,0.1325,863.37,0,0.0,120.55,29.32,55.39,68.42,589.7
501899,2025-11-28,1070,Seller 1070,Bronze,West,Electronics,2,3577.8,5468.4,0.1354,740.42,0,0.0,101.17,24.61,46.48,57.42,510.75
501900,2025-12-20,1002,Seller 1002,Platinum,Central,Pet Supplies,1,2656.2000000000003,5074.8,0.1434,727.73,0,0.0,93.88,22.84,43.14,53.29,514.58
501901,2025-12-17,1075,Seller 1075,Bronze,East,Electronics,2,3613.2,5521.8,0.1383,763.66,0,0.0,102.15,24.85,46.94,57.98,531.75
501902,2025-12-09,1048,Seller 1048,Silver,East,Electronics,1,7358.4,7981.2,0.1196,954.55,0,0.0,147.65,35.92,67.84,83.8,619.34
501903,2025-12-16,1015,Seller 1015,Gold,West,Sports,1,4077.0,5778.6,0.1283,741.39,0,0.0,106.9,26.0,49.12,60.68,498.69
501904,2025-12-06,1074,Seller 1074,Bronze,East,Electronics,2,5173.2,7906.2,0.1374,1086.31,0,0.0,146.26,35.58,67.2,83.02,754.25
501905,2025-11-27,1065,Seller 1065,Bronze,South,Home & Kitchen,3,1741.2,3992.4,0.13,519.01,1,3272.4,73.86,17.97,33.94,41.92,285.88
501906,2025-12-09,1034,Seller 1034,Silver,Central,Apparel,2,2151.6,4668.0,0.1227,572.76,0,0.0,86.36,21.01,39.68,49.01,376.71
501907,2025-12-18,1049,Seller 1049,Silver,West,Home & Kitchen,2,2683.2,5820.0,0.1355,788.61,0,0.0,107.67,26.19,49.47,61.11,544.17
501908,2025-12-17,1007,Seller 1007,Platinum,South,Home & Kitchen,3,1018.1999999999999,5836.8,0.138,805.48,0,0.0,107.98,26.27,49.61,61.29,560.33
501909,2025-12-22,1061,Seller 1061,Bronze,Central,Electronics,2,5040.6,7703.4,0.1395,1074.62,0,0.0,142.51,34.67,65.48,80.89,751.08
501910,2025-12-22,1003,Seller 1003,Platinum,East,Pet Supplies,4,637.1999999999999,4869.6,0.1386,674.93,0,0.0,90.09,21.91,41.39,51.13,470.4
501911,2025-12-05,1007,Seller 1007,Platinum,South,Apparel,2,2296.8,8775.6,0.1354,1188.22,0,0.0,162.35,39.49,74.59,92.14,819.64
501912,2025-12-09,1034,Seller 1034,Silver,Central,Pet Supplies,3,1585.8,5160.0,0.138,712.08,0,0.0,95.46,23.22,43.86,54.18,495.36
501913,2025-12-16,1025,Seller 1025,Gold,Central,Pet Supplies,3,1117.2,4751.4,0.1297,616.26,0,0.0,87.9,21.38,40.39,49.89,416.7
501914,2025-11-27,1038,Seller 1038,Silver,South,Sports,1,4488.6,4868.4,0.138,671.84,0,0.0,90.07,21.91,41.38,51.12,467.37
501915,2025-12-21,1032,Seller 1032,Silver,West,Pet Supplies,3,1332.0,4334.4,0.1463,634.12,0,0.0,80.19,19.5,36.84,45.51,452.08
501916,2025-12-08,1033,Seller 1033,Silver,South,Beauty,3,600.0,1951.8,0.146,284.96,0,0.0,36.11,8.78,16.59,20.49,202.99
501917,2025-12-02,1048,Seller 1048,Silver,East,Electronics,3,4030.8,13116.6,0.1363,1787.79,0,0.0,242.66,59.02,111.49,137.72,1236.9
501918,2025-12-22,1038,Seller 1038,Silver,South,Sports,3,1078.8,3510.6,0.138,484.46,0,0.0,64.95,15.8,29.84,36.86,337.02
501919,2025-12-20,1036,Seller 1036,Silver,Central,Sports,1,4253.4,4613.4,0.1341,618.66,0,0.0,85.35,20.76,39.21,48.44,424.89
501920,2025-12-01,1014,Seller 1014,Gold,East,Apparel,1,3715.2000000000003,5265.6,0.1183,622.92,0,0.0,97.41,23.7,44.76,55.29,401.77
501921,2025-12-24,1060,Seller 1060,Bronze,East,Pet Supplies,2,1206.6,1844.4,0.1342,247.52,0,0.0,34.12,8.3,15.68,19.37,170.05
501922,2025-12-05,1038,Seller 1038,Silver,South,Sports,3,1395.0,4539.0,0.1404,637.28,0,0.0,83.97,20.43,38.58,47.66,446.64
501923,2025-11-30,1076,Seller 1076,Bronze,Central,Home & Kitchen,2,2078.4,3177.0,0.1343,426.67,0,0.0,58.77,14.3,27.0,33.36,293.24
501924,2025-12-04,1077,Seller 1077,Bronze,South,Home & Kitchen,1,5089.2,3889.2,0.132,513.37,0,0.0,71.95,17.5,33.06,40.84,350.03
501925,2025-11-28,1076,Seller 1076,Bronze,Central,Home & Kitchen,2,2046.6,3127.8,0.1322,413.5,0,0.0,57.86,14.08,26.59,32.84,282.13
501926,2025-12-07,1053,Seller 1053,Silver,Central,Pet Supplies,2,1608.6,3489.6,0.144,502.5,0,0.0,64.56,15.7,29.66,36.64,355.94
501927,2025-11-27,1050,Seller 1050,Silver,East,Electronics,4,1839.0,7978.8,0.1377,1098.68,0,0.0,147.61,35.9,67.82,83.78,763.57
501928,2025-11-30,1002,Seller 1002,Platinum,Central,Home & Kitchen,3,480.0,2751.0,0.1297,356.8,0,0.0,50.89,12.38,23.38,28.89,241.26
501929,2025-12-19,1071,Seller 1071,Bronze,Central,Sports,1,4084.7999999999997,3121.2,0.1279,399.2,0,0.0,57.74,14.05,26.53,32.77,268.11
501930,2025-11-27,1064,Seller 1064,Bronze,Central,Pet Supplies,2,2238.6000000000004,3421.2,0.1289,440.99,0,0.0,63.29,15.4,29.08,35.92,297.3
501931,2025-12-16,1080,Seller 1080,Bronze,South,Beauty,1,2822.4,2157.0,0.1473,317.73,0,0.0,39.9,9.71,18.33,22.65,227.13
501932,2025-12-13,1010,Seller 1010,Platinum,West,Sports,1,4193.4,8011.8,0.1246,998.27,0,0.0,148.22,36.05,68.1,84.12,661.77
501933,2025-12-02,1062,Seller 1062,Bronze,West,Electronics,3,2962.8,6792.6,0.1429,970.66,0,0.0,125.66,30.57,57.74,71.32,685.37
501934,2025-11-29,1028,Seller 1028,Gold,Central,Sports,2,2274.6,6448.8,0.1328,856.4,0,0.0,119.3,29.02,54.81,67.71,585.55
501935,2025-11-28,1033,Seller 1033,Silver,South,Pet Supplies,2,1155.6000000000001,2507.4,0.1291,323.71,0,0.0,46.39,11.28,21.31,26.33,218.39
501936,2025-12-22,1047,Seller 1047,Silver,East,Sports,2,1954.2,4239.0,0.1338,567.18,0,0.0,78.42,19.08,36.03,44.51,389.14
501937,2025-12-03,1006,Seller 1006,Platinum,East,Sports,3,1863.0,10675.8,0.1322,1411.34,0,0.0,197.5,48.04,90.74,112.1,962.96
501938,2025-11-27,1008,Seller 1008,Platinum,West,Electronics,2,5013.0,19154.4,0.1402,2685.45,0,0.0,354.36,86.19,162.81,201.12,1880.96
501939,2025-12-03,1050,Seller 1050,Silver,East,Electronics,1,8868.6,9619.2,0.1369,1316.87,0,0.0,177.96,43.29,81.76,101.0,912.86
501940,2025-12-17,1033,Seller 1033,Silver,South,Beauty,3,952.1999999999999,3097.8,0.1522,471.49,0,0.0,57.31,13.94,26.33,32.53,341.38
501941,2025-12-06,1063,Seller 1063,Bronze,West,Pet Supplies,1,2917.2,2229.6,0.1409,314.15,0,0.0,41.25,10.03,18.95,23.41,220.51
501942,2025-12-07,1006,Seller 1006,Platinum,East,Sports,2,2717.4,10383.6,0.1411,1465.13,0,0.0,192.1,46.73,88.26,109.03,1029.01
501943,2025-12-03,1039,Seller 1039,Silver,East,Pet Supplies,3,621.5999999999999,2022.6,0.1437,290.65,0,0.0,37.42,9.1,17.19,21.24,205.7
501944,2025-11-27,1030,Seller 1030,Gold,South,Pet Supplies,2,1475.4,4182.6,0.1285,537.46,0,0.0,77.38,18.82,35.55,43.92,361.79
501945,2025-12-02,1078,Seller 1078,Bronze,East,Sports,1,4906.2,3749.4,0.139,521.17,0,0.0,69.36,16.87,31.87,39.37,363.69
501946,2025-12-15,1003,Seller 1003,Platinum,East,Pet Supplies,1,3175.8,6067.2,0.1454,882.17,0,0.0,112.24,27.3,51.57,63.71,627.35
501947,2025-12-14,1080,Seller 1080,Bronze,South,Apparel,2,1521.6,2325.6,0.123,286.05,0,0.0,43.02,10.47,19.77,24.42,188.37
501948,2025-12-06,1078,Seller 1078,Bronze,East,Pet Supplies,2,1187.3999999999999,1814.4,0.1495,271.25,0,0.0,33.57,8.16,15.42,19.05,195.05
501949,2025-11-30,1019,Seller 1019,Gold,East,Apparel,2,2145.6,6082.2,0.1368,832.04,0,0.0,112.52,27.37,51.7,63.86,576.59
501950,2025-12-02,1038,Seller 1038,Silver,South,Sports,1,4559.4,4945.2,0.1369,677.0,0,0.0,91.49,22.25,42.03,51.92,469.3
501951,2025-12-10,1025,Seller 1025,Gold,Central,Pet Supplies,3,656.4,2791.2,0.1314,366.76,0,0.0,51.64,12.56,23.73,29.31,249.53
501952,2025-12-01,1052,Seller 1052,Silver,Central,Pet Supplies,2,1539.6,3339.6,0.1409,470.55,0,0.0,61.78,15.03,28.39,35.07,330.29
501953,2025-12-03,1051,Seller 1051,Silver,East,Sports,1,4660.8,5055.6,0.1434,724.97,0,0.0,93.53,22.75,42.97,53.08,512.64
501954,2025-12-26,1040,Seller 1040,Silver,West,Pet Supplies,3,1033.8,3364.8,0.1406,473.09,0,0.0,62.25,15.14,28.6,35.33,331.77
501955,2025-12-06,1047,Seller 1047,Silver,East,Sports,3,1257.0,4089.6,0.1378,563.55,1,3756.0,75.66,18.4,34.76,42.94,316.66
501956,2025-12-07,1001,Seller 1001,Platinum,East,Apparel,2,1819.8,6954.0,0.1174,816.4,0,0.0,128.65,31.29,59.11,73.02,524.33
501957,2025-12-10,1004,Seller 1004,Platinum,East,Sports,2,2112.6,8072.4,0.1362,1099.46,0,0.0,149.34,36.33,68.62,84.76,760.42
501958,2025-12-03,1035,Seller 1035,Silver,East,Electronics,1,8416.2,9128.4,0.1273,1162.05,0,0.0,168.88,41.08,77.59,95.85,778.65
501959,2025-12-22,1002,Seller 1002,Platinum,Central,Home & Kitchen,2,2293.2,8761.8,0.1489,1304.63,0,0.0,162.09,39.43,74.48,92.0,936.64
501960,2025-12-09,1068,Seller 1068,Bronze,South,Pet Supplies,1,3604.2,2754.0,0.1289,354.99,0,0.0,50.95,12.39,23.41,28.92,239.32
501961,2025-12-24,1070,Seller 1070,Bronze,West,Electronics,1,8073.000000000001,6169.2,0.1394,859.99,0,0.0,114.13,27.76,52.44,64.78,600.88
501962,2025-12-09,1004,Seller 1004,Platinum,East,Home & Kitchen,1,4957.799999999999,9472.2,0.1292,1223.81,0,0.0,175.24,42.62,80.51,99.46,825.98
501963,2025-12-18,1050,Seller 1050,Silver,East,Electronics,4,2622.6,11379.0,0.1373,1562.34,0,0.0,210.51,51.21,96.72,119.48,1084.42
501964,2025-11-28,1025,Seller 1025,Gold,Central,Beauty,3,528.0,2245.2,0.1396,313.43,0,0.0,41.54,10.1,19.08,23.57,219.13
501965,2025-12-10,1079,Seller 1079,Bronze,South,Beauty,3,1023.5999999999999,2346.6,0.1408,330.4,0,0.0,43.41,10.56,19.95,24.64,231.84
