TransactionID,Date,ProductLine,Channel,Region,Units,ListRevenue,DiscountPct,NetRevenue,MaterialCost,LaborCost,FreightCost,ManufacturingOverhead,COGS,GrossProfit,GrossMarginPct
100001,2025-01-06,Services,Partner,South,3,1715.54,0.0898,1561.45,244.39,69.16,39.86,21.34,374.75,1186.7,0.76
100002,2025-01-16,Software Licenses,Direct,South,5,1660.0,0.0419,1590.45,165.62,39.46,20.96,28.43,254.47,1335.98,0.84
100003,2025-01-07,Accessories,Direct,West,6,575.07,0.0656,537.34,97.44,30.47,13.12,20.17,161.2,376.14,0.7
100004,2025-01-17,Enterprise Hardware,Partner,South,11,9083.22,0.0546,8587.43,2446.82,606.89,277.52,618.98,3950.22,4637.21,0.54
100005,2025-01-03,Software Licenses,E-commerce,East,3,957.89,0.1061,856.26,89.08,23.86,14.26,9.81,137.0,719.26,0.84
100006,2025-01-22,Enterprise Hardware,Enterprise,South,6,4694.48,0.0455,4480.86,1304.32,324.45,215.77,216.65,2061.2,2419.66,0.54
100007,2025-01-13,Services,Enterprise,West,8,4687.66,0.0331,4532.39,727.59,178.73,76.57,104.9,1087.77,3444.62,0.76
100008,2025-01-11,Enterprise Hardware,E-commerce,South,11,9907.6,0.0486,9426.49,2606.85,724.63,380.47,624.23,4336.18,5090.3,0.54
100009,2025-01-17,Networking,Enterprise,West,10,6881.67,0.041,6599.78,1869.43,427.11,225.05,250.32,2771.91,3827.87,0.58
100010,2025-01-26,Software Licenses,Partner,Central,10,3329.03,0,3329.03,340.12,75.12,45.75,71.66,532.64,2796.38,0.84
100011,2025-01-12,Enterprise Hardware,Enterprise,South,3,2719.31,0.0279,2643.43,817.88,180.72,120.34,97.03,1215.98,1427.45,0.54
100012,2025-01-28,Accessories,Direct,Central,11,1106.69,0.1756,912.41,180.67,46.35,24.76,21.94,273.72,638.68,0.7
100013,2025-01-20,Software Licenses,Direct,East,2,649.46,0.0855,593.95,57.91,17.4,7.41,12.31,95.03,498.92,0.84
100014,2025-01-05,Networking,Enterprise,East,1,698.13,0.0602,656.13,187.29,47.95,19.36,20.97,275.57,380.55,0.58
100015,2025-01-11,Enterprise Hardware,Partner,East,3,2532.45,0.0864,2313.67,656.44,178.61,103.27,125.96,1064.29,1249.38,0.54
100016,2025-01-01,Networking,Direct,South,8,5844.2,0.0162,5749.79,1635.97,429.21,249.76,99.97,2414.91,3334.88,0.58
100017,2025-01-09,Accessories,E-commerce,East,10,924.0,0.0042,920.15,167.79,43.98,27.62,36.65,276.05,644.11,0.7
100018,2025-01-05,Services,Enterprise,South,4,2361.11,0.0639,2210.29,329.25,78.87,48.37,73.98,530.47,1679.82,0.76
100019,2025-01-09,Software Licenses,E-commerce,West,6,1901.42,0.0759,1757.05,170.45,44.1,23.74,42.84,281.13,1475.92,0.84
100020,2025-01-09,Services,E-commerce,East,1,559.62,0.0848,512.19,79.65,20.73,13.31,9.24,122.93,389.27,0.76
100021,2025-01-13,Accessories,Partner,Central,3,280.16,0.0934,253.98,50.72,11.38,8.22,5.87,76.2,177.79,0.7
100022,2025-01-13,Software Licenses,Direct,South,1,327.47,0.0782,301.87,31.58,7.07,3.69,5.96,48.3,253.57,0.84
100023,2025-01-10,Consumer Devices,Enterprise,Central,4,1780.33,0.1121,1580.73,394.44,92.56,51.29,62.39,600.68,980.05,0.62
100024,2025-01-04,Services,Partner,South,11,6363.85,0,6363.85,962.65,248.5,145.92,170.25,1527.32,4836.53,0.76
100025,2025-01-14,Consumer Devices,E-commerce,Central,5,2005.4,0.1014,1802.15,431.91,112.19,52.74,87.97,684.82,1117.33,0.62
100026,2025-01-17,Enterprise Hardware,Direct,South,3,2732.24,0.0806,2512.13,731.64,170.27,123.25,130.42,1155.58,1356.55,0.54
100027,2025-01-17,Enterprise Hardware,Partner,Central,10,8542.07,0.0307,8279.79,2526.08,722.57,341.81,218.25,3808.7,4471.09,0.54
100028,2025-01-14,Services,Partner,East,9,4985.78,0.1152,4411.25,685.72,196.9,102.81,73.28,1058.7,3352.55,0.76
100029,2025-01-07,Accessories,Partner,South,3,301.35,0.0473,287.09,58.08,15.83,8.8,3.42,86.13,200.96,0.7
100030,2025-01-23,Enterprise Hardware,Direct,Central,4,3265.07,0.1546,2760.24,805.92,209.59,107.48,146.72,1269.71,1490.53,0.54
100031,2025-01-27,Enterprise Hardware,Partner,West,7,5775.43,0.0401,5543.95,1698.21,439.92,241.88,170.21,2550.22,2993.73,0.54
100032,2025-01-01,Accessories,Partner,East,1,91.8,0.0643,85.89,15.7,4.62,2.73,2.72,25.77,60.12,0.7
100033,2025-01-08,Software Licenses,Direct,East,9,2708.12,0.1143,2398.66,245.95,60.56,30.77,46.5,383.79,2014.87,0.84
100034,2025-01-10,Services,Direct,West,9,5015.0,0.0475,4776.73,765.22,165.63,100.83,114.73,1146.42,3630.31,0.76
100035,2025-01-26,Software Licenses,Partner,West,10,3017.52,0.1242,2642.62,277.88,61.97,32.59,50.37,422.82,2219.8,0.84
100036,2025-01-03,Accessories,Enterprise,West,5,458.8,0.1785,376.89,73.87,15.84,8.63,14.73,113.07,263.82,0.7
100037,2025-01-06,Consumer Devices,Enterprise,Central,3,1346.33,0.0495,1279.73,298.23,83.29,39.66,65.11,486.3,793.43,0.62
100038,2025-01-06,Networking,Partner,West,11,7577.8,0.0363,7302.58,1870.57,523.35,289.51,383.65,3067.08,4235.5,0.58
100039,2025-01-04,Services,Direct,East,6,3347.37,0.0704,3111.87,464.56,131.3,77.86,73.13,746.85,2365.02,0.76
100040,2025-01-20,Consumer Devices,E-commerce,East,3,1270.0,0.0478,1209.34,290.44,78.81,44.09,46.21,459.55,749.79,0.62
100041,2025-01-15,Networking,Direct,Central,10,7002.34,0.0302,6790.66,1718.35,477.24,201.98,454.51,2852.08,3938.58,0.58
100042,2025-01-27,Consumer Devices,Partner,Central,12,4761.06,0.0582,4483.74,1121.45,321.74,141.11,119.53,1703.82,2779.92,0.62
100043,2025-01-08,Services,E-commerce,East,11,6563.55,0.0817,6027.21,880.91,242.43,149.4,173.79,1446.53,4580.68,0.76
100044,2025-01-19,Enterprise Hardware,Partner,West,4,3250.83,0.0987,2930.0,851.63,219.58,98.48,178.12,1347.8,1582.2,0.54
100045,2025-01-08,Software Licenses,Direct,East,6,1866.2,0.1051,1670.06,167.83,46.18,20.81,32.39,267.21,1402.85,0.84
100046,2025-01-18,Networking,Direct,East,6,4080.95,0.0754,3773.34,1050.16,278.52,162.72,93.4,1584.8,2188.54,0.58
100047,2025-01-11,Software Licenses,Enterprise,Central,9,2741.92,0.0734,2540.71,272.72,61.44,30.31,42.05,406.51,2134.2,0.84
100048,2025-01-28,Enterprise Hardware,E-commerce,South,1,877.45,0.1178,774.04,222.41,54.46,35.19,44.0,356.06,417.98,0.54
100049,2025-01-25,Software Licenses,Enterprise,South,8,2439.37,0.0857,2230.42,216.41,57.11,36.55,46.8,356.87,1873.55,0.84
100050,2025-01-18,Consumer Devices,Partner,West,12,4935.94,0.0237,4819.18,1106.31,322.35,141.03,261.6,1831.29,2987.89,0.62
100051,2025-01-21,Software Licenses,Partner,East,6,1895.34,0.1032,1699.8,171.25,40.87,21.05,38.79,271.97,1427.84,0.84
100052,2025-01-08,Software Licenses,E-commerce,West,9,2989.12,0.1014,2685.99,265.55,74.88,31.51,57.81,429.76,2256.23,0.84
100053,2025-01-21,Networking,Enterprise,West,5,3656.83,0.0472,3484.4,897.11,267.56,150.47,148.31,1463.45,2020.95,0.58
100054,2025-01-01,Software Licenses,Direct,South,10,2944.21,0.0589,2770.79,281.13,82.4,46.8,33.0,443.33,2327.46,0.84
100055,2025-01-20,Services,Direct,South,3,1770.44,0.1027,1588.55,252.36,61.77,31.56,35.57,381.25,1207.3,0.76
100056,2025-01-23,Accessories,E-commerce,South,12,1095.33,0.0878,999.11,183.17,56.93,25.22,34.41,299.73,699.38,0.7
100057,2025-01-05,Software Licenses,Partner,East,12,3517.96,0.0861,3215.09,319.26,97.48,52.07,45.61,514.41,2700.67,0.84
100058,2025-01-03,Software Licenses,Direct,South,2,573.3,0.001,572.72,60.73,15.51,9.14,6.25,91.64,481.09,0.84
100059,2025-01-02,Networking,Direct,Central,2,1430.43,0.0937,1296.44,346.49,88.73,59.67,49.61,544.5,751.93,0.58
100060,2025-01-22,Services,E-commerce,East,11,5802.73,0.1107,5160.64,828.8,206.08,131.17,72.5,1238.55,3922.09,0.76
100061,2025-01-16,Accessories,Enterprise,East,9,850.26,0.0833,779.4,148.05,41.32,19.81,24.64,233.82,545.58,0.7
100062,2025-01-10,Networking,Enterprise,Central,8,5194.25,0.0271,5053.56,1385.91,317.87,184.73,233.99,2122.49,2931.06,0.58
100063,2025-01-03,Services,Partner,East,3,1642.96,0.0692,1529.25,246.56,57.98,25.86,36.62,367.02,1162.23,0.76
100064,2025-01-12,Accessories,E-commerce,East,3,300.4,0.0667,280.35,52.99,15.63,6.82,8.66,84.11,196.25,0.7
100065,2025-01-04,Accessories,Partner,South,2,185.9,0.0921,168.78,31.91,8.13,4.28,6.31,50.63,118.15,0.7
100066,2025-01-05,Consumer Devices,E-commerce,South,1,439.74,0.1171,388.23,95.53,27.05,16.18,8.77,147.53,240.7,0.62
100067,2025-01-05,Services,Direct,South,7,3934.35,0.1007,3538.35,560.63,159.56,75.99,53.02,849.2,2689.15,0.76
100068,2025-01-22,Consumer Devices,E-commerce,East,6,2669.86,0.0703,2482.16,586.34,162.59,75.09,119.2,943.22,1538.94,0.62
100069,2025-01-27,Software Licenses,E-commerce,South,1,319.85,0.1168,282.5,30.41,6.64,4.24,3.91,45.2,237.3,0.84
100070,2025-01-08,Networking,Direct,Central,5,3315.82,0.0627,3108.01,810.24,232.34,95.57,167.21,1305.36,1802.65,0.58
100071,2025-01-16,Consumer Devices,Direct,Central,5,1964.71,0.1682,1634.27,378.64,115.02,67.49,59.88,621.02,1013.25,0.62
100072,2025-01-26,Networking,E-commerce,East,12,7933.57,0.136,6854.24,1917.79,456.28,273.95,230.77,2878.78,3975.46,0.58
100073,2025-01-01,Accessories,E-commerce,East,6,551.89,0.0273,536.8,105.82,23.1,11.69,20.43,161.04,375.76,0.7
100074,2025-01-15,Software Licenses,Enterprise,East,5,1662.71,0.0477,1583.46,164.92,46.18,18.75,23.49,253.35,1330.1,0.84
100075,2025-01-15,Enterprise Hardware,Direct,Central,7,6291.02,0.0817,5777.23,1598.15,430.43,235.48,393.47,2657.53,3119.7,0.54
100076,2025-01-22,Accessories,E-commerce,Central,5,506.26,0.1401,435.31,80.03,24.6,10.64,15.33,130.59,304.72,0.7
100077,2025-01-13,Enterprise Hardware,E-commerce,Central,1,848.06,0.1716,702.56,214.34,58.33,24.83,25.67,323.18,379.38,0.54
100078,2025-01-10,Enterprise Hardware,Direct,East,8,6422.11,0.0868,5864.68,1742.99,444.33,296.52,213.91,2697.75,3166.93,0.54
100079,2025-01-10,Networking,Partner,East,7,5160.74,0.0543,4880.67,1387.38,359.06,204.35,99.1,2049.88,2830.79,0.58
100080,2025-01-09,Accessories,E-commerce,East,6,554.46,0,554.46,103.91,23.61,12.64,26.18,166.34,388.12,0.7
100081,2025-01-19,Enterprise Hardware,Direct,Central,12,11006.3,0.1364,9504.93,2755.66,703.87,342.96,569.78,4372.27,5132.66,0.54
100082,2025-01-17,Consumer Devices,Partner,West,6,2534.54,0.0287,2461.75,601.42,169.91,67.61,96.51,935.47,1526.29,0.62
100083,2025-01-03,Networking,Direct,South,9,5873.2,0.0129,5797.27,1578.87,437.64,216.37,201.98,2434.85,3362.42,0.58
100084,2025-01-11,Consumer Devices,Enterprise,West,11,4923.68,0.0429,4712.49,1131.26,317.15,174.07,168.26,1790.75,2921.75,0.62
100085,2025-01-14,Services,Enterprise,West,8,4401.13,0.0034,4386.38,708.1,176.41,85.35,82.87,1052.73,3333.65,0.76
100086,2025-01-21,Software Licenses,Enterprise,East,2,592.16,0.0467,564.5,58.13,12.67,7.42,12.1,90.32,474.18,0.84
100087,2025-01-21,Accessories,Enterprise,Central,9,913.01,0.0688,850.23,170.08,37.86,22.1,25.03,255.07,595.16,0.7
100088,2025-01-23,Consumer Devices,Partner,East,3,1218.89,0.0663,1138.07,277.31,75.29,38.29,41.58,432.47,705.6,0.62
100089,2025-01-18,Enterprise Hardware,Partner,West,7,5946.19,0.0793,5474.58,1650.17,425.23,176.89,266.01,2518.31,2956.27,0.54
100090,2025-01-01,Consumer Devices,Partner,South,12,4867.79,0.0821,4468.28,1019.47,250.58,156.34,271.56,1697.95,2770.33,0.62
100091,2025-01-26,Services,Partner,South,10,5551.53,0.0114,5487.99,809.54,237.08,127.52,142.98,1317.12,4170.87,0.76
100092,2025-01-07,Consumer Devices,Enterprise,Central,11,4448.84,0.0702,4136.59,1034.37,298.25,143.64,95.64,1571.9,2564.68,0.62
100093,2025-01-03,Services,E-commerce,Central,6,3101.38,0.0518,2940.83,439.27,124.29,55.86,86.38,705.8,2235.03,0.76
100094,2025-01-10,Software Licenses,Partner,South,6,1974.75,0.1091,1759.25,184.25,51.39,23.47,22.36,281.48,1477.77,0.84
100095,2025-01-21,Accessories,Partner,East,10,907.91,0.1156,802.94,162.41,43.78,17.47,17.22,240.88,562.06,0.7
100096,2025-01-13,Services,Direct,West,10,5857.05,0,5857.05,906.26,233.15,134.2,132.08,1405.69,4451.36,0.76
100097,2025-01-19,Software Licenses,E-commerce,West,1,310.5,0.0878,283.23,27.21,7.75,4.29,6.07,45.32,237.91,0.84
100098,2025-01-10,Accessories,Partner,West,5,455.0,0.0872,415.32,78.21,22.47,11.37,12.54,124.59,290.72,0.7
100099,2025-01-04,Networking,Partner,Central,4,2566.85,0.0702,2386.64,680.22,171.16,94.34,56.67,1002.39,1384.25,0.58
100100,2025-01-23,Networking,E-commerce,Central,9,6290.13,0.1121,5584.7,1568.91,368.33,253.43,154.91,2345.57,3239.12,0.58
100101,2025-01-23,Accessories,E-commerce,West,12,1108.27,0.05,1052.91,199.85,45.99,30.04,39.99,315.87,737.04,0.7
100102,2025-01-02,Consumer Devices,E-commerce,West,1,404.2,0.1124,358.78,91.81,24.7,12.97,6.86,136.34,222.45,0.62
100103,2025-01-21,Enterprise Hardware,E-commerce,Central,4,3580.65,0,3580.65,1037.61,236.98,165.74,206.77,1647.1,1933.55,0.54
100104,2025-01-06,Accessories,Direct,South,10,889.49,0.0807,817.71,155.83,45.06,24.85,19.58,245.31,572.4,0.7
100105,2025-01-07,Consumer Devices,Direct,West,9,3999.16,0.0561,3774.72,899.03,207.21,152.21,175.93,1434.39,2340.33,0.62
100106,2025-01-23,Services,Enterprise,East,12,7038.99,0.0364,6783.07,1012.52,282.23,127.76,205.42,1627.94,5155.14,0.76
100107,2025-01-12,Networking,E-commerce,South,2,1272.93,0.0823,1168.2,321.52,89.05,38.87,41.21,490.64,677.56,0.58
100108,2025-01-10,Software Licenses,E-commerce,South,9,2945.97,0.1051,2636.49,262.65,77.15,30.28,51.76,421.84,2214.65,0.84
100109,2025-01-23,Enterprise Hardware,E-commerce,West,5,4243.12,0.0642,3970.66,1232.17,258.0,195.68,140.65,1826.5,2144.15,0.54
100110,2025-01-24,Enterprise Hardware,Direct,Central,4,3144.33,0.0731,2914.45,841.68,217.68,144.92,136.36,1340.65,1573.8,0.54
100111,2025-01-26,Software Licenses,Partner,West,8,2297.52,0.0749,2125.44,206.47,48.47,29.92,55.21,340.07,1785.37,0.84
100112,2025-01-06,Software Licenses,E-commerce,Central,8,2345.63,0.0673,2187.71,219.01,54.8,33.0,43.22,350.03,1837.67,0.84
100113,2025-01-15,Software Licenses,Partner,South,1,294.57,0.0809,270.73,29.42,6.11,3.15,4.63,43.32,227.41,0.84
100114,2025-01-09,Consumer Devices,Direct,Central,1,421.26,0.0596,396.14,91.63,28.31,11.74,18.85,150.53,245.6,0.62
100115,2025-01-14,Enterprise Hardware,E-commerce,Central,2,1723.89,0.0156,1696.96,486.57,147.77,73.29,72.97,780.6,916.36,0.54
100116,2025-01-21,Accessories,Enterprise,East,5,504.39,0.045,481.7,95.54,23.38,12.57,13.02,144.51,337.19,0.7
100117,2025-01-01,Accessories,Partner,Central,8,740.39,0.0299,718.26,132.77,35.67,23.32,23.73,215.48,502.78,0.7
100118,2025-01-04,Software Licenses,Partner,Central,7,2089.21,0.098,1884.48,203.26,43.07,25.26,29.93,301.52,1582.96,0.84
100119,2025-01-15,Services,Partner,Central,7,4167.56,0.0151,4104.69,643.82,148.77,72.22,120.32,985.13,3119.56,0.76
100120,2025-01-25,Enterprise Hardware,Enterprise,South,7,6040.86,0.0888,5504.44,1525.21,471.62,207.51,327.71,2532.04,2972.4,0.54
100121,2025-01-01,Consumer Devices,Partner,Central,8,3624.47,0.0289,3519.88,863.36,251.38,111.36,111.46,1337.55,2182.32,0.62
100122,2025-01-05,Accessories,E-commerce,East,6,611.51,0.0547,578.08,109.75,24.41,18.79,20.47,173.42,404.65,0.7
100123,2025-01-07,Consumer Devices,Direct,South,11,4555.7,0.0435,4357.6,1049.85,308.92,165.17,131.95,1655.89,2701.71,0.62
100124,2025-01-12,Accessories,Partner,West,8,741.0,0.0948,670.78,122.85,32.72,20.03,25.64,201.23,469.54,0.7
100125,2025-01-19,Services,Enterprise,South,4,2236.94,0.1509,1899.32,307.93,66.44,48.63,32.84,455.84,1443.48,0.76
100126,2025-01-07,Accessories,Direct,West,7,685.1,0.0545,647.77,122.32,29.74,16.69,25.59,194.33,453.44,0.7
100127,2025-01-20,Consumer Devices,Direct,South,6,2604.52,0.0741,2411.58,577.62,158.16,87.83,92.78,916.4,1495.18,0.62
100128,2025-01-07,Networking,Direct,Central,4,2599.75,0.0657,2428.88,613.54,181.15,89.1,136.33,1020.13,1408.75,0.58
100129,2025-01-06,Accessories,E-commerce,Central,7,663.16,0.0849,606.84,111.7,28.72,16.02,25.61,182.05,424.79,0.7
100130,2025-01-16,Services,E-commerce,South,2,1154.91,0.0064,1147.51,182.67,44.59,24.66,23.47,275.4,872.11,0.76
100131,2025-01-10,Consumer Devices,Enterprise,South,9,3728.42,0,3728.42,903.45,225.86,127.41,160.08,1416.8,2311.62,0.62
100132,2025-01-04,Consumer Devices,E-commerce,South,6,2636.62,0.1268,2302.27,549.26,132.02,91.91,101.67,874.86,1427.41,0.62
100133,2025-01-01,Accessories,E-commerce,East,3,295.27,0.074,273.43,55.22,13.32,6.79,6.7,82.03,191.4,0.7
100134,2025-01-11,Consumer Devices,Enterprise,West,6,2624.08,0.0767,2422.81,610.24,133.12,87.16,90.15,920.67,1502.14,0.62
100135,2025-01-21,Software Licenses,Partner,West,9,2801.48,0.0877,2555.8,252.77,67.89,33.69,54.58,408.93,2146.87,0.84
100136,2025-02-16,Services,Direct,Central,2,1097.38,0.1188,967.05,141.38,36.89,16.85,36.98,232.09,734.96,0.76
100137,2025-02-14,Consumer Devices,Direct,South,9,3564.63,0.0123,3520.77,860.13,229.56,138.03,110.16,1337.89,2182.88,0.62
100138,2025-02-04,Accessories,Direct,South,11,981.37,0.201,784.15,158.41,42.17,19.46,15.2,235.24,548.9,0.7
100139,2025-02-21,Software Licenses,Partner,South,5,1652.03,0.0586,1555.22,149.95,45.94,22.34,30.6,248.83,1306.38,0.84
100140,2025-02-22,Accessories,Enterprise,South,8,774.87,0.0942,701.91,135.69,31.24,22.16,21.49,210.57,491.33,0.7
100141,2025-02-04,Enterprise Hardware,E-commerce,Central,4,3578.16,0.0328,3460.92,1032.91,295.02,114.67,149.42,1592.02,1868.9,0.54
100142,2025-02-16,Accessories,Partner,South,2,204.24,0.0236,199.42,40.42,10.46,6.42,2.52,59.83,139.59,0.7
100143,2025-02-03,Accessories,Enterprise,East,2,202.21,0.0777,186.5,35.96,7.86,4.16,7.97,55.95,130.55,0.7
100144,2025-02-11,Services,Direct,East,2,1194.6,0.0394,1147.55,171.56,40.48,22.18,41.19,275.41,872.14,0.76
100145,2025-02-20,Enterprise Hardware,Direct,Central,9,7503.7,0.0996,6756.48,2058.04,491.29,339.07,219.59,3107.98,3648.5,0.54
100146,2025-02-03,Services,Direct,West,6,3399.63,0.0543,3215.2,476.4,118.03,79.4,97.81,771.65,2443.55,0.76
100147,2025-02-11,Enterprise Hardware,Direct,South,12,9719.54,0.1199,8554.13,2382.61,560.53,387.62,604.15,3934.9,4619.23,0.54
100148,2025-02-15,Enterprise Hardware,Direct,East,12,10413.74,0.1962,8370.39,2468.26,661.7,369.24,351.18,3850.38,4520.01,0.54
100149,2025-02-04,Networking,E-commerce,Central,11,7632.52,0.04,7327.23,1846.76,549.76,301.59,379.33,3077.44,4249.8,0.58
100150,2025-02-24,Consumer Devices,Enterprise,Central,3,1252.29,0.0708,1163.61,271.88,63.82,47.71,58.76,442.17,721.44,0.62
100151,2025-02-20,Services,Partner,South,12,6216.61,0.0994,5598.76,912.61,213.2,106.16,111.73,1343.7,4255.06,0.76
100152,2025-02-15,Networking,Enterprise,South,6,4282.49,0.1716,3547.7,929.18,233.28,132.69,194.89,1490.03,2057.66,0.58
100153,2025-02-01,Consumer Devices,Partner,West,7,2715.57,0,2715.57,697.06,152.0,113.43,69.43,1031.92,1683.65,0.62
100154,2025-02-16,Consumer Devices,E-commerce,East,10,3997.19,0.0352,3856.33,935.99,245.88,114.93,168.61,1465.4,2390.92,0.62
100155,2025-02-05,Enterprise Hardware,E-commerce,East,6,5067.01,0.0839,4641.75,1378.97,385.2,194.22,176.81,2135.21,2506.55,0.54
100156,2025-02-01,Services,E-commerce,West,3,1619.98,0.0984,1460.64,221.18,51.62,32.66,45.1,350.55,1110.09,0.76
100157,2025-02-15,Consumer Devices,E-commerce,Central,6,2342.47,0.0404,2247.87,555.65,155.0,87.65,55.89,854.19,1393.68,0.62
100158,2025-02-27,Enterprise Hardware,E-commerce,West,6,5214.95,0.1279,4548.0,1308.22,322.43,156.72,304.71,2092.08,2455.92,0.54
100159,2025-02-19,Accessories,E-commerce,South,5,470.1,0.0902,427.69,82.5,19.25,13.26,13.29,128.31,299.38,0.7
100160,2025-02-13,Networking,Enterprise,East,6,4321.25,0.1191,3806.77,971.78,226.57,125.69,274.8,1598.84,2207.93,0.58
100161,2025-02-08,Consumer Devices,Partner,Central,11,4514.6,0.076,4171.58,1076.17,293.58,173.11,42.34,1585.2,2586.38,0.62
100162,2025-02-21,Enterprise Hardware,Direct,South,5,4163.27,0.0579,3922.42,1167.55,285.57,166.95,184.24,1804.31,2118.11,0.54
100163,2025-02-10,Consumer Devices,E-commerce,South,12,5106.42,0.0766,4715.34,1130.42,336.94,191.52,132.95,1791.83,2923.51,0.62
100164,2025-02-12,Networking,Partner,Central,5,3461.28,0.0827,3174.97,881.95,215.68,130.56,105.29,1333.49,1841.48,0.58
100165,2025-02-19,Networking,E-commerce,West,7,4789.25,0.0431,4583.0,1214.0,301.11,163.96,245.78,1924.86,2658.14,0.58
100166,2025-02-26,Accessories,Enterprise,Central,11,991.76,0.1111,881.53,162.71,43.74,22.58,35.43,264.46,617.07,0.7
100167,2025-02-17,Accessories,E-commerce,West,5,474.95,0.1587,399.57,73.03,21.59,11.41,13.83,119.87,279.7,0.7
100168,2025-02-03,Software Licenses,Enterprise,Central,2,583.95,0.0148,575.32,61.66,16.99,10.04,3.37,92.05,483.27,0.84
100169,2025-02-08,Services,Enterprise,West,4,2267.51,0.0701,2108.47,327.65,89.19,53.25,35.94,506.03,1602.44,0.76
100170,2025-02-11,Enterprise Hardware,Direct,South,11,9787.72,0.1472,8347.13,2422.16,704.75,279.95,432.82,3839.68,4507.45,0.54
100171,2025-02-01,Consumer Devices,Partner,West,9,3971.12,0.1254,3473.24,833.76,200.35,102.19,183.54,1319.83,2153.41,0.62
100172,2025-02-03,Consumer Devices,Direct,Central,12,5096.69,0.0714,4732.69,1147.77,271.15,194.32,185.19,1798.42,2934.27,0.62
100173,2025-02-16,Accessories,Direct,West,4,410.32,0.0829,376.31,68.18,17.68,11.73,15.31,112.89,263.42,0.7
100174,2025-02-22,Software Licenses,Direct,West,8,2388.41,0.056,2254.59,223.18,57.22,38.48,41.86,360.73,1893.86,0.84
100175,2025-02-03,Consumer Devices,Partner,South,3,1310.27,0.0234,1279.6,297.71,92.25,47.37,48.92,486.25,793.35,0.62
100176,2025-02-15,Enterprise Hardware,Direct,South,2,1625.52,0,1625.52,463.93,135.9,79.22,68.69,747.74,877.78,0.54
100177,2025-02-18,Accessories,Direct,South,3,289.97,0.1494,246.66,48.14,12.62,6.71,6.53,74.0,172.66,0.7
100178,2025-02-27,Enterprise Hardware,Partner,South,12,10535.37,0.0571,9934.09,3043.73,758.64,366.13,401.18,4569.68,5364.41,0.54
100179,2025-02-06,Software Licenses,Direct,East,4,1150.67,0.0756,1063.66,107.15,25.16,14.6,23.28,170.19,893.48,0.84
100180,2025-02-19,Services,Partner,East,10,5679.84,0.1513,4820.52,732.39,181.38,107.44,135.71,1156.93,3663.6,0.76
100181,2025-02-25,Services,E-commerce,West,6,3318.09,0.1082,2959.06,461.5,115.94,51.28,81.45,710.17,2248.88,0.76
100182,2025-02-09,Networking,Partner,South,1,667.48,0.0931,605.32,160.75,38.37,18.35,36.76,254.24,351.09,0.58
100183,2025-02-22,Software Licenses,Enterprise,West,7,2029.77,0.0872,1852.8,178.2,51.19,22.05,45.01,296.45,1556.35,0.84
100184,2025-02-18,Services,Partner,Central,3,1642.05,0.0276,1596.79,256.22,59.3,28.64,39.07,383.23,1213.56,0.76
100185,2025-02-07,Software Licenses,Partner,South,9,2777.76,0.098,2505.64,267.22,68.99,33.75,30.94,400.9,2104.74,0.84
100186,2025-02-28,Accessories,Enterprise,West,4,396.72,0.122,348.3,65.34,15.84,7.45,15.86,104.49,243.81,0.7
100187,2025-02-03,Software Licenses,Direct,East,11,3669.28,0.1719,3038.58,297.0,80.17,40.7,68.3,486.17,2552.41,0.84
100188,2025-02-28,Services,Partner,East,8,4731.47,0.1264,4133.62,622.53,165.16,88.81,115.58,992.07,3141.55,0.76
100189,2025-02-03,Services,Partner,Central,2,1178.64,0.1402,1013.45,148.94,37.65,19.83,36.82,243.23,770.23,0.76
100190,2025-02-28,Consumer Devices,Partner,East,8,3616.09,0.0372,3481.74,859.04,243.13,143.31,77.58,1323.06,2158.68,0.62
100191,2025-02-21,Accessories,Direct,South,12,1124.54,0.0971,1015.36,195.19,54.63,22.36,32.44,304.61,710.75,0.7
100192,2025-02-17,Accessories,E-commerce,Central,2,195.21,0.044,186.61,36.63,10.55,5.39,3.41,55.98,130.63,0.7
100193,2025-02-23,Enterprise Hardware,Enterprise,Central,1,870.91,0.0831,798.52,248.24,57.94,26.11,35.03,367.32,431.2,0.54
100194,2025-02-26,Networking,Partner,Central,6,3855.59,0.0852,3527.03,942.7,227.34,139.95,171.36,1481.35,2045.68,0.58
100195,2025-02-26,Enterprise Hardware,Partner,West,8,6497.12,0.1354,5617.32,1721.3,427.59,182.74,252.33,2583.97,3033.35,0.54
100196,2025-02-13,Consumer Devices,Partner,South,10,4106.35,0.1529,3478.42,814.56,214.47,105.72,187.05,1321.8,2156.62,0.62
100197,2025-02-10,Services,Direct,East,12,6879.7,0.0609,6460.5,977.09,222.01,159.56,191.85,1550.52,4909.98,0.76
100198,2025-02-01,Software Licenses,Enterprise,West,9,2761.69,0.0928,2505.39,261.85,65.26,29.02,44.73,400.86,2104.53,0.84
100199,2025-02-13,Consumer Devices,Partner,West,4,1736.51,0.0992,1564.22,366.48,92.34,61.94,73.65,594.4,969.82,0.62
100200,2025-02-24,Enterprise Hardware,Partner,South,10,8289.29,0.0187,8134.63,2516.29,554.34,306.09,365.21,3741.93,4392.7,0.54
100201,2025-02-22,Software Licenses,Enterprise,South,3,917.21,0.0431,877.69,94.64,26.49,12.31,6.99,140.43,737.26,0.84
100202,2025-02-01,Software Licenses,Enterprise,West,6,1955.79,0.0426,1872.41,185.32,48.16,25.17,40.93,299.59,1572.82,0.84
100203,2025-02-10,Accessories,Enterprise,West,9,868.8,0.127,758.44,148.7,32.45,22.83,23.55,227.53,530.91,0.7
100204,2025-02-10,Consumer Devices,Partner,West,8,3253.07,0.1195,2864.37,710.02,171.72,105.59,101.13,1088.46,1775.91,0.62
100205,2025-02-23,Consumer Devices,Partner,Central,6,2451.04,0.096,2215.8,572.56,128.47,84.71,56.27,842.0,1373.79,0.62
100206,2025-02-05,Networking,E-commerce,Central,8,5186.76,0.0879,4730.86,1248.94,355.26,203.8,178.96,1986.96,2743.9,0.58
100207,2025-02-09,Services,Direct,South,7,4110.73,0.0641,3847.4,573.68,137.26,76.98,135.46,923.38,2924.02,0.76
100208,2025-02-05,Software Licenses,Direct,South,9,2747.1,0.1109,2442.41,253.8,60.08,42.01,34.9,390.79,2051.62,0.84
100209,2025-02-22,Accessories,Partner,South,2,192.02,0.0576,180.96,34.26,9.35,5.56,5.13,54.29,126.67,0.7
100210,2025-02-16,Accessories,Enterprise,Central,8,713.06,0.0815,654.98,124.25,29.65,19.08,23.52,196.49,458.49,0.7
100211,2025-02-24,Software Licenses,Partner,East,11,3582.74,0.0486,3408.68,358.95,102.59,41.56,42.29,545.39,2863.29,0.84
100212,2025-02-15,Software Licenses,Partner,East,11,3391.25,0.0194,3325.58,330.78,96.47,46.81,58.03,532.09,2793.49,0.84
100213,2025-02-23,Software Licenses,Partner,West,7,2214.51,0.1778,1820.85,188.52,44.84,26.24,31.73,291.34,1529.52,0.84
100214,2025-02-11,Networking,Partner,East,4,2977.76,0.0925,2702.2,716.71,191.99,84.05,142.17,1134.92,1567.27,0.58
100215,2025-02-11,Consumer Devices,E-commerce,South,4,1627.37,0.0266,1584.13,372.95,89.15,49.39,90.49,601.97,982.16,0.62
100216,2025-02-18,Enterprise Hardware,Enterprise,South,5,4405.4,0,4405.4,1374.83,307.16,163.14,181.35,2026.49,2378.92,0.54
100217,2025-02-25,Accessories,Direct,East,6,565.92,0.0817,519.67,96.84,27.28,12.79,19.0,155.9,363.77,0.7
100218,2025-02-28,Accessories,E-commerce,Central,10,943.68,0.0769,871.1,169.62,44.8,26.49,20.41,261.33,609.77,0.7
100219,2025-02-06,Networking,Direct,East,7,4891.82,0.1029,4388.67,1186.63,328.26,137.84,190.51,1843.24,2545.43,0.58
100220,2025-02-05,Enterprise Hardware,Direct,East,1,823.29,0.1375,710.05,209.57,59.52,33.73,23.81,326.62,383.43,0.54
100221,2025-02-07,Services,Direct,West,1,544.41,0.1297,473.81,74.52,21.47,8.8,8.92,113.71,360.1,0.76
100222,2025-02-27,Enterprise Hardware,Direct,South,11,9816.65,0.1213,8625.66,2687.66,718.75,431.67,129.73,3967.8,4657.86,0.54
100223,2025-02-20,Services,E-commerce,South,9,4666.13,0.0758,4312.52,683.57,145.61,94.75,111.07,1035.0,3277.52,0.76
100224,2025-02-13,Enterprise Hardware,Partner,South,1,914.68,0.1036,819.92,231.07,71.14,35.52,39.43,377.16,442.75,0.54
100225,2025-02-25,Enterprise Hardware,E-commerce,Central,9,7778.63,0.0134,7674.48,2293.65,517.59,250.76,468.25,3530.26,4144.22,0.54
100226,2025-02-14,Software Licenses,E-commerce,Central,6,1855.92,0.0188,1820.96,197.23,53.57,29.64,10.92,291.35,1529.61,0.84
100227,2025-02-11,Consumer Devices,Direct,South,9,3514.33,0.0095,3480.99,864.61,211.35,106.73,140.09,1322.78,2158.21,0.62
100228,2025-02-28,Enterprise Hardware,Partner,South,9,7949.99,0.0791,7321.1,2058.69,579.94,299.33,429.75,3367.71,3953.39,0.54
100229,2025-02-25,Consumer Devices,Direct,Central,3,1242.61,0.0574,1171.34,301.72,65.15,41.56,36.68,445.11,726.23,0.62
100230,2025-02-26,Networking,Partner,South,10,7291.54,0.0794,6712.54,1841.75,507.69,272.36,197.47,2819.27,3893.27,0.58
100231,2025-02-22,Software Licenses,Partner,West,5,1602.34,0.0592,1507.54,162.23,41.53,17.51,19.93,241.21,1266.34,0.84
100232,2025-02-23,Networking,Enterprise,West,3,2156.78,0.0885,1965.96,509.15,118.96,69.22,128.37,825.7,1140.26,0.58
100233,2025-02-28,Networking,Enterprise,West,6,4282.41,0.0222,4187.41,1137.5,295.27,158.45,167.49,1758.71,2428.7,0.58
100234,2025-02-23,Networking,Direct,South,1,679.46,0.0684,633.01,165.33,46.47,19.52,34.55,265.86,367.15,0.58
100235,2025-02-08,Enterprise Hardware,Direct,West,2,1631.12,0.0725,1512.83,444.64,108.14,71.08,72.03,695.9,816.93,0.54
100236,2025-02-03,Networking,Partner,East,12,8581.03,0.0704,7976.69,2040.56,603.02,280.57,426.06,3350.21,4626.48,0.58
100237,2025-02-15,Services,Enterprise,East,10,5441.76,0.1307,4730.29,692.1,188.76,95.61,158.81,1135.27,3595.02,0.76
100238,2025-02-28,Software Licenses,Enterprise,West,4,1320.84,0.1354,1141.99,115.4,28.44,17.92,20.96,182.72,959.27,0.84
100239,2025-02-07,Software Licenses,Partner,East,2,626.53,0.1309,544.5,55.21,14.33,9.3,8.28,87.12,457.38,0.84
100240,2025-02-15,Networking,Enterprise,South,6,4162.78,0,4162.78,1174.71,256.11,169.54,148.01,1748.37,2414.42,0.58
100241,2025-02-01,Services,Direct,East,7,4208.6,0.0919,3821.9,594.11,157.51,95.35,70.29,917.26,2904.64,0.76
100242,2025-02-13,Software Licenses,Enterprise,East,6,1894.84,0.178,1557.64,161.54,44.66,23.69,19.34,249.22,1308.42,0.84
100243,2025-02-03,Accessories,Enterprise,East,7,677.46,0,677.46,131.34,38.29,21.21,12.41,203.24,474.22,0.7
100244,2025-02-12,Consumer Devices,E-commerce,Central,3,1239.61,0.0884,1130.03,261.27,66.1,44.6,57.44,429.41,700.62,0.62
100245,2025-02-01,Consumer Devices,Partner,East,3,1291.9,0.0094,1279.7,303.39,69.05,41.29,72.55,486.29,793.41,0.62
100246,2025-02-19,Accessories,Partner,East,11,1116.51,0.0098,1105.56,225.27,53.96,26.85,25.59,331.67,773.89,0.7
100247,2025-02-24,Networking,Partner,South,9,6280.42,0.0114,6208.54,1623.31,415.93,193.5,374.84,2607.59,3600.95,0.58
100248,2025-02-27,Accessories,Partner,South,5,440.54,0.0959,398.29,76.61,18.97,11.68,12.22,119.49,278.8,0.7
100249,2025-02-02,Consumer Devices,Enterprise,East,1,404.96,0.1002,364.37,86.19,23.29,15.02,13.96,138.46,225.91,0.62
100250,2025-02-20,Services,E-commerce,South,1,582.22,0.0741,539.05,83.42,24.21,11.07,10.67,129.37,409.68,0.76
100251,2025-02-08,Networking,E-commerce,East,3,2088.12,0.082,1916.93,528.46,126.68,59.31,90.65,805.11,1111.82,0.58
100252,2025-02-03,Consumer Devices,Partner,West,4,1769.02,0.139,1523.08,352.54,92.71,44.39,89.13,578.77,944.31,0.62
100253,2025-02-25,Services,Direct,Central,7,4198.9,0.0787,3868.32,605.83,134.19,85.97,102.4,928.4,2939.93,0.76
100254,2025-02-14,Accessories,Enterprise,West,2,189.59,0.0381,182.37,35.33,8.01,4.78,6.59,54.71,127.66,0.7
100255,2025-02-18,Accessories,Enterprise,East,6,535.28,0.0593,503.54,102.59,21.77,13.97,12.73,151.06,352.48,0.7
100256,2025-02-23,Consumer Devices,Partner,South,12,5230.97,0.0939,4740.02,1158.03,282.59,166.8,193.78,1801.21,2938.81,0.62
100257,2025-02-04,Software Licenses,E-commerce,South,2,669.29,0.0512,635.0,62.45,19.25,8.71,11.19,101.6,533.4,0.84
100258,2025-02-20,Networking,Direct,South,11,8086.76,0.0601,7601.0,2125.91,550.7,319.27,196.54,3192.42,4408.58,0.58
100259,2025-02-03,Software Licenses,Enterprise,South,7,2020.94,0.1526,1712.53,167.13,46.01,25.73,35.15,274.0,1438.52,0.84
100260,2025-02-15,Enterprise Hardware,Enterprise,Central,5,4105.09,0.1677,3416.51,975.5,290.25,162.42,143.42,1571.59,1844.92,0.54
100261,2025-02-02,Software Licenses,Enterprise,South,6,1888.49,0.1311,1640.84,172.19,45.16,18.84,26.34,262.53,1378.3,0.84
100262,2025-02-17,Accessories,Enterprise,East,5,479.12,0.0725,444.37,82.22,22.52,11.42,17.15,133.31,311.06,0.7
100263,2025-02-17,Consumer Devices,Direct,Central,12,4825.57,0.1283,4206.22,1003.99,265.38,158.1,170.9,1598.36,2607.85,0.62
100264,2025-02-17,Accessories,Direct,South,9,893.39,0.0437,854.35,167.46,39.2,25.35,24.29,256.3,598.04,0.7
100265,2025-02-15,Accessories,Enterprise,East,10,994.7,0.0904,904.82,179.77,50.95,22.32,18.41,271.45,633.38,0.7
100266,2025-02-22,Enterprise Hardware,Enterprise,West,12,9691.72,0.0977,8744.87,2481.34,591.36,341.61,608.32,4022.64,4722.23,0.54
100267,2025-02-02,Accessories,E-commerce,Central,3,270.58,0.117,238.93,44.24,12.15,7.62,7.67,71.68,167.25,0.7
100268,2025-02-22,Enterprise Hardware,Partner,East,6,4889.62,0.1099,4352.42,1246.64,294.66,164.75,296.07,2002.11,2350.31,0.54
100269,2025-02-08,Services,Enterprise,West,7,4137.39,0.0955,3742.39,566.26,163.74,82.28,85.89,898.17,2844.22,0.76
100270,2025-02-13,Accessories,Partner,West,2,179.04,0.1322,155.37,29.31,8.78,5.1,3.43,46.61,108.76,0.7
100271,2025-03-16,Enterprise Hardware,Partner,Central,2,1807.5,0.0561,1706.0,495.29,133.93,58.38,97.16,784.76,921.24,0.54
100272,2025-03-13,Accessories,Enterprise,South,4,402.53,0.1001,362.24,66.73,20.47,10.09,11.39,108.67,253.57,0.7
100273,2025-03-10,Networking,Enterprise,Central,1,708.79,0.1267,618.98,156.53,39.94,24.92,38.58,259.97,359.01,0.58
100274,2025-03-15,Software Licenses,E-commerce,East,9,2967.03,0,2967.03,312.86,81.67,34.46,45.74,474.73,2492.31,0.84
100275,2025-03-13,Enterprise Hardware,Partner,Central,1,843.25,0.0269,820.6,253.43,59.77,27.05,37.22,377.48,443.13,0.54
100276,2025-03-01,Accessories,Enterprise,Central,1,87.53,0.1338,75.81,15.11,3.83,1.63,2.18,22.74,53.07,0.7
100277,2025-03-22,Consumer Devices,Partner,East,7,3137.11,0.1224,2753.28,635.8,172.15,100.33,137.97,1046.24,1707.03,0.62
100278,2025-03-07,Accessories,Direct,Central,5,492.89,0.0597,463.48,87.39,21.4,11.41,18.84,139.04,324.44,0.7
100279,2025-03-23,Accessories,Partner,West,2,199.59,0.0175,196.1,37.4,8.77,4.71,7.96,58.83,137.27,0.7
100280,2025-03-17,Software Licenses,Direct,West,2,657.69,0.1154,581.76,59.97,17.55,8.1,7.46,93.08,488.68,0.84
100281,2025-03-17,Accessories,Direct,Central,1,94.08,0.082,86.36,17.38,3.81,2.36,2.36,25.91,60.45,0.7
100282,2025-03-26,Accessories,E-commerce,South,5,502.76,0.0698,467.65,93.73,20.24,14.22,12.11,140.3,327.36,0.7
100283,2025-03-28,Enterprise Hardware,Direct,Central,6,5235.99,0.0593,4925.7,1539.12,401.77,230.74,94.19,2265.82,2659.88,0.54
100284,2025-03-07,Consumer Devices,Direct,West,3,1332.68,0.1605,1118.83,262.99,71.12,38.43,52.61,425.16,693.68,0.62
100285,2025-03-08,Consumer Devices,Direct,Central,1,419.26,0.0723,388.96,92.88,21.8,15.24,17.89,147.81,241.16,0.62
100286,2025-03-21,Networking,Direct,Central,6,3916.72,0,3916.72,1081.03,256.65,144.76,162.58,1645.02,2271.7,0.58
100287,2025-03-04,Services,E-commerce,South,6,3219.05,0.1561,2716.54,421.94,122.51,50.13,57.39,651.97,2064.57,0.76
100288,2025-03-19,Services,Partner,Central,1,588.64,0.1206,517.65,80.16,17.55,10.98,15.54,124.23,393.41,0.76
100289,2025-03-03,Networking,Direct,West,6,4030.46,0.1103,3585.85,949.18,253.52,142.45,160.91,1506.06,2079.79,0.58
100290,2025-03-27,Software Licenses,Enterprise,East,1,299.62,0.1028,268.81,27.05,6.83,4.54,4.59,43.01,225.8,0.84
100291,2025-03-10,Consumer Devices,Partner,Central,11,4512.99,0.0637,4225.3,1037.92,296.38,123.31,148.0,1605.62,2619.69,0.62
100292,2025-03-14,Accessories,Partner,West,11,992.61,0.0794,913.84,174.12,45.69,28.61,25.73,274.15,639.69,0.7
100293,2025-03-01,Software Licenses,E-commerce,West,4,1142.11,0.0907,1038.47,104.0,28.91,15.75,17.49,166.16,872.31,0.84
100294,2025-03-20,Accessories,Enterprise,West,6,555.63,0.0931,503.93,97.27,22.67,15.13,16.1,151.18,352.75,0.7
100295,2025-03-25,Networking,Direct,West,6,4306.64,0.0355,4153.88,1077.68,270.77,155.46,240.72,1744.63,2409.25,0.58
100296,2025-03-10,Software Licenses,Enterprise,Central,11,3352.95,0.0722,3110.76,312.72,80.4,40.98,63.62,497.72,2613.03,0.84
100297,2025-03-18,Enterprise Hardware,Enterprise,South,12,9756.69,0.0773,9002.94,2566.28,701.6,367.94,505.53,4141.35,4861.59,0.54
100298,2025-03-06,Accessories,Direct,West,6,595.53,0.0026,593.99,113.37,25.82,16.79,22.21,178.2,415.79,0.7
100299,2025-03-16,Services,E-commerce,Central,12,6221.95,0.1562,5249.89,767.17,179.5,129.18,184.12,1259.97,3989.91,0.76
100300,2025-03-21,Software Licenses,Partner,East,12,3897.85,0.0436,3728.08,402.43,94.61,61.32,38.13,596.49,3131.59,0.84
100301,2025-03-20,Enterprise Hardware,Direct,East,7,6097.45,0.0398,5854.81,1646.07,382.04,224.9,440.21,2693.21,3161.6,0.54
100302,2025-03-07,Networking,Enterprise,East,7,4600.6,0.1473,3922.72,1074.85,275.09,180.93,116.67,1647.54,2275.18,0.58
100303,2025-03-22,Consumer Devices,Enterprise,West,7,3010.19,0.0124,2972.79,702.56,190.36,122.79,113.96,1129.66,1843.13,0.62
100304,2025-03-02,Accessories,E-commerce,East,8,749.16,0.0976,676.06,124.26,31.69,15.66,31.21,202.82,473.25,0.7
100305,2025-03-05,Consumer Devices,Enterprise,Central,11,4743.45,0.0681,4420.42,1112.44,295.48,149.79,122.05,1679.76,2740.66,0.62
100306,2025-03-07,Networking,Partner,East,11,7010.91,0.046,6688.62,1693.51,501.17,218.95,395.59,2809.22,3879.4,0.58
100307,2025-03-08,Networking,Enterprise,West,10,7401.0,0.1004,6657.69,1857.01,426.08,235.68,277.45,2796.23,3861.46,0.58
100308,2025-03-02,Networking,Enterprise,East,8,5586.53,0.1439,4782.43,1302.13,354.09,196.74,155.65,2008.62,2773.81,0.58
100309,2025-03-25,Accessories,E-commerce,West,4,384.67,0.0814,353.35,71.0,15.98,11.6,7.43,106.0,247.34,0.7
100310,2025-03-23,Software Licenses,Direct,West,6,1852.94,0.14,1593.46,168.78,39.53,25.53,21.11,254.95,1338.51,0.84
100311,2025-03-11,Services,Enterprise,West,8,4122.78,0.0359,3974.96,630.88,177.1,101.87,44.14,953.99,3020.97,0.76
100312,2025-03-08,Software Licenses,Partner,West,7,2249.54,0.1102,2001.61,202.08,46.4,23.21,48.57,320.26,1681.35,0.84
100313,2025-03-11,Services,E-commerce,East,9,5315.86,0.0328,5141.68,810.14,179.96,133.2,110.7,1234.0,3907.67,0.76
100314,2025-03-03,Consumer Devices,Partner,West,6,2558.99,0.0214,2504.35,625.76,155.03,96.5,74.35,951.65,1552.7,0.62
100315,2025-03-28,Accessories,Partner,Central,5,508.68,0.1595,427.55,81.28,20.43,13.43,13.13,128.27,299.29,0.7
100316,2025-03-01,Networking,Direct,West,7,4882.26,0.1265,4264.48,1108.75,273.09,194.31,214.93,1791.08,2473.4,0.58
100317,2025-03-28,Software Licenses,Partner,South,4,1266.47,0.0196,1241.69,131.75,29.31,21.06,16.55,198.67,1043.02,0.84
100318,2025-03-24,Enterprise Hardware,E-commerce,South,7,6219.6,0.1106,5531.84,1552.86,437.33,214.4,340.07,2544.65,2987.2,0.54
100319,2025-03-20,Software Licenses,Direct,East,3,982.55,0.0299,953.12,99.71,21.55,12.38,18.85,152.5,800.62,0.84
100320,2025-03-06,Networking,E-commerce,South,2,1413.37,0.0782,1302.85,359.79,87.13,38.41,61.87,547.2,755.65,0.58
100321,2025-03-21,Networking,E-commerce,South,5,3276.13,0.0607,3077.19,778.45,218.86,133.17,161.94,1292.42,1784.77,0.58
100322,2025-03-11,Accessories,E-commerce,Central,4,407.41,0,407.41,73.41,20.23,11.45,17.13,122.22,285.19,0.7
100323,2025-03-27,Services,E-commerce,East,8,4606.51,0.064,4311.72,699.16,164.02,104.73,66.9,1034.81,3276.91,0.76
100324,2025-03-23,Software Licenses,E-commerce,West,12,3747.87,0.0691,3489.0,337.64,90.46,50.69,79.45,558.24,2930.76,0.84
100325,2025-03-25,Services,Direct,South,3,1640.6,0.1249,1435.7,229.72,58.51,25.32,31.01,344.57,1091.13,0.76
100326,2025-03-02,Consumer Devices,Direct,West,8,3561.02,0.1155,3149.75,742.47,206.64,87.0,160.79,1196.9,1952.84,0.62
100327,2025-03-13,Services,Direct,West,8,4255.24,0,4255.24,632.31,183.33,85.84,119.77,1021.26,3233.98,0.76
100328,2025-03-08,Consumer Devices,E-commerce,South,2,773.47,0.0636,724.31,169.74,50.88,25.86,28.76,275.24,449.07,0.62
100329,2025-03-09,Networking,Partner,West,8,5147.84,0.0593,4842.5,1376.07,314.16,165.29,178.32,2033.85,2808.65,0.58
100330,2025-03-04,Enterprise Hardware,Enterprise,East,5,4409.92,0.1212,3875.6,1166.95,313.8,167.91,134.11,1782.78,2092.82,0.54
100331,2025-03-13,Consumer Devices,E-commerce,East,3,1212.67,0.1294,1055.8,248.12,64.37,42.44,46.27,401.2,654.6,0.62
100332,2025-03-12,Consumer Devices,Partner,West,7,3151.84,0.107,2814.6,712.24,172.52,108.47,76.32,1069.55,1745.05,0.62
100333,2025-03-09,Consumer Devices,Enterprise,South,11,4466.06,0.0879,4073.49,961.14,222.63,144.19,219.96,1547.92,2525.56,0.62
100334,2025-03-01,Services,Partner,East,9,5180.31,0.0645,4846.28,780.31,193.51,127.7,61.58,1163.11,3683.17,0.76
100335,2025-03-10,Networking,E-commerce,West,7,4727.47,0.0793,4352.59,1232.7,256.55,195.15,143.69,1828.09,2524.5,0.58
100336,2025-03-13,Services,Partner,East,7,3808.95,0.0247,3714.87,585.41,155.42,89.28,61.46,891.57,2823.3,0.76
100337,2025-03-25,Enterprise Hardware,E-commerce,Central,1,812.71,0.0231,793.95,226.6,57.74,36.16,44.72,365.22,428.73,0.54
100338,2025-03-27,Enterprise Hardware,E-commerce,South,9,7038.14,0.1219,6180.01,1918.71,446.1,312.07,165.92,2842.81,3337.21,0.54
100339,2025-03-08,Consumer Devices,E-commerce,Central,8,3370.52,0.1075,3008.2,736.79,205.53,118.33,82.47,1143.12,1865.09,0.62
100340,2025-03-07,Services,E-commerce,East,3,1668.21,0.094,1511.38,243.94,67.19,32.44,19.16,362.73,1148.65,0.76
100341,2025-03-16,Accessories,E-commerce,Central,7,670.58,0.0449,640.46,130.64,33.96,16.47,11.06,192.14,448.32,0.7
100342,2025-03-06,Enterprise Hardware,E-commerce,South,10,8405.04,0.0638,7869.08,2344.53,513.46,294.37,467.42,3619.78,4249.3,0.54
100343,2025-03-04,Services,Enterprise,Central,9,5280.27,0.1046,4728.19,682.28,210.33,96.71,145.46,1134.77,3593.43,0.76
100344,2025-03-26,Consumer Devices,Enterprise,Central,6,2356.93,0.128,2055.33,486.83,146.49,68.34,79.36,781.02,1274.3,0.62
100345,2025-03-22,Software Licenses,Partner,Central,1,304.17,0,304.17,29.8,7.52,4.73,6.63,48.67,255.5,0.84
100346,2025-03-20,Accessories,Enterprise,East,4,405.22,0.048,385.75,75.67,16.7,11.5,11.85,115.73,270.03,0.7
100347,2025-03-12,Networking,Enterprise,East,10,7297.33,0.0658,6817.4,1841.65,504.51,307.54,209.6,2863.31,3954.09,0.58
100348,2025-03-11,Software Licenses,E-commerce,East,9,2823.72,0.049,2685.49,289.42,60.39,43.96,35.9,429.68,2255.81,0.84
100349,2025-03-10,Consumer Devices,Partner,West,8,3524.71,0.1021,3164.9,798.5,191.24,88.45,124.47,1202.66,1962.24,0.62
100350,2025-03-25,Accessories,Enterprise,West,11,1078.23,0.1142,955.14,192.89,42.8,29.77,21.09,286.54,668.6,0.7
100351,2025-03-22,Services,Direct,South,9,4683.92,0.0879,4272.07,677.05,171.1,91.18,85.96,1025.3,3246.77,0.76
100352,2025-03-03,Services,E-commerce,West,6,3232.74,0.06,3038.85,474.63,115.41,67.36,71.93,729.32,2309.53,0.76
100353,2025-03-17,Software Licenses,Direct,West,3,861.32,0.0817,790.99,76.46,17.82,9.11,23.17,126.56,664.43,0.84
100354,2025-03-28,Software Licenses,Enterprise,South,9,2726.76,0.0689,2538.77,275.11,64.76,38.31,28.02,406.2,2132.57,0.84
100355,2025-03-23,Software Licenses,Direct,Central,5,1613.51,0.0996,1452.78,155.44,40.36,22.11,14.54,232.44,1220.33,0.84
100356,2025-03-16,Networking,Partner,South,3,1931.01,0.0615,1812.27,504.3,111.44,65.6,79.82,761.15,1051.12,0.58
100357,2025-03-01,Consumer Devices,E-commerce,South,10,4198.74,0.0868,3834.38,981.51,268.72,107.26,99.57,1457.06,2377.32,0.62
100358,2025-03-18,Software Licenses,Direct,Central,2,597.46,0.0698,555.76,57.99,13.48,9.22,8.23,88.92,466.84,0.84
100359,2025-03-23,Services,Partner,South,11,5877.83,0.1022,5277.06,818.74,229.63,108.61,109.51,1266.49,4010.56,0.76
100360,2025-03-08,Services,Enterprise,Central,4,2099.63,0.0322,2032.07,321.71,78.37,49.98,37.64,487.7,1544.37,0.76
100361,2025-03-27,Networking,Direct,Central,2,1290.64,0.0223,1261.91,352.39,91.08,55.44,31.09,530.0,731.91,0.58
100362,2025-03-15,Services,Partner,South,11,6008.44,0.117,5305.64,784.37,204.84,137.79,146.35,1273.35,4032.29,0.76
100363,2025-03-08,Services,Partner,South,12,6659.32,0.0939,6033.99,928.31,257.65,101.47,160.72,1448.16,4585.83,0.76
100364,2025-03-20,Software Licenses,Direct,Central,2,601.86,0.0455,574.49,62.08,13.81,6.58,9.46,91.92,482.57,0.84
100365,2025-03-26,Software Licenses,Enterprise,East,2,601.17,0,601.17,59.49,14.22,10.32,12.15,96.19,504.98,0.84
100366,2025-03-13,Networking,Direct,South,4,2917.89,0.1152,2581.78,668.28,158.84,115.79,141.44,1084.35,1497.43,0.58
100367,2025-03-03,Software Licenses,Partner,South,9,2927.57,0.1141,2593.55,249.03,60.74,36.28,68.92,414.97,2178.58,0.84
100368,2025-03-14,Networking,E-commerce,East,1,672.81,0,672.81,175.48,48.87,20.24,37.99,282.58,390.23,0.58
100369,2025-03-19,Accessories,E-commerce,South,10,913.3,0.1229,801.09,155.48,40.45,24.91,19.48,240.33,560.76,0.7
100370,2025-03-25,Consumer Devices,Enterprise,East,10,3959.21,0.0237,3865.2,985.44,226.62,126.45,130.26,1468.78,2396.43,0.62
100371,2025-03-01,Accessories,E-commerce,Central,12,1227.09,0.0677,1144.06,223.68,59.86,31.31,28.37,343.22,800.84,0.7
100372,2025-03-27,Networking,Enterprise,West,4,2936.24,0.0388,2822.18,711.81,210.19,85.56,177.75,1185.32,1636.87,0.58
100373,2025-03-10,Accessories,Direct,South,7,688.37,0.0845,630.23,124.16,27.55,17.25,20.11,189.07,441.16,0.7
100374,2025-03-09,Software Licenses,Partner,East,9,2750.53,0.0674,2565.23,261.94,77.86,39.14,31.5,410.44,2154.79,0.84
100375,2025-03-05,Services,Direct,South,12,7038.5,0.0765,6500.05,986.56,278.46,146.05,148.94,1560.01,4940.04,0.76
100376,2025-03-07,Software Licenses,Partner,West,5,1652.71,0.0883,1506.84,150.07,37.46,25.65,27.91,241.09,1265.74,0.84
100377,2025-03-09,Software Licenses,E-commerce,South,5,1649.95,0.1161,1458.32,145.18,36.25,22.25,29.65,233.33,1224.99,0.84
100378,2025-03-04,Enterprise Hardware,Direct,Central,7,6128.28,0.0514,5813.57,1685.98,432.88,205.54,349.84,2674.24,3139.33,0.54
100379,2025-03-10,Networking,E-commerce,East,6,4138.79,0.0705,3847.13,1002.67,302.15,171.47,139.51,1615.79,2231.34,0.58
100380,2025-03-12,Enterprise Hardware,Partner,Central,10,9025.08,0.0527,8549.77,2596.61,715.55,378.77,241.96,3932.89,4616.87,0.54
100381,2025-03-27,Enterprise Hardware,Direct,Central,3,2646.24,0.0594,2489.05,733.72,178.15,81.06,152.03,1144.96,1344.09,0.54
100382,2025-03-16,Software Licenses,Partner,West,3,926.34,0.0412,888.21,88.47,26.43,13.3,13.92,142.11,746.1,0.84
100383,2025-03-20,Services,Partner,Central,1,559.91,0.1551,473.05,73.04,16.95,9.55,13.99,113.53,359.52,0.76
100384,2025-03-19,Accessories,Partner,East,6,563.52,0.0377,542.26,105.84,23.45,14.21,19.17,162.68,379.58,0.7
100385,2025-03-06,Services,E-commerce,Central,5,2924.95,0.112,2597.33,374.18,89.97,65.62,93.59,623.36,1973.97,0.76
100386,2025-03-14,Accessories,Enterprise,South,6,551.82,0.1395,474.86,92.34,20.64,15.21,14.28,142.46,332.4,0.7
100387,2025-03-25,Networking,Direct,East,9,6212.12,0.1742,5129.74,1384.08,376.75,200.96,192.7,2154.49,2975.25,0.58
100388,2025-03-12,Services,Direct,Central,7,4034.99,0.0278,3922.77,570.66,156.1,80.24,134.47,941.47,2981.31,0.76
100389,2025-03-11,Networking,Partner,South,3,2169.64,0,2169.64,619.13,149.63,90.01,52.48,911.25,1258.39,0.58
100390,2025-03-14,Software Licenses,E-commerce,East,9,2984.55,0.0589,2808.91,284.5,70.22,39.29,55.41,449.43,2359.48,0.84
100391,2025-03-18,Accessories,Enterprise,West,10,968.99,0.1198,852.9,160.83,43.45,25.24,26.35,255.87,597.03,0.7
100392,2025-03-23,Consumer Devices,Enterprise,South,12,5241.36,0.1343,4537.67,1107.54,282.45,145.97,188.35,1724.31,2813.35,0.62
100393,2025-03-18,Consumer Devices,Enterprise,East,10,4189.67,0.066,3913.27,929.31,246.34,138.46,172.93,1487.04,2426.23,0.62
100394,2025-03-08,Services,Enterprise,East,5,2809.37,0.0632,2631.7,394.76,93.31,66.17,77.36,631.61,2000.09,0.76
100395,2025-03-28,Services,Enterprise,Central,8,4729.93,0.0896,4306.19,700.83,166.43,95.86,70.37,1033.49,3272.71,0.76
100396,2025-03-15,Consumer Devices,Direct,East,7,2737.34,0,2737.34,643.08,169.04,85.18,142.89,1040.19,1697.15,0.62
100397,2025-03-12,Networking,Direct,West,10,7339.65,0.0579,6914.65,1959.08,548.37,296.3,100.39,2904.15,4010.5,0.58
100398,2025-03-14,Enterprise Hardware,Direct,South,6,4720.02,0.1233,4138.13,1280.17,324.51,205.94,92.92,1903.54,2234.59,0.54
100399,2025-03-04,Accessories,Partner,East,12,1159.42,0.1152,1025.91,207.36,46.5,28.44,25.47,307.77,718.14,0.7
100400,2025-03-10,Software Licenses,Direct,East,3,879.07,0.062,824.61,80.02,19.68,9.5,22.73,131.94,692.67,0.84
100401,2025-03-12,Accessories,Partner,West,2,181.81,0.0014,181.55,34.77,8.71,4.92,6.06,54.47,127.09,0.7
100402,2025-03-17,Consumer Devices,Direct,West,11,4608.72,0.0598,4333.13,1055.43,246.05,145.76,199.34,1646.59,2686.54,0.62
100403,2025-03-13,Enterprise Hardware,Enterprise,East,7,6253.03,0.0642,5851.59,1712.17,459.32,290.02,230.23,2691.73,3159.86,0.54
100404,2025-03-08,Enterprise Hardware,E-commerce,East,5,4297.26,0.1033,3853.53,1134.45,310.43,175.95,151.8,1772.63,2080.91,0.54
100405,2025-03-21,Software Licenses,Enterprise,South,7,2084.14,0.0757,1926.27,193.48,54.6,29.72,30.41,308.2,1618.07,0.84
100406,2025-04-01,Accessories,Enterprise,Central,1,89.04,0.1049,79.7,15.77,3.75,1.91,2.49,23.91,55.79,0.7
100407,2025-04-04,Software Licenses,Direct,Central,12,3722.13,0.07,3461.66,347.64,85.92,54.15,66.16,553.87,2907.8,0.84
100408,2025-04-09,Enterprise Hardware,Enterprise,East,4,3137.43,0.0653,2932.48,894.35,220.18,119.95,114.45,1348.94,1583.54,0.54
100409,2025-04-18,Networking,Enterprise,West,3,1907.27,0.0995,1717.42,434.99,103.11,71.0,112.21,721.32,996.1,0.58
100410,2025-04-24,Software Licenses,Enterprise,West,10,3246.09,0.0101,3213.29,346.34,72.6,55.04,40.15,514.13,2699.16,0.84
100411,2025-04-27,Accessories,Direct,Central,11,1040.07,0.1146,920.88,172.96,44.02,25.08,34.21,276.27,644.62,0.7
100412,2025-04-10,Services,Enterprise,Central,6,3372.31,0.1092,3004.19,437.02,103.82,58.24,121.93,721.0,2283.18,0.76
100413,2025-04-23,Consumer Devices,E-commerce,West,2,824.47,0.1212,724.54,179.35,43.05,26.66,26.27,275.33,449.22,0.62
100414,2025-04-08,Software Licenses,Enterprise,East,4,1269.42,0.0762,1172.67,124.5,26.44,18.29,18.4,187.63,985.05,0.84
100415,2025-04-14,Accessories,Partner,East,1,98.37,0,98.37,19.37,4.64,2.16,3.34,29.51,68.86,0.7
100416,2025-04-12,Accessories,Partner,South,1,100.29,0.1474,85.51,17.03,4.84,2.73,1.05,25.65,59.86,0.7
100417,2025-04-07,Services,Enterprise,Central,5,2737.25,0.056,2583.91,405.72,102.98,47.87,63.58,620.14,1963.77,0.76
100418,2025-04-07,Networking,Enterprise,East,7,4861.45,0,4861.45,1383.94,301.43,148.55,207.89,2041.81,2819.64,0.58
100419,2025-04-04,Accessories,E-commerce,Central,9,893.49,0.128,779.11,158.52,42.44,25.0,7.77,233.73,545.38,0.7
100420,2025-04-02,Accessories,E-commerce,Central,4,374.69,0.0914,340.42,67.08,17.7,10.93,6.42,102.13,238.29,0.7
100421,2025-04-13,Consumer Devices,E-commerce,South,9,4033.75,0.0628,3780.46,940.86,270.01,121.07,104.64,1436.58,2343.89,0.62
100422,2025-04-28,Consumer Devices,Direct,East,6,2536.88,0.1158,2243.11,569.65,160.39,84.25,38.09,852.38,1390.73,0.62
100423,2025-04-16,Software Licenses,Enterprise,East,6,1745.89,0.1114,1551.36,152.94,35.06,25.82,34.4,248.22,1303.14,0.84
100424,2025-04-13,Consumer Devices,Enterprise,South,11,4771.81,0.0276,4640.24,1102.81,289.31,155.72,215.45,1763.29,2876.95,0.62
100425,2025-04-02,Services,Enterprise,West,4,2417.04,0.0608,2270.2,368.45,85.23,55.81,35.36,544.85,1725.35,0.76
100426,2025-04-15,Consumer Devices,Enterprise,Central,2,838.93,0.0122,828.67,206.7,56.37,24.65,27.18,314.89,513.77,0.62
100427,2025-04-09,Accessories,E-commerce,East,9,791.1,0.0852,723.7,137.81,34.56,15.55,29.18,217.11,506.59,0.7
100428,2025-04-15,Services,Direct,Central,9,4855.42,0.1232,4257.45,688.19,153.62,89.77,90.21,1021.79,3235.66,0.76
100429,2025-04-04,Services,Partner,West,4,2401.67,0.0801,2209.29,355.76,97.23,55.01,22.22,530.23,1679.06,0.76
100430,2025-04-02,Enterprise Hardware,Direct,West,11,9667.89,0.1484,8233.15,2385.96,714.37,379.55,307.37,3787.25,4445.9,0.54
100431,2025-04-14,Networking,Partner,Central,1,689.64,0.1313,599.12,162.85,39.64,26.34,22.8,251.63,347.49,0.58
100432,2025-04-16,Enterprise Hardware,Enterprise,South,9,7914.6,0.073,7337.01,2029.85,616.97,362.08,366.13,3375.02,3961.98,0.54
100433,2025-04-25,Services,Partner,Central,4,2240.83,0.0837,2053.29,317.12,89.78,35.77,50.12,492.79,1560.5,0.76
100434,2025-04-08,Services,Direct,East,8,4258.02,0.0354,4107.21,609.63,144.24,90.8,141.06,985.73,3121.48,0.76
100435,2025-04-20,Enterprise Hardware,Direct,South,9,8256.53,0.0762,7627.29,2157.46,589.24,381.14,380.71,3508.55,4118.74,0.54
100436,2025-04-19,Consumer Devices,Enterprise,Central,4,1566.86,0,1566.86,387.08,86.27,48.57,73.49,595.41,971.45,0.62
100437,2025-04-05,Enterprise Hardware,Direct,South,2,1813.84,0.0977,1636.63,503.62,134.31,73.61,41.31,752.85,883.78,0.54
100438,2025-04-14,Consumer Devices,Enterprise,West,8,3512.88,0,3512.88,857.12,235.45,99.98,142.34,1334.89,2177.98,0.62
100439,2025-04-25,Enterprise Hardware,Partner,Central,12,10148.06,0.0228,9917.15,3028.32,653.28,355.78,524.52,4561.89,5355.26,0.54
100440,2025-04-17,Services,E-commerce,West,8,4743.67,0.0506,4503.76,693.1,152.25,88.24,147.31,1080.9,3422.86,0.76
100441,2025-04-28,Services,Direct,East,3,1654.98,0.0723,1535.35,221.38,62.69,38.92,45.5,368.48,1166.87,0.76
100442,2025-04-25,Consumer Devices,E-commerce,East,12,5372.14,0.0311,5205.14,1193.65,340.85,190.48,252.97,1977.95,3227.19,0.62
100443,2025-04-21,Software Licenses,Enterprise,South,11,3354.87,0.0879,3060.12,307.33,74.48,41.7,66.11,489.62,2570.5,0.84
100444,2025-04-28,Networking,E-commerce,East,7,4723.67,0.082,4336.2,1142.67,261.92,156.91,259.7,1821.21,2515.0,0.58
100445,2025-04-03,Software Licenses,Direct,Central,2,577.71,0.0105,571.65,60.39,14.18,6.78,10.11,91.46,480.19,0.84
100446,2025-04-19,Software Licenses,E-commerce,Central,11,3404.9,0.1299,2962.7,314.83,82.57,36.86,39.78,474.03,2488.67,0.84
100447,2025-04-22,Consumer Devices,E-commerce,East,11,4458.38,0.1365,3849.63,938.36,226.7,139.22,158.58,1462.86,2386.77,0.62
100448,2025-04-12,Accessories,Direct,West,6,548.94,0.0656,512.94,94.46,23.64,15.1,20.67,153.88,359.06,0.7
100449,2025-04-16,Networking,Enterprise,East,5,3572.39,0.1048,3197.94,865.36,229.9,135.9,111.99,1343.14,1854.81,0.58
100450,2025-04-19,Accessories,Enterprise,Central,11,1009.82,0.051,958.28,190.91,54.27,31.32,10.99,287.48,670.8,0.7
100451,2025-04-05,Software Licenses,Enterprise,West,1,295.71,0.0732,274.07,29.04,8.01,4.74,2.06,43.85,230.22,0.84
100452,2025-04-21,Enterprise Hardware,Partner,South,4,3244.49,0.0513,3078.01,953.84,234.5,150.44,77.1,1415.89,1662.13,0.54
100453,2025-04-04,Networking,Enterprise,South,12,8687.83,0.0714,8067.53,2084.93,639.9,359.56,303.96,3388.36,4679.17,0.58
100454,2025-04-02,Consumer Devices,Partner,South,7,3076.86,0.061,2889.2,707.15,194.41,107.02,89.31,1097.9,1791.3,0.62
100455,2025-04-22,Accessories,E-commerce,South,10,989.38,0,989.38,199.35,51.13,32.49,13.84,296.81,692.57,0.7
100456,2025-04-09,Services,Enterprise,Central,6,3142.47,0.0645,2939.68,460.35,114.03,60.46,70.68,705.52,2234.16,0.76
100457,2025-04-02,Software Licenses,E-commerce,West,5,1523.45,0.1177,1344.12,135.6,36.33,15.65,27.47,215.06,1129.06,0.84
100458,2025-04-07,Software Licenses,Enterprise,West,6,1772.72,0.1663,1477.87,143.69,39.75,22.45,30.57,236.46,1241.41,0.84
100459,2025-04-11,Services,Direct,West,6,3421.24,0.0797,3148.47,512.1,121.7,68.23,53.6,755.63,2392.84,0.76
100460,2025-04-28,Enterprise Hardware,Enterprise,Central,11,10097.0,0.1199,8886.7,2465.07,636.96,365.28,620.57,4087.88,4798.82,0.54
100461,2025-04-12,Accessories,Partner,Central,11,1014.33,0.0118,1002.32,200.26,46.28,26.83,27.33,300.7,701.63,0.7
100462,2025-04-26,Software Licenses,Direct,West,3,906.56,0.0531,858.46,91.47,24.12,13.53,8.23,137.35,721.11,0.84
100463,2025-04-09,Software Licenses,Direct,Central,12,3706.4,0.0493,3523.78,378.6,91.66,57.97,35.58,563.81,2959.98,0.84
100464,2025-04-16,Enterprise Hardware,Enterprise,South,4,3600.78,0.0738,3335.18,1022.51,281.91,152.16,77.61,1534.18,1801.0,0.54
100465,2025-04-28,Accessories,Enterprise,Central,3,268.96,0,268.96,52.1,12.23,8.75,7.61,80.69,188.27,0.7
100466,2025-04-03,Services,Direct,Central,10,5225.3,0.1432,4477.08,700.83,166.49,76.89,130.3,1074.5,3402.58,0.76
100467,2025-04-26,Consumer Devices,Partner,Central,9,3667.06,0.1261,3204.72,808.1,181.33,86.93,141.43,1217.79,1986.92,0.62
100468,2025-04-15,Services,Partner,West,8,4145.3,0.1631,3469.4,512.1,150.25,72.37,97.94,832.66,2636.75,0.76
100469,2025-04-24,Consumer Devices,Direct,Central,10,4469.76,0.0278,4345.37,1027.53,299.42,136.38,187.92,1651.24,2694.13,0.62
100470,2025-04-25,Services,Enterprise,East,10,5856.56,0.0832,5369.16,806.62,222.11,137.38,122.49,1288.6,4080.56,0.76
100471,2025-04-10,Consumer Devices,E-commerce,Central,12,4781.38,0,4781.38,1096.38,259.86,182.66,278.02,1816.92,2964.45,0.62
100472,2025-04-19,Networking,Direct,East,11,7266.0,0.0606,6825.74,1741.79,501.3,219.9,403.82,2866.81,3958.93,0.58
100473,2025-04-09,Consumer Devices,E-commerce,West,9,3706.43,0.0679,3454.61,817.36,241.77,100.97,152.65,1312.75,2141.86,0.62
100474,2025-04-01,Enterprise Hardware,Enterprise,Central,1,797.78,0.1189,702.96,213.1,51.58,29.3,29.39,323.36,379.6,0.54
100475,2025-04-25,Software Licenses,Partner,West,1,292.73,0.0585,275.6,28.64,6.24,4.78,4.43,44.1,231.5,0.84
100476,2025-04-13,Enterprise Hardware,Enterprise,West,4,3336.22,0.0717,3096.88,883.7,242.69,110.52,187.65,1424.56,1672.31,0.54
100477,2025-04-11,Software Licenses,Partner,Central,2,628.97,0.1058,562.45,60.08,16.12,7.71,6.07,89.99,472.46,0.84
100478,2025-04-28,Accessories,Enterprise,Central,8,776.35,0.0691,722.72,143.13,37.6,23.76,12.33,216.81,505.9,0.7
100479,2025-04-16,Consumer Devices,Partner,South,3,1159.99,0.0687,1080.29,270.27,62.63,39.64,37.97,410.51,669.78,0.62
100480,2025-04-21,Enterprise Hardware,Direct,Central,5,4518.48,0.0932,4097.49,1199.81,355.21,165.44,164.38,1884.84,2212.64,0.54
100481,2025-04-08,Networking,Enterprise,Central,6,4191.01,0,4191.01,1067.26,327.65,126.12,239.19,1760.22,2430.79,0.58
100482,2025-04-06,Software Licenses,Enterprise,East,6,1846.6,0.052,1750.63,173.35,41.7,25.6,39.45,280.1,1470.53,0.84
100483,2025-04-01,Software Licenses,Direct,West,7,2041.64,0.0763,1885.81,185.48,53.72,32.76,29.77,301.73,1584.08,0.84
100484,2025-04-11,Accessories,E-commerce,East,8,802.75,0.067,748.95,140.93,35.4,23.56,24.79,224.69,524.27,0.7
100485,2025-04-15,Accessories,Partner,East,10,964.03,0.0941,873.35,165.05,39.02,25.75,32.18,262.0,611.34,0.7
100486,2025-04-20,Services,Direct,West,11,6138.48,0.0707,5704.29,844.53,241.54,98.37,184.59,1369.03,4335.26,0.76
100487,2025-04-18,Software Licenses,Partner,South,6,1861.65,0.1196,1638.95,176.96,39.14,24.5,21.63,262.23,1376.71,0.84
100488,2025-04-22,Consumer Devices,Direct,Central,7,3019.14,0.0875,2754.85,679.6,191.22,110.25,65.77,1046.84,1708.01,0.62
100489,2025-04-26,Enterprise Hardware,Partner,West,1,917.76,0.0454,876.13,272.54,64.11,40.64,25.73,403.02,473.11,0.54
100490,2025-04-04,Software Licenses,E-commerce,South,12,3855.96,0,3855.96,382.58,90.04,48.34,96.0,616.95,3239.01,0.84
100491,2025-04-17,Consumer Devices,Enterprise,East,5,2267.69,0.0983,2044.86,481.72,123.15,54.66,117.51,777.05,1267.81,0.62
100492,2025-04-16,Software Licenses,Partner,Central,7,2336.57,0,2336.57,233.44,64.48,31.7,44.24,373.85,1962.72,0.84
100493,2025-04-24,Accessories,Enterprise,East,2,186.64,0.0358,179.96,33.86,8.1,5.72,6.31,53.99,125.97,0.7
100494,2025-04-15,Networking,Direct,South,11,7813.46,0.0778,7205.9,2048.75,467.08,250.68,259.98,3026.48,4179.42,0.58
100495,2025-04-27,Services,E-commerce,South,4,2254.43,0.1324,1955.94,315.75,88.66,34.9,30.11,469.42,1486.51,0.76
100496,2025-04-04,Accessories,Direct,East,7,631.53,0.1304,549.19,106.22,29.31,14.17,15.05,164.76,384.43,0.7
100497,2025-04-22,Software Licenses,Direct,South,8,2610.75,0.0963,2359.23,227.63,68.43,35.51,45.91,377.48,1981.76,0.84
100498,2025-04-07,Software Licenses,Enterprise,Central,10,3154.74,0.087,2880.35,281.45,74.2,42.43,62.77,460.86,2419.49,0.84
100499,2025-04-10,Accessories,Enterprise,East,6,588.59,0.1642,491.93,95.02,25.52,11.95,15.08,147.58,344.35,0.7
100500,2025-04-03,Enterprise Hardware,Partner,West,5,4039.48,0.11,3595.02,1009.04,284.67,133.12,226.88,1653.71,1941.31,0.54
100501,2025-04-14,Consumer Devices,Enterprise,South,7,2918.48,0.097,2635.47,664.79,159.93,107.85,68.9,1001.48,1633.99,0.62
100502,2025-04-19,Networking,Enterprise,West,4,2824.89,0.127,2466.23,675.66,188.94,105.83,65.38,1035.82,1430.41,0.58
100503,2025-04-04,Enterprise Hardware,Direct,Central,9,7988.59,0.0773,7370.81,2166.03,477.27,307.11,440.16,3390.57,3980.24,0.54
100504,2025-04-25,Consumer Devices,Direct,East,3,1349.24,0.0957,1220.07,308.25,77.76,50.16,27.46,463.63,756.44,0.62
100505,2025-04-03,Enterprise Hardware,Direct,Central,8,7250.05,0.0085,7188.12,2170.18,537.45,284.01,314.89,3306.54,3881.59,0.54
100506,2025-04-11,Services,Partner,East,4,2160.57,0.0882,1969.98,288.95,70.93,36.06,76.86,472.79,1497.18,0.76
100507,2025-04-24,Enterprise Hardware,Enterprise,South,1,901.31,0.0556,851.19,250.94,61.17,38.09,41.34,391.55,459.64,0.54
100508,2025-04-21,Networking,Enterprise,West,6,4373.23,0.0067,4344.04,1232.12,301.23,164.55,126.59,1824.49,2519.54,0.58
100509,2025-04-09,Accessories,E-commerce,West,11,988.65,0.1237,866.38,175.83,48.78,20.4,14.9,259.91,606.46,0.7
100510,2025-04-04,Networking,Direct,West,1,711.27,0.1222,624.35,158.48,38.98,24.01,40.76,262.23,362.12,0.58
100511,2025-04-15,Consumer Devices,E-commerce,Central,1,434.78,0.0864,397.2,92.29,28.48,15.25,14.92,150.94,246.26,0.62
100512,2025-04-22,Enterprise Hardware,E-commerce,West,7,6114.46,0.102,5490.68,1548.92,355.39,249.03,372.38,2525.71,2964.96,0.54
100513,2025-04-11,Software Licenses,E-commerce,East,7,2095.29,0.1264,1830.42,177.2,49.11,22.19,44.37,292.87,1537.55,0.84
100514,2025-04-14,Software Licenses,Direct,East,7,2333.84,0.008,2315.21,247.94,63.68,36.08,22.74,370.43,1944.78,0.84
100515,2025-04-03,Consumer Devices,Direct,South,9,4071.0,0.1133,3609.96,866.58,239.46,128.66,137.08,1371.78,2238.17,0.62
100516,2025-04-05,Services,Enterprise,East,9,4821.91,0.0349,4653.48,706.31,209.32,95.14,106.06,1116.84,3536.65,0.76
100517,2025-04-27,Enterprise Hardware,Direct,Central,9,7238.77,0.0859,6617.16,1827.71,439.94,321.86,454.38,3043.89,3573.27,0.54
100518,2025-04-23,Networking,Enterprise,Central,12,7969.02,0.08,7331.13,1861.12,547.86,330.97,339.11,3079.07,4252.05,0.58
100519,2025-04-23,Software Licenses,Enterprise,South,9,2967.6,0.1012,2667.24,280.89,64.49,33.54,47.83,426.76,2240.48,0.84
100520,2025-04-25,Enterprise Hardware,Partner,West,4,3136.59,0.1679,2609.96,758.93,191.33,121.69,128.64,1200.58,1409.38,0.54
100521,2025-04-16,Networking,E-commerce,South,2,1343.46,0.165,1121.84,295.49,89.41,49.57,36.7,471.17,650.67,0.58
100522,2025-04-20,Networking,E-commerce,West,2,1358.02,0.1245,1189.0,337.27,76.29,52.32,33.49,499.38,689.62,0.58
100523,2025-04-25,Enterprise Hardware,Partner,West,9,8034.79,0.1548,6791.19,2059.26,466.75,333.63,264.31,3123.95,3667.24,0.54
100524,2025-04-11,Networking,Enterprise,South,1,716.97,0.0193,703.14,193.62,54.63,22.93,24.15,295.32,407.82,0.58
100525,2025-04-13,Software Licenses,Enterprise,East,12,4005.37,0.1278,3493.52,364.06,89.27,55.46,50.17,558.96,2934.55,0.84
100526,2025-04-23,Networking,Partner,South,4,2786.24,0.115,2465.87,679.82,174.16,80.82,100.87,1035.67,1430.2,0.58
100527,2025-04-04,Services,Partner,South,6,3573.75,0.0659,3338.15,540.28,149.49,70.41,40.97,801.16,2537.0,0.76
100528,2025-04-22,Enterprise Hardware,Direct,West,1,828.67,0.0457,790.81,227.68,51.19,34.19,50.72,363.77,427.04,0.54
100529,2025-04-07,Networking,Partner,East,9,6528.21,0.0741,6044.32,1590.39,371.39,202.72,374.11,2538.61,3505.7,0.58
100530,2025-04-25,Consumer Devices,Enterprise,South,4,1574.36,0.0562,1485.92,356.88,93.06,58.3,56.41,564.65,921.27,0.62
100531,2025-04-01,Software Licenses,Partner,South,2,657.82,0.1137,583.03,60.69,15.59,8.54,8.47,93.28,489.74,0.84
100532,2025-04-05,Consumer Devices,Direct,Central,12,5387.48,0,5387.48,1385.52,338.57,206.62,116.53,2047.24,3340.24,0.62
100533,2025-04-14,Accessories,Direct,South,6,606.98,0.1308,527.58,104.41,29.3,17.02,7.55,158.27,369.3,0.7
100534,2025-04-11,Networking,Direct,East,4,2739.75,0.1449,2342.67,655.65,174.41,70.41,83.45,983.92,1358.75,0.58
100535,2025-04-10,Accessories,Enterprise,Central,8,759.3,0.1222,666.54,130.33,33.01,16.92,19.69,199.96,466.58,0.7
100536,2025-04-08,Consumer Devices,E-commerce,West,12,5033.41,0.0856,4602.61,1177.54,320.55,134.31,116.59,1748.99,2853.62,0.62
100537,2025-04-04,Enterprise Hardware,Direct,West,6,5011.24,0.0964,4528.18,1278.69,395.0,177.27,232.0,2082.96,2445.22,0.54
100538,2025-04-14,Accessories,Partner,West,8,816.6,0.0725,757.37,151.61,40.36,21.7,13.54,227.21,530.16,0.7
100539,2025-04-13,Software Licenses,Direct,West,4,1279.77,0.125,1119.81,115.93,27.52,17.83,17.89,179.17,940.64,0.84
100540,2025-04-25,Enterprise Hardware,Direct,South,12,10585.32,0.0156,10419.82,3045.31,831.9,373.54,542.38,4793.12,5626.7,0.54
100541,2025-05-23,Enterprise Hardware,Direct,Central,10,8738.78,0.1464,7459.03,2244.14,507.79,308.14,371.08,3431.16,4027.88,0.54
100542,2025-05-20,Networking,Direct,South,4,2780.8,0.0988,2506.09,677.09,178.87,105.31,91.29,1052.56,1453.53,0.58
100543,2025-05-22,Enterprise Hardware,E-commerce,West,6,5207.55,0.0735,4824.69,1375.76,366.44,207.49,269.67,2219.36,2605.33,0.54
100544,2025-05-27,Networking,Enterprise,East,8,5576.01,0.07,5185.64,1470.52,404.18,209.01,94.25,2177.97,3007.67,0.58
100545,2025-05-19,Accessories,E-commerce,East,5,483.61,0.0335,467.38,85.89,25.75,14.17,14.4,140.22,327.17,0.7
100546,2025-05-13,Services,Direct,East,2,1083.68,0.0518,1027.53,155.53,37.53,19.68,33.87,246.61,780.92,0.76
100547,2025-05-03,Accessories,Enterprise,Central,10,902.59,0.1167,797.27,153.82,39.32,21.14,24.89,239.18,558.09,0.7
100548,2025-05-12,Enterprise Hardware,E-commerce,East,1,883.77,0.0323,855.25,244.19,68.52,30.88,49.83,393.42,461.84,0.54
100549,2025-05-20,Software Licenses,Partner,Central,2,597.34,0.0628,559.8,60.27,16.57,8.61,4.12,89.57,470.23,0.84
100550,2025-05-24,Software Licenses,E-commerce,West,10,3119.18,0.0987,2811.45,286.74,82.21,36.54,44.35,449.83,2361.62,0.84
100551,2025-05-11,Networking,E-commerce,Central,8,5592.39,0.0264,5444.91,1414.64,420.71,187.84,263.67,2286.86,3158.05,0.58
100552,2025-05-24,Software Licenses,Direct,West,1,333.69,0.1499,283.67,27.87,8.4,4.17,4.94,45.39,238.28,0.84
100553,2025-05-09,Consumer Devices,Partner,East,9,3772.6,0.0273,3669.46,899.72,210.37,128.25,156.06,1394.39,2275.06,0.62
100554,2025-05-27,Networking,Partner,South,3,2077.8,0.0964,1877.55,498.08,146.72,78.9,64.87,788.57,1088.98,0.58
100555,2025-05-05,Software Licenses,Enterprise,Central,4,1218.8,0.1621,1021.23,103.8,23.37,14.26,21.96,163.4,857.84,0.84
100556,2025-05-27,Accessories,Partner,West,7,665.27,0.0282,646.48,123.17,32.27,14.15,24.35,193.95,452.54,0.7
100557,2025-05-17,Software Licenses,Partner,Central,6,1911.96,0.1317,1660.18,179.66,40.15,23.75,22.07,265.63,1394.55,0.84
100558,2025-05-08,Accessories,Direct,East,10,1004.57,0.0205,983.94,186.36,49.07,31.0,28.75,295.18,688.76,0.7
100559,2025-05-01,Consumer Devices,Enterprise,South,9,3679.45,0.0571,3469.49,895.79,209.05,143.77,69.8,1318.41,2151.08,0.62
100560,2025-05-10,Consumer Devices,Enterprise,West,7,2893.61,0,2893.61,674.51,202.83,119.83,102.39,1099.57,1794.04,0.62
100561,2025-05-12,Accessories,Direct,East,4,396.5,0.0674,369.79,69.19,20.44,11.28,10.04,110.94,258.85,0.7
100562,2025-05-13,Enterprise Hardware,Enterprise,West,1,870.7,0.1032,780.83,239.33,58.67,29.18,32.0,359.18,421.65,0.54
100563,2025-05-21,Consumer Devices,Enterprise,Central,10,4497.67,0.1001,4047.63,963.17,237.38,112.16,225.39,1538.1,2509.53,0.62
100564,2025-05-21,Enterprise Hardware,Direct,South,1,893.65,0.0968,807.13,245.54,59.3,28.06,38.38,371.28,435.85,0.54
100565,2025-05-23,Accessories,E-commerce,West,6,537.64,0.1186,473.88,92.36,22.02,10.99,16.8,142.16,331.71,0.7
100566,2025-05-24,Networking,Direct,East,8,5500.8,0.0413,5273.39,1469.2,397.37,206.3,141.96,2214.83,3058.57,0.58
100567,2025-05-10,Consumer Devices,E-commerce,West,11,4966.31,0.1383,4279.44,996.7,285.51,148.9,195.07,1626.19,2653.25,0.62
100568,2025-05-23,Accessories,Partner,South,1,93.89,0.0721,87.12,16.19,4.27,2.35,3.32,26.14,60.99,0.7
100569,2025-05-12,Enterprise Hardware,Enterprise,South,2,1750.46,0,1750.46,523.92,147.22,87.62,46.44,805.21,945.25,0.54
100570,2025-05-12,Enterprise Hardware,E-commerce,West,10,8162.52,0.0424,7816.7,2243.42,592.88,258.15,501.23,3595.68,4221.02,0.54
100571,2025-05-12,Services,Direct,Central,6,3378.56,0.079,3111.62,453.13,104.9,81.45,107.32,746.79,2364.83,0.76
100572,2025-05-19,Consumer Devices,Partner,West,11,4976.2,0.1562,4198.97,1000.69,224.07,157.53,213.33,1595.61,2603.36,0.62
100573,2025-05-28,Networking,Partner,Central,7,4733.05,0.0864,4324.06,1104.33,266.97,166.97,277.83,1816.1,2507.95,0.58
100574,2025-05-04,Services,E-commerce,West,3,1792.56,0.0787,1651.52,249.12,74.19,36.53,36.52,396.36,1255.15,0.76
100575,2025-05-15,Networking,Enterprise,East,5,3357.43,0.1113,2983.91,800.27,210.85,97.78,144.34,1253.24,1730.67,0.58
100576,2025-05-24,Enterprise Hardware,Partner,Central,11,9862.39,0.0616,9254.77,2708.05,807.93,338.08,403.14,4257.2,4997.58,0.54
100577,2025-05-03,Software Licenses,Direct,South,1,332.65,0.0849,304.41,30.37,7.19,5.25,5.9,48.71,255.7,0.84
100578,2025-05-08,Software Licenses,Direct,West,9,2819.07,0.0128,2782.97,273.88,67.73,40.95,62.71,445.28,2337.69,0.84
100579,2025-05-10,Enterprise Hardware,Partner,Central,8,7189.64,0.076,6643.04,1888.69,524.3,226.15,416.66,3055.8,3587.24,0.54
100580,2025-05-22,Services,E-commerce,Central,11,5887.92,0.0313,5703.39,908.04,242.39,150.42,67.97,1368.81,4334.58,0.76
100581,2025-05-08,Accessories,E-commerce,East,1,98.24,0.0945,88.95,17.73,4.3,2.48,2.18,26.69,62.27,0.7
100582,2025-05-19,Accessories,Enterprise,West,6,610.69,0.1437,522.92,99.48,23.13,11.59,22.67,156.88,366.05,0.7
100583,2025-05-04,Services,Direct,Central,7,3651.88,0.1179,3221.22,496.59,134.83,83.61,58.06,773.09,2448.13,0.76
100584,2025-05-12,Networking,E-commerce,East,1,684.4,0.1038,613.34,160.06,42.53,24.95,30.07,257.6,355.74,0.58
100585,2025-05-18,Accessories,Enterprise,South,3,278.87,0.1356,241.05,48.06,11.74,6.7,5.82,72.31,168.73,0.7
100586,2025-05-22,Enterprise Hardware,Direct,West,6,5135.44,0.0626,4813.9,1479.99,337.55,210.22,186.64,2214.39,2599.51,0.54
100587,2025-05-16,Software Licenses,Direct,Central,5,1647.25,0.1531,1395.02,151.4,38.18,19.03,14.6,223.2,1171.82,0.84
100588,2025-05-21,Accessories,Partner,South,12,1129.23,0.1857,919.52,173.16,49.76,23.98,28.95,275.86,643.66,0.7
100589,2025-05-17,Enterprise Hardware,Direct,West,8,6523.93,0.0175,6409.64,1996.46,496.65,215.66,239.66,2948.43,3461.21,0.54
100590,2025-05-18,Enterprise Hardware,Partner,East,7,5923.47,0.0572,5584.41,1585.09,486.03,217.11,280.6,2568.83,3015.58,0.54
100591,2025-05-12,Accessories,E-commerce,West,2,197.93,0.0656,184.94,34.49,7.91,5.58,7.51,55.48,129.46,0.7
100592,2025-05-26,Enterprise Hardware,Partner,East,9,7653.46,0,7653.46,2262.51,636.52,311.59,309.97,3520.59,4132.87,0.54
100593,2025-05-15,Software Licenses,E-commerce,Central,3,918.2,0.0716,852.41,88.87,24.79,13.79,8.94,136.39,716.03,0.84
100594,2025-05-07,Consumer Devices,Direct,East,11,4254.62,0.0914,3865.75,919.26,265.15,120.97,163.61,1468.98,2396.76,0.62
100595,2025-05-12,Software Licenses,E-commerce,South,7,2106.72,0.1167,1860.93,181.28,53.09,30.15,33.23,297.75,1563.18,0.84
100596,2025-05-22,Enterprise Hardware,Enterprise,West,7,6109.72,0.1053,5466.44,1707.95,362.02,208.29,236.31,2514.56,2951.88,0.54
100597,2025-05-04,Accessories,E-commerce,West,9,908.25,0.1443,777.22,148.4,43.59,23.77,17.41,233.17,544.06,0.7
100598,2025-05-18,Consumer Devices,Direct,South,2,845.59,0.0959,764.5,183.12,45.55,23.99,37.84,290.51,473.99,0.62
100599,2025-05-06,Enterprise Hardware,E-commerce,East,3,2724.13,0.1597,2289.08,691.63,175.09,91.72,94.54,1052.98,1236.1,0.54
100600,2025-05-03,Enterprise Hardware,E-commerce,South,7,5891.55,0.0544,5570.81,1610.2,382.93,200.56,368.89,2562.57,3008.23,0.54
100601,2025-05-03,Consumer Devices,Direct,East,12,5346.02,0.0576,5037.92,1174.86,313.19,188.53,237.83,1914.41,3123.51,0.62
100602,2025-05-17,Consumer Devices,E-commerce,Central,6,2396.37,0.0792,2206.63,507.99,135.16,85.63,109.74,838.52,1368.11,0.62
100603,2025-05-22,Enterprise Hardware,Partner,Central,9,8205.91,0.0994,7390.55,2044.67,519.18,357.87,477.94,3399.65,3990.9,0.54
100604,2025-05-13,Networking,Enterprise,Central,8,5742.64,0.1152,5081.26,1295.92,329.07,215.6,293.54,2134.13,2947.13,0.58
100605,2025-05-18,Software Licenses,E-commerce,West,4,1179.38,0.0868,1077.05,105.5,28.54,13.6,24.69,172.33,904.72,0.84
100606,2025-05-27,Software Licenses,Enterprise,East,4,1267.68,0.0148,1248.95,132.86,36.02,15.35,15.61,199.83,1049.12,0.84
100607,2025-05-07,Enterprise Hardware,Direct,East,1,856.47,0.0787,789.08,240.92,56.11,26.88,39.07,362.98,426.1,0.54
100608,2025-05-18,Enterprise Hardware,E-commerce,Central,4,3661.22,0.0997,3296.1,947.88,271.92,158.96,137.45,1516.2,1779.89,0.54
100609,2025-05-01,Networking,Direct,Central,4,2676.61,0.0847,2449.95,617.63,178.12,86.29,146.94,1028.98,1420.97,0.58
100610,2025-05-15,Software Licenses,E-commerce,West,9,2760.65,0,2760.65,287.64,74.02,42.68,37.36,441.7,2318.95,0.84
100611,2025-05-06,Accessories,Partner,East,6,573.78,0.052,543.95,110.88,28.89,16.97,6.45,163.19,380.77,0.7
100612,2025-05-26,Software Licenses,Enterprise,Central,8,2488.61,0.1536,2106.29,226.49,56.08,32.88,21.56,337.01,1769.28,0.84
100613,2025-05-09,Accessories,Direct,Central,5,476.96,0.0774,440.07,82.1,19.7,11.86,18.36,132.02,308.05,0.7
100614,2025-05-04,Services,Partner,Central,12,6724.24,0.0628,6301.92,963.88,284.27,145.21,119.1,1512.46,4789.46,0.76
100615,2025-05-18,Networking,Enterprise,West,3,1986.58,0,1986.58,541.54,158.33,75.31,59.18,834.36,1152.22,0.58
100616,2025-05-02,Consumer Devices,Partner,South,6,2470.41,0.0923,2242.42,516.42,160.65,88.39,86.66,852.12,1390.3,0.62
100617,2025-05-14,Software Licenses,Enterprise,Central,9,2724.02,0.0909,2476.44,261.9,65.13,36.85,32.35,396.23,2080.21,0.84
100618,2025-05-28,Consumer Devices,E-commerce,West,9,4026.26,0.0451,3844.69,888.17,273.25,113.96,185.6,1460.98,2383.71,0.62
100619,2025-05-21,Consumer Devices,E-commerce,West,6,2693.28,0.0363,2595.42,633.31,162.95,81.78,108.22,986.26,1609.16,0.62
100620,2025-05-04,Accessories,Enterprise,South,5,455.56,0.0594,428.48,78.24,21.42,13.43,15.46,128.54,299.93,0.7
100621,2025-05-26,Consumer Devices,Partner,East,1,398.38,0,398.38,96.89,26.32,15.81,12.37,151.39,247.0,0.62
100622,2025-05-21,Enterprise Hardware,Direct,West,9,8092.32,0.1007,7277.53,2043.41,626.06,357.36,320.83,3347.66,3929.86,0.54
100623,2025-05-13,Enterprise Hardware,Direct,South,5,4074.31,0.0873,3718.68,1137.78,265.34,149.73,157.73,1710.59,2008.09,0.54
100624,2025-05-16,Accessories,Partner,East,6,541.67,0.0459,516.79,99.28,25.69,12.93,17.14,155.04,361.75,0.7
100625,2025-05-10,Software Licenses,E-commerce,Central,8,2533.79,0.1162,2239.49,216.44,56.01,34.84,51.03,358.32,1881.17,0.84
100626,2025-05-05,Consumer Devices,E-commerce,East,1,409.6,0.1424,351.25,86.01,20.75,13.85,12.86,133.48,217.78,0.62
100627,2025-05-18,Networking,Enterprise,South,5,3463.02,0.1233,3036.18,862.0,220.58,113.8,78.81,1275.19,1760.98,0.58
100628,2025-05-12,Networking,E-commerce,West,8,5300.06,0.1647,4427.21,1238.98,262.56,198.61,159.28,1859.43,2567.78,0.58
100629,2025-05-10,Consumer Devices,Direct,Central,3,1164.64,0.0635,1090.64,261.51,75.08,31.37,46.48,414.44,676.2,0.62
100630,2025-05-24,Software Licenses,E-commerce,West,10,2983.67,0.1295,2597.3,259.35,60.64,29.76,65.82,415.57,2181.74,0.84
100631,2025-05-16,Consumer Devices,Direct,Central,7,2933.8,0.0638,2746.65,701.44,184.33,88.42,69.53,1043.73,1702.92,0.62
100632,2025-05-06,Enterprise Hardware,Partner,East,9,8217.69,0.0485,7819.41,2176.48,575.88,300.57,544.0,3596.93,4222.48,0.54
100633,2025-05-03,Consumer Devices,E-commerce,West,11,4345.35,0.0414,4165.36,968.71,240.0,132.9,241.23,1582.84,2582.52,0.62
100634,2025-05-15,Consumer Devices,Enterprise,Central,1,453.06,0.0672,422.62,108.33,26.43,12.48,13.36,160.6,262.03,0.62
100635,2025-05-02,Enterprise Hardware,Partner,Central,6,4948.51,0.15,4206.14,1223.28,298.38,205.19,207.97,1934.82,2271.31,0.54
100636,2025-05-16,Enterprise Hardware,Enterprise,West,4,3232.55,0.0839,2961.39,822.81,201.65,110.15,227.63,1362.24,1599.15,0.54
100637,2025-05-17,Software Licenses,E-commerce,South,4,1264.2,0.0587,1189.96,126.9,32.44,18.03,13.03,190.39,999.57,0.84
100638,2025-05-25,Networking,Direct,West,10,7318.54,0.0934,6635.19,1708.78,398.78,304.26,374.96,2786.78,3848.41,0.58
100639,2025-05-01,Accessories,Partner,Central,5,468.06,0.119,412.34,81.17,19.94,9.37,13.23,123.7,288.64,0.7
100640,2025-05-19,Software Licenses,Partner,South,10,3079.29,0.0941,2789.57,274.22,78.57,36.62,56.92,446.33,2343.24,0.84
100641,2025-05-10,Enterprise Hardware,Enterprise,East,11,9219.76,0.0306,8937.67,2614.86,776.3,450.73,269.44,4111.33,4826.34,0.54
100642,2025-05-12,Software Licenses,Enterprise,East,4,1181.61,0.0311,1144.81,124.51,33.48,13.95,11.23,183.17,961.64,0.84
100643,2025-05-01,Services,E-commerce,Central,8,4439.48,0.1696,3686.33,556.91,149.63,65.58,112.6,884.72,2801.61,0.76
100644,2025-05-26,Enterprise Hardware,Direct,Central,7,5565.04,0.0624,5217.55,1522.72,409.16,184.19,284.0,2400.07,2817.48,0.54
100645,2025-05-06,Services,E-commerce,Central,5,2846.39,0.0203,2788.48,417.22,125.12,60.68,66.21,669.23,2119.24,0.76
100646,2025-05-21,Services,E-commerce,West,1,533.39,0,533.39,81.9,19.63,10.22,16.26,128.01,405.38,0.76
100647,2025-05-04,Enterprise Hardware,E-commerce,South,2,1685.07,0.1276,1470.09,439.91,108.39,63.23,64.71,676.24,793.85,0.54
100648,2025-05-19,Software Licenses,Direct,South,8,2594.23,0.0882,2365.51,232.07,63.99,40.03,42.39,378.48,1987.03,0.84
100649,2025-05-25,Software Licenses,Direct,Central,2,592.15,0,592.15,61.32,15.35,9.2,8.87,94.74,497.41,0.84
100650,2025-05-13,Accessories,Partner,East,2,184.78,0.0762,170.7,31.48,8.3,5.24,6.19,51.21,119.49,0.7
100651,2025-05-01,Accessories,Enterprise,East,9,834.38,0.1317,724.48,145.96,31.4,19.78,20.2,217.34,507.13,0.7
100652,2025-05-18,Services,Partner,South,2,1086.01,0.0788,1000.45,154.6,42.7,20.09,22.72,240.11,760.34,0.76
100653,2025-05-04,Services,Direct,Central,2,1111.05,0.0921,1008.75,162.29,44.77,23.45,11.59,242.1,766.65,0.76
100654,2025-05-07,Consumer Devices,E-commerce,Central,8,3496.94,0.0351,3374.14,849.23,225.85,123.92,83.17,1282.17,2091.97,0.62
100655,2025-05-26,Software Licenses,E-commerce,South,10,3331.4,0.0564,3143.43,326.43,95.53,42.26,38.73,502.95,2640.48,0.84
100656,2025-05-16,Networking,Partner,East,9,6610.2,0.0316,6401.43,1797.95,426.57,224.53,239.55,2688.6,3712.83,0.58
100657,2025-05-05,Enterprise Hardware,Partner,East,9,7598.11,0.0563,7170.14,2232.63,482.96,265.1,317.57,3298.26,3871.87,0.54
100658,2025-05-14,Accessories,Direct,Central,1,94.56,0.0335,91.4,18.47,5.09,2.06,1.81,27.42,63.98,0.7
100659,2025-05-23,Networking,E-commerce,Central,2,1464.93,0.1583,1233.04,350.46,74.32,54.45,38.65,517.88,715.16,0.58
100660,2025-05-18,Consumer Devices,Partner,East,4,1561.3,0.0711,1450.31,332.03,99.78,44.27,75.04,551.12,899.19,0.62
100661,2025-05-09,Services,Direct,West,1,525.96,0.0832,482.19,73.79,16.68,10.23,15.02,115.73,366.46,0.76
100662,2025-05-27,Consumer Devices,E-commerce,East,10,4296.59,0.0821,3944.04,984.32,245.71,145.46,123.24,1498.74,2445.31,0.62
100663,2025-05-18,Software Licenses,Enterprise,West,11,3554.47,0.0263,3460.89,354.0,83.17,60.46,56.11,553.74,2907.15,0.84
100664,2025-05-03,Software Licenses,Enterprise,West,9,2745.99,0.0846,2513.74,271.49,64.11,39.28,27.32,402.2,2111.54,0.84
100665,2025-05-09,Networking,Direct,Central,2,1295.37,0.0923,1175.77,327.28,87.37,53.9,25.27,493.82,681.95,0.58
100666,2025-05-12,Software Licenses,Direct,Central,8,2343.0,0.1449,2003.39,196.44,57.03,32.72,34.35,320.54,1682.85,0.84
100667,2025-05-14,Networking,E-commerce,West,12,8340.49,0.1433,7145.14,1933.34,507.12,248.6,311.9,3000.96,4144.18,0.58
100668,2025-05-22,Networking,Direct,Central,10,7013.33,0.0454,6694.74,1740.24,444.11,300.7,326.75,2811.79,3882.95,0.58
100669,2025-05-15,Consumer Devices,Direct,Central,8,3177.5,0.1318,2758.79,689.23,158.92,110.88,89.32,1048.34,1710.45,0.62
100670,2025-05-08,Enterprise Hardware,Direct,South,10,9144.41,0.1081,8156.23,2284.21,670.51,410.02,387.13,3751.86,4404.36,0.54
100671,2025-05-09,Consumer Devices,Enterprise,South,4,1754.31,0.0892,1597.83,388.49,99.58,66.71,52.39,607.18,990.65,0.62
100672,2025-05-10,Networking,Partner,East,8,5409.97,0.0492,5143.54,1395.15,403.99,195.89,165.26,2160.29,2983.26,0.58
100673,2025-05-02,Software Licenses,Partner,East,5,1531.91,0.1001,1378.59,137.84,31.84,23.71,27.18,220.57,1158.02,0.84
100674,2025-05-19,Enterprise Hardware,Enterprise,West,12,10515.64,0.1364,9081.03,2645.46,610.55,343.08,578.18,4177.27,4903.76,0.54
100675,2025-05-08,Enterprise Hardware,Direct,South,1,847.17,0.1049,758.3,227.69,53.43,30.26,37.44,348.82,409.48,0.54
100676,2025-06-19,Networking,Enterprise,South,3,2094.5,0.1534,1773.11,500.79,125.17,63.66,55.1,744.71,1028.41,0.58
100677,2025-06-10,Accessories,E-commerce,West,5,464.43,0.0494,441.47,81.46,22.76,11.87,16.36,132.44,309.03,0.7
100678,2025-06-05,Networking,Enterprise,South,6,3838.67,0.0652,3588.4,936.0,261.86,115.01,194.27,1507.13,2081.27,0.58
100679,2025-06-22,Services,E-commerce,Central,5,2968.1,0.0873,2708.96,423.42,116.84,67.12,42.78,650.15,2058.81,0.76
100680,2025-06-03,Services,E-commerce,West,8,4462.41,0.1164,3942.77,636.97,142.71,87.94,78.64,946.26,2996.5,0.76
100681,2025-06-02,Accessories,Partner,Central,5,476.09,0.1289,414.71,78.04,19.27,12.24,14.86,124.41,290.3,0.7
100682,2025-06-09,Enterprise Hardware,Direct,Central,12,10994.61,0.1723,9099.9,2748.95,766.92,342.23,327.86,4185.96,4913.95,0.54
100683,2025-06-12,Accessories,Partner,Central,2,196.06,0.0354,189.12,38.0,9.23,5.07,4.43,56.74,132.38,0.7
100684,2025-06-02,Networking,Direct,Central,9,6536.56,0.0237,6381.7,1688.4,409.98,282.6,299.34,2680.31,3701.38,0.58
100685,2025-06-23,Enterprise Hardware,E-commerce,West,4,3583.66,0.1227,3143.97,937.45,202.85,129.54,176.38,1446.23,1697.74,0.54
100686,2025-06-02,Enterprise Hardware,E-commerce,East,10,8788.43,0.0661,8207.77,2480.8,690.8,298.76,305.22,3775.57,4432.2,0.54
100687,2025-06-05,Accessories,Direct,East,9,920.04,0.0553,869.14,175.07,41.35,19.87,24.46,260.74,608.4,0.7
100688,2025-06-25,Consumer Devices,E-commerce,Central,2,814.71,0.0025,812.7,206.93,54.56,26.43,20.92,308.83,503.87,0.62
100689,2025-06-21,Networking,Direct,East,6,4132.14,0.0486,3931.4,1102.51,275.14,121.4,152.15,1651.19,2280.21,0.58
100690,2025-06-07,Enterprise Hardware,Partner,South,12,10269.3,0.1076,9164.43,2627.52,688.6,400.89,498.63,4215.64,4948.79,0.54
100691,2025-06-22,Networking,Direct,West,7,4821.22,0.0515,4573.13,1284.39,275.8,139.18,221.35,1920.71,2652.41,0.58
100692,2025-06-05,Networking,Direct,West,5,3389.94,0.1158,2997.45,779.48,179.6,109.16,190.69,1258.93,1738.52,0.58
100693,2025-06-19,Enterprise Hardware,Enterprise,Central,2,1591.46,0.1341,1377.99,389.27,95.27,52.57,96.77,633.87,744.11,0.54
100694,2025-06-01,Consumer Devices,Enterprise,West,11,4270.22,0.1582,3594.52,830.2,252.0,124.66,159.05,1365.92,2228.6,0.62
100695,2025-06-23,Enterprise Hardware,E-commerce,South,1,893.32,0.1182,787.7,223.29,58.47,34.72,45.86,362.34,425.36,0.54
100696,2025-06-17,Accessories,E-commerce,Central,7,654.15,0.0918,594.07,114.96,32.8,13.19,17.27,178.22,415.85,0.7
100697,2025-06-22,Software Licenses,Enterprise,East,1,324.53,0.0707,301.58,32.7,7.82,4.31,3.42,48.25,253.32,0.84
100698,2025-06-11,Services,Enterprise,South,6,3132.23,0.0791,2884.32,427.31,111.6,60.67,92.65,692.24,2192.08,0.76
100699,2025-06-01,Consumer Devices,E-commerce,South,9,3877.44,0.1175,3421.84,868.35,244.63,115.11,72.22,1300.3,2121.54,0.62
100700,2025-06-16,Software Licenses,Direct,West,4,1334.87,0.1278,1164.29,111.82,27.63,20.27,26.56,186.29,978.0,0.84
100701,2025-06-27,Consumer Devices,Enterprise,West,10,4300.74,0.0989,3875.32,944.76,251.28,121.01,155.58,1472.62,2402.7,0.62
100702,2025-06-16,Services,E-commerce,East,3,1630.87,0.0453,1557.05,243.33,61.42,26.4,42.53,373.69,1183.35,0.76
100703,2025-06-16,Networking,Enterprise,South,12,8560.88,0.1063,7651.12,2159.45,534.0,292.53,227.49,3213.47,4437.65,0.58
100704,2025-06-08,Enterprise Hardware,Enterprise,East,2,1629.91,0.0908,1481.99,460.53,105.26,60.5,55.43,681.72,800.28,0.54
100705,2025-06-18,Software Licenses,Enterprise,West,7,2033.55,0.117,1795.54,194.33,42.75,21.13,29.08,287.29,1508.25,0.84
100706,2025-06-25,Accessories,Enterprise,Central,6,581.14,0.0833,532.75,107.31,27.66,15.74,9.11,159.83,372.93,0.7
100707,2025-06-25,Enterprise Hardware,Enterprise,Central,7,5876.31,0.0262,5722.63,1726.05,376.4,283.54,246.42,2632.41,3090.22,0.54
100708,2025-06-02,Services,Direct,West,8,4276.54,0.1407,3675.01,582.57,127.29,83.92,88.22,882.0,2793.01,0.76
100709,2025-06-05,Accessories,Partner,East,3,281.81,0.0388,270.88,50.32,14.04,6.6,10.31,81.26,189.61,0.7
100710,2025-06-01,Services,E-commerce,South,9,5139.2,0.0625,4817.79,717.93,204.69,125.68,107.97,1156.27,3661.52,0.76
100711,2025-06-28,Software Licenses,Partner,Central,5,1607.22,0.0417,1540.2,155.99,41.12,20.92,28.4,246.43,1293.77,0.84
100712,2025-06-01,Networking,Direct,South,6,4370.36,0.0997,3934.53,1013.01,235.6,156.43,247.46,1652.5,2282.03,0.58
100713,2025-06-13,Software Licenses,E-commerce,East,3,983.63,0.0517,932.79,95.42,27.46,14.49,11.88,149.25,783.55,0.84
100714,2025-06-23,Software Licenses,E-commerce,West,8,2595.29,0.0503,2464.78,256.8,61.21,37.22,39.14,394.37,2070.42,0.84
100715,2025-06-04,Consumer Devices,Direct,East,4,1765.46,0.032,1708.97,393.92,120.76,68.89,65.84,649.41,1059.56,0.62
100716,2025-06-10,Consumer Devices,Partner,Central,9,3616.44,0.1017,3248.52,771.1,197.48,93.6,172.26,1234.44,2014.08,0.62
100717,2025-06-04,Enterprise Hardware,Enterprise,Central,9,7283.61,0.0291,7071.88,2208.79,501.84,352.03,190.4,3253.06,3818.81,0.54
100718,2025-06-17,Accessories,Partner,South,7,652.02,0.0816,598.83,115.3,29.03,16.93,18.39,179.65,419.18,0.7
100719,2025-06-15,Networking,Enterprise,South,11,7199.72,0.0694,6700.06,1764.33,528.55,196.99,324.17,2814.02,3886.03,0.58
100720,2025-06-07,Enterprise Hardware,Direct,West,4,3308.53,0.0742,3063.03,852.53,232.47,105.96,218.04,1409.0,1654.04,0.54
100721,2025-06-10,Accessories,E-commerce,West,8,793.43,0.1065,708.93,131.24,39.15,19.5,22.79,212.68,496.25,0.7
100722,2025-06-14,Networking,E-commerce,East,9,6054.99,0.1171,5346.13,1505.15,337.49,219.16,183.58,2245.37,3100.76,0.58
100723,2025-06-17,Accessories,Enterprise,East,5,465.12,0.0626,436.0,78.54,23.88,11.23,17.15,130.8,305.2,0.7
100724,2025-06-13,Consumer Devices,E-commerce,East,7,3173.23,0.0674,2959.37,714.17,208.5,89.06,112.83,1124.56,1834.81,0.62
100725,2025-06-04,Consumer Devices,Enterprise,Central,12,5350.17,0.0843,4899.36,1166.79,269.04,130.75,295.17,1861.76,3037.6,0.62
100726,2025-06-13,Consumer Devices,E-commerce,East,2,868.71,0.0442,830.33,190.15,49.45,33.94,41.99,315.53,514.81,0.62
100727,2025-06-24,Networking,E-commerce,East,1,652.28,0,652.28,167.26,50.25,28.28,28.17,273.96,378.32,0.58
100728,2025-06-03,Services,Partner,West,7,3931.8,0.0758,3633.94,593.05,138.38,94.01,46.7,872.15,2761.79,0.76
100729,2025-06-11,Services,Enterprise,South,8,4663.4,0.1681,3879.59,575.15,173.71,98.13,84.11,931.1,2948.49,0.76
100730,2025-06-23,Software Licenses,Partner,West,12,3623.91,0.0328,3505.19,369.26,101.67,41.75,48.15,560.83,2944.36,0.84
100731,2025-06-23,Enterprise Hardware,E-commerce,West,2,1566.5,0.0764,1446.86,400.87,117.18,55.52,91.98,665.56,781.31,0.54
100732,2025-06-02,Enterprise Hardware,Direct,East,3,2704.51,0.0492,2571.49,783.59,217.01,91.72,90.57,1182.88,1388.6,0.54
100733,2025-06-09,Services,Direct,Central,12,6904.66,0.1057,6174.91,890.44,270.96,147.55,173.02,1481.98,4692.93,0.76
100734,2025-06-25,Consumer Devices,Direct,Central,5,2248.19,0.044,2149.2,524.12,124.51,62.5,105.55,816.7,1332.5,0.62
100735,2025-06-21,Services,E-commerce,South,6,3221.16,0.0942,2917.58,424.7,132.87,74.57,68.08,700.22,2217.36,0.76
100736,2025-06-22,Accessories,E-commerce,East,1,91.0,0.0525,86.22,16.33,4.23,2.55,2.75,25.87,60.36,0.7
100737,2025-06-11,Networking,Enterprise,Central,8,5366.37,0.0242,5236.6,1321.91,413.52,232.13,231.82,2199.37,3037.23,0.58
100738,2025-06-10,Software Licenses,E-commerce,East,8,2399.37,0.0554,2266.54,242.55,62.13,28.74,29.22,362.65,1903.89,0.84
100739,2025-06-24,Accessories,E-commerce,Central,10,886.95,0.1733,733.25,132.52,31.91,21.94,33.61,219.97,513.27,0.7
100740,2025-06-06,Consumer Devices,E-commerce,West,12,5096.22,0.0818,4679.11,1069.12,281.1,139.26,288.58,1778.06,2901.05,0.62
100741,2025-06-07,Services,E-commerce,South,6,3477.0,0.0895,3165.79,491.26,138.43,71.47,58.63,759.79,2406.0,0.76
100742,2025-06-10,Networking,E-commerce,West,5,3381.62,0.0981,3049.89,841.38,235.83,127.88,75.86,1280.95,1768.94,0.58
100743,2025-06-12,Accessories,Enterprise,Central,7,630.5,0.073,584.45,105.44,27.15,17.12,25.63,175.34,409.12,0.7
100744,2025-06-22,Enterprise Hardware,Direct,South,9,7885.6,0.0542,7458.38,2295.24,614.53,336.5,184.59,3430.85,4027.52,0.54
100745,2025-06-26,Services,Direct,South,8,4731.65,0.0786,4359.91,646.97,149.83,99.39,150.19,1046.38,3313.54,0.76
100746,2025-06-26,Services,Partner,East,7,3717.33,0.1202,3270.43,493.18,110.05,85.84,95.84,784.9,2485.53,0.76
100747,2025-06-24,Networking,E-commerce,Central,5,3429.95,0.0738,3176.77,812.73,200.95,143.69,176.87,1334.24,1842.53,0.58
100748,2025-06-08,Consumer Devices,Partner,Central,3,1196.96,0.1186,1055.05,246.19,72.31,40.16,42.26,400.92,654.13,0.62
100749,2025-06-26,Networking,E-commerce,East,8,5590.34,0.104,5009.05,1314.24,305.64,168.33,315.59,2103.8,2905.25,0.58
100750,2025-06-23,Services,Enterprise,Central,6,3484.74,0.0207,3412.5,524.77,148.48,74.13,71.62,819.0,2593.5,0.76
100751,2025-06-14,Networking,Partner,East,5,3457.61,0.0939,3133.0,861.2,238.55,107.03,109.09,1315.86,1817.14,0.58
100752,2025-06-21,Software Licenses,Partner,Central,4,1178.33,0.132,1022.77,110.84,27.3,11.46,14.04,163.64,859.13,0.84
100753,2025-06-20,Enterprise Hardware,Partner,South,1,892.88,0.0266,869.15,251.85,68.94,42.02,37.0,399.81,469.34,0.54
100754,2025-06-26,Consumer Devices,E-commerce,South,6,2615.97,0.0473,2492.32,610.34,133.96,87.68,115.1,947.08,1545.24,0.62
100755,2025-06-25,Networking,Enterprise,East,10,6597.26,0.0827,6051.56,1649.57,397.79,198.13,296.17,2541.65,3509.9,0.58
100756,2025-06-06,Services,Partner,South,6,3324.49,0.1279,2899.16,421.65,103.72,56.87,113.55,695.8,2203.36,0.76
100757,2025-06-18,Software Licenses,Partner,Central,11,3161.47,0.1146,2799.25,292.43,79.76,37.33,38.36,447.88,2351.37,0.84
100758,2025-06-18,Software Licenses,Enterprise,East,1,295.66,0.1168,261.13,25.73,6.56,3.07,6.42,41.78,219.35,0.84
100759,2025-06-12,Consumer Devices,Partner,South,9,3611.94,0,3611.94,928.01,201.78,105.3,137.45,1372.54,2239.4,0.62
100760,2025-06-05,Services,Enterprise,Central,7,4102.43,0.0296,3980.93,640.66,144.89,78.07,91.81,955.42,3025.51,0.76
100761,2025-06-27,Networking,Direct,South,5,3496.12,0.0897,3182.37,853.97,221.83,129.36,131.43,1336.59,1845.77,0.58
100762,2025-06-02,Enterprise Hardware,Partner,West,2,1569.9,0.0995,1413.75,402.08,115.78,56.5,75.97,650.32,763.42,0.54
100763,2025-06-08,Consumer Devices,Enterprise,West,9,3587.37,0.1092,3195.73,814.62,187.56,93.89,118.31,1214.38,1981.36,0.62
100764,2025-06-22,Enterprise Hardware,Enterprise,South,8,7038.19,0.0496,6689.12,2034.1,461.79,255.68,325.42,3077.0,3612.13,0.54
100765,2025-06-02,Accessories,Direct,Central,6,533.27,0.0723,494.74,98.26,24.23,15.25,10.68,148.42,346.32,0.7
100766,2025-06-16,Networking,Partner,West,11,7803.39,0.0712,7247.74,1837.87,428.78,222.31,555.1,3044.05,4203.69,0.58
100767,2025-06-11,Software Licenses,E-commerce,West,10,3048.18,0.112,2706.75,288.04,65.28,41.99,37.77,433.08,2273.67,0.84
100768,2025-06-23,Consumer Devices,Partner,West,10,4035.2,0.1105,3589.3,831.19,214.38,125.72,192.65,1363.94,2225.37,0.62
100769,2025-06-13,Consumer Devices,Enterprise,West,11,4545.02,0.0092,4503.24,1050.71,303.46,152.71,204.35,1711.23,2792.01,0.62
100770,2025-06-26,Services,Enterprise,Central,8,4618.74,0.0184,4533.61,674.34,206.13,107.75,99.86,1088.07,3445.54,0.76
100771,2025-06-12,Services,E-commerce,Central,12,6526.02,0.0354,6295.15,953.5,227.68,153.93,175.72,1510.84,4784.31,0.76
100772,2025-06-26,Software Licenses,Direct,West,12,3992.56,0.1465,3407.47,362.88,95.69,51.71,34.91,545.2,2862.27,0.84
100773,2025-06-05,Services,Partner,West,12,6402.23,0.064,5992.2,958.57,255.24,120.41,103.9,1438.13,4554.07,0.76
100774,2025-06-13,Software Licenses,Partner,West,3,982.27,0.185,800.6,77.97,22.66,9.02,18.44,128.1,672.5,0.84
100775,2025-06-07,Consumer Devices,Partner,South,12,4824.09,0.0827,4425.14,1050.06,267.99,170.81,192.7,1681.55,2743.59,0.62
100776,2025-06-01,Services,Partner,East,10,5215.69,0.0505,4952.55,751.97,177.64,100.95,158.05,1188.61,3763.94,0.76
100777,2025-06-03,Networking,Enterprise,East,1,717.05,0,717.05,202.88,56.67,23.49,18.13,301.16,415.89,0.58
100778,2025-06-28,Enterprise Hardware,Partner,Central,9,7060.15,0.0924,6407.98,1865.29,453.93,300.41,328.04,2947.67,3460.31,0.54
100779,2025-06-05,Accessories,Partner,West,4,392.31,0.0525,371.71,71.71,19.15,9.21,11.45,111.51,260.2,0.7
100780,2025-06-10,Software Licenses,Partner,Central,9,2638.73,0.0964,2384.38,255.12,60.22,36.6,29.56,381.5,2002.88,0.84
100781,2025-06-10,Networking,Partner,South,11,7022.66,0.1324,6092.67,1674.26,422.4,222.93,239.33,2558.92,3533.75,0.58
100782,2025-06-09,Enterprise Hardware,Enterprise,South,11,8904.9,0.1169,7864.19,2325.95,658.5,322.46,310.61,3617.53,4246.66,0.54
100783,2025-06-10,Software Licenses,Enterprise,South,8,2591.53,0.0445,2476.09,247.46,73.44,32.82,42.45,396.17,2079.92,0.84
100784,2025-06-11,Enterprise Hardware,Direct,East,10,8680.67,0.0794,7991.0,2392.77,598.36,275.02,409.7,3675.86,4315.14,0.54
100785,2025-06-17,Software Licenses,Partner,East,11,3676.97,0.1474,3134.81,306.21,85.52,51.68,58.15,501.57,2633.24,0.84
100786,2025-06-17,Software Licenses,Direct,Central,12,3445.59,0.0216,3371.13,362.25,97.63,55.87,23.63,539.38,2831.75,0.84
100787,2025-06-18,Enterprise Hardware,Partner,South,11,10019.32,0.0517,9500.84,2847.47,812.37,312.94,397.6,4370.39,5130.45,0.54
100788,2025-06-25,Software Licenses,E-commerce,Central,4,1328.63,0.0128,1311.56,128.21,34.75,19.29,27.6,209.85,1101.71,0.84
100789,2025-06-04,Consumer Devices,Partner,Central,6,2620.28,0.0683,2441.33,629.21,135.61,73.14,89.74,927.7,1513.62,0.62
100790,2025-06-06,Networking,Direct,Central,11,7916.4,0.0882,7218.03,2042.76,498.6,248.72,241.49,3031.57,4186.46,0.58
100791,2025-06-13,Software Licenses,Enterprise,South,12,3651.06,0.1564,3079.91,328.57,76.34,50.02,37.86,492.79,2587.12,0.84
100792,2025-06-22,Software Licenses,Direct,Central,1,298.58,0.1068,266.67,28.8,6.23,3.62,4.02,42.67,224.01,0.84
100793,2025-06-04,Software Licenses,Direct,East,9,2625.22,0.0539,2483.72,260.39,60.77,38.09,38.15,397.4,2086.33,0.84
100794,2025-06-25,Consumer Devices,E-commerce,Central,7,2819.7,0.0568,2659.56,661.97,177.38,96.26,75.02,1010.63,1648.92,0.62
100795,2025-06-27,Enterprise Hardware,Direct,South,8,6973.6,0.0303,6762.33,2079.25,463.94,287.34,280.14,3110.67,3651.66,0.54
100796,2025-06-11,Consumer Devices,Enterprise,East,10,4534.14,0.0826,4159.79,968.61,294.87,162.29,154.94,1580.72,2579.07,0.62
100797,2025-06-08,Networking,Direct,South,3,1929.73,0.0804,1774.5,455.31,115.17,68.04,106.76,745.29,1029.21,0.58
100798,2025-06-12,Services,Partner,West,8,4652.27,0.0394,4469.04,666.49,182.64,105.24,118.2,1072.57,3396.47,0.76
100799,2025-06-12,Consumer Devices,E-commerce,East,9,3512.07,0.1593,2952.52,746.56,203.07,94.35,77.97,1121.96,1830.57,0.62
100800,2025-06-16,Networking,Enterprise,Central,1,672.45,0.0311,651.56,165.78,38.51,23.6,45.76,273.66,377.91,0.58
100801,2025-06-22,Networking,Direct,South,10,6934.03,0.0765,6403.41,1709.19,452.75,189.84,337.66,2689.43,3713.98,0.58
100802,2025-06-06,Software Licenses,Enterprise,East,5,1472.05,0.0808,1353.17,137.22,32.21,16.13,30.95,216.51,1136.66,0.84
100803,2025-06-18,Consumer Devices,E-commerce,West,5,1969.83,0.1604,1653.88,415.94,107.45,63.5,41.57,628.47,1025.4,0.62
100804,2025-06-01,Software Licenses,Enterprise,South,7,2047.98,0.0547,1936.0,195.45,52.9,26.54,34.87,309.76,1626.24,0.84
100805,2025-06-19,Services,Direct,East,3,1577.29,0.1019,1416.55,209.44,53.98,35.51,41.04,339.97,1076.58,0.76
100806,2025-06-07,Accessories,E-commerce,West,4,355.75,0.07,330.86,67.16,15.83,9.74,6.53,99.26,231.6,0.7
100807,2025-06-01,Enterprise Hardware,E-commerce,East,8,6717.56,0.0795,6183.23,1726.96,453.53,210.74,453.05,2844.29,3338.95,0.54
100808,2025-06-24,Enterprise Hardware,Direct,Central,11,9148.59,0.0978,8254.07,2313.35,579.2,299.3,605.03,3796.87,4457.2,0.54
100809,2025-06-05,Accessories,Partner,West,1,94.68,0.099,85.31,15.69,4.58,2.49,2.83,25.59,59.72,0.7
100810,2025-06-03,Services,Partner,South,5,2577.99,0,2577.99,375.98,116.63,63.01,63.09,618.72,1959.27,0.76
100811,2025-07-27,Consumer Devices,Direct,Central,10,4291.5,0.1623,3595.16,854.7,220.42,108.91,182.13,1366.16,2229.0,0.62
100812,2025-07-23,Networking,Direct,Central,11,7703.77,0.1088,6865.57,1902.13,458.98,298.52,223.91,2883.54,3982.03,0.58
100813,2025-07-09,Networking,Direct,West,4,2809.08,0.0297,2725.55,699.75,161.81,96.74,186.43,1144.73,1580.82,0.58
100814,2025-07-24,Enterprise Hardware,Partner,South,7,6112.55,0.0591,5751.36,1780.35,435.11,228.38,201.79,2645.63,3105.74,0.54
100815,2025-07-06,Services,Partner,Central,10,5692.49,0.0994,5126.48,754.65,213.51,135.04,127.16,1230.35,3896.12,0.76
100816,2025-07-25,Networking,Enterprise,West,9,5988.46,0.1542,5064.94,1337.05,373.94,204.38,211.9,2127.27,2937.66,0.58
100817,2025-07-27,Consumer Devices,Partner,East,10,4390.46,0.103,3938.15,992.05,277.55,147.79,79.11,1496.5,2441.65,0.62
100818,2025-07-28,Consumer Devices,Direct,West,11,4833.23,0.0472,4605.3,1052.8,277.25,186.71,233.25,1750.01,2855.28,0.62
100819,2025-07-08,Accessories,Partner,East,11,1078.32,0.0748,997.64,189.7,42.24,25.85,41.5,299.29,698.35,0.7
100820,2025-07-27,Enterprise Hardware,E-commerce,South,4,3483.74,0.0649,3257.56,1005.15,248.79,105.24,139.3,1498.48,1759.08,0.54
100821,2025-07-17,Software Licenses,E-commerce,West,3,947.1,0.1179,835.45,80.47,23.7,12.24,17.26,133.67,701.77,0.84
100822,2025-07-01,Services,Direct,Central,1,548.16,0.0723,508.55,73.87,19.93,13.06,15.18,122.05,386.49,0.76
100823,2025-07-12,Accessories,E-commerce,East,6,526.34,0.0993,474.05,89.46,26.89,14.32,11.53,142.21,331.83,0.7
100824,2025-07-11,Enterprise Hardware,Partner,Central,10,8664.74,0.1402,7449.56,2219.97,577.1,278.03,351.69,3426.8,4022.76,0.54
100825,2025-07-09,Enterprise Hardware,E-commerce,East,1,889.37,0.0939,805.89,231.85,66.58,36.99,35.3,370.71,435.18,0.54
100826,2025-07-10,Networking,Direct,South,6,4376.6,0.0241,4271.21,1101.65,255.2,194.83,242.22,1793.91,2477.3,0.58
100827,2025-07-02,Accessories,Partner,East,10,883.61,0.0786,814.17,147.23,38.46,26.32,32.24,244.25,569.92,0.7
100828,2025-07-18,Networking,Direct,South,4,2756.95,0.1364,2380.92,638.57,175.82,82.51,103.1,999.99,1380.94,0.58
100829,2025-07-13,Services,E-commerce,West,9,5422.64,0.0232,5296.95,843.36,232.74,125.98,69.19,1271.27,4025.68,0.76
100830,2025-07-25,Services,Direct,West,11,6560.15,0.056,6192.84,914.56,266.51,109.88,195.33,1486.28,4706.56,0.76
100831,2025-07-11,Consumer Devices,E-commerce,West,3,1351.09,0.0225,1320.73,329.77,85.51,41.55,45.05,501.88,818.86,0.62
100832,2025-07-20,Consumer Devices,Direct,Central,7,2899.86,0.0318,2807.55,669.01,201.48,107.91,88.47,1066.87,1740.68,0.62
100833,2025-07-22,Enterprise Hardware,Partner,Central,1,872.37,0.0396,837.86,253.55,67.68,30.56,33.63,385.42,452.45,0.54
100834,2025-07-09,Consumer Devices,E-commerce,East,10,3871.02,0.1386,3334.48,856.64,212.21,106.34,91.91,1267.1,2067.38,0.62
100835,2025-07-16,Software Licenses,E-commerce,South,3,958.54,0.0677,893.69,95.65,26.75,13.15,7.44,142.99,750.7,0.84
100836,2025-07-11,Enterprise Hardware,Direct,South,10,9134.02,0.1448,7811.82,2190.29,598.85,260.8,543.49,3593.44,4218.38,0.54
100837,2025-07-14,Enterprise Hardware,Direct,West,9,7078.24,0.0515,6713.96,1983.6,578.52,239.23,287.07,3088.42,3625.54,0.54
100838,2025-07-09,Enterprise Hardware,Enterprise,South,8,6511.74,0.0695,6059.31,1793.62,485.09,253.99,254.58,2787.28,3272.03,0.54
100839,2025-07-23,Software Licenses,Direct,East,7,2084.39,0.1014,1872.96,203.77,49.03,26.92,19.95,299.67,1573.29,0.84
100840,2025-07-11,Consumer Devices,Direct,South,12,5200.78,0.1259,4546.01,1133.97,247.51,124.02,221.99,1727.48,2818.53,0.62
100841,2025-07-14,Accessories,Enterprise,West,7,686.47,0.135,593.81,116.13,27.25,19.53,15.22,178.14,415.67,0.7
100842,2025-07-23,Software Licenses,Partner,South,5,1589.56,0.0081,1576.62,155.41,41.47,24.67,30.71,252.26,1324.36,0.84
100843,2025-07-16,Accessories,Partner,East,9,900.72,0,900.72,180.3,49.71,25.59,14.61,270.22,630.51,0.7
100844,2025-07-08,Accessories,Partner,Central,10,882.37,0.0259,859.5,167.64,46.93,21.33,21.95,257.85,601.65,0.7
100845,2025-07-08,Consumer Devices,Partner,East,2,806.46,0.0748,746.11,182.79,40.63,21.67,38.44,283.52,462.59,0.62
100846,2025-07-26,Software Licenses,Direct,Central,12,3620.96,0.1419,3107.19,336.22,72.54,50.33,38.06,497.15,2610.04,0.84
100847,2025-07-25,Enterprise Hardware,Partner,Central,12,10407.57,0.075,9627.21,2708.53,739.95,346.83,633.2,4428.52,5198.69,0.54
100848,2025-07-13,Software Licenses,Enterprise,West,8,2497.68,0.0929,2265.69,220.04,63.24,34.62,44.61,362.51,1903.18,0.84
100849,2025-07-17,Consumer Devices,E-commerce,East,8,3536.96,0.0758,3268.85,769.1,201.45,93.49,178.13,1242.16,2026.69,0.62
100850,2025-07-18,Services,E-commerce,West,6,3408.36,0.1165,3011.12,465.65,101.9,74.26,80.85,722.67,2288.45,0.76
100851,2025-07-27,Accessories,Enterprise,South,10,938.75,0.07,873.03,171.79,40.76,18.52,30.84,261.91,611.12,0.7
100852,2025-07-01,Consumer Devices,Direct,South,1,426.46,0.0752,394.37,90.1,23.79,15.88,20.08,149.86,244.51,0.62
100853,2025-07-24,Accessories,Direct,West,3,268.32,0.0704,249.43,48.93,13.23,7.64,5.02,74.83,174.6,0.7
100854,2025-07-20,Enterprise Hardware,Partner,West,7,6098.52,0.0797,5612.19,1705.23,397.08,251.59,227.7,2581.61,3030.58,0.54
100855,2025-07-06,Software Licenses,E-commerce,East,5,1435.47,0.003,1431.18,145.07,34.72,16.03,33.16,228.99,1202.19,0.84
100856,2025-07-20,Networking,Direct,East,11,7305.56,0.0282,7099.35,1821.59,506.27,267.68,386.19,2981.73,4117.62,0.58
100857,2025-07-09,Software Licenses,Direct,South,2,618.67,0.0782,570.31,55.57,13.79,9.74,12.15,91.25,479.06,0.84
100858,2025-07-27,Enterprise Hardware,Enterprise,West,7,6138.01,0.1028,5506.92,1579.05,480.8,207.68,265.64,2533.18,2973.74,0.54
100859,2025-07-19,Accessories,Direct,West,6,609.46,0.1003,548.3,110.95,29.09,15.29,9.16,164.49,383.81,0.7
100860,2025-07-18,Services,Direct,West,6,3591.82,0.1216,3155.13,455.27,125.74,57.79,118.43,757.23,2397.9,0.76
100861,2025-07-11,Software Licenses,E-commerce,East,7,2161.54,0.0482,2057.3,213.19,47.76,26.81,41.41,329.17,1728.14,0.84
100862,2025-07-26,Accessories,Direct,Central,1,91.37,0.1188,80.52,14.76,4.52,2.29,2.58,24.15,56.36,0.7
100863,2025-07-25,Accessories,Enterprise,East,12,1090.19,0.0638,1020.6,192.48,51.84,23.13,38.73,306.18,714.42,0.7
100864,2025-07-15,Accessories,E-commerce,West,6,561.83,0.071,521.93,102.21,28.55,11.25,14.57,156.58,365.35,0.7
100865,2025-07-05,Networking,Partner,East,12,8251.66,0.0378,7939.73,2008.84,632.94,350.48,342.42,3334.69,4605.05,0.58
100866,2025-07-19,Software Licenses,Partner,South,3,970.69,0.0059,964.97,101.52,23.49,13.43,15.95,154.39,810.57,0.84
100867,2025-07-26,Enterprise Hardware,Enterprise,South,5,4059.5,0.0722,3766.56,1121.51,303.89,132.5,174.72,1732.62,2033.94,0.54
100868,2025-07-02,Networking,Enterprise,South,5,3690.65,0.1526,3127.3,855.91,186.52,126.95,144.09,1313.47,1813.83,0.58
100869,2025-07-19,Software Licenses,Enterprise,East,12,3777.4,0.0729,3501.91,366.94,98.47,50.91,43.99,560.31,2941.61,0.84
100870,2025-07-04,Consumer Devices,Partner,Central,9,3524.58,0,3524.58,866.55,196.14,100.66,175.99,1339.34,2185.24,0.62
100871,2025-07-27,Consumer Devices,Direct,East,5,2082.17,0.011,2059.35,477.5,120.43,83.31,101.31,782.55,1276.8,0.62
100872,2025-07-11,Services,Enterprise,South,6,3299.95,0.1067,2947.88,449.7,113.85,61.56,82.38,707.49,2240.39,0.76
100873,2025-07-06,Services,Enterprise,South,1,532.13,0.1147,471.11,74.48,18.95,9.35,10.3,113.07,358.05,0.76
100874,2025-07-27,Networking,Partner,West,2,1342.83,0.0272,1306.27,342.42,87.34,57.63,61.25,548.63,757.64,0.58
100875,2025-07-12,Services,Partner,South,6,3457.38,0.0874,3155.15,469.34,106.39,56.51,125.0,757.24,2397.91,0.76
100876,2025-07-15,Networking,Partner,South,4,2734.56,0.113,2425.58,611.32,170.18,86.73,150.52,1018.74,1406.84,0.58
100877,2025-07-09,Consumer Devices,Direct,East,7,2756.4,0,2756.4,686.65,150.97,94.82,114.99,1047.43,1708.97,0.62
100878,2025-07-01,Networking,Enterprise,Central,8,5429.5,0.0601,5103.12,1351.46,304.56,231.06,256.22,2143.31,2959.81,0.58
100879,2025-07-24,Software Licenses,Enterprise,East,9,2608.53,0.081,2397.29,255.82,72.62,30.6,24.52,383.57,2013.73,0.84
100880,2025-07-07,Consumer Devices,Direct,West,12,4962.68,0.0605,4662.35,1075.43,329.0,163.9,203.36,1771.69,2890.66,0.62
100881,2025-07-10,Software Licenses,E-commerce,East,11,3369.36,0.0522,3193.34,321.63,80.82,45.0,63.48,510.93,2682.4,0.84
100882,2025-07-18,Enterprise Hardware,Direct,West,12,10795.19,0.1027,9686.36,2823.1,805.34,465.0,362.29,4455.72,5230.63,0.54
100883,2025-07-01,Accessories,Direct,East,10,913.48,0.0961,825.69,167.68,41.16,26.86,12.0,247.71,577.99,0.7
100884,2025-07-28,Networking,Direct,South,10,7018.73,0.0399,6738.43,1852.05,525.14,230.98,221.97,2830.14,3908.29,0.58
100885,2025-07-11,Software Licenses,Enterprise,South,3,993.44,0.0394,954.28,100.65,27.56,14.05,10.43,152.68,801.59,0.84
100886,2025-07-20,Enterprise Hardware,Enterprise,South,6,4695.53,0.1091,4183.14,1188.9,277.92,169.25,288.18,1924.25,2258.9,0.54
100887,2025-07-23,Enterprise Hardware,Enterprise,East,1,915.06,0.0223,894.62,278.08,63.17,35.27,35.01,411.53,483.1,0.54
100888,2025-07-14,Enterprise Hardware,Enterprise,Central,3,2576.48,0.1036,2309.67,710.05,171.8,109.51,71.1,1062.45,1247.22,0.54
100889,2025-07-06,Enterprise Hardware,Enterprise,West,5,4070.12,0.1354,3519.07,975.82,294.43,161.04,187.48,1618.77,1900.3,0.54
100890,2025-07-26,Consumer Devices,Partner,West,12,4742.09,0.1084,4228.1,1000.04,259.77,168.13,178.74,1606.68,2621.42,0.62
100891,2025-07-08,Services,E-commerce,West,4,2332.07,0,2332.07,370.13,87.11,46.37,56.09,559.7,1772.37,0.76
100892,2025-07-22,Services,Partner,West,1,586.67,0.0887,534.66,86.3,19.29,13.35,9.38,128.32,406.34,0.76
100893,2025-07-14,Software Licenses,Enterprise,South,5,1656.62,0.0136,1634.01,161.1,38.25,26.5,35.59,261.44,1372.57,0.84
100894,2025-07-20,Accessories,Partner,East,10,885.72,0.042,848.51,159.86,38.06,19.18,37.46,254.55,593.96,0.7
100895,2025-07-08,Accessories,Enterprise,South,10,1010.92,0.1245,885.08,179.63,40.07,24.96,20.87,265.53,619.56,0.7
100896,2025-07-03,Services,Enterprise,South,2,1041.62,0.1007,936.74,139.49,39.95,22.11,23.27,224.82,711.92,0.76
100897,2025-07-22,Enterprise Hardware,Enterprise,South,5,4354.45,0.0993,3922.15,1179.48,295.62,143.01,186.08,1804.19,2117.96,0.54
100898,2025-07-01,Networking,Direct,Central,8,5201.79,0.077,4801.51,1237.37,333.98,171.93,273.36,2016.63,2784.87,0.58
100899,2025-07-11,Accessories,Enterprise,West,10,890.81,0.001,889.96,169.0,48.3,24.65,25.04,266.99,622.97,0.7
100900,2025-07-02,Software Licenses,Direct,East,9,2596.39,0.0608,2438.47,249.09,72.84,30.68,37.56,390.16,2048.32,0.84
100901,2025-07-03,Consumer Devices,Enterprise,East,11,4919.77,0.1162,4348.04,1041.26,235.72,136.43,238.84,1652.25,2695.78,0.62
100902,2025-07-18,Software Licenses,Partner,East,7,2260.44,0.0797,2080.19,214.59,52.16,24.31,41.77,332.83,1747.36,0.84
100903,2025-07-06,Software Licenses,Enterprise,East,11,3453.45,0.1983,2768.56,275.28,81.11,38.81,47.77,442.97,2325.59,0.84
100904,2025-07-18,Accessories,Direct,East,11,1039.14,0.0751,961.07,191.57,41.66,31.03,24.06,288.32,672.75,0.7
100905,2025-07-04,Enterprise Hardware,Direct,Central,6,5366.13,0.0564,5063.49,1532.13,346.24,168.14,282.7,2329.2,2734.28,0.54
100906,2025-07-05,Software Licenses,Direct,West,3,978.05,0.0549,924.39,93.0,21.52,11.39,21.99,147.9,776.49,0.84
100907,2025-07-17,Software Licenses,Partner,East,5,1640.92,0.041,1573.63,162.08,40.8,26.39,22.51,251.78,1321.85,0.84
100908,2025-07-18,Services,Enterprise,East,1,583.23,0.0967,526.86,80.15,18.33,11.29,16.67,126.45,400.41,0.76
100909,2025-07-24,Services,E-commerce,South,2,1124.38,0.0741,1041.08,150.08,41.08,21.21,37.48,249.86,791.22,0.76
100910,2025-07-07,Enterprise Hardware,E-commerce,East,8,6497.51,0.0693,6047.48,1769.57,435.25,213.36,363.67,2781.84,3265.64,0.54
100911,2025-07-25,Software Licenses,Enterprise,West,2,667.85,0.1042,598.28,62.62,16.89,9.22,6.99,95.73,502.56,0.84
100912,2025-07-07,Services,Enterprise,East,6,3553.47,0.105,3180.36,495.89,113.05,54.86,99.5,763.29,2417.07,0.76
100913,2025-07-14,Enterprise Hardware,Enterprise,West,3,2380.03,0.0441,2275.19,680.36,182.15,77.25,106.83,1046.59,1228.6,0.54
100914,2025-07-05,Software Licenses,Enterprise,Central,3,863.26,0.0991,777.73,78.0,19.53,9.68,17.22,124.44,653.3,0.84
100915,2025-07-21,Accessories,E-commerce,South,7,654.91,0.0347,632.21,124.36,33.42,20.3,11.58,189.66,442.55,0.7
100916,2025-07-26,Consumer Devices,Direct,South,6,2347.12,0.0577,2211.8,530.7,156.56,69.66,83.56,840.49,1371.32,0.62
100917,2025-07-01,Software Licenses,Partner,East,5,1646.7,0.0241,1607.02,174.03,38.85,22.72,21.52,257.12,1349.9,0.84
100918,2025-07-14,Software Licenses,Direct,West,5,1581.81,0.1016,1421.07,144.99,34.15,24.83,23.39,227.37,1193.7,0.84
100919,2025-07-19,Consumer Devices,Partner,East,9,3504.98,0,3504.98,836.76,225.27,109.2,160.67,1331.89,2173.09,0.62
100920,2025-07-21,Enterprise Hardware,Partner,East,9,7642.16,0.0838,7001.38,2037.49,553.63,257.93,371.59,3220.64,3780.75,0.54
100921,2025-07-27,Software Licenses,E-commerce,West,7,2291.93,0.0489,2179.85,219.57,59.58,32.13,37.49,348.78,1831.07,0.84
100922,2025-07-09,Consumer Devices,Enterprise,South,9,3613.96,0.0495,3434.97,854.25,195.1,109.0,146.93,1305.29,2129.68,0.62
100923,2025-07-27,Enterprise Hardware,E-commerce,East,10,8496.3,0.1074,7584.16,2160.25,589.52,272.51,466.44,3488.71,4095.45,0.54
100924,2025-07-07,Accessories,Enterprise,Central,5,458.06,0.0759,423.29,81.64,22.14,8.98,14.23,126.99,296.3,0.7
100925,2025-07-05,Consumer Devices,E-commerce,South,11,4717.09,0.0311,4570.44,1133.95,268.75,134.92,199.14,1736.77,2833.67,0.62
100926,2025-07-20,Networking,E-commerce,Central,9,6014.7,0,6014.7,1688.49,395.98,230.76,210.94,2526.17,3488.53,0.58
100927,2025-07-08,Accessories,Partner,South,3,275.36,0.0972,248.61,50.06,10.96,6.85,6.72,74.58,174.03,0.7
100928,2025-07-24,Software Licenses,E-commerce,South,2,579.92,0.1009,521.4,54.07,14.38,6.99,7.99,83.42,437.98,0.84
100929,2025-07-08,Software Licenses,Direct,South,9,2850.46,0.0561,2690.55,265.58,80.7,43.0,41.21,430.49,2260.06,0.84
100930,2025-07-05,Services,E-commerce,East,3,1582.43,0.0843,1449.08,218.74,49.33,32.91,46.8,347.78,1101.3,0.76
100931,2025-07-05,Services,Direct,South,10,5226.86,0.0585,4921.03,776.06,215.68,107.86,81.45,1181.05,3739.98,0.76
100932,2025-07-08,Accessories,Enterprise,South,7,709.81,0.0746,656.87,127.41,32.95,13.94,22.76,197.06,459.81,0.7
100933,2025-07-13,Software Licenses,Partner,West,3,859.47,0.0253,837.74,87.82,21.88,14.09,10.25,134.04,703.7,0.84
100934,2025-07-05,Networking,Enterprise,Central,11,7588.72,0.0592,7139.26,1843.76,521.3,213.41,420.02,2998.49,4140.77,0.58
100935,2025-07-08,Enterprise Hardware,Direct,South,10,8428.32,0.0615,7910.35,2372.24,632.3,352.29,281.93,3638.76,4271.59,0.54
100936,2025-07-10,Software Licenses,Direct,West,5,1644.6,0.0632,1540.72,155.13,42.78,24.62,23.99,246.52,1294.21,0.84
100937,2025-07-06,Services,E-commerce,East,4,2320.16,0.0802,2134.08,321.95,73.14,45.37,71.73,512.18,1621.9,0.76
100938,2025-07-05,Enterprise Hardware,Partner,Central,5,3912.98,0.0846,3581.99,1026.03,306.52,157.44,157.73,1647.71,1934.27,0.54
100939,2025-07-12,Accessories,Direct,East,3,274.83,0.0429,263.03,53.42,13.07,8.07,4.35,78.91,184.12,0.7
100940,2025-07-10,Enterprise Hardware,E-commerce,West,2,1726.38,0.1068,1542.08,449.79,118.65,58.89,82.03,709.36,832.72,0.54
100941,2025-07-03,Accessories,Direct,East,5,453.95,0.1067,405.49,74.77,17.54,12.04,17.3,121.65,283.85,0.7
100942,2025-07-13,Software Licenses,Direct,West,7,2338.21,0.0315,2264.62,238.79,52.84,39.38,31.34,362.34,1902.28,0.84
100943,2025-07-16,Enterprise Hardware,Enterprise,South,11,8617.69,0.1451,7367.26,2202.09,523.52,262.46,400.88,3388.94,3978.32,0.54
100944,2025-07-03,Services,Enterprise,Central,2,1125.33,0.1299,979.16,153.69,39.53,16.85,24.93,235.0,744.16,0.76
100945,2025-07-06,Services,Partner,East,5,2931.18,0.1065,2618.91,391.85,110.19,51.76,74.74,628.54,1990.37,0.76
100946,2025-08-24,Software Licenses,Enterprise,West,10,3307.99,0.1366,2856.19,309.42,77.69,35.4,34.49,456.99,2399.2,0.84
100947,2025-08-04,Enterprise Hardware,E-commerce,South,4,3552.7,0.1433,3043.55,893.35,258.62,134.92,113.14,1400.03,1643.52,0.54
100948,2025-08-04,Consumer Devices,Direct,East,11,4476.06,0.0865,4089.08,947.22,272.04,118.92,215.67,1553.85,2535.23,0.62
100949,2025-08-14,Enterprise Hardware,E-commerce,East,9,7680.51,0.0365,7400.52,2087.47,481.29,322.95,512.53,3404.24,3996.28,0.54
100950,2025-08-28,Software Licenses,E-commerce,Central,9,2835.05,0.0903,2579.13,276.07,62.83,38.83,34.92,412.66,2166.47,0.84
100951,2025-08-05,Consumer Devices,Partner,Central,9,3941.8,0.0564,3719.45,857.23,244.95,141.27,169.94,1413.39,2306.06,0.62
100952,2025-08-24,Software Licenses,Partner,South,10,3289.2,0.0788,3029.99,315.23,72.36,52.39,44.81,484.8,2545.19,0.84
100953,2025-08-07,Accessories,Enterprise,South,4,385.84,0.0731,357.65,65.43,16.58,8.55,16.73,107.3,250.36,0.7
100954,2025-08-11,Software Licenses,Direct,South,5,1500.45,0.1207,1319.32,133.0,38.58,16.55,22.96,211.09,1108.23,0.84
100955,2025-08-21,Networking,Direct,South,3,1950.64,0.118,1720.53,460.06,123.27,68.5,70.8,722.62,997.91,0.58
100956,2025-08-22,Software Licenses,E-commerce,South,4,1237.69,0.1349,1070.78,103.64,28.52,16.85,22.31,171.32,899.45,0.84
100957,2025-08-27,Accessories,Enterprise,West,11,1103.18,0.092,1001.7,187.05,45.07,24.55,43.83,300.51,701.19,0.7
100958,2025-08-09,Services,Direct,West,3,1642.31,0.0633,1538.38,229.27,54.9,34.76,50.29,369.21,1169.17,0.76
100959,2025-08-20,Accessories,Direct,Central,9,884.82,0.032,856.47,164.53,44.65,23.27,24.48,256.94,599.53,0.7
100960,2025-08-08,Consumer Devices,Direct,West,8,3098.63,0,3098.63,798.21,176.1,122.14,81.02,1177.48,1921.15,0.62
100961,2025-08-04,Networking,Enterprise,West,12,8449.39,0,8449.39,2150.57,536.28,254.74,607.15,3548.74,4900.65,0.58
100962,2025-08-14,Enterprise Hardware,Partner,East,11,10096.53,0.1268,8816.78,2501.79,702.37,387.88,463.67,4055.72,4761.06,0.54
100963,2025-08-07,Enterprise Hardware,Partner,Central,6,4783.76,0.0542,4524.65,1309.33,391.01,212.06,168.95,2081.34,2443.31,0.54
100964,2025-08-09,Software Licenses,Direct,West,7,2002.69,0.0175,1967.71,194.81,47.35,26.58,46.1,314.83,1652.88,0.84
100965,2025-08-15,Software Licenses,Partner,East,10,3060.44,0.0895,2786.41,271.84,82.62,45.3,46.06,445.83,2340.58,0.84
100966,2025-08-28,Consumer Devices,Enterprise,West,5,1941.44,0.0797,1786.65,413.53,112.36,48.98,104.06,678.93,1107.72,0.62
100967,2025-08-27,Services,Direct,Central,2,1099.78,0.1199,967.92,142.92,42.09,23.55,23.74,232.3,735.62,0.76
100968,2025-08-12,Networking,Enterprise,West,4,2896.78,0.0307,2807.85,789.98,196.85,119.17,73.3,1179.3,1628.56,0.58
100969,2025-08-26,Enterprise Hardware,Enterprise,West,1,899.23,0,899.23,279.08,68.58,42.4,23.59,413.65,485.58,0.54
100970,2025-08-04,Consumer Devices,Partner,Central,2,780.66,0.1283,680.53,157.74,39.78,28.06,33.02,258.6,421.93,0.62
100971,2025-08-18,Consumer Devices,Enterprise,East,1,448.54,0.0711,416.65,100.9,29.39,14.98,13.06,158.33,258.32,0.62
100972,2025-08-16,Accessories,Direct,South,6,603.48,0.1089,537.76,99.64,26.91,11.35,23.42,161.33,376.43,0.7
100973,2025-08-04,Enterprise Hardware,Direct,East,2,1712.33,0.0584,1612.34,484.35,110.91,60.78,85.64,741.68,870.66,0.54
100974,2025-08-05,Accessories,Partner,East,11,1110.1,0.0803,1020.99,191.0,46.24,28.57,40.48,306.3,714.69,0.7
100975,2025-08-03,Networking,Partner,Central,11,7501.6,0.0974,6770.95,1861.61,418.45,293.01,270.73,2843.8,3927.15,0.58
100976,2025-08-18,Consumer Devices,Direct,West,5,1942.69,0.0485,1848.53,438.29,115.2,58.54,90.42,702.44,1146.09,0.62
100977,2025-08-24,Networking,Enterprise,South,3,1959.46,0.1356,1693.73,456.73,107.17,78.05,69.42,711.37,982.36,0.58
100978,2025-08-04,Enterprise Hardware,Enterprise,East,2,1763.6,0.0707,1638.93,486.63,111.34,56.73,99.2,753.91,885.02,0.54
100979,2025-08-25,Networking,Direct,West,9,6461.04,0.0293,6271.41,1718.88,412.18,203.49,299.45,2633.99,3637.42,0.58
100980,2025-08-07,Software Licenses,Direct,Central,4,1146.59,0.092,1041.07,108.24,24.71,14.95,18.68,166.57,874.5,0.84
100981,2025-08-23,Services,Direct,South,2,1121.67,0,1121.67,178.06,50.76,19.14,21.24,269.2,852.47,0.76
100982,2025-08-27,Services,Partner,South,7,4065.32,0.0818,3732.83,604.04,148.21,71.9,71.73,895.88,2836.95,0.76
100983,2025-08-24,Accessories,Direct,Central,11,1120.2,0.0608,1052.08,210.89,55.0,34.08,15.66,315.62,736.46,0.7
100984,2025-08-11,Software Licenses,Enterprise,West,5,1461.3,0.0881,1332.56,133.69,37.77,20.46,21.29,213.21,1119.35,0.84
100985,2025-08-03,Networking,Direct,South,4,2569.65,0.0852,2350.67,608.19,161.55,81.95,135.6,987.28,1363.39,0.58
100986,2025-08-14,Software Licenses,E-commerce,West,4,1267.56,0.1644,1059.2,103.1,27.7,16.67,22.0,169.47,889.73,0.84
100987,2025-08-16,Consumer Devices,Direct,East,11,4928.69,0.13,4288.13,1072.24,248.64,152.1,156.5,1629.49,2658.64,0.62
100988,2025-08-17,Enterprise Hardware,Partner,East,12,9610.04,0.0858,8785.77,2656.46,715.24,327.01,342.75,4041.46,4744.32,0.54
100989,2025-08-21,Enterprise Hardware,Partner,East,3,2616.13,0.0675,2439.57,739.82,188.32,84.74,109.31,1122.2,1317.37,0.54
100990,2025-08-26,Consumer Devices,Direct,South,8,3497.95,0.0425,3349.17,840.55,178.34,106.5,147.3,1272.69,2076.49,0.62
100991,2025-08-14,Networking,E-commerce,South,9,5927.75,0.0554,5599.45,1484.28,412.38,175.56,279.55,2351.77,3247.68,0.58
100992,2025-08-26,Consumer Devices,Partner,South,11,4881.54,0.0478,4648.24,1076.72,306.16,127.41,256.04,1766.33,2881.91,0.62
100993,2025-08-20,Consumer Devices,Direct,East,6,2527.46,0.1245,2212.74,559.51,145.52,82.5,53.31,840.84,1371.9,0.62
100994,2025-08-15,Accessories,Direct,South,1,90.6,0.1012,81.43,14.75,4.54,2.17,2.96,24.43,57.0,0.7
100995,2025-08-04,Consumer Devices,Partner,South,8,3171.21,0.0838,2905.49,707.89,201.83,106.26,88.11,1104.09,1801.41,0.62
100996,2025-08-04,Accessories,Partner,South,2,201.02,0.1079,179.32,32.63,7.68,3.85,9.63,53.8,125.53,0.7
100997,2025-08-03,Consumer Devices,E-commerce,West,12,4789.62,0.0269,4660.65,1169.84,299.39,164.75,137.07,1771.05,2889.6,0.62
100998,2025-08-23,Networking,Direct,East,1,718.44,0.09,653.81,174.26,49.12,29.57,21.64,274.6,379.21,0.58
100999,2025-08-15,Networking,Enterprise,South,2,1484.61,0,1484.61,410.8,90.28,53.76,68.7,623.53,861.07,0.58
101000,2025-08-07,Consumer Devices,Partner,West,3,1194.05,0.0723,1107.71,260.82,66.17,31.31,62.63,420.93,686.78,0.62
101001,2025-08-28,Enterprise Hardware,Direct,East,9,7925.3,0.1641,6624.66,1888.42,520.2,230.7,408.02,3047.34,3577.32,0.54
101002,2025-08-15,Enterprise Hardware,Direct,West,6,5314.3,0.0963,4802.53,1365.58,342.4,224.0,277.19,2209.16,2593.36,0.54
101003,2025-08-11,Networking,Direct,Central,5,3527.55,0.09,3210.22,866.35,225.5,119.0,137.44,1348.29,1861.93,0.58
101004,2025-08-26,Consumer Devices,Partner,West,7,3131.72,0.1008,2815.99,646.25,172.77,102.76,148.3,1070.08,1745.92,0.62
101005,2025-08-14,Networking,Enterprise,Central,12,7859.55,0.1048,7036.2,1783.69,466.73,228.93,475.85,2955.2,4080.99,0.58
101006,2025-08-20,Software Licenses,E-commerce,East,10,2997.05,0.1156,2650.5,288.0,60.59,43.23,32.26,424.08,2226.42,0.84
101007,2025-08-11,Accessories,Enterprise,West,6,545.87,0.0569,514.82,96.61,24.15,14.4,19.29,154.45,360.38,0.7
101008,2025-08-26,Networking,Direct,West,11,7407.31,0.0363,7138.19,1848.36,428.77,290.92,429.99,2998.04,4140.15,0.58
101009,2025-08-26,Networking,Enterprise,East,1,661.54,0.0463,630.92,168.85,42.52,19.14,34.49,264.99,365.93,0.58
101010,2025-08-10,Software Licenses,Enterprise,West,3,951.91,0.1051,851.9,88.39,25.47,12.11,10.34,136.3,715.6,0.84
101011,2025-08-28,Enterprise Hardware,Direct,South,7,5619.73,0.0822,5158.06,1514.13,374.69,225.85,258.04,2372.71,2785.35,0.54
101012,2025-08-25,Services,Enterprise,Central,2,1206.31,0.0707,1120.98,182.52,43.2,26.3,17.01,269.04,851.95,0.76
101013,2025-08-05,Consumer Devices,Partner,Central,1,437.71,0.0675,408.15,104.52,23.69,14.31,12.57,155.1,253.05,0.62
101014,2025-08-13,Enterprise Hardware,Direct,Central,5,4334.36,0.0582,4082.19,1168.85,350.54,206.37,152.04,1877.81,2204.38,0.54
101015,2025-08-23,Consumer Devices,Partner,South,12,4998.25,0.1326,4335.48,994.0,246.09,115.49,291.9,1647.48,2688.0,0.62
101016,2025-08-03,Enterprise Hardware,Direct,West,3,2369.41,0.1077,2114.32,643.64,142.42,100.54,85.99,972.59,1141.73,0.54
101017,2025-08-02,Accessories,Enterprise,West,4,397.02,0.061,372.82,67.37,21.05,9.87,13.56,111.85,260.97,0.7
101018,2025-08-23,Enterprise Hardware,Direct,West,2,1674.4,0.0967,1512.43,426.99,106.94,70.09,91.7,695.72,816.71,0.54
101019,2025-08-16,Networking,Direct,South,10,7305.29,0.1198,6430.35,1674.42,487.58,201.33,337.42,2700.75,3729.6,0.58
101020,2025-08-14,Networking,Direct,West,10,6885.76,0.0715,6393.38,1825.34,438.31,192.18,229.39,2685.22,3708.16,0.58
101021,2025-08-27,Software Licenses,Partner,West,5,1640.16,0.1307,1425.71,147.01,35.11,23.17,22.82,228.11,1197.6,0.84
101022,2025-08-12,Networking,Partner,West,6,3929.08,0.1174,3467.62,918.74,248.44,158.06,131.17,1456.4,2011.22,0.58
101023,2025-08-05,Accessories,Partner,West,11,1073.91,0.0882,979.2,195.84,45.01,29.11,23.8,293.76,685.44,0.7
101024,2025-08-21,Services,E-commerce,West,9,5342.39,0,5342.39,833.53,243.09,136.39,69.16,1282.17,4060.21,0.76
101025,2025-08-06,Enterprise Hardware,Partner,South,10,9140.86,0.1114,8122.55,2430.34,632.05,348.64,325.34,3736.37,4386.18,0.54
101026,2025-08-14,Enterprise Hardware,E-commerce,East,8,7126.78,0.0804,6553.9,2000.18,531.38,222.49,260.75,3014.8,3539.11,0.54
101027,2025-08-23,Consumer Devices,Enterprise,South,7,2857.57,0.0467,2724.01,668.57,146.94,100.78,118.83,1035.12,1688.89,0.62
101028,2025-08-19,Networking,E-commerce,East,7,4834.96,0.0584,4552.53,1155.84,308.22,156.25,291.74,1912.06,2640.47,0.58
101029,2025-08-28,Enterprise Hardware,Direct,West,6,4812.17,0.0559,4543.3,1385.94,355.56,174.53,173.89,2089.92,2453.38,0.54
101030,2025-08-02,Software Licenses,Direct,West,2,592.99,0.0501,563.3,55.51,15.09,8.67,10.85,90.13,473.17,0.84
101031,2025-08-25,Consumer Devices,E-commerce,East,3,1354.16,0.0715,1257.27,299.88,87.37,40.7,49.81,477.76,779.51,0.62
101032,2025-08-19,Consumer Devices,E-commerce,West,4,1640.07,0.0656,1532.55,380.48,83.38,41.29,77.23,582.37,950.18,0.62
101033,2025-08-22,Consumer Devices,Partner,East,1,424.56,0.0069,421.63,99.32,23.6,12.77,24.52,160.22,261.41,0.62
101034,2025-08-01,Enterprise Hardware,Enterprise,Central,5,4191.3,0.0347,4046.02,1261.05,320.02,193.25,86.84,1861.17,2184.85,0.54
101035,2025-08-28,Consumer Devices,Partner,Central,8,3335.47,0.0873,3044.32,712.84,166.64,81.83,195.53,1156.84,1887.48,0.62
101036,2025-08-12,Networking,E-commerce,East,7,4638.01,0.0501,4405.57,1235.44,343.26,160.3,111.34,1850.34,2555.23,0.58
101037,2025-08-05,Enterprise Hardware,Direct,South,9,7760.74,0.0831,7115.74,1972.1,509.75,256.26,535.13,3273.24,3842.5,0.54
101038,2025-08-15,Enterprise Hardware,Direct,West,10,8719.41,0.1122,7740.81,2266.15,572.78,252.36,469.47,3560.77,4180.04,0.54
101039,2025-08-13,Consumer Devices,Direct,South,10,3878.3,0.0573,3656.03,930.42,232.28,104.74,121.85,1389.29,2266.74,0.62
101040,2025-08-03,Services,E-commerce,East,1,563.46,0.0706,523.67,78.6,22.06,11.3,13.72,125.68,397.99,0.76
101041,2025-08-18,Networking,Direct,East,1,692.2,0.067,645.83,179.8,41.55,28.19,21.72,271.25,374.58,0.58
101042,2025-08-23,Enterprise Hardware,Partner,South,4,3146.3,0.1075,2808.12,777.2,219.87,115.06,179.6,1291.73,1516.38,0.54
101043,2025-08-21,Accessories,Partner,West,3,304.18,0.0407,291.81,53.22,13.95,6.52,13.86,87.54,204.26,0.7
101044,2025-08-22,Services,Direct,Central,6,3113.88,0.0635,2916.03,430.07,106.2,63.94,99.63,699.85,2216.18,0.76
101045,2025-08-18,Software Licenses,E-commerce,East,2,648.44,0.0815,595.57,61.81,13.38,6.67,13.43,95.29,500.28,0.84
101046,2025-08-13,Accessories,Partner,Central,10,975.06,0.1253,852.84,168.5,39.76,25.19,22.39,255.85,596.99,0.7
101047,2025-08-02,Services,E-commerce,West,10,5516.66,0.1091,4914.9,746.72,221.73,118.87,92.27,1179.58,3735.32,0.76
101048,2025-08-27,Networking,Partner,West,6,4108.98,0.1338,3559.22,951.1,241.25,142.07,160.45,1494.87,2064.35,0.58
101049,2025-08-04,Accessories,Direct,West,4,352.61,0.121,309.96,61.61,15.41,8.12,7.84,92.99,216.97,0.7
101050,2025-08-17,Software Licenses,Direct,Central,3,890.49,0.0912,809.28,87.93,22.44,12.45,6.67,129.49,679.8,0.84
101051,2025-08-28,Services,Partner,South,7,4084.35,0.0546,3861.17,601.96,153.85,75.25,95.63,926.68,2934.49,0.76
101052,2025-08-22,Enterprise Hardware,Direct,South,7,6397.63,0.034,6180.18,1895.56,414.91,262.4,270.02,2842.88,3337.29,0.54
101053,2025-08-10,Accessories,Direct,East,6,607.12,0.0483,577.81,114.12,31.3,13.45,14.47,173.34,404.47,0.7
101054,2025-08-15,Accessories,Direct,South,8,762.7,0.1307,663.04,125.24,28.26,20.13,25.29,198.91,464.13,0.7
101055,2025-08-19,Software Licenses,Partner,South,8,2492.69,0.0978,2249.03,243.63,62.16,28.64,25.41,359.84,1889.18,0.84
101056,2025-08-26,Software Licenses,Direct,East,9,2803.2,0.0843,2566.81,272.55,60.42,45.07,32.64,410.69,2156.12,0.84
101057,2025-08-07,Consumer Devices,E-commerce,South,5,2047.7,0.1059,1830.91,436.41,124.43,59.77,75.14,695.75,1135.16,0.62
101058,2025-08-18,Accessories,E-commerce,East,10,961.46,0.1707,797.29,150.35,34.81,19.36,34.67,239.19,558.1,0.7
101059,2025-08-10,Services,Direct,East,8,4187.95,0.0976,3779.15,545.54,166.06,90.99,104.41,907.0,2872.16,0.76
101060,2025-08-11,Software Licenses,Enterprise,East,7,2252.19,0.0047,2241.65,215.93,59.92,33.46,49.35,358.66,1882.99,0.84
101061,2025-08-15,Accessories,Partner,West,8,735.23,0.0102,727.77,134.31,37.36,16.77,29.88,218.33,509.44,0.7
101062,2025-08-07,Accessories,Direct,West,4,398.44,0.1695,330.92,64.07,18.63,9.48,7.1,99.28,231.65,0.7
101063,2025-08-01,Accessories,Enterprise,West,6,595.58,0.0546,563.06,106.23,27.43,16.34,18.92,168.92,394.14,0.7
101064,2025-08-17,Software Licenses,Enterprise,South,3,868.24,0.0181,852.54,85.82,20.67,10.55,19.36,136.41,716.14,0.84
101065,2025-08-11,Networking,Direct,Central,9,6649.72,0.0403,6381.81,1685.59,459.16,240.58,295.03,2680.36,3701.45,0.58
101066,2025-08-03,Software Licenses,Direct,East,12,3452.34,0.0947,3125.39,316.72,70.48,48.94,63.92,500.06,2625.33,0.84
101067,2025-08-11,Software Licenses,Direct,Central,8,2623.74,0.0854,2399.7,252.2,60.59,29.3,41.86,383.95,2015.74,0.84
101068,2025-08-10,Software Licenses,Partner,Central,4,1152.97,0.1041,1032.97,107.71,24.81,15.54,17.21,165.28,867.7,0.84
101069,2025-08-06,Services,Direct,West,1,548.12,0.1104,487.62,79.29,21.39,10.23,6.12,117.03,370.59,0.76
101070,2025-08-19,Software Licenses,E-commerce,East,3,1001.97,0.0136,988.33,96.04,26.03,12.34,23.72,158.13,830.2,0.84
101071,2025-08-01,Consumer Devices,Enterprise,East,5,2239.4,0.0374,2155.56,518.77,139.35,68.46,92.54,819.11,1336.45,0.62
101072,2025-08-07,Enterprise Hardware,Direct,Central,1,824.86,0,824.86,253.24,62.46,36.5,27.24,379.44,445.43,0.54
101073,2025-08-22,Enterprise Hardware,Partner,East,9,7440.78,0.0179,7307.34,2132.58,496.79,243.25,488.76,3361.38,3945.96,0.54
101074,2025-08-09,Consumer Devices,Partner,East,4,1694.22,0,1694.22,399.82,101.57,67.39,75.02,643.8,1050.42,0.62
101075,2025-08-27,Services,E-commerce,East,5,2891.8,0.1023,2596.08,398.64,95.69,44.78,83.94,623.06,1973.02,0.76
101076,2025-08-01,Accessories,Partner,East,2,176.85,0.0992,159.32,28.72,6.86,4.88,7.33,47.79,111.52,0.7
101077,2025-08-04,Networking,E-commerce,South,11,7034.32,0.119,6197.5,1566.54,382.09,245.97,408.34,2602.95,3594.55,0.58
101078,2025-08-16,Accessories,E-commerce,West,5,511.67,0.1211,449.72,83.58,24.48,11.38,15.48,134.92,314.81,0.7
101079,2025-08-11,Services,Enterprise,East,1,565.13,0.0421,541.36,78.65,22.05,13.01,16.21,129.93,411.44,0.76
101080,2025-08-08,Consumer Devices,E-commerce,Central,4,1784.15,0.0686,1661.68,394.76,104.74,65.31,66.63,631.44,1030.24,0.62
101081,2025-09-07,Networking,Partner,East,4,2899.57,0.0449,2769.5,756.25,200.65,116.33,89.97,1163.19,1606.31,0.58
101082,2025-09-14,Services,Partner,East,9,4815.14,0.0578,4536.62,718.32,188.88,99.78,81.82,1088.79,3447.83,0.76
101083,2025-09-08,Consumer Devices,Direct,East,3,1353.37,0.0678,1261.6,290.31,68.87,47.64,72.59,479.41,782.19,0.62
101084,2025-09-02,Networking,Partner,East,12,8078.84,0.0536,7645.66,2096.78,539.4,344.84,230.15,3211.18,4434.48,0.58
101085,2025-09-10,Consumer Devices,Enterprise,East,1,411.54,0.1386,354.5,90.51,25.36,10.08,8.76,134.71,219.79,0.62
101086,2025-09-24,Services,E-commerce,East,7,3990.42,0.1429,3420.21,532.76,154.6,90.09,43.41,820.85,2599.36,0.76
101087,2025-09-19,Services,Partner,West,4,2163.78,0.0219,2116.46,306.04,76.42,37.97,87.52,507.95,1608.51,0.76
101088,2025-09-08,Services,Enterprise,Central,8,4478.52,0.0388,4304.66,660.42,147.47,100.49,124.73,1033.12,3271.54,0.76
101089,2025-09-14,Software Licenses,E-commerce,East,3,871.38,0.1478,742.56,77.5,19.48,10.64,11.19,118.81,623.75,0.84
101090,2025-09-05,Enterprise Hardware,Direct,South,2,1717.3,0.0494,1632.45,456.85,142.15,71.01,80.91,750.93,881.52,0.54
101091,2025-09-08,Software Licenses,Enterprise,Central,5,1464.99,0.1369,1264.39,122.41,37.24,14.52,28.13,202.3,1062.09,0.84
101092,2025-09-13,Services,Partner,Central,8,4743.8,0.0966,4285.66,629.81,179.02,108.71,111.01,1028.56,3257.1,0.76
101093,2025-09-21,Networking,Direct,South,2,1277.37,0.0121,1261.95,346.68,80.51,54.98,47.85,530.02,731.93,0.58
101094,2025-09-12,Consumer Devices,E-commerce,Central,1,396.74,0.1019,356.33,86.67,25.36,12.4,10.97,135.4,220.92,0.62
101095,2025-09-15,Networking,Direct,East,6,4227.03,0,4227.03,1197.89,277.78,168.43,131.26,1775.35,2451.68,0.58
101096,2025-09-04,Consumer Devices,Direct,West,1,416.02,0.0448,397.38,94.85,27.29,11.62,17.24,151.0,246.37,0.62
101097,2025-09-12,Enterprise Hardware,Partner,East,2,1777.67,0.1157,1572.01,441.26,121.42,72.34,88.11,723.13,848.89,0.54
101098,2025-09-14,Software Licenses,E-commerce,West,1,320.83,0,320.83,33.35,9.28,4.84,3.87,51.33,269.5,0.84
101099,2025-09-01,Consumer Devices,Direct,East,1,404.2,0.1263,353.15,84.03,22.86,12.12,15.19,134.2,218.95,0.62
101100,2025-09-06,Services,Enterprise,East,9,4701.06,0.1127,4171.06,678.18,142.74,92.43,87.7,1001.05,3170.0,0.76
101101,2025-09-28,Consumer Devices,Partner,East,4,1564.72,0.1216,1374.42,315.04,86.47,48.53,72.24,522.28,852.14,0.62
101102,2025-09-03,Software Licenses,E-commerce,West,11,3539.28,0.0398,3398.4,326.94,93.22,40.4,83.19,543.74,2854.66,0.84
101103,2025-09-09,Software Licenses,Direct,Central,7,2177.07,0.093,1974.57,201.83,45.7,28.91,39.49,315.93,1658.64,0.84
101104,2025-09-22,Networking,E-commerce,East,5,3329.27,0,3329.27,889.27,257.43,138.34,113.26,1398.3,1930.98,0.58
101105,2025-09-21,Accessories,Enterprise,West,1,95.6,0.0784,88.11,17.15,4.62,2.81,1.85,26.43,61.68,0.7
101106,2025-09-10,Enterprise Hardware,Partner,West,11,9429.21,0.1372,8135.17,2301.98,627.84,328.62,483.74,3742.18,4392.99,0.54
101107,2025-09-25,Consumer Devices,E-commerce,West,11,4439.17,0.0367,4276.36,1010.15,296.07,139.75,179.05,1625.01,2651.34,0.62
101108,2025-09-25,Software Licenses,Direct,South,1,288.52,0.1526,244.5,24.67,5.86,3.95,4.63,39.12,205.38,0.84
101109,2025-09-19,Software Licenses,Direct,Central,5,1578.13,0.1454,1348.71,140.17,35.29,22.28,18.06,215.79,1132.91,0.84
101110,2025-09-23,Networking,Partner,Central,5,3191.39,0.1227,2799.72,750.45,195.93,106.78,122.72,1175.88,1623.84,0.58
101111,2025-09-13,Networking,Partner,South,5,3689.77,0.0854,3374.79,953.53,247.07,112.9,103.91,1417.41,1957.38,0.58
101112,2025-09-13,Services,Direct,South,9,4756.25,0.148,4052.47,597.31,153.5,81.94,139.84,972.59,3079.88,0.76
101113,2025-09-05,Consumer Devices,Direct,East,1,410.81,0.0885,374.46,88.59,20.41,13.13,20.17,142.29,232.16,0.62
101114,2025-09-01,Services,Direct,East,5,2653.03,0.1124,2354.83,357.69,88.13,40.32,79.01,565.16,1789.67,0.76
101115,2025-09-03,Networking,Partner,West,1,726.69,0,726.69,192.81,56.39,21.47,34.54,305.21,421.48,0.58
101116,2025-09-13,Enterprise Hardware,Enterprise,West,11,8951.82,0.1014,8043.76,2322.35,519.34,355.46,502.97,3700.13,4343.63,0.54
101117,2025-09-03,Consumer Devices,Enterprise,Central,8,3610.55,0.0984,3255.15,786.62,190.4,118.8,141.14,1236.96,2018.19,0.62
101118,2025-09-25,Consumer Devices,Enterprise,West,9,3857.07,0.0504,3662.55,867.71,203.54,116.71,203.82,1391.77,2270.78,0.62
101119,2025-09-17,Networking,Direct,West,10,6916.98,0.0618,6489.72,1705.56,446.77,260.99,312.36,2725.68,3764.04,0.58
101120,2025-09-25,Consumer Devices,Enterprise,West,10,4391.22,0.1371,3789.22,907.29,242.38,119.99,170.24,1439.9,2349.32,0.62
101121,2025-09-14,Accessories,Direct,East,10,1008.62,0.0953,912.5,172.09,49.25,21.23,31.18,273.75,638.75,0.7
101122,2025-09-18,Software Licenses,E-commerce,East,6,1900.47,0.0861,1736.88,171.53,39.73,27.25,39.39,277.9,1458.98,0.84
101123,2025-09-28,Enterprise Hardware,Partner,East,4,3191.65,0.0908,2901.77,884.71,194.1,132.22,123.78,1334.82,1566.96,0.54
101124,2025-09-16,Software Licenses,E-commerce,Central,2,598.79,0.0476,570.3,61.22,16.57,8.84,4.61,91.25,479.06,0.84
101125,2025-09-15,Networking,Partner,South,4,2663.95,0.059,2506.72,682.73,150.59,76.47,143.03,1052.82,1453.9,0.58
101126,2025-09-11,Services,Partner,South,1,575.3,0.1031,515.98,75.1,18.47,11.41,18.85,123.84,392.15,0.76
101127,2025-09-02,Services,Enterprise,East,3,1590.23,0.0904,1446.46,222.17,64.03,32.13,28.82,347.15,1099.31,0.76
101128,2025-09-14,Enterprise Hardware,Enterprise,West,6,4840.37,0.1517,4106.17,1137.97,335.44,167.19,248.24,1888.84,2217.33,0.54
101129,2025-09-20,Services,Partner,South,7,4150.71,0.082,3810.47,584.21,161.52,97.48,71.3,914.51,2895.95,0.76
101130,2025-09-05,Enterprise Hardware,E-commerce,East,3,2563.91,0.0349,2474.35,698.95,210.82,91.58,136.85,1138.2,1336.15,0.54
101131,2025-09-14,Networking,Partner,Central,1,728.69,0.1096,648.83,170.8,40.84,21.6,39.26,272.51,376.32,0.58
101132,2025-09-02,Accessories,Enterprise,Central,11,1027.01,0,1027.01,198.23,57.09,33.55,19.23,308.1,718.9,0.7
101133,2025-09-21,Networking,Partner,East,8,5774.8,0.0495,5489.14,1385.33,417.23,204.68,298.19,2305.44,3183.7,0.58
101134,2025-09-12,Networking,E-commerce,Central,4,2805.55,0.0948,2539.62,689.11,150.45,101.7,125.37,1066.64,1472.98,0.58
101135,2025-09-19,Software Licenses,Partner,Central,9,2748.71,0.0224,2687.19,284.92,66.84,42.13,36.06,429.95,2257.24,0.84
101136,2025-09-10,Consumer Devices,Enterprise,South,8,3390.17,0,3390.17,833.44,228.71,99.98,126.14,1288.26,2101.9,0.62
101137,2025-09-15,Networking,Partner,South,12,7676.82,0,7676.82,1936.76,533.09,331.85,422.56,3224.27,4452.56,0.58
101138,2025-09-05,Networking,Direct,West,10,6570.76,0.1113,5839.31,1557.57,433.3,203.34,258.3,2452.51,3386.8,0.58
101139,2025-09-17,Enterprise Hardware,E-commerce,East,3,2684.13,0.0588,2526.24,740.3,198.68,112.83,110.27,1162.07,1364.17,0.54
101140,2025-09-16,Services,Direct,Central,9,4668.47,0.0282,4536.78,710.8,157.64,82.25,138.14,1088.83,3447.95,0.76
101141,2025-09-25,Services,Enterprise,West,5,2716.21,0.1323,2356.97,342.86,96.7,58.55,67.56,565.67,1791.3,0.76
101142,2025-09-14,Accessories,Enterprise,East,10,922.6,0.0938,836.02,162.7,41.95,24.48,21.68,250.81,585.21,0.7
101143,2025-09-06,Networking,Partner,West,3,2058.28,0.0359,1984.47,540.98,147.44,59.07,85.99,833.48,1150.99,0.58
101144,2025-09-04,Accessories,Direct,West,3,290.74,0.1366,251.04,48.48,11.46,7.12,8.25,75.31,175.73,0.7
101145,2025-09-13,Enterprise Hardware,E-commerce,East,1,893.08,0.107,797.48,224.58,62.19,28.01,52.06,366.84,430.64,0.54
101146,2025-09-23,Networking,Direct,East,4,2965.3,0.0383,2851.71,749.29,190.41,99.25,158.77,1197.72,1653.99,0.58
101147,2025-09-27,Consumer Devices,E-commerce,East,6,2639.13,0.1288,2299.12,551.49,135.98,89.81,96.38,873.67,1425.45,0.62
101148,2025-09-28,Accessories,E-commerce,West,3,277.29,0.1099,246.82,45.04,12.48,7.81,8.72,74.05,172.78,0.7
101149,2025-09-26,Consumer Devices,Enterprise,West,11,4412.92,0.0599,4148.76,1032.73,283.81,126.61,133.38,1576.53,2572.23,0.62
101150,2025-09-13,Accessories,Direct,Central,1,92.54,0.0758,85.53,15.62,3.6,2.78,3.66,25.66,59.87,0.7
101151,2025-09-09,Accessories,Enterprise,Central,7,665.56,0.03,645.56,122.69,29.26,14.68,27.04,193.67,451.9,0.7
101152,2025-09-07,Consumer Devices,Direct,South,11,4265.78,0,4265.78,1087.88,279.56,163.1,90.45,1620.99,2644.78,0.62
101153,2025-09-08,Software Licenses,Direct,East,2,581.37,0.0698,540.79,54.39,14.3,7.59,10.24,86.53,454.27,0.84
101154,2025-09-13,Enterprise Hardware,Partner,West,7,5533.94,0.0493,5261.08,1492.05,423.82,258.17,246.06,2420.09,2840.98,0.54
101155,2025-09-24,Accessories,E-commerce,Central,11,1039.54,0.1065,928.84,168.64,41.14,22.77,46.1,278.65,650.19,0.7
101156,2025-09-19,Networking,E-commerce,South,10,7046.52,0.0527,6675.38,1729.49,426.72,198.56,448.89,2803.66,3871.72,0.58
101157,2025-09-21,Services,Partner,West,4,2224.16,0.0498,2113.35,340.94,89.24,37.83,39.2,507.2,1606.15,0.76
101158,2025-09-12,Consumer Devices,E-commerce,West,3,1291.29,0.0967,1166.37,280.55,62.9,38.66,61.11,443.22,723.15,0.62
101159,2025-09-17,Accessories,Direct,Central,3,303.05,0.1241,265.45,49.35,13.23,7.13,9.92,79.63,185.81,0.7
101160,2025-09-18,Services,Partner,West,12,6768.57,0.0629,6343.16,974.96,253.21,126.17,168.01,1522.36,4820.8,0.76
101161,2025-09-14,Services,E-commerce,West,10,5908.46,0.0607,5550.0,852.21,200.51,130.65,148.63,1332.0,4218.0,0.76
101162,2025-09-02,Accessories,E-commerce,Central,3,291.17,0.0748,269.38,48.95,12.61,6.23,13.02,80.81,188.57,0.7
101163,2025-09-13,Services,Direct,South,5,2966.04,0.0201,2906.3,471.45,121.69,65.39,38.98,697.51,2208.79,0.76
101164,2025-09-22,Software Licenses,Direct,Central,8,2311.29,0.0818,2122.31,212.2,62.61,35.0,29.76,339.57,1782.74,0.84
101165,2025-09-18,Software Licenses,Partner,West,2,624.11,0.1347,540.04,56.18,13.02,7.73,9.48,86.41,453.64,0.84
101166,2025-09-04,Services,Partner,Central,4,2248.7,0.1373,1939.91,294.84,79.97,35.21,55.55,465.58,1474.33,0.76
101167,2025-09-14,Networking,Partner,South,5,3554.05,0.128,3099.3,785.75,190.66,99.58,225.71,1301.71,1797.59,0.58
101168,2025-09-24,Services,Enterprise,East,1,566.07,0.0089,561.05,88.06,19.1,12.59,14.89,134.65,426.4,0.76
101169,2025-09-02,Enterprise Hardware,Partner,Central,1,835.92,0.0476,796.1,223.91,60.3,37.61,44.39,366.21,429.89,0.54
101170,2025-09-20,Accessories,Partner,West,12,1123.74,0.1138,995.9,189.36,49.71,23.54,36.16,298.77,697.13,0.7
101171,2025-09-18,Enterprise Hardware,Direct,Central,4,3524.43,0.0047,3507.79,1011.41,281.66,126.94,193.58,1613.58,1894.21,0.54
101172,2025-09-11,Accessories,Partner,Central,6,597.44,0.0693,556.03,109.28,30.27,14.9,12.37,166.81,389.22,0.7
101173,2025-09-26,Consumer Devices,Enterprise,East,1,439.6,0.1114,390.65,97.96,22.68,16.04,11.76,148.45,242.2,0.62
101174,2025-09-21,Networking,Direct,Central,10,7286.41,0.0784,6714.98,1858.38,499.43,300.3,162.19,2820.29,3894.69,0.58
101175,2025-09-14,Consumer Devices,Enterprise,West,4,1713.6,0.1362,1480.16,362.88,85.19,47.04,67.36,562.46,917.7,0.62
101176,2025-09-24,Networking,Partner,West,11,7431.65,0.0094,7361.9,1959.62,525.7,316.72,289.96,3092.0,4269.9,0.58
101177,2025-09-28,Networking,Partner,East,8,5133.94,0.0236,5012.76,1373.77,319.61,231.09,180.89,2105.36,2907.4,0.58
101178,2025-09-07,Accessories,Partner,East,9,896.87,0.0545,848.0,171.87,43.46,19.17,19.91,254.4,593.6,0.7
101179,2025-09-10,Consumer Devices,E-commerce,South,5,2145.29,0.0726,1989.62,502.22,118.26,53.33,82.26,756.06,1233.57,0.62
101180,2025-09-09,Consumer Devices,E-commerce,South,6,2513.58,0.108,2242.1,550.83,143.11,74.56,83.51,852.0,1390.1,0.62
101181,2025-09-26,Software Licenses,E-commerce,West,5,1644.12,0,1644.12,165.51,39.75,20.13,37.67,263.06,1381.06,0.84
101182,2025-09-02,Enterprise Hardware,Partner,East,12,10252.32,0.077,9462.86,2617.13,755.05,421.88,558.85,4352.91,5109.94,0.54
101183,2025-09-15,Consumer Devices,Enterprise,South,5,2237.9,0.0863,2044.73,513.32,127.42,56.77,79.49,777.0,1267.73,0.62
101184,2025-09-24,Enterprise Hardware,Enterprise,Central,6,5072.33,0.1093,4518.14,1323.86,356.42,190.41,207.66,2078.34,2439.8,0.54
101185,2025-09-27,Networking,Partner,West,2,1357.75,0.123,1190.69,316.15,76.97,35.49,71.48,500.09,690.6,0.58
101186,2025-09-07,Consumer Devices,E-commerce,South,6,2364.66,0.0657,2209.21,528.86,122.56,87.27,100.81,839.5,1369.71,0.62
101187,2025-09-23,Consumer Devices,Enterprise,South,1,416.21,0.0465,396.84,93.62,24.15,11.02,22.01,150.8,246.04,0.62
101188,2025-09-24,Software Licenses,Partner,East,12,3511.61,0.0766,3242.79,348.04,95.36,47.19,28.25,518.85,2723.94,0.84
101189,2025-09-24,Enterprise Hardware,E-commerce,East,5,4072.22,0.0614,3822.01,1167.32,256.49,166.82,167.49,1758.12,2063.88,0.54
101190,2025-09-02,Services,E-commerce,Central,7,3997.95,0.1034,3584.57,564.13,130.42,76.9,88.85,860.3,2724.28,0.76
101191,2025-09-11,Software Licenses,Enterprise,South,2,586.22,0.0853,536.21,53.02,12.34,6.76,13.66,85.79,450.42,0.84
101192,2025-09-17,Enterprise Hardware,E-commerce,East,6,5270.91,0.0762,4869.11,1382.39,356.29,204.03,297.07,2239.79,2629.32,0.54
101193,2025-09-11,Consumer Devices,Direct,Central,3,1206.66,0.0783,1112.14,257.28,72.64,45.43,47.26,422.61,689.53,0.62
101194,2025-09-19,Accessories,E-commerce,South,8,790.15,0.079,727.7,131.41,33.25,20.2,33.45,218.31,509.39,0.7
101195,2025-09-06,Software Licenses,E-commerce,South,8,2453.88,0.0855,2244.0,223.72,64.08,37.44,33.8,359.04,1884.96,0.84
101196,2025-09-05,Software Licenses,Partner,West,7,2000.65,0.0846,1831.31,177.07,42.61,24.27,49.06,293.01,1538.3,0.84
101197,2025-09-11,Accessories,E-commerce,East,4,370.86,0.0304,359.58,64.92,20.4,8.95,13.61,107.87,251.71,0.7
101198,2025-09-13,Software Licenses,Enterprise,Central,9,2888.85,0,2888.85,291.02,86.94,41.55,42.7,462.22,2426.64,0.84
101199,2025-09-14,Services,Enterprise,South,1,571.65,0.1772,470.37,71.06,17.76,9.33,14.74,112.89,357.48,0.76
101200,2025-09-02,Accessories,Enterprise,South,12,1128.77,0.0915,1025.52,208.61,43.24,23.36,32.44,307.66,717.86,0.7
101201,2025-09-14,Software Licenses,Enterprise,Central,2,647.86,0.1141,573.96,60.69,16.96,7.95,6.24,91.83,482.13,0.84
101202,2025-09-13,Services,Direct,South,2,1176.1,0.0202,1152.34,183.41,48.79,27.27,17.1,276.56,875.78,0.76
101203,2025-09-23,Software Licenses,Partner,South,9,2723.91,0.1395,2343.92,226.61,54.04,27.38,66.99,375.03,1968.89,0.84
101204,2025-09-04,Accessories,Direct,Central,8,708.92,0,708.92,133.29,39.34,20.48,19.57,212.68,496.25,0.7
101205,2025-09-07,Consumer Devices,Direct,Central,1,414.2,0.0603,389.21,95.42,27.72,12.53,12.23,147.9,241.31,0.62
101206,2025-09-02,Enterprise Hardware,Partner,Central,7,5897.53,0.0795,5428.44,1661.7,410.85,269.02,155.51,2497.08,2931.36,0.54
101207,2025-09-09,Consumer Devices,Enterprise,South,7,2903.34,0.0688,2703.56,644.15,177.94,102.22,103.03,1027.35,1676.21,0.62
101208,2025-09-07,Consumer Devices,E-commerce,East,11,4895.63,0.1773,4027.48,933.76,217.06,144.86,234.76,1530.44,2497.04,0.62
101209,2025-09-24,Accessories,E-commerce,East,9,882.95,0.0876,805.56,155.94,34.49,17.77,33.47,241.67,563.89,0.7
101210,2025-09-16,Accessories,Direct,South,5,474.06,0,474.06,88.13,24.15,14.35,15.59,142.22,331.84,0.7
101211,2025-09-22,Consumer Devices,E-commerce,Central,10,4122.86,0.0673,3845.45,891.17,270.15,114.58,185.37,1461.27,2384.18,0.62
101212,2025-09-21,Consumer Devices,E-commerce,South,4,1675.09,0.059,1576.34,361.37,87.69,60.73,89.23,599.01,977.33,0.62
101213,2025-09-05,Software Licenses,Enterprise,Central,7,2279.91,0.1228,2000.03,204.86,47.35,26.81,40.99,320.01,1680.03,0.84
101214,2025-09-11,Accessories,Direct,East,10,984.11,0.0547,930.28,168.19,48.3,25.02,37.57,279.08,651.2,0.7
101215,2025-09-24,Software Licenses,Partner,South,2,592.95,0.0866,541.61,58.77,12.95,6.55,8.39,86.66,454.96,0.84
101216,2025-10-11,Accessories,E-commerce,South,10,957.59,0.1201,842.57,156.48,46.78,25.82,23.69,252.77,589.8,0.7
101217,2025-10-05,Services,Direct,East,3,1594.96,0.103,1430.61,208.25,55.8,31.03,48.26,343.35,1087.26,0.76
101218,2025-10-19,Services,E-commerce,West,1,604.11,0.0866,551.78,79.71,24.58,12.86,15.28,132.43,419.35,0.76
101219,2025-10-25,Services,Direct,South,1,583.49,0.0257,568.48,84.72,22.95,10.14,18.62,136.44,432.05,0.76
101220,2025-10-12,Consumer Devices,Partner,Central,2,790.26,0.0173,776.61,182.26,45.69,26.19,40.97,295.11,481.5,0.62
101221,2025-10-21,Enterprise Hardware,Partner,South,7,6138.82,0.0928,5568.86,1567.39,483.54,270.63,240.11,2561.67,3007.18,0.54
101222,2025-10-18,Consumer Devices,E-commerce,East,9,3937.63,0.0682,3669.22,944.7,203.74,137.71,108.15,1394.3,2274.91,0.62
101223,2025-10-17,Consumer Devices,Direct,South,9,3922.43,0.1269,3424.68,875.74,214.1,118.53,93.0,1301.38,2123.3,0.62
101224,2025-10-24,Enterprise Hardware,Direct,East,3,2416.54,0.0846,2212.18,633.8,186.45,99.81,97.55,1017.6,1194.58,0.54
101225,2025-10-22,Services,Direct,Central,7,4233.44,0.0349,4085.78,648.12,140.32,89.6,102.55,980.59,3105.19,0.76
101226,2025-10-21,Accessories,Enterprise,East,1,102.2,0.0016,102.04,20.0,5.07,3.15,2.39,30.61,71.43,0.7
101227,2025-10-01,Enterprise Hardware,Enterprise,Central,4,3597.76,0.0445,3437.55,962.42,269.87,163.69,185.29,1581.27,1856.28,0.54
101228,2025-10-27,Enterprise Hardware,Direct,West,7,6321.05,0.1109,5620.27,1641.19,447.17,199.04,297.92,2585.32,3034.94,0.54
101229,2025-10-04,Software Licenses,Enterprise,South,1,308.46,0.0752,285.25,30.56,6.99,3.28,4.81,45.64,239.61,0.84
101230,2025-10-16,Software Licenses,Partner,South,4,1325.75,0.1324,1150.18,112.22,28.47,16.83,26.51,184.03,966.15,0.84
101231,2025-10-01,Enterprise Hardware,Direct,South,7,6170.53,0.0401,5923.05,1755.14,477.39,271.68,220.4,2724.6,3198.45,0.54
101232,2025-10-23,Networking,Direct,East,6,4027.34,0.0803,3703.81,1010.21,237.16,133.99,174.25,1555.6,2148.21,0.58
101233,2025-10-20,Consumer Devices,E-commerce,East,11,4612.19,0.0289,4478.98,1032.22,263.53,155.6,250.65,1702.01,2776.97,0.62
101234,2025-10-01,Consumer Devices,Enterprise,West,9,4063.8,0.0976,3667.31,890.97,199.36,102.86,200.38,1393.58,2273.74,0.62
101235,2025-10-19,Software Licenses,E-commerce,South,8,2355.85,0,2355.85,253.57,53.58,32.11,37.67,376.94,1978.91,0.84
101236,2025-10-08,Accessories,Enterprise,East,12,1229.1,0.1218,1079.4,195.27,54.45,25.04,49.06,323.82,755.58,0.7
101237,2025-10-13,Services,Enterprise,Central,9,5204.18,0.0631,4875.87,793.06,193.02,93.41,90.71,1170.21,3705.66,0.76
101238,2025-10-12,Networking,Enterprise,West,12,7858.79,0.1092,7000.49,1967.57,467.67,236.57,268.39,2940.2,4060.28,0.58
101239,2025-10-11,Services,E-commerce,South,8,4628.63,0.0618,4342.58,663.56,159.51,79.51,139.64,1042.22,3300.36,0.76
101240,2025-10-12,Consumer Devices,Partner,South,9,3775.97,0.0972,3408.88,827.03,199.49,141.51,127.35,1295.37,2113.5,0.62
101241,2025-10-24,Consumer Devices,E-commerce,East,7,2970.64,0.0488,2825.78,649.11,195.32,98.87,130.5,1073.8,1751.98,0.62
101242,2025-10-01,Networking,Enterprise,Central,9,5963.8,0.1624,4995.07,1400.27,313.18,160.66,223.82,2097.93,2897.14,0.58
101243,2025-10-17,Services,Partner,South,7,3708.27,0.1354,3206.01,482.34,138.68,81.12,67.31,769.44,2436.57,0.76
101244,2025-10-19,Services,Enterprise,East,12,7217.79,0.0476,6874.46,1029.64,294.24,151.88,174.12,1649.87,5224.59,0.76
101245,2025-10-09,Networking,Enterprise,South,7,5207.78,0.1405,4476.05,1262.75,277.26,166.6,173.34,1879.94,2596.11,0.58
101246,2025-10-13,Consumer Devices,Direct,West,8,3115.01,0.0989,2807.06,645.76,178.89,76.24,165.8,1066.68,1740.38,0.62
101247,2025-10-20,Software Licenses,Direct,East,4,1317.69,0,1317.69,137.04,35.6,17.65,20.54,210.83,1106.86,0.84
101248,2025-10-15,Software Licenses,E-commerce,South,12,3496.21,0.1139,3097.84,317.15,85.13,37.21,56.17,495.66,2602.19,0.84
101249,2025-10-21,Accessories,Partner,West,2,187.25,0.0706,174.04,34.1,9.35,5.38,3.38,52.21,121.83,0.7
101250,2025-10-28,Networking,Partner,East,10,6709.42,0.0412,6433.32,1745.25,417.73,195.19,343.83,2701.99,3731.33,0.58
101251,2025-10-22,Consumer Devices,Enterprise,East,9,3527.39,0.0208,3454.03,845.18,224.92,106.96,135.47,1312.53,2141.5,0.62
101252,2025-10-22,Software Licenses,Direct,South,9,2770.14,0.0803,2547.57,274.52,68.49,35.85,28.76,407.61,2139.96,0.84
101253,2025-10-28,Enterprise Hardware,Enterprise,West,5,4259.38,0.1006,3830.79,1074.22,269.29,178.39,240.27,1762.16,2068.62,0.54
101254,2025-10-27,Accessories,Partner,Central,3,274.47,0.006,272.83,54.24,13.39,7.43,6.78,81.85,190.98,0.7
101255,2025-10-21,Accessories,Partner,East,5,444.39,0.156,375.08,73.22,20.51,11.93,6.87,112.52,262.55,0.7
101256,2025-10-25,Consumer Devices,Direct,West,9,3954.56,0.1002,3558.16,852.27,235.05,146.07,118.71,1352.1,2206.06,0.62
101257,2025-10-27,Consumer Devices,Partner,Central,8,3466.07,0.1724,2868.35,690.41,178.88,111.65,109.03,1089.97,1778.38,0.62
101258,2025-10-01,Services,Partner,South,10,5607.92,0.0444,5358.8,792.97,231.56,97.31,164.27,1286.11,4072.69,0.76
101259,2025-10-21,Enterprise Hardware,Enterprise,East,3,2399.72,0.1426,2057.54,605.96,175.36,77.31,87.84,946.47,1111.07,0.54
101260,2025-10-24,Accessories,Enterprise,Central,3,268.18,0.1134,237.75,48.01,12.78,7.26,3.27,71.33,166.43,0.7
101261,2025-10-04,Services,Direct,South,2,1166.14,0.0378,1122.06,176.05,45.94,25.62,21.69,269.29,852.77,0.76
101262,2025-10-21,Services,Partner,South,2,1189.69,0.0351,1147.94,175.78,43.69,23.57,32.46,275.51,872.44,0.76
101263,2025-10-07,Software Licenses,Partner,East,2,593.03,0.0021,591.77,58.0,16.54,7.11,13.03,94.68,497.09,0.84
101264,2025-10-26,Accessories,Direct,East,8,773.21,0.089,704.42,127.92,30.18,22.91,30.3,211.33,493.09,0.7
101265,2025-10-18,Consumer Devices,Enterprise,South,3,1260.71,0.047,1201.42,274.78,83.24,49.53,49.0,456.54,744.88,0.62
101266,2025-10-11,Software Licenses,Enterprise,West,1,309.78,0.0587,291.61,28.25,7.24,3.61,7.57,46.66,244.95,0.84
101267,2025-10-21,Enterprise Hardware,Enterprise,South,4,3584.72,0.0887,3266.85,1019.32,238.45,130.81,114.17,1502.75,1764.1,0.54
101268,2025-10-13,Services,Partner,Central,5,2938.41,0.0215,2875.29,448.36,121.37,54.24,66.09,690.07,2185.22,0.76
101269,2025-10-27,Consumer Devices,Partner,East,10,4368.31,0.0505,4147.62,965.59,295.4,132.62,182.48,1576.09,2571.52,0.62
101270,2025-10-07,Networking,E-commerce,West,7,4606.46,0,4606.46,1305.15,358.12,195.66,75.78,1934.71,2671.74,0.58
101271,2025-10-13,Services,Enterprise,Central,12,7197.72,0.0912,6541.42,1067.18,256.69,135.98,110.08,1569.94,4971.48,0.76
101272,2025-10-08,Networking,E-commerce,West,11,7650.85,0.0302,7420.11,2012.7,473.76,269.7,360.29,3116.45,4303.66,0.58
101273,2025-10-18,Software Licenses,Direct,South,2,668.66,0.0591,629.15,62.74,15.68,10.87,11.38,100.66,528.48,0.84
101274,2025-10-10,Software Licenses,E-commerce,South,6,1750.54,0.0716,1625.24,169.4,44.08,26.39,20.18,260.04,1365.2,0.84
101275,2025-10-16,Enterprise Hardware,Enterprise,South,2,1626.61,0.0695,1513.51,453.34,112.2,70.38,60.3,696.21,817.29,0.54
101276,2025-10-19,Networking,E-commerce,West,5,3205.28,0.1353,2771.55,712.71,213.56,86.78,151.0,1164.05,1607.5,0.58
101277,2025-10-21,Accessories,Direct,Central,10,892.77,0.0366,860.11,172.52,40.05,26.18,19.28,258.03,602.08,0.7
101278,2025-10-12,Accessories,Partner,Central,10,949.29,0.0294,921.35,170.6,49.99,22.55,33.26,276.41,644.95,0.7
101279,2025-10-17,Networking,Direct,South,8,5704.46,0.1462,4870.5,1262.63,377.69,189.08,216.21,2045.61,2824.89,0.58
101280,2025-10-13,Services,Partner,West,12,6653.45,0.0686,6196.72,985.0,221.17,144.27,136.77,1487.21,4709.51,0.76
101281,2025-10-17,Networking,Partner,South,12,8140.84,0.1166,7191.29,1838.74,456.93,280.36,444.32,3020.34,4170.95,0.58
101282,2025-10-20,Consumer Devices,E-commerce,Central,7,2972.99,0,2972.99,765.4,199.6,108.66,56.08,1129.74,1843.26,0.62
101283,2025-10-09,Consumer Devices,Enterprise,South,3,1343.41,0.0597,1263.21,299.91,88.31,34.21,57.58,480.02,783.19,0.62
101284,2025-10-22,Enterprise Hardware,Partner,Central,10,8773.0,0.0545,8295.04,2559.08,613.85,342.27,300.53,3815.72,4479.32,0.54
101285,2025-10-08,Accessories,Enterprise,East,8,763.03,0.0502,724.76,138.64,35.1,23.84,19.85,217.43,507.33,0.7
101286,2025-10-19,Software Licenses,E-commerce,Central,1,328.44,0.0676,306.25,31.51,8.44,5.33,3.72,49.0,257.25,0.84
101287,2025-10-08,Consumer Devices,Direct,East,10,4113.41,0.0549,3887.47,976.01,278.29,157.49,65.44,1477.24,2410.23,0.62
101288,2025-10-09,Consumer Devices,Partner,South,11,4924.02,0.1043,4410.24,1033.51,248.15,172.11,222.12,1675.89,2734.35,0.62
101289,2025-10-18,Accessories,Enterprise,South,10,993.35,0.153,841.38,155.66,44.41,25.75,26.6,252.41,588.96,0.7
101290,2025-10-17,Enterprise Hardware,E-commerce,East,3,2610.85,0.1063,2333.32,725.57,183.88,96.81,67.08,1073.33,1259.99,0.54
101291,2025-10-01,Networking,E-commerce,South,5,3569.47,0.0917,3241.98,901.92,191.52,121.85,146.34,1361.63,1880.35,0.58
101292,2025-10-25,Enterprise Hardware,E-commerce,East,9,7705.42,0.1816,6306.17,1771.12,474.09,229.58,426.05,2900.84,3405.33,0.54
101293,2025-10-10,Enterprise Hardware,Direct,West,3,2752.54,0.0617,2582.72,748.23,171.96,90.75,177.11,1188.05,1394.67,0.54
101294,2025-10-24,Accessories,E-commerce,South,1,97.9,0.0825,89.82,17.84,4.17,2.88,2.06,26.95,62.88,0.7
101295,2025-10-23,Services,Enterprise,West,2,1085.82,0.1615,910.48,142.58,30.77,18.26,26.91,218.52,691.97,0.76
101296,2025-10-04,Enterprise Hardware,Direct,West,9,7633.92,0.0901,6946.29,2137.8,579.08,332.85,145.57,3195.3,3751.0,0.54
101297,2025-10-22,Enterprise Hardware,Partner,South,5,4177.65,0.0682,3892.77,1102.04,331.14,175.82,181.67,1790.67,2102.09,0.54
101298,2025-10-07,Accessories,Enterprise,East,10,993.94,0.0464,947.82,178.98,39.87,22.04,43.46,284.35,663.48,0.7
101299,2025-10-14,Enterprise Hardware,E-commerce,South,1,915.21,0.0947,828.56,228.72,70.51,31.73,50.18,381.14,447.42,0.54
101300,2025-10-16,Consumer Devices,Direct,East,9,3549.54,0.1205,3121.92,734.64,200.15,87.19,164.35,1186.33,1935.59,0.62
101301,2025-10-10,Enterprise Hardware,Direct,East,7,5623.14,0.0045,5597.71,1615.81,423.35,274.17,261.61,2574.95,3022.76,0.54
101302,2025-10-05,Consumer Devices,Partner,Central,7,3163.98,0.0807,2908.6,740.98,186.53,99.32,78.44,1105.27,1803.33,0.62
101303,2025-10-07,Accessories,Direct,East,7,615.55,0.0955,556.74,102.04,23.91,15.3,25.78,167.02,389.72,0.7
101304,2025-10-20,Accessories,E-commerce,South,7,649.0,0.1615,544.17,103.11,24.43,17.74,17.97,163.25,380.92,0.7
101305,2025-10-14,Software Licenses,E-commerce,South,4,1312.54,0.0427,1256.44,124.56,33.14,14.69,28.65,201.03,1055.41,0.84
101306,2025-10-05,Enterprise Hardware,Partner,Central,10,8503.49,0.0916,7724.14,2162.63,601.32,366.16,423.0,3553.11,4171.04,0.54
101307,2025-10-23,Accessories,E-commerce,Central,1,95.65,0.1119,84.95,16.32,4.58,1.84,2.75,25.48,59.46,0.7
101308,2025-10-16,Accessories,E-commerce,South,7,626.45,0.0554,591.76,114.63,27.31,14.52,21.07,177.53,414.23,0.7
101309,2025-10-17,Accessories,Partner,South,8,805.05,0.0872,734.87,138.41,41.03,18.83,22.19,220.46,514.41,0.7
101310,2025-10-18,Accessories,Enterprise,East,10,963.73,0.0194,945.01,170.45,44.82,30.71,37.52,283.5,661.51,0.7
101311,2025-10-15,Software Licenses,Partner,East,11,3169.95,0.0344,3060.97,331.41,92.32,53.12,12.9,489.76,2571.22,0.84
101312,2025-10-04,Consumer Devices,E-commerce,West,6,2371.54,0.042,2271.91,546.78,150.53,79.82,86.2,863.33,1408.59,0.62
101313,2025-10-15,Software Licenses,Partner,West,10,3012.84,0.14,2591.05,260.36,76.88,39.96,37.37,414.57,2176.48,0.84
101314,2025-10-14,Enterprise Hardware,Enterprise,East,10,8194.93,0.0361,7899.24,2347.17,638.8,381.45,266.23,3633.65,4265.59,0.54
101315,2025-10-09,Software Licenses,Direct,Central,2,612.57,0.0932,555.46,56.05,14.45,8.84,9.54,88.87,466.59,0.84
101316,2025-10-20,Consumer Devices,Enterprise,Central,8,3561.63,0.0631,3336.74,767.6,227.89,107.81,164.67,1267.96,2068.78,0.62
101317,2025-10-15,Services,E-commerce,Central,5,2947.8,0.0801,2711.63,397.08,104.86,69.79,79.06,650.79,2060.84,0.76
101318,2025-10-02,Networking,Direct,South,7,4787.9,0.1086,4267.81,1211.22,254.19,143.37,183.7,1792.48,2475.33,0.58
101319,2025-10-25,Accessories,Partner,West,11,1120.98,0.1368,967.64,179.3,46.88,26.98,37.13,290.29,677.35,0.7
101320,2025-10-21,Software Licenses,Direct,East,1,306.95,0.0011,306.63,31.7,8.39,4.55,4.42,49.06,257.57,0.84
101321,2025-10-20,Consumer Devices,Direct,Central,1,451.3,0.088,411.6,106.29,25.23,14.39,10.5,156.41,255.19,0.62
101322,2025-10-12,Networking,Direct,Central,12,8321.37,0.0448,7948.4,2045.33,508.94,256.84,527.22,3338.33,4610.07,0.58
101323,2025-10-05,Enterprise Hardware,Direct,East,6,5323.02,0.1299,4631.49,1374.06,361.59,175.47,219.36,2130.48,2501.0,0.54
101324,2025-10-23,Enterprise Hardware,Enterprise,East,3,2347.66,0.1017,2109.0,623.05,165.92,94.34,86.83,970.14,1138.86,0.54
101325,2025-10-13,Consumer Devices,E-commerce,West,8,3182.71,0.0721,2953.22,715.09,210.8,92.25,104.08,1122.22,1831.0,0.62
101326,2025-10-02,Services,E-commerce,Central,5,2836.82,0.0953,2566.39,373.44,98.54,50.87,93.08,615.93,1950.46,0.76
101327,2025-10-18,Enterprise Hardware,E-commerce,South,6,5387.2,0.065,5036.84,1501.35,426.91,246.44,142.25,2316.95,2719.89,0.54
101328,2025-10-27,Accessories,Direct,East,12,1195.49,0.0345,1154.26,217.07,59.21,32.78,37.22,346.28,807.98,0.7
101329,2025-10-12,Consumer Devices,Direct,Central,9,3826.37,0.0504,3633.46,908.27,234.92,111.53,126.0,1380.72,2252.75,0.62
101330,2025-10-19,Services,Enterprise,South,7,4203.61,0,4203.61,632.9,160.59,84.71,130.67,1008.87,3194.75,0.76
101331,2025-10-23,Networking,Enterprise,Central,7,4763.4,0.0684,4437.46,1202.59,318.46,181.85,160.83,1863.73,2573.73,0.58
101332,2025-10-06,Accessories,Enterprise,West,10,913.26,0.0422,874.71,166.79,48.83,23.56,23.23,262.41,612.29,0.7
101333,2025-10-04,Accessories,Enterprise,Central,12,1094.28,0.1382,943.05,176.76,45.33,30.87,29.95,282.91,660.13,0.7
101334,2025-10-25,Networking,Partner,Central,11,7622.27,0.065,7126.62,1965.81,523.25,244.69,259.43,2993.18,4133.44,0.58
101335,2025-10-09,Consumer Devices,Enterprise,Central,3,1197.15,0.1034,1073.33,246.25,66.62,43.47,51.53,407.87,665.47,0.62
101336,2025-10-03,Networking,E-commerce,East,9,6693.67,0.1534,5667.11,1516.88,425.73,200.54,237.03,2380.19,3286.92,0.58
101337,2025-10-24,Consumer Devices,E-commerce,West,1,444.41,0,444.41,113.54,24.89,17.28,13.16,168.87,275.53,0.62
101338,2025-10-04,Networking,Enterprise,Central,7,4768.74,0,4768.74,1227.73,340.39,156.19,278.56,2002.87,2765.87,0.58
101339,2025-10-07,Services,E-commerce,Central,3,1663.71,0.0917,1511.21,225.34,54.14,32.5,50.7,362.69,1148.52,0.76
101340,2025-10-26,Accessories,Enterprise,South,5,503.12,0.0771,464.34,84.19,21.9,11.64,21.57,139.3,325.04,0.7
101341,2025-10-13,Services,Direct,East,3,1573.18,0.0343,1519.19,230.16,68.92,34.15,31.38,364.61,1154.58,0.76
101342,2025-10-07,Networking,Direct,South,7,4978.2,0.1151,4405.19,1183.91,311.97,200.1,154.19,1850.18,2555.01,0.58
101343,2025-10-26,Software Licenses,Direct,South,6,1872.15,0.0468,1784.59,191.62,48.62,28.86,16.43,285.53,1499.05,0.84
101344,2025-10-01,Enterprise Hardware,Partner,West,9,7645.36,0.1196,6731.3,2074.08,495.56,275.22,251.54,3096.4,3634.9,0.54
101345,2025-10-26,Enterprise Hardware,E-commerce,West,10,8589.86,0.0654,8027.94,2294.46,671.64,335.39,391.36,3692.85,4335.09,0.54
101346,2025-10-18,Accessories,Enterprise,East,5,467.96,0.048,445.49,85.1,23.32,9.57,15.66,133.65,311.84,0.7
101347,2025-10-22,Enterprise Hardware,E-commerce,South,1,880.61,0,880.61,254.24,75.33,40.75,34.76,405.08,475.53,0.54
101348,2025-10-25,Enterprise Hardware,Partner,East,11,8868.87,0.0844,8119.93,2272.58,625.18,273.78,563.63,3735.17,4384.76,0.54
101349,2025-10-01,Networking,E-commerce,South,12,8603.72,0.1056,7694.87,2019.62,536.21,342.13,333.89,3231.84,4463.02,0.58
101350,2025-10-28,Enterprise Hardware,E-commerce,Central,12,10318.25,0.0432,9872.82,2769.67,691.58,457.52,622.73,4541.5,5331.32,0.54
101351,2025-11-23,Consumer Devices,Enterprise,West,11,4840.4,0.1377,4174.0,1030.71,266.68,128.79,159.94,1586.12,2587.88,0.62
101352,2025-11-26,Software Licenses,Direct,South,2,594.16,0.1106,528.47,56.73,13.94,8.05,5.83,84.56,443.92,0.84
101353,2025-11-12,Software Licenses,Partner,East,2,591.16,0.1397,508.57,49.61,14.3,6.71,10.75,81.37,427.2,0.84
101354,2025-11-15,Services,Enterprise,Central,11,6228.69,0.0956,5632.92,866.43,245.81,100.38,139.28,1351.9,4281.02,0.76
101355,2025-11-28,Services,Enterprise,Central,12,6835.49,0.0959,6179.94,972.0,247.58,118.96,144.64,1483.19,4696.76,0.76
101356,2025-11-09,Services,Partner,Central,12,7092.81,0.0721,6581.69,1055.83,266.11,116.36,141.31,1579.61,5002.08,0.76
101357,2025-11-14,Enterprise Hardware,Enterprise,West,3,2444.19,0.0813,2245.4,621.47,153.12,75.09,183.21,1032.89,1212.52,0.54
101358,2025-11-16,Consumer Devices,Partner,West,1,403.44,0.0139,397.83,94.0,27.87,14.59,14.71,151.18,246.66,0.62
101359,2025-11-06,Networking,E-commerce,East,9,6532.0,0,6532.0,1683.15,505.0,202.5,352.78,2743.44,3788.56,0.58
101360,2025-11-09,Enterprise Hardware,E-commerce,Central,5,4363.84,0.1349,3775.25,1116.01,316.39,148.88,155.34,1736.62,2038.64,0.54
101361,2025-11-24,Services,Enterprise,West,8,4606.09,0.056,4348.03,661.88,197.16,83.48,101.0,1043.53,3304.5,0.76
101362,2025-11-02,Accessories,Direct,East,2,184.43,0.0678,171.92,34.66,8.61,5.57,2.74,51.58,120.34,0.7
101363,2025-11-24,Enterprise Hardware,Partner,Central,6,4817.75,0.0369,4639.92,1324.94,303.06,231.97,274.4,2134.37,2505.56,0.54
101364,2025-11-13,Software Licenses,Direct,West,1,288.93,0.0856,264.2,27.7,6.91,4.18,3.47,42.27,221.93,0.84
101365,2025-11-27,Enterprise Hardware,Partner,Central,6,4997.85,0.1102,4447.33,1298.75,324.97,145.83,276.22,2045.77,2401.56,0.54
101366,2025-11-07,Accessories,Direct,East,5,481.46,0.088,439.1,81.84,20.83,14.27,14.8,131.73,307.37,0.7
101367,2025-11-05,Networking,Partner,West,10,6839.72,0.0812,6284.07,1771.85,445.17,237.99,184.29,2639.31,3644.76,0.58
101368,2025-11-10,Consumer Devices,E-commerce,South,12,5313.24,0.1465,4534.94,1159.12,248.54,187.93,127.68,1723.28,2811.66,0.62
101369,2025-11-13,Consumer Devices,Enterprise,Central,5,2021.24,0.0609,1898.12,479.82,109.68,74.73,57.07,721.29,1176.84,0.62
101370,2025-11-07,Accessories,Partner,West,1,95.54,0.0634,89.48,17.7,4.64,2.06,2.45,26.85,62.64,0.7
101371,2025-11-14,Services,Enterprise,East,8,4275.46,0.0367,4118.51,642.25,169.51,99.31,77.38,988.44,3130.07,0.76
101372,2025-11-06,Consumer Devices,Enterprise,West,8,3331.51,0.2029,2655.43,665.11,189.78,78.98,75.19,1009.06,1646.37,0.62
101373,2025-11-16,Enterprise Hardware,E-commerce,East,7,5750.95,0.0909,5228.18,1550.28,410.28,172.13,272.28,2404.96,2823.22,0.54
101374,2025-11-06,Enterprise Hardware,E-commerce,Central,11,9918.03,0.1031,8895.84,2765.65,682.81,428.67,214.96,4092.09,4803.76,0.54
101375,2025-11-28,Software Licenses,Enterprise,Central,9,2697.29,0.0713,2504.87,257.62,61.31,34.43,47.43,400.78,2104.09,0.84
101376,2025-11-07,Software Licenses,Partner,South,10,3015.68,0.0267,2935.16,298.28,77.91,33.2,60.24,469.63,2465.53,0.84
101377,2025-11-23,Enterprise Hardware,E-commerce,Central,3,2625.39,0.0827,2408.15,679.18,171.93,111.78,144.86,1107.75,1300.4,0.54
101378,2025-11-25,Networking,Partner,West,2,1367.64,0.0348,1320.1,362.4,78.45,42.9,70.68,554.44,765.66,0.58
101379,2025-11-07,Enterprise Hardware,Enterprise,East,5,4476.39,0.135,3872.3,1165.64,250.95,138.62,226.04,1781.26,2091.04,0.54
101380,2025-11-28,Services,E-commerce,East,1,525.95,0.0027,524.53,84.16,23.74,10.77,7.22,125.89,398.64,0.76
101381,2025-11-12,Accessories,E-commerce,West,8,757.14,0.0583,712.97,133.79,39.93,17.68,22.49,213.89,499.08,0.7
101382,2025-11-03,Consumer Devices,E-commerce,West,2,890.93,0.027,866.84,210.71,54.83,25.9,37.96,329.4,537.44,0.62
101383,2025-11-11,Consumer Devices,Direct,South,7,3031.09,0,3031.09,753.4,166.64,84.61,147.17,1151.82,1879.28,0.62
101384,2025-11-02,Consumer Devices,E-commerce,East,1,439.2,0,439.2,104.21,23.61,16.42,22.65,166.89,272.3,0.62
101385,2025-11-25,Networking,E-commerce,Central,10,6707.89,0.1215,5892.58,1509.32,400.92,258.21,306.43,2474.88,3417.7,0.58
101386,2025-11-26,Accessories,Partner,West,12,1070.99,0.1238,938.37,187.93,40.92,26.98,25.68,281.51,656.86,0.7
101387,2025-11-26,Software Licenses,E-commerce,West,5,1577.3,0.0752,1458.76,155.7,43.17,19.92,14.62,233.4,1225.36,0.84
101388,2025-11-01,Networking,Enterprise,Central,4,2873.29,0.0589,2704.14,723.37,198.15,98.68,115.54,1135.74,1568.4,0.58
101389,2025-11-02,Software Licenses,Partner,West,5,1648.02,0.0388,1584.14,169.97,43.24,21.89,18.37,253.46,1330.68,0.84
101390,2025-11-22,Networking,E-commerce,West,1,642.72,0.1431,550.75,144.39,40.25,22.89,23.79,231.31,319.43,0.58
101391,2025-11-12,Consumer Devices,E-commerce,Central,4,1570.84,0.0542,1485.67,381.66,107.12,48.02,27.75,564.55,921.12,0.62
101392,2025-11-18,Software Licenses,Partner,South,12,3627.97,0.1496,3085.3,312.49,71.93,40.45,68.78,493.65,2591.65,0.84
101393,2025-11-26,Software Licenses,E-commerce,West,7,2082.95,0.0836,1908.79,203.57,55.27,32.14,14.43,305.41,1603.38,0.84
101394,2025-11-17,Services,Partner,South,3,1807.83,0.0684,1684.12,273.59,61.38,43.32,25.9,404.19,1279.93,0.76
101395,2025-11-26,Enterprise Hardware,E-commerce,Central,6,4779.4,0.1341,4138.3,1246.41,307.99,161.12,188.09,1903.62,2234.68,0.54
101396,2025-11-19,Services,Enterprise,East,6,3193.76,0.0439,3053.52,498.02,130.78,79.62,24.42,732.85,2320.68,0.76
101397,2025-11-13,Enterprise Hardware,E-commerce,East,7,5701.59,0.0575,5373.93,1611.05,409.45,178.77,272.73,2472.01,2901.92,0.54
101398,2025-11-01,Enterprise Hardware,Enterprise,Central,10,8398.05,0.0371,8086.14,2295.83,575.64,318.85,529.3,3719.62,4366.52,0.54
101399,2025-11-06,Consumer Devices,Direct,West,11,4722.49,0.1052,4225.82,969.81,230.23,123.84,281.93,1605.81,2620.01,0.62
101400,2025-11-19,Accessories,Partner,West,7,660.54,0.0441,631.42,125.59,28.57,14.23,21.04,189.43,441.99,0.7
101401,2025-11-24,Networking,Direct,East,3,2176.54,0.0945,1970.9,516.98,121.9,74.86,114.05,827.78,1143.12,0.58
101402,2025-11-18,Consumer Devices,Enterprise,Central,8,3325.66,0.1095,2961.64,700.81,208.6,102.88,113.13,1125.42,1836.22,0.62
101403,2025-11-19,Software Licenses,Enterprise,Central,8,2344.35,0.0711,2177.71,221.18,54.5,25.82,46.93,348.43,1829.28,0.84
101404,2025-11-24,Services,Enterprise,Central,6,3118.49,0.05,2962.7,462.65,106.5,74.97,66.92,711.05,2251.65,0.76
101405,2025-11-02,Accessories,Enterprise,Central,3,301.34,0.0829,276.37,51.65,14.68,7.2,9.38,82.91,193.46,0.7
101406,2025-11-27,Consumer Devices,E-commerce,East,9,3487.0,0.088,3180.2,782.94,209.42,123.21,92.91,1208.47,1971.72,0.62
101407,2025-11-22,Software Licenses,Direct,East,1,305.14,0.1414,261.99,27.21,6.54,4.23,3.95,41.92,220.07,0.84
101408,2025-11-02,Networking,E-commerce,East,2,1434.45,0.0653,1340.84,363.15,87.64,42.31,70.05,563.15,777.69,0.58
101409,2025-11-26,Software Licenses,Partner,West,12,3506.18,0.0537,3318.05,351.25,93.28,38.61,47.75,530.89,2787.16,0.84
101410,2025-11-09,Accessories,Partner,East,7,702.14,0.1278,612.44,118.59,27.57,12.93,24.64,183.73,428.71,0.7
101411,2025-11-12,Enterprise Hardware,E-commerce,South,3,2695.05,0.046,2571.13,789.54,194.84,117.73,80.61,1182.72,1388.41,0.54
101412,2025-11-03,Accessories,Enterprise,West,10,931.48,0.0541,881.09,166.56,48.15,26.7,22.91,264.33,616.76,0.7
101413,2025-11-28,Software Licenses,Direct,East,9,2710.37,0.0854,2478.84,250.72,66.45,36.53,42.91,396.61,2082.22,0.84
101414,2025-11-08,Consumer Devices,Enterprise,South,6,2377.19,0.0662,2219.84,518.68,123.13,78.88,122.85,843.54,1376.3,0.62
101415,2025-11-04,Software Licenses,Enterprise,West,6,2005.3,0.1305,1743.68,177.91,49.03,22.71,29.33,278.99,1464.69,0.84
101416,2025-11-08,Accessories,E-commerce,East,5,475.56,0.098,428.93,85.24,19.13,12.05,12.26,128.68,300.25,0.7
101417,2025-11-21,Consumer Devices,Enterprise,South,12,4690.16,0,4690.16,1120.19,294.99,193.98,173.11,1782.26,2907.9,0.62
101418,2025-11-12,Enterprise Hardware,Direct,South,1,829.33,0.0842,759.5,218.35,62.61,33.26,35.15,349.37,410.13,0.54
101419,2025-11-06,Services,E-commerce,West,3,1717.86,0.096,1552.98,249.49,57.13,37.15,28.95,372.72,1180.27,0.76
101420,2025-11-20,Services,Partner,West,12,6622.83,0.0494,6295.53,908.22,249.61,107.59,245.51,1510.93,4784.61,0.76
101421,2025-11-21,Accessories,Enterprise,South,12,1085.99,0.0533,1028.11,198.92,56.3,32.1,21.11,308.43,719.68,0.7
101422,2025-11-01,Software Licenses,Direct,South,2,573.04,0.0692,533.4,53.89,14.55,7.47,9.43,85.34,448.06,0.84
101423,2025-11-05,Services,Direct,Central,12,6262.83,0.1039,5612.05,815.3,238.07,125.01,168.51,1346.89,4265.16,0.76
101424,2025-11-01,Networking,Partner,West,9,6284.07,0.0593,5911.14,1620.1,391.51,241.76,229.3,2482.68,3428.46,0.58
101425,2025-11-25,Networking,Enterprise,Central,6,4111.6,0.0352,3966.78,1088.22,264.45,125.84,187.54,1666.05,2300.74,0.58
101426,2025-11-19,Networking,E-commerce,Central,12,8092.63,0.0938,7333.83,1992.15,514.36,244.07,329.63,3080.21,4253.62,0.58
101427,2025-11-28,Networking,Direct,South,5,3702.32,0.0826,3396.6,899.92,228.91,128.5,169.23,1426.57,1970.03,0.58
101428,2025-11-19,Consumer Devices,Partner,Central,9,4003.44,0.0701,3722.63,898.18,203.68,136.91,175.82,1414.6,2308.03,0.62
101429,2025-11-26,Networking,Direct,Central,11,7475.26,0,7475.26,1959.55,484.73,222.84,472.48,3139.61,4335.65,0.58
101430,2025-11-28,Software Licenses,Enterprise,West,4,1271.8,0.0972,1148.14,120.83,29.41,18.13,15.33,183.7,964.44,0.84
101431,2025-11-07,Services,E-commerce,South,11,6506.91,0.119,5732.36,935.52,227.66,106.43,106.16,1375.77,4356.59,0.76
101432,2025-11-13,Software Licenses,Partner,South,5,1439.77,0.0468,1372.32,133.26,31.43,22.09,32.79,219.57,1152.75,0.84
101433,2025-11-20,Consumer Devices,E-commerce,West,12,4737.64,0.1045,4242.77,1061.74,235.71,113.62,201.19,1612.25,2630.52,0.62
101434,2025-11-21,Enterprise Hardware,Partner,East,2,1747.79,0.0935,1584.39,492.75,131.91,74.82,29.34,728.82,855.57,0.54
101435,2025-11-18,Accessories,Enterprise,Central,12,1105.37,0.0363,1065.22,198.14,57.69,22.74,41.0,319.56,745.65,0.7
101436,2025-11-22,Accessories,E-commerce,East,11,1013.92,0.0575,955.65,190.81,48.55,27.35,19.99,286.69,668.95,0.7
101437,2025-11-01,Networking,Partner,South,12,7769.14,0.041,7450.87,1910.7,543.58,307.46,367.62,3129.36,4321.5,0.58
101438,2025-11-07,Accessories,Direct,Central,3,275.07,0.0931,249.45,45.12,11.15,7.55,11.02,74.84,174.62,0.7
101439,2025-11-06,Software Licenses,E-commerce,East,12,3746.32,0.0147,3691.14,372.92,87.77,43.31,86.58,590.58,3100.56,0.84
101440,2025-11-10,Accessories,Partner,Central,7,717.59,0.1253,627.68,125.79,34.33,15.62,12.57,188.3,439.38,0.7
101441,2025-11-13,Networking,Enterprise,East,6,4005.48,0.0664,3739.42,976.15,270.66,152.36,171.39,1570.56,2168.86,0.58
101442,2025-11-22,Networking,Enterprise,West,7,4938.55,0.0103,4887.53,1297.08,357.59,197.98,200.11,2052.76,2834.77,0.58
101443,2025-11-26,Enterprise Hardware,E-commerce,East,4,3262.49,0.1169,2881.15,867.12,222.77,95.21,140.23,1325.33,1555.82,0.54
101444,2025-11-26,Accessories,Enterprise,East,12,1208.44,0.1362,1043.87,197.18,55.59,30.21,30.18,313.16,730.71,0.7
101445,2025-11-04,Software Licenses,E-commerce,East,11,3505.84,0.0866,3202.07,328.23,72.23,43.7,68.18,512.33,2689.74,0.84
101446,2025-11-15,Services,Direct,West,7,4183.08,0.1162,3697.02,542.75,130.55,65.91,148.08,887.28,2809.73,0.76
101447,2025-11-12,Accessories,E-commerce,East,6,594.79,0.1491,506.11,94.82,27.32,15.54,14.14,151.83,354.28,0.7
101448,2025-11-14,Consumer Devices,Partner,East,11,4733.23,0.0841,4334.96,1114.84,275.44,149.41,107.6,1647.29,2687.68,0.62
101449,2025-11-11,Enterprise Hardware,Enterprise,West,2,1816.16,0.087,1658.08,501.7,116.41,57.35,87.25,762.72,895.36,0.54
101450,2025-11-28,Consumer Devices,Direct,Central,1,396.57,0,396.57,94.57,21.27,15.55,19.31,150.7,245.88,0.62
101451,2025-11-13,Accessories,Partner,Central,9,921.51,0.0978,831.35,157.42,45.06,18.26,28.67,249.41,581.95,0.7
101452,2025-11-09,Networking,E-commerce,East,12,8710.95,0.1024,7818.9,2189.08,554.16,283.29,257.41,3283.94,4534.96,0.58
101453,2025-11-06,Enterprise Hardware,Partner,West,1,818.48,0.0453,781.39,244.19,53.14,25.76,36.35,359.44,421.95,0.54
101454,2025-11-12,Networking,Partner,Central,1,742.77,0.1296,646.52,176.06,42.79,22.63,30.05,271.54,374.98,0.58
101455,2025-11-17,Software Licenses,Direct,South,3,990.93,0.1676,824.8,86.42,19.89,12.31,13.35,131.97,692.83,0.84
101456,2025-11-28,Services,E-commerce,West,11,6234.24,0.0683,5808.19,862.74,221.36,130.78,179.08,1393.97,4414.22,0.76
101457,2025-11-27,Software Licenses,Direct,East,8,2440.9,0.0137,2407.5,251.88,64.26,37.59,31.47,385.2,2022.3,0.84
101458,2025-11-22,Enterprise Hardware,Partner,Central,5,4280.63,0.0635,4008.69,1115.51,338.33,169.03,221.13,1844.0,2164.69,0.54
101459,2025-11-11,Services,Partner,South,2,1208.84,0.0364,1164.82,174.4,41.35,22.4,41.4,279.56,885.27,0.76
101460,2025-11-28,Consumer Devices,Partner,South,5,2113.49,0.1151,1870.25,473.45,115.1,68.0,54.15,710.7,1159.56,0.62
101461,2025-11-02,Consumer Devices,Partner,East,8,3401.59,0.0514,3226.77,829.06,180.33,118.43,98.35,1226.17,2000.6,0.62
101462,2025-11-13,Enterprise Hardware,Partner,Central,9,7568.02,0.0768,6986.54,2082.64,563.27,323.3,244.6,3213.81,3772.73,0.54
101463,2025-11-22,Consumer Devices,E-commerce,West,5,1962.5,0.1405,1686.76,387.24,90.05,49.96,113.72,640.97,1045.79,0.62
101464,2025-11-17,Accessories,Enterprise,West,1,96.04,0.066,89.7,16.98,4.45,2.01,3.47,26.91,62.79,0.7
101465,2025-11-26,Consumer Devices,Enterprise,Central,10,4239.38,0.0328,4100.19,946.79,251.63,158.1,201.55,1558.07,2542.12,0.62
101466,2025-11-17,Software Licenses,Enterprise,Central,2,655.53,0.1026,588.27,59.07,16.94,9.84,8.27,94.12,494.15,0.84
101467,2025-11-01,Enterprise Hardware,Partner,Central,5,4023.83,0.0996,3623.26,1042.65,284.31,169.04,170.7,1666.7,1956.56,0.54
101468,2025-11-26,Software Licenses,Partner,Central,7,2309.82,0.0901,2101.76,222.2,62.01,25.86,26.21,336.28,1765.48,0.84
101469,2025-11-13,Accessories,Enterprise,East,2,186.6,0.0784,171.97,34.97,8.76,4.91,2.96,51.59,120.38,0.7
101470,2025-11-01,Networking,Direct,East,11,7115.42,0.0186,6982.98,1842.87,489.97,286.0,314.01,2932.85,4050.13,0.58
101471,2025-11-12,Accessories,Enterprise,Central,3,302.83,0.0628,283.81,56.59,14.02,7.24,7.29,85.14,198.67,0.7
101472,2025-11-08,Consumer Devices,Direct,East,5,2110.75,0.0653,1972.92,454.91,120.33,63.2,111.28,749.71,1223.21,0.62
101473,2025-11-08,Software Licenses,Partner,South,4,1319.62,0.1125,1171.2,126.28,27.16,18.82,15.13,187.39,983.81,0.84
101474,2025-11-16,Enterprise Hardware,E-commerce,Central,2,1603.83,0.0502,1523.34,471.31,111.3,69.63,48.5,700.73,822.6,0.54
101475,2025-11-04,Software Licenses,E-commerce,South,6,1713.97,0.1307,1489.95,148.74,34.59,17.57,37.5,238.39,1251.56,0.84
101476,2025-11-05,Consumer Devices,Direct,East,1,431.2,0.084,394.98,96.9,24.24,13.18,15.77,150.09,244.89,0.62
101477,2025-11-26,Software Licenses,E-commerce,South,9,2853.08,0.124,2499.22,271.28,69.83,29.25,29.52,399.87,2099.34,0.84
101478,2025-11-07,Enterprise Hardware,Enterprise,West,3,2623.44,0.0726,2432.93,748.29,178.39,96.51,95.95,1119.15,1313.78,0.54
101479,2025-11-19,Services,E-commerce,East,12,6997.58,0.1627,5858.99,933.57,256.46,139.57,76.56,1406.16,4452.83,0.76
101480,2025-11-12,Consumer Devices,Partner,West,10,3893.48,0.113,3453.65,878.98,187.25,127.89,118.26,1312.39,2141.27,0.62
101481,2025-11-28,Services,E-commerce,Central,6,3553.81,0.0529,3365.95,487.49,130.94,83.61,105.78,807.83,2558.12,0.76
101482,2025-11-12,Services,Enterprise,Central,7,4146.24,0.0544,3920.7,601.19,136.62,72.3,130.86,940.97,2979.73,0.76
101483,2025-11-17,Software Licenses,E-commerce,South,1,309.4,0.0909,281.28,29.44,6.45,4.59,4.52,45.0,236.28,0.84
101484,2025-11-15,Networking,Partner,South,8,5184.01,0.1143,4591.57,1292.19,283.49,154.19,198.59,1928.46,2663.11,0.58
101485,2025-11-05,Accessories,Enterprise,East,11,997.38,0.1377,860.0,166.27,42.08,25.43,24.22,258.0,602.0,0.7
101486,2025-12-17,Networking,E-commerce,Central,8,5899.85,0.1026,5294.71,1419.97,318.06,221.8,263.95,2223.78,3070.93,0.58
101487,2025-12-05,Networking,E-commerce,South,9,5977.64,0.0719,5548.1,1535.57,337.35,189.91,267.37,2330.2,3217.9,0.58
101488,2025-12-21,Enterprise Hardware,E-commerce,West,5,4045.53,0.0238,3949.13,1150.25,329.82,149.91,186.62,1816.6,2132.53,0.54
101489,2025-12-26,Software Licenses,Partner,South,1,334.51,0.0806,307.57,30.38,8.36,4.78,5.69,49.21,258.36,0.84
101490,2025-12-24,Services,Direct,East,1,557.98,0.1725,461.7,68.33,16.93,7.96,17.59,110.81,350.9,0.76
101491,2025-12-21,Software Licenses,E-commerce,Central,4,1170.93,0.0544,1107.21,109.97,26.14,16.18,24.87,177.15,930.06,0.84
101492,2025-12-04,Accessories,Direct,Central,5,489.08,0.0767,451.57,87.43,22.65,14.8,10.6,135.47,316.1,0.7
101493,2025-12-23,Networking,E-commerce,South,10,6698.04,0.0383,6441.72,1706.35,456.41,198.63,344.12,2705.52,3736.2,0.58
101494,2025-12-19,Consumer Devices,E-commerce,South,2,868.18,0.0453,828.82,208.06,59.8,30.1,16.99,314.95,513.87,0.62
101495,2025-12-12,Networking,Partner,West,3,2019.5,0.0811,1855.65,481.37,116.92,80.63,100.45,779.37,1076.27,0.58
101496,2025-12-19,Services,Direct,East,4,2179.12,0.1318,1891.88,286.93,74.36,43.72,49.04,454.05,1437.83,0.76
101497,2025-12-23,Software Licenses,Partner,South,5,1441.28,0.1314,1251.89,129.33,30.39,14.55,26.04,200.3,1051.59,0.84
101498,2025-12-26,Enterprise Hardware,Partner,South,6,5243.0,0.01,5190.36,1597.25,440.84,219.62,129.86,2387.57,2802.79,0.54
101499,2025-12-02,Consumer Devices,Partner,West,12,5268.37,0.0673,4913.83,1227.39,322.8,172.29,144.78,1867.26,3046.58,0.62
101500,2025-12-13,Networking,E-commerce,South,8,5760.07,0.1879,4677.85,1301.37,314.46,138.46,210.41,1964.7,2713.15,0.58
101501,2025-12-15,Software Licenses,Partner,East,1,291.77,0.1002,262.54,25.67,6.54,4.04,5.75,42.01,220.53,0.84
101502,2025-12-17,Accessories,Partner,East,10,1002.59,0.0938,908.54,173.27,47.12,25.26,26.91,272.56,635.98,0.7
101503,2025-12-25,Consumer Devices,Enterprise,South,7,2730.18,0.0631,2558.02,623.17,163.35,74.86,110.67,972.05,1585.97,0.62
101504,2025-12-12,Accessories,Partner,West,7,614.13,0.0959,555.2,107.79,30.51,12.92,15.34,166.56,388.64,0.7
101505,2025-12-16,Consumer Devices,E-commerce,Central,10,4394.2,0.0623,4120.66,951.52,271.12,168.12,175.09,1565.85,2554.81,0.62
101506,2025-12-09,Accessories,Partner,West,4,400.25,0,400.25,76.23,21.53,12.03,10.29,120.07,280.17,0.7
101507,2025-12-27,Software Licenses,E-commerce,East,12,3674.2,0.0878,3351.77,326.54,93.85,47.16,68.74,536.28,2815.49,0.84
101508,2025-12-08,Software Licenses,Direct,Central,7,2319.12,0.083,2126.66,205.64,53.64,31.79,49.19,340.27,1786.4,0.84
101509,2025-12-26,Accessories,Direct,East,9,805.29,0.031,780.29,154.27,43.87,22.54,13.41,234.09,546.2,0.7
101510,2025-12-22,Accessories,Partner,East,4,367.77,0.1109,326.99,59.74,16.87,7.83,13.65,98.1,228.89,0.7
101511,2025-12-21,Software Licenses,E-commerce,East,11,3213.55,0.0449,3069.15,332.51,76.92,35.04,46.59,491.06,2578.09,0.84
101512,2025-12-28,Networking,Direct,West,12,8617.16,0.0631,8073.65,2088.36,513.14,364.05,425.38,3390.93,4682.72,0.58
101513,2025-12-01,Networking,E-commerce,South,9,5857.38,0.0773,5404.65,1369.54,396.67,202.57,301.17,2269.96,3134.7,0.58
101514,2025-12-18,Networking,Enterprise,Central,3,2164.75,0.0076,2148.36,592.79,147.59,72.59,89.35,902.31,1246.05,0.58
101515,2025-12-22,Software Licenses,E-commerce,West,11,3460.6,0.182,2830.89,298.95,82.52,47.84,23.63,452.94,2377.95,0.84
101516,2025-12-10,Enterprise Hardware,Partner,South,5,4259.83,0.096,3850.99,1094.7,303.13,173.37,200.26,1771.46,2079.53,0.54
101517,2025-12-17,Accessories,Enterprise,West,4,367.81,0.1397,316.44,60.3,14.55,8.96,11.13,94.93,221.5,0.7
101518,2025-12-06,Software Licenses,Partner,West,3,914.98,0.0908,831.91,86.29,24.63,10.92,11.26,133.11,698.81,0.84
101519,2025-12-18,Software Licenses,E-commerce,West,4,1229.58,0.0332,1188.75,125.74,33.55,18.14,12.77,190.2,998.55,0.84
101520,2025-12-06,Enterprise Hardware,Partner,South,2,1721.89,0.0982,1552.84,473.13,123.74,69.14,48.29,714.31,838.53,0.54
101521,2025-12-12,Software Licenses,Direct,East,9,2977.41,0.0455,2842.02,276.11,85.49,38.67,54.45,454.72,2387.3,0.84
101522,2025-12-03,Enterprise Hardware,Direct,South,1,876.31,0.017,861.42,257.39,75.29,31.0,32.58,396.25,465.17,0.54
101523,2025-12-13,Networking,Partner,Central,12,8213.98,0.011,8123.68,2158.51,621.2,270.47,361.76,3411.95,4711.74,0.58
101524,2025-12-13,Consumer Devices,Partner,Central,11,4842.41,0.1491,4120.27,970.7,230.32,110.48,254.2,1565.7,2554.56,0.62
101525,2025-12-23,Networking,Direct,South,4,2631.24,0.1628,2202.93,559.29,158.04,75.88,132.03,925.23,1277.7,0.58
101526,2025-12-27,Enterprise Hardware,Partner,East,9,8232.61,0.0701,7655.56,2155.3,620.69,349.62,395.94,3521.56,4134.0,0.54
101527,2025-12-04,Services,Enterprise,South,6,3259.71,0.0211,3191.02,511.91,114.01,80.14,59.78,765.85,2425.18,0.76
101528,2025-12-22,Enterprise Hardware,Direct,Central,4,3214.98,0.0681,2995.92,837.37,250.05,134.03,156.67,1378.12,1617.8,0.54
101529,2025-12-14,Enterprise Hardware,Enterprise,West,12,9847.06,0.1143,8721.58,2612.61,734.49,410.0,254.83,4011.92,4709.65,0.54
101530,2025-12-03,Consumer Devices,Partner,South,10,3904.08,0.1577,3288.44,815.71,214.92,117.06,101.91,1249.61,2038.83,0.62
101531,2025-12-19,Accessories,Partner,South,10,1024.17,0.0489,974.13,177.19,50.64,25.65,38.76,292.24,681.89,0.7
101532,2025-12-03,Consumer Devices,Partner,South,3,1160.75,0.1213,1019.98,261.62,57.11,27.64,41.23,387.59,632.39,0.62
101533,2025-12-19,Accessories,Partner,Central,2,187.86,0.0846,171.98,32.3,8.62,3.72,6.96,51.59,120.38,0.7
101534,2025-12-13,Services,Partner,West,9,5340.74,0.0418,5117.3,753.58,217.72,109.82,147.03,1228.15,3889.15,0.76
101535,2025-12-17,Networking,Partner,East,8,5258.46,0.1538,4449.84,1240.32,306.56,138.67,183.38,1868.93,2580.91,0.58
101536,2025-12-10,Consumer Devices,Partner,South,11,4979.95,0.0697,4633.04,1120.37,317.93,141.92,180.34,1760.56,2872.48,0.62
101537,2025-12-04,Consumer Devices,E-commerce,West,11,4780.02,0.0947,4327.26,1098.09,311.66,176.45,58.15,1644.36,2682.9,0.62
101538,2025-12-02,Accessories,Direct,West,6,548.15,0.1019,492.26,91.31,22.22,12.25,21.9,147.68,344.59,0.7
101539,2025-12-11,Accessories,Partner,West,4,367.72,0.095,332.78,67.11,16.8,9.68,6.24,99.83,232.94,0.7
101540,2025-12-17,Consumer Devices,Direct,West,3,1275.73,0.128,1112.39,285.57,62.92,42.7,31.52,422.71,689.68,0.62
101541,2025-12-10,Consumer Devices,E-commerce,West,3,1336.51,0.0543,1263.88,312.72,89.94,40.61,37.01,480.28,783.61,0.62
101542,2025-12-28,Services,Enterprise,Central,10,5193.46,0,5193.46,810.77,199.28,101.22,135.15,1246.43,3947.03,0.76
101543,2025-12-06,Software Licenses,Direct,West,8,2315.63,0.1146,2050.25,204.95,56.92,31.64,34.53,328.04,1722.21,0.84
101544,2025-12-15,Networking,Enterprise,South,4,2880.29,0.0585,2711.76,756.42,183.34,110.27,88.91,1138.94,1572.82,0.58
101545,2025-12-08,Services,Partner,West,5,2638.58,0.0967,2383.5,363.88,102.38,45.03,60.74,572.04,1811.46,0.76
101546,2025-12-22,Accessories,Direct,West,5,499.99,0.1174,441.29,89.04,22.27,11.56,9.52,132.39,308.9,0.7
101547,2025-12-07,Networking,Enterprise,South,5,3488.49,0.0471,3324.28,884.63,260.6,127.19,123.77,1396.2,1928.09,0.58
101548,2025-12-25,Enterprise Hardware,Direct,East,6,5110.25,0.064,4783.05,1405.92,407.84,209.39,177.05,2200.2,2582.85,0.54
101549,2025-12-10,Services,Enterprise,South,6,3344.29,0.0073,3320.01,525.7,143.62,61.02,66.45,796.8,2523.21,0.76
101550,2025-12-06,Software Licenses,Partner,West,2,661.99,0.0589,623.0,66.55,17.92,8.49,6.72,99.68,523.32,0.84
101551,2025-12-14,Accessories,E-commerce,Central,12,1173.67,0.0404,1126.28,229.73,60.66,24.72,22.78,337.88,788.4,0.7
101552,2025-12-05,Software Licenses,Direct,South,1,330.61,0.0651,309.1,30.76,7.93,3.72,7.04,49.46,259.64,0.84
101553,2025-12-01,Software Licenses,E-commerce,West,1,333.79,0.1395,287.24,28.73,7.07,3.65,6.5,45.96,241.28,0.84
101554,2025-12-25,Services,Partner,West,6,3181.86,0.1354,2750.93,430.83,114.19,70.88,44.32,660.22,2090.71,0.76
101555,2025-12-28,Networking,E-commerce,East,12,8597.91,0,8597.91,2382.56,644.52,253.54,330.51,3611.12,4986.79,0.58
101556,2025-12-21,Consumer Devices,Direct,East,3,1339.75,0.0635,1254.61,307.67,78.4,42.69,47.99,476.75,777.86,0.62
101557,2025-12-07,Accessories,Partner,Central,3,293.35,0.0563,276.84,49.9,14.52,8.52,10.11,83.05,193.79,0.7
101558,2025-12-28,Networking,Enterprise,South,2,1315.78,0.0312,1274.78,322.66,80.36,57.55,74.83,535.41,739.37,0.58
101559,2025-12-22,Accessories,Enterprise,East,9,865.24,0.0796,796.41,158.3,34.78,19.71,26.13,238.92,557.49,0.7
101560,2025-12-23,Services,Enterprise,Central,10,5753.6,0.1415,4939.24,733.52,189.61,128.45,133.84,1185.42,3753.82,0.76
101561,2025-12-17,Consumer Devices,Direct,West,8,3220.59,0.0464,3071.1,756.35,193.33,81.74,135.61,1167.02,1904.08,0.62
101562,2025-12-13,Networking,Direct,West,4,2792.32,0.0857,2553.09,646.28,171.6,112.02,142.4,1072.3,1480.79,0.58
101563,2025-12-17,Consumer Devices,Partner,East,4,1810.59,0.1473,1543.92,379.26,90.16,57.37,59.9,586.69,957.23,0.62
101564,2025-12-08,Software Licenses,E-commerce,Central,3,890.13,0.1335,771.27,79.48,19.23,12.83,11.87,123.4,647.87,0.84
101565,2025-12-04,Software Licenses,E-commerce,Central,3,891.32,0.082,818.25,82.87,21.32,10.12,16.61,130.92,687.33,0.84
101566,2025-12-22,Accessories,Enterprise,West,5,471.63,0.055,445.69,89.03,21.94,14.55,8.19,133.71,311.98,0.7
101567,2025-12-02,Software Licenses,Partner,Central,3,973.54,0.0844,891.34,87.11,22.28,11.09,22.14,142.61,748.73,0.84
101568,2025-12-07,Enterprise Hardware,Enterprise,South,11,9197.55,0.0759,8499.08,2614.52,581.02,336.73,377.32,3909.58,4589.5,0.54
101569,2025-12-20,Accessories,Partner,West,11,995.31,0.1683,827.79,150.6,45.3,22.13,30.31,248.34,579.46,0.7
101570,2025-12-03,Consumer Devices,E-commerce,Central,12,4663.38,0.0958,4216.82,1046.77,303.42,147.71,104.49,1602.39,2614.43,0.62
101571,2025-12-16,Software Licenses,E-commerce,East,12,3426.31,0.0599,3221.08,310.35,78.17,44.97,81.88,515.37,2705.71,0.84
101572,2025-12-27,Enterprise Hardware,E-commerce,Central,6,4896.47,0.1426,4198.43,1219.72,366.93,176.37,168.26,1931.28,2267.15,0.54
101573,2025-12-19,Enterprise Hardware,Partner,Central,6,5245.78,0.0642,4909.08,1436.91,384.5,230.02,206.74,2258.18,2650.9,0.54
101574,2025-12-21,Services,Direct,East,3,1558.46,0.1245,1364.4,213.71,62.17,26.67,24.9,327.46,1036.95,0.76
101575,2025-12-20,Enterprise Hardware,Enterprise,South,1,897.83,0.0425,859.69,256.55,71.25,43.39,24.27,395.46,464.23,0.54
101576,2025-12-28,Accessories,Direct,South,2,199.29,0.1175,175.86,35.1,9.87,3.8,3.99,52.76,123.1,0.7
101577,2025-12-09,Software Licenses,Enterprise,East,10,3100.29,0.0517,2939.89,290.02,66.76,46.62,66.98,470.38,2469.51,0.84
101578,2025-12-03,Software Licenses,Partner,East,5,1489.0,0.0995,1340.9,144.42,32.61,16.45,21.07,214.54,1126.36,0.84
101579,2025-12-14,Consumer Devices,Partner,South,7,3037.85,0.087,2773.56,684.88,199.29,96.13,73.65,1053.95,1719.61,0.62
101580,2025-12-22,Software Licenses,E-commerce,South,10,3020.69,0.0145,2976.81,301.31,76.5,48.15,50.33,476.29,2500.52,0.84
101581,2025-12-24,Services,E-commerce,East,4,2208.88,0.0796,2033.14,300.63,77.77,44.81,64.74,487.95,1545.19,0.76
101582,2025-12-18,Accessories,Enterprise,East,11,1098.01,0.096,992.64,199.41,48.84,26.79,22.75,297.79,694.85,0.7
101583,2025-12-22,Consumer Devices,E-commerce,South,9,3842.79,0.1136,3406.17,854.53,189.15,106.19,144.47,1294.34,2111.82,0.62
101584,2025-12-06,Enterprise Hardware,Partner,West,7,6235.87,0.1514,5291.94,1639.81,398.01,256.26,140.21,2434.29,2857.65,0.54
101585,2025-12-26,Services,Direct,West,8,4227.99,0.1032,3791.62,615.23,171.97,82.95,39.84,909.99,2881.63,0.76
101586,2025-12-26,Enterprise Hardware,Partner,South,7,6057.92,0.1306,5266.5,1523.85,435.68,240.89,222.17,2422.59,2843.91,0.54
101587,2025-12-22,Consumer Devices,Enterprise,West,5,2171.48,0.0675,2024.84,511.2,133.46,64.39,60.39,769.44,1255.4,0.62
101588,2025-12-05,Consumer Devices,Enterprise,South,6,2564.16,0.0249,2500.38,580.67,167.69,100.91,100.88,950.14,1550.23,0.62
101589,2025-12-11,Accessories,E-commerce,Central,2,196.16,0.035,189.3,34.19,8.94,5.42,8.24,56.79,132.51,0.7
101590,2025-12-22,Enterprise Hardware,E-commerce,South,6,4705.66,0.051,4465.8,1239.58,287.86,161.77,365.06,2054.27,2411.53,0.54
101591,2025-12-27,Accessories,E-commerce,South,3,266.15,0.0574,250.89,48.08,13.72,5.35,8.12,75.27,175.62,0.7
101592,2025-12-25,Software Licenses,Direct,West,5,1606.93,0.0672,1498.93,145.03,36.74,17.17,40.89,239.83,1259.1,0.84
101593,2025-12-08,Services,E-commerce,Central,12,6738.4,0.1121,5983.16,947.42,246.05,154.33,88.15,1435.96,4547.2,0.76
101594,2025-12-21,Software Licenses,Partner,Central,4,1164.3,0.0529,1102.67,106.29,31.38,14.52,24.23,176.43,926.24,0.84
101595,2025-12-21,Software Licenses,Direct,West,10,2982.0,0.0223,2915.37,309.43,74.21,45.45,37.37,466.46,2448.91,0.84
101596,2025-12-17,Services,Direct,East,12,6235.88,0.061,5855.42,870.38,232.58,100.25,202.08,1405.3,4450.12,0.76
101597,2025-12-08,Services,Enterprise,East,11,6540.02,0.1543,5531.04,801.26,212.28,122.38,191.52,1327.45,4203.59,0.76
101598,2025-12-04,Enterprise Hardware,Partner,South,1,852.49,0.047,812.39,239.76,55.52,34.89,43.53,373.7,438.69,0.54
101599,2025-12-02,Networking,Enterprise,Central,9,6240.57,0.0944,5651.17,1460.0,368.47,255.88,289.14,2373.49,3277.68,0.58
101600,2025-12-09,Enterprise Hardware,Enterprise,East,3,2625.9,0.0268,2555.62,792.41,205.87,108.65,68.65,1175.58,1380.03,0.54
101601,2025-12-16,Networking,Enterprise,West,2,1307.24,0.0587,1230.54,314.84,72.72,39.49,89.78,516.83,713.71,0.58
101602,2025-12-10,Software Licenses,Enterprise,Central,12,3869.36,0.1304,3364.68,336.56,93.6,58.56,49.63,538.35,2826.33,0.84
101603,2025-12-09,Consumer Devices,Direct,Central,2,892.69,0.1282,778.26,196.37,49.22,24.58,25.56,295.74,482.52,0.62
101604,2025-12-27,Consumer Devices,Partner,East,7,3020.87,0.0491,2872.47,727.57,180.78,107.87,75.33,1091.54,1780.93,0.62
101605,2025-12-10,Networking,E-commerce,East,4,2928.5,0.0327,2832.69,798.2,201.7,118.21,71.62,1189.73,1642.96,0.58
101606,2025-12-27,Enterprise Hardware,Enterprise,Central,2,1787.44,0.065,1671.2,520.54,115.13,62.75,70.34,768.75,902.45,0.54
101607,2025-12-11,Services,E-commerce,Central,9,5298.4,0.1155,4686.5,739.83,179.29,100.78,104.85,1124.76,3561.74,0.76
101608,2025-12-27,Accessories,Direct,South,6,591.51,0.0594,556.37,101.42,31.57,13.66,20.26,166.91,389.46,0.7
101609,2025-12-12,Consumer Devices,Enterprise,Central,5,1989.93,0.1078,1775.38,428.08,117.64,73.04,55.88,674.64,1100.73,0.62
101610,2025-12-10,Enterprise Hardware,Enterprise,South,9,7664.06,0.0669,7151.59,2197.58,519.71,360.29,212.16,3289.73,3861.86,0.54
101611,2025-12-20,Services,E-commerce,Central,6,3411.72,0.0096,3378.87,512.03,138.75,60.11,100.03,810.93,2567.94,0.76
101612,2025-12-01,Software Licenses,Partner,South,12,3470.01,0.0352,3347.7,329.88,90.69,44.77,70.29,535.63,2812.07,0.84
101613,2025-12-23,Services,E-commerce,Central,1,559.58,0.1183,493.37,71.32,19.25,11.72,16.12,118.41,374.96,0.76
101614,2025-12-20,Services,Partner,East,9,4647.2,0.1257,4062.85,649.19,184.06,77.74,64.1,975.09,3087.77,0.76
101615,2025-12-19,Networking,Enterprise,Central,12,8297.93,0.0102,8213.02,2239.49,598.9,376.91,234.17,3449.47,4763.55,0.58
101616,2025-12-11,Services,Partner,West,6,3398.28,0.0528,3218.86,473.5,132.17,55.67,111.19,772.53,2446.34,0.76
101617,2025-12-12,Consumer Devices,Partner,East,10,4000.54,0.0712,3715.88,861.2,217.35,121.11,212.39,1412.04,2303.85,0.62
101618,2025-12-09,Consumer Devices,Partner,Central,3,1313.49,0.105,1175.63,285.23,83.97,41.04,36.49,446.74,728.89,0.62
101619,2025-12-01,Services,E-commerce,West,4,2252.72,0.0365,2170.6,350.79,97.99,50.23,21.94,520.94,1649.65,0.76
101620,2025-12-19,Consumer Devices,Direct,Central,1,436.09,0.0104,431.54,105.34,28.97,16.92,12.75,163.99,267.55,0.62
